slice_timing_correction/ref_slice/middle;distorsion_correction;signal_modeling/temporal_noise_autocorrelation/FAST;slice_timing_correction;signal_modeling/temporal_noise_autocorrelation/AR1;spatial_normalization/algorithm/linear;motion_correction_realignment/register_to/mean;signal_modeling/hrf/temporal_derivs;spatial_normalization/algorithm/DARTEL;signal_modeling/hrf/canonical;signal_modeling/nuisance_regressors;spatial_normalization/bias_regularisation/extremely_light;motion_correction_realignment/register_to/first;spatial_normalization/bias_regularisation;spatial_normalization/template/MNI152_nonlinear;coregistration/source_target/func_on_anat;spatial_normalization/bias_regularisation/light;coregistration/cost_function/entropy_correlation_coefficient;coregistration/cost_function/normalised_mutual_information;coregistration/cost_function/mutual_information;signal_modeling/hrf/temporal_dispersion_derivs;spatial_normalization/bias_regularisation/very_light;coregistration/cost_function/normalised_cross_correlation;slice_timing_correction/ref_slice;signal_modeling/nuisance_regressors/comp_cor;coregistration/source_target/anat_on_func;spatial_normalization/interpolation/nearest_neighbour;spatial_normalization/bias_regularisation/heavy;signal_modeling/nuisance_regressors/motion;spatial_normalization/template/MNI152_linear;spatial_normalization/bias_regularisation/medium;slice_timing_correction/ref_slice/first;spatial_normalization/bias_fwhm;spatial_smoothing/fwhm;spatial_normalization/interpolation/trilinear;spatial_normalization/template/MNI305;spatial_normalization/interpolation/bspline;id;pearson_from_ref;spearman_from_ref;pearson_from_mean;spearman_from_mean
False;False;True;False;False;False;True;True;False;False;True;0;False;False;False;False;0;False;False;False;False;0;True;False;False;True;True;0;18;False;0;False;0;6;False;False;False;d73e0359ec51c3b847656b8f2bc157b083dae2057d53a4f43909202cad6551b7;0.1601299908628211;0.1135774300020566;0.2912319022601955;0.26262491984117703
False;False;True;True;False;False;False;False;False;True;False;0;True;False;False;False;0;False;False;False;False;0;True;True;False;True;False;0;0;False;0;True;0;6;True;False;False;e012bd4d9bab5a18593441c76f48ccc732bca3390703ffad76a4effde31136ac;0.1530438051244195;0.1032194228575597;0.3406065672981319;0.286593968359509
True;False;True;True;False;False;False;True;False;False;True;0;True;False;False;True;0;False;False;True;False;0;False;True;False;False;False;0;24;False;0;False;0;6;True;False;False;850e4d92a370900eede8982155772f1ba014ab468eef7c55976bcc207dd19ff3;0.9921083657979038;0.9621056861355836;0.8199961216315023;0.649430149626045
False;False;True;True;False;False;False;True;False;False;True;0;True;False;False;True;0;True;False;False;False;0;False;True;False;False;False;0;24;False;0;True;0;6;True;False;False;84c27a9d96a41f520b1de0bf3ef88093bcf9761b45e45efa195b0f16e989e3b8;0.8974794963956164;0.7756936442573958;0.7594277004152152;0.5790204243582886
False;False;True;True;False;False;True;False;False;False;False;0;False;False;False;True;0;False;False;False;True;0;True;True;False;False;False;0;0;False;0;True;0;6;True;False;False;0c7beba1bec8f4ff1c5ebff7e2af248230c4ce91c277751ff035fe2b84549194;0.4174285017061168;0.3102603591633239;0.6467117513456606;0.5128262419310509
True;False;False;True;True;False;True;True;False;False;True;0;False;False;False;False;0;True;False;False;False;0;False;True;False;True;False;0;24;False;0;False;0;6;False;False;True;bd680f4a5114da7b91609bc9ea47b7323842816ba6343500c37d9e15d8cb6f6a;0.8513208942773167;0.7097034226299054;0.8876992057306714;0.7172422965563392
False;False;True;True;False;False;False;False;False;True;False;0;True;False;False;False;0;False;True;False;False;0;False;True;False;True;False;0;0;False;0;True;0;6;True;False;False;5e45d48fd8f51054004b526f637b058b012d8347df6b379b7c290f2f1510c2a1;0.6145806465604783;0.4846038818896219;0.7877798755975639;0.6286916391022176
False;False;False;True;True;False;True;False;False;False;False;0;False;False;False;False;0;True;False;False;True;0;False;True;False;True;True;0;0;False;0;True;0;6;False;False;False;edff2ab1ef5565f4e9b1eea8c7247419318afe52c40700982fa2a001dd1ac68e;0.524638797707083;0.4030854357258064;0.8090677032844166;0.6463679814632949
False;False;True;True;False;False;False;False;False;False;True;0;True;False;False;True;0;False;True;False;True;0;False;True;False;False;False;0;6;False;0;True;0;6;True;False;False;1e84206efabac4b27fa318b5c63826857515016fdcee8fb0aaabefa8cfb414c5;0.7583722573259514;0.6041385432015473;0.8456275273113467;0.6848697406312313
True;False;False;True;True;False;True;False;False;False;True;0;False;False;False;False;0;False;False;False;True;0;True;True;False;True;True;0;24;False;0;False;0;6;False;False;False;65249358b716d0e236e4b9b958145dc2137d380bd674c5891cff2f7bdb6f263b;0.139546984456631;0.0849421841365151;0.347338446704233;0.3041813977698411
False;False;True;True;False;False;True;True;False;False;True;0;False;False;False;False;0;False;True;False;False;0;False;True;False;True;False;0;18;False;0;True;0;6;False;False;True;beb8afa67126e0aa717713f6dbdddf3446f0d68dce25d530f34bc102e660f3b0;0.8871590998338796;0.7684106349668449;0.7741829391384368;0.6146006165149865
True;False;False;True;True;False;True;False;False;True;True;0;False;False;False;True;0;False;True;False;False;0;False;True;False;False;False;0;6;False;0;False;0;6;False;False;True;6f9e1875cc254e45700f674311e609ff7528ecd6ea9515e0ddb51794f6dbae7e;0.6797674328497564;0.5127159051688804;0.9140878433977169;0.7523657571876788
False;False;False;False;True;False;True;False;False;True;True;0;False;False;False;True;0;False;False;False;False;0;True;False;False;False;False;0;6;False;0;False;0;6;True;False;False;f01db2ff3fb49b55456ad5c164fdaacb3d4f72743216ac33eca11b62119be2ce;0.4539631297357316;0.336552572829958;0.7079108613021972;0.5771462031653881
False;False;False;True;True;False;True;True;False;False;True;0;False;False;False;True;0;False;False;True;False;0;False;True;False;False;False;0;6;False;0;True;0;6;False;False;True;878ef2ae922e21f7d403fd2c29a63ebe1f882d050a67f0906f92b3d1175ef738;0.8021638571544749;0.6455589232481215;0.9238049069580723;0.7737544555886924
False;False;True;False;False;False;True;False;False;False;True;0;False;False;False;False;0;False;False;False;True;0;True;False;False;True;True;0;24;False;0;False;0;6;False;False;False;3c184b94e62e0a40b132d42b3c59df4ff179eb0256444d37c0251182a16006a3;0.1486219424533692;0.1031053830883626;0.30929901606580185;0.2890134662033132
False;False;False;True;True;False;False;False;False;False;False;0;True;False;False;False;0;False;False;False;True;0;True;True;False;True;True;0;0;False;0;True;0;6;False;False;False;b7061a9df796bb82f41788fb5917a224038f02bf357f84e7dec72e16081f22b7;0.0984485741074244;0.062468297568897;0.3178347175122923;0.2693523017610195
True;False;False;True;True;False;False;False;False;False;True;0;True;False;False;False;0;True;False;False;True;0;False;True;False;True;False;0;6;False;0;False;0;6;False;False;True;8a4709269a1982174652a20cbc65958984de19fcda912e49591d4c50f85015a8;0.6926207536829369;0.5236789179806822;0.9063737198269581;0.7435497743031607
False;False;False;True;True;False;True;True;False;False;True;0;False;False;False;False;0;True;False;False;False;0;False;True;False;True;True;0;6;False;0;True;0;6;False;False;False;a58d7b04eece20f11a0881537fee9370edef0f4a3a0078e34c017140b4ea68aa;0.779988608308933;0.6225503869055137;0.9117499318330932;0.7580850034581619
False;False;False;True;True;False;False;False;False;False;False;0;True;False;False;True;0;False;False;True;True;0;False;True;False;False;False;0;0;False;0;True;0;6;False;False;True;c84c1a4ae4276d9096bbf38202cdcd89ee4ba2bb71d0de076e2caea71fadc359;0.5401133002781342;0.4162683552120727;0.8218818548536463;0.6600575250183185
False;False;False;True;True;False;False;False;False;True;True;0;True;False;False;False;0;False;False;True;False;0;False;True;False;True;False;0;18;False;0;True;0;6;False;False;True;0266b3232982f82a5805d77c2e660b1d24f7074577e05102f062d08dcda0de03;0.7134410837324175;0.5506645611173225;0.894856236040613;0.7273000361889083
False;False;True;False;False;False;False;True;False;False;True;0;True;False;False;True;0;True;False;False;False;0;False;False;False;False;False;0;18;False;0;False;0;6;False;False;True;7be92b93b9f316ba6c9e633abe79bdb4983cc2a6f094d51e48d53db3dba884a6;0.941060646800458;0.8452791649004223;0.8202257988119632;0.6568633040151152
False;False;False;True;True;False;False;False;False;True;True;0;True;False;False;True;0;False;False;False;False;0;True;True;False;False;True;0;6;False;0;True;0;6;False;False;False;c3ca49c964655fab28cb2d4600d304b13b58ef1edbbf33ef4a30d475a2a02b8f;0.4638064504206136;0.3516718899397306;0.6897546223731922;0.5666565542575039
False;False;False;True;True;False;False;False;False;True;True;0;True;False;False;True;0;False;False;True;False;0;False;True;False;False;False;0;6;False;0;True;0;6;False;False;True;708dd7fec31c772cf37721435f95c01c48c52cd6d1a4a2bf800a1af5a73c13da;0.7349131844998854;0.5710144072162323;0.9344373852377507;0.7863369341726176
False;False;False;False;True;False;True;False;False;False;False;0;False;False;False;True;0;True;False;False;True;0;False;False;False;False;True;0;0;False;0;False;0;6;False;False;False;cb445b23bd743f2eb435319d69c69b82684c52ca4fb6209f61dba5672c4a7d2d;0.5204890257474335;0.4002290918388669;0.8097023315651857;0.6488446053920972
True;False;False;True;True;False;False;False;False;True;True;0;True;False;False;True;0;False;True;False;False;0;False;True;False;False;False;0;24;False;0;False;0;6;True;False;False;69c31e23ecb05f7a7b692631aa1a75f7ec65fd6101e12239f03570fc522bc770;0.7303178127551528;0.5701701895212665;0.900394775613268;0.7345899265819783
False;False;False;True;True;False;True;False;False;True;True;0;False;False;False;True;0;False;False;True;False;0;False;True;False;False;False;0;24;False;0;True;0;6;True;False;False;b1eae33dabea5786fe0e2e32e100cc71926b4d05481fe2bf187d018ca17e9b5f;0.6911238792018453;0.5269968168780881;0.8826509557526574;0.7059509973991311
False;False;False;False;True;False;True;False;False;True;True;0;False;False;False;True;0;False;True;False;False;0;False;False;False;False;False;0;6;False;0;False;0;6;True;False;False;40dee1bb285a0fbb863c45b51c2ea8fb8a7a269d7637a41721043d7ec8aab9fd;0.6704340456965485;0.5019394935478766;0.9119695527276481;0.7489674193957697
False;False;True;False;False;False;False;False;False;False;True;0;True;False;False;True;0;False;True;False;True;0;False;False;False;False;True;0;18;False;0;False;0;6;False;False;False;74a3b67a3dad630393bdfb71487aff30d2bfc8ad50cae92059692b81197ae696;0.8442327876067967;0.7095327378792956;0.8581818109571567;0.6979935880971827
False;False;True;False;False;False;True;False;False;True;False;0;False;False;False;False;0;False;True;False;False;0;False;False;False;True;False;0;0;False;0;False;0;6;False;False;True;053a250342b01fed2cf9285c9636250fd65d72efc96b809cbb01fe01e6c70de3;0.6216833406646467;0.4869760653389672;0.8014886082224157;0.6378189103383288
False;False;True;False;False;False;True;False;False;True;True;0;False;False;False;True;0;False;True;False;False;0;False;False;False;False;True;0;24;False;0;False;0;6;False;False;False;45ab19560b58adc905612281443232c468fce2fa6c051e5391373b1d617ee9a2;0.8470001433446505;0.7258383109425424;0.8325764864941934;0.6668594111543106
False;False;True;True;False;False;False;False;False;False;False;0;True;False;False;False;0;True;False;False;True;0;False;True;False;True;False;0;0;False;0;True;0;6;False;False;True;0684fc36a34b15b2207e279359d87410742460f885bdaf80fd108a8f49fc2b6b;0.6079400086927234;0.4611914908099261;0.8313907391378285;0.6606649881153251
False;False;True;True;False;False;False;False;False;False;True;0;True;False;False;False;0;False;True;False;True;0;False;True;False;True;False;0;6;False;0;True;0;6;True;False;False;0097ae61b909f10d98ac36c0540e8dac9fb11c68cfe99ff91e88e0d3a35f7970;0.7605742492336272;0.6062409987592454;0.8460234588411637;0.6846380479625301
True;False;True;True;False;False;False;False;False;False;False;0;True;False;False;False;0;True;False;False;True;0;False;True;False;True;False;0;0;False;0;False;0;6;False;False;True;f04ef681338f874f41d908051953de2251871df7ef7a11739929746c1c9820d2;0.6092169629912019;0.4636487404125868;0.8374673890148949;0.6693643609964932
False;False;False;True;True;False;False;False;False;False;True;0;True;False;False;False;0;False;False;False;True;0;True;True;False;True;False;0;18;False;0;True;0;6;False;False;True;7c6abc5e7c2b21cfcc0c17d5dc8250a768245eaf743062f7a04430c197f39d59;0.1531012005609878;0.0970748992695442;0.36250602288058165;0.32077501451916657
False;False;True;False;False;False;True;False;False;True;True;0;False;False;False;True;0;True;False;False;False;0;False;False;False;False;True;0;18;False;0;False;0;6;False;False;False;c79d78410a8de8e08f275ef67c65ec95bbc20bb6ba1cb79d5ffae9295cdd686d;0.8348081807481701;0.7102084625656798;0.8429655398760088;0.6865762778000952
True;False;True;True;False;False;False;False;False;True;False;0;True;False;False;False;0;True;False;False;False;0;False;True;False;True;True;0;0;False;0;False;0;6;False;False;False;83a37e2585d8a602087385664f30937412fafa09872322488d772eacb05fe465;0.5982388567063819;0.4667571702832964;0.7857413786765932;0.6253961674354928
False;False;False;False;True;False;False;False;False;False;False;0;True;False;False;True;0;False;True;False;True;0;False;False;False;False;True;0;0;False;0;False;0;6;False;False;False;11ae3ff55165cd75a454410bec59b8c2f9deb729c8014dd23de821b3d4d67b39;0.5224941814570812;0.402309592530282;0.80909688035136;0.6513733576165882
False;False;False;False;True;False;True;False;False;True;True;0;False;False;False;False;0;True;False;False;False;0;False;False;False;True;False;0;18;False;0;False;0;6;False;False;True;1385b5e3271fdce38cd0a3631cd2dfebe84a8d5de60a23c1f62ec4cfa3775135;0.7312514766455588;0.5704041561159021;0.9035104893889845;0.7403754051802823
False;False;True;False;False;False;True;False;False;True;True;0;False;False;False;True;0;True;False;False;False;0;False;False;False;False;True;0;24;False;0;False;0;6;False;False;False;1f2540ee0e84511e13fe7402c8bcd2e109cdca4e18395020b6d835db22754099;0.8498775423782621;0.7272336262255774;0.8350145787055758;0.669531075816908
True;False;True;True;False;False;True;True;False;False;True;0;False;False;False;False;0;True;False;False;False;0;False;True;False;True;True;0;18;False;0;False;0;6;False;False;False;f1d788c241721702e81200cffd4b84009600c5c028975cd7a79ab67ff69584e2;0.9187232342512144;0.8160727860389251;0.8102891020984668;0.6520686271598672
True;False;False;True;True;False;True;False;False;True;False;0;False;False;False;True;0;True;False;False;False;0;False;True;False;False;True;0;0;False;0;False;0;6;False;False;False;438bbffcbd6d025d6f5274f7af9c747da58afd53d0b5c26fc6e6ac8d9068f885;0.5174621482140688;0.3924399301481582;0.8275487994039209;0.6684276819657892
False;False;False;False;True;False;True;True;False;False;False;0;False;False;False;False;0;False;True;False;False;0;False;False;False;True;False;0;0;False;0;False;0;6;True;False;False;9fb9c4f1f6975095efa4ae7c029dfe2aa301abe03b9cd00137daca53aef592b4;0.5331764868976986;0.4078955960242369;0.8164714703425768;0.6549158521735267
True;False;False;True;True;False;True;False;False;True;True;0;False;False;False;False;0;False;False;False;False;0;True;True;False;True;False;0;18;False;0;False;0;6;True;False;False;d1801f5800280122d0be3058df945145a886f37b572d3c60e9e63e9853ba4955;0.1430676730115126;0.0903495903958217;0.35987704266785864;0.3086964991330766
False;False;False;False;True;False;False;False;False;True;True;0;True;False;False;False;0;False;True;False;False;0;False;False;False;True;False;0;24;False;0;False;0;6;False;False;True;9ffc67e28bd8607e9ecb86eedaccf215fbf62db4726f99d26c6029134944b267;0.7277675004159393;0.5701109093067164;0.8965871122086454;0.7289341851771194
True;False;True;True;False;False;True;False;False;True;True;0;False;False;False;False;0;True;False;False;False;0;False;True;False;True;False;0;24;False;0;False;0;6;False;False;True;8e16be7ad72cd887069accf736000008534df96c984047026cb3cb487707daca;0.8925658426031193;0.7788183175695237;0.8429879129588581;0.6818443504860549
True;False;True;True;False;False;True;True;False;False;True;0;False;False;False;True;0;False;False;False;False;0;True;True;False;False;False;0;24;False;0;False;0;6;True;False;False;84927de93fd894965dc4a0c6809586226265d7d700a477cf92dc727427d626b3;0.6393929883407546;0.5357081046498453;0.6094923567823047;0.48389370092290135
True;False;False;True;True;False;True;False;False;True;True;0;False;False;False;False;0;False;False;True;False;0;False;True;False;True;False;0;6;False;0;False;0;6;True;False;False;d61118bfd5c7a5ff761be277c0b69e3bf6aa51a4b41741815893b3a1efddcd7e;0.67654493334248;0.5084691724047226;0.9152947355584856;0.7535578363960522
False;False;True;False;False;False;False;True;False;False;True;0;True;False;False;False;0;False;False;True;False;0;False;False;False;True;False;0;6;False;0;False;0;6;True;False;False;fabb4970223d95e3397ec14c7fb55ff7a39a5d2fa5e411c50fb025b7ae2855a1;0.7983940303268945;0.6593384075950876;0.8251514860208065;0.6626350416183776
False;False;True;False;False;False;False;True;False;False;True;0;True;False;False;False;0;True;False;False;False;0;False;False;False;True;True;0;6;False;0;False;0;6;False;False;False;337e0a46dc645d66f6a2e01b30a4945cf4881e9499db4c5e4c7f70d66f757758;0.7758408035223311;0.6330997792424449;0.8098023703297074;0.644515718964592
False;False;False;True;True;False;False;False;False;True;True;0;True;False;False;True;0;False;False;True;False;0;False;True;False;False;False;0;18;False;0;True;0;6;False;False;True;bf8f8650c653f518df06060cce26a58c3207721dcca00a6cde7ff5940ee526ce;0.7127569455047522;0.5502277316676903;0.8958221313479261;0.7286643276601273
True;False;False;True;True;False;True;False;False;False;True;0;False;False;False;False;0;False;False;True;True;0;False;True;False;True;False;0;6;False;0;False;0;6;True;False;False;af2fff6e29e794b36cfac4ff9525d73de5ff91cbe4d427b3568f72907e39d275;0.6888517733085424;0.520478030835742;0.9084771088999055;0.7477466565329863
False;False;True;False;False;False;True;True;False;False;True;0;False;False;False;True;0;False;False;True;False;0;False;False;False;False;False;0;18;False;0;False;0;6;False;False;True;dbf4ee88885176d8bf7eaed2ab2fdd31497343f05a12d1583666265f6f7f2f15;0.9365720626348426;0.8375657255252579;0.8208555857354031;0.6589191010547051
False;False;False;False;True;False;False;False;False;True;True;0;True;False;False;False;0;True;False;False;False;0;False;False;False;True;True;0;6;False;0;False;0;6;False;False;False;3de409149d0c1fabad8219ee961eaac00108546a0ec34bb9f8694d963803bfbf;0.6584678648390306;0.4914799179577797;0.9016646311744582;0.7367020196860172
False;False;False;False;True;False;False;True;False;False;False;0;True;False;False;True;0;False;True;False;False;0;False;False;False;False;False;0;0;False;0;False;0;6;False;False;True;2feadda983f8487dee344d2bf3faf6bebc917be18de2a3eea1f87f33ab1246e9;0.5345301033445508;0.4095751344363632;0.8150580444433694;0.6536091026837645
False;False;False;False;True;False;True;True;False;False;True;0;False;False;False;True;0;True;False;False;False;0;False;False;False;False;True;0;24;False;0;False;0;6;False;False;False;9d92b5d42f9ef1a06e6e17ed3e113952128def000080432dc18aee81b9b85993;0.8051385490247049;0.6605857197668793;0.870618425929939;0.696172113031451
False;False;False;False;True;False;True;False;False;False;True;0;False;False;False;True;0;True;False;False;True;0;False;False;False;False;True;0;24;False;0;False;0;6;False;False;False;095cb31443ad562fc0eaf199d3a50a7249e0c69487d62863478adbce68a9aac4;0.7545725775274184;0.6043474935796765;0.880988331821616;0.7106452816484593
False;False;False;True;True;False;True;False;False;False;True;0;False;False;False;True;0;False;False;False;True;0;True;True;False;False;False;0;24;False;0;True;0;6;False;False;True;f5551236423162707983bf965fd8f68a205e92039f7369572ab96fbe51922437;0.4794054174496389;0.3655048097246579;0.6613177819753769;0.5238454846751693
True;False;True;True;False;False;True;True;False;False;True;0;False;False;False;True;0;False;True;False;False;0;False;True;False;False;True;0;24;False;0;False;0;6;False;False;False;660d7e7c6248ee5c2db9942d4c2b5999ce1f7917b303e84e82cd3da68c93d7ce;0.9562271648634812;0.8797056694135701;0.8026962206290043;0.6272975767214375
False;False;True;True;False;False;False;True;False;False;True;0;True;False;False;False;0;False;False;True;False;0;False;True;False;True;True;0;6;False;0;True;0;6;False;False;False;4150776ee5b0cefb02ae31b164f05b914db69ff0823a10fc2e80d7528a918769;0.8261066301215856;0.6841399069427996;0.8121812539741793;0.6495493533914264
False;False;False;False;True;False;False;True;False;False;True;0;True;False;False;False;0;False;True;False;False;0;False;False;False;True;True;0;6;False;0;False;0;6;False;False;False;d09705b7d7b7743e139549ea5def7cb8c5f482a085b377591833d8da3c0654a2;0.7133292047658416;0.5472972365624678;0.8890520562549914;0.7222887037717607
False;False;False;False;True;False;True;False;False;False;True;0;False;False;False;True;0;False;True;False;True;0;False;False;False;False;True;0;6;False;0;False;0;6;False;False;False;0966d3c0776383e44e7a1eb178c127da2890d3743b9efab106d98d1f521a0613;0.6686707113515641;0.5029624315516112;0.8902224219674557;0.7224523511081337
True;False;True;True;False;False;True;False;False;False;True;0;False;False;False;False;0;False;False;False;True;0;True;True;False;True;False;0;18;False;0;False;0;6;True;False;False;cea3a2826a8eaa55aa58eaf5633e7ba33fdd66a246403d312728e7981c4ad65a;0.1690235155506559;0.1224912284131716;0.34007918364683154;0.31631705275940586
False;False;True;False;False;False;True;False;False;False;True;0;False;False;False;False;0;False;False;True;True;0;False;False;False;True;True;0;18;False;0;False;0;6;False;False;False;9532dc4d33ee78a632a4bb876d002ae69300144faf1b1741e717335964c01b69;0.8430087915249315;0.7074915186036382;0.8651246104462398;0.707077981792771
False;False;False;True;True;False;True;False;False;True;True;0;False;False;False;False;0;False;False;False;False;0;True;True;False;True;False;0;18;False;0;True;0;6;True;False;False;3b6ea4c53af75b1075100f6c330cc5b2c6d461cd1b84cbcf3e78e95f3a23eada;0.1422418359124211;0.0877444886444769;0.36078417902962856;0.30796785312012287
False;False;True;True;False;False;False;False;False;True;True;0;True;False;False;False;0;True;False;False;False;0;False;True;False;True;True;0;24;False;0;True;0;6;False;False;False;f4a6f538479b5da57ad5dd41831b043fb74849e6c842698027fc0e741316f523;0.7752790866186364;0.6416986060513347;0.7686855807584854;0.6006678888066099
False;False;True;False;False;False;False;True;False;False;True;0;True;False;False;True;0;False;False;True;False;0;False;False;False;False;False;0;6;False;0;False;0;6;True;False;False;56910a237fc00969ada7e7c26264a68fff2038bad2ab77b1a5a097b7dbdd20a4;0.7974078041335768;0.6587405553042707;0.8257784658776093;0.6637495392752166
True;False;True;True;False;False;True;False;False;False;True;0;False;False;False;True;0;False;False;True;True;0;False;True;False;False;False;0;6;False;0;False;0;6;True;False;False;72247a5b229fc68db5ba69cd48312b49c26131fe442922830b3c68756387e7ed;0.7117133018116619;0.559098837155171;0.8464828440963663;0.686058866663236
True;False;False;True;True;False;False;False;False;True;False;0;True;False;False;False;0;False;False;True;False;0;False;True;False;True;False;0;0;False;0;False;0;6;True;False;False;cabb3c90854073e6fe17dce15c0cb26dfe9c29e5a891a51b4ff667e43fa54471;0.5277443836402861;0.4012936090536029;0.8391413348961734;0.6812253220906507
False;False;True;True;False;False;True;True;False;False;True;0;False;False;False;True;0;False;True;False;False;0;False;True;False;False;True;0;6;False;0;True;0;6;False;False;False;4eebfaedf4a06082f4a133b6cfaf00776c9b250775d51e1e0e61bf7f316018ee;0.8222638917703459;0.6810445843828781;0.8087020307961654;0.6441910489797773
False;False;True;True;False;False;True;False;False;False;True;0;False;False;False;False;0;False;False;False;True;0;True;True;False;True;True;0;6;False;0;True;0;6;False;False;False;2be8e21e18a568b0c3155c5eca9ca297737be597bb9e92cea031b387327dfb4c;0.1545084267912973;0.1045909930220535;0.3185000967573221;0.2890485424208655
True;False;False;True;True;False;True;False;False;False;False;0;False;False;False;False;0;False;True;False;True;0;False;True;False;True;False;0;0;False;0;False;0;6;False;False;True;2a67cfbdbce93f4f9cc5bfdf8352013a6b7f37bb1c738e15319f0ae41ebf0098;0.5352213332505604;0.4127701612655809;0.8198036299394668;0.6616581960918051
False;False;True;True;False;False;True;False;False;True;False;0;False;False;False;False;0;False;False;True;False;0;False;True;False;True;True;0;0;False;0;True;0;6;False;False;False;0c86cc262abb623243e44d6bc66ce2effe2aa0e7dbe20421be47f73150cabeb1;0.5976069494674885;0.4680109792609957;0.772503902453857;0.6126966252560044
False;False;False;False;True;False;False;False;False;True;True;0;True;False;False;True;0;False;False;False;False;0;True;False;False;False;True;0;6;False;0;False;0;6;False;False;False;3c1b724bd9109b92400ee9e8b29a7b902b8eaeec2534e75fb1763de38db6e9cf;0.4236984180060155;0.3140369038326321;0.6717662170430548;0.54541150836895
False;False;False;True;True;False;False;False;False;False;True;0;True;False;False;False;0;True;False;False;True;0;False;True;False;True;False;0;18;False;0;True;0;6;True;False;False;98771e9d1ba7c8061a8a94c8319a4183e4623c5ea9c97273a4ead75acab4457e;0.7732979711014235;0.6113735319788404;0.9068534254667467;0.7416640293143432
True;False;True;True;False;False;True;False;False;True;True;0;False;False;False;True;0;False;False;True;False;0;False;True;False;False;True;0;6;False;0;False;0;6;False;False;False;83e877a65a7590c84388cfb1aac9214e63429b22372e2a91fafd3a6a063859fc;0.708940829015;0.5687606898086652;0.8205166941123938;0.6656358934187107
False;False;False;True;True;False;False;False;False;False;True;0;True;False;False;True;0;False;False;False;True;0;True;True;False;False;True;0;24;False;0;True;0;6;False;False;False;9fcd10b89f1636957b99ab3e4594a52ba61275feeafb8cd6e25dca14d02dfa19;0.4509002342748066;0.340340640243555;0.632476856681423;0.49753293013686006
False;False;False;False;True;False;False;False;False;True;False;0;True;False;False;True;0;True;False;False;False;0;False;False;False;False;False;0;0;False;0;False;0;6;False;False;True;d68bd32601fe2f6f3092e3877ba0acdb615e0612027f245399e88509442830aa;0.5285422026914306;0.4018949690980716;0.8370556865818698;0.6785277777149026
False;False;False;True;True;False;False;False;False;False;True;0;True;False;False;False;0;False;True;False;True;0;False;True;False;True;False;0;6;False;0;True;0;6;True;False;False;65b45c743143603f29ff2cf23bd726f8519b705b3734731970a2c601533f2bd2;0.7500563358017991;0.583917425828667;0.9257914649972339;0.770540734871059
False;False;True;False;False;False;True;False;False;True;True;0;False;False;False;False;0;False;False;True;False;0;False;False;False;True;True;0;18;False;0;False;0;6;False;False;False;079c2054bdfb13967f5a4037cef7b03f5c415cf2055a53e8f7a4ff4302600e82;0.8340499369551985;0.7094269180099468;0.8449236182584954;0.690019131718964
True;False;True;True;False;False;False;False;False;True;False;0;True;False;False;True;0;True;False;False;False;0;False;True;False;False;True;0;0;False;0;False;0;6;False;False;False;e00213c397e36eb5ce23281ffbf219e6c1446b33f2cdb51b5098c59215c825d4;0.5977776565647163;0.4660656284032221;0.7848159265533159;0.6239410265026488
True;False;True;True;False;False;False;True;False;False;True;0;True;False;False;True;0;False;False;False;False;0;True;True;False;False;False;0;6;False;0;False;0;6;False;False;True;c3257a4276193104b00c44cf08a2638069a750b65d9dbb2bb5d531030bcd6db6;0.5156607366507155;0.4077008590903108;0.6052961783731494;0.4843769083213186
False;False;False;True;True;False;True;False;False;False;True;0;False;False;False;False;0;False;False;False;True;0;True;True;False;True;False;0;24;False;0;True;0;6;True;False;False;8aed2eca4cbcd7a1526cc33e46f44560c3c53a01b22e6383ccf6900cfabaacaf;0.1488397630931635;0.0894558077817578;0.3561493894340676;0.30714225898077063
False;False;False;True;True;False;False;False;False;False;True;0;True;False;False;True;0;True;False;False;True;0;False;True;False;False;False;0;6;False;0;True;0;6;True;False;False;ac36c26ae98c6e794bd42daaa128679d5ec7508d9a77710bb37bcd1cbb17a164;0.7475611931117604;0.5828891641970304;0.9245018173488221;0.7693367724066446
True;False;False;True;True;False;False;False;False;False;True;0;True;False;False;False;0;True;False;False;True;0;False;True;False;True;True;0;24;False;0;False;0;6;False;False;False;522349ea0d0531c7be3e6549be810f5bc19ba0918ea1427166b1795044bed95a;0.7664886194842282;0.611982009417403;0.8853654522258904;0.7128382141792906
False;False;False;False;True;False;True;True;False;False;True;0;False;False;False;True;0;False;False;False;False;0;True;False;False;False;False;0;18;False;0;False;0;6;True;False;False;ddd2a8ef2d95d321521ae8d14f8092c5fe82e0a251d8ef5fda5ddb83adc7f988;0.5371813018904893;0.4229314709909891;0.6861247410946198;0.5577724282485419
True;False;False;True;True;False;False;True;False;False;True;0;True;False;False;True;0;False;False;True;False;0;False;True;False;False;True;0;24;False;0;False;0;6;False;False;False;1ead45b6a3eeef090dcc5a9a45c74748dcb1512c4b1b73342c14693addf4bad6;0.8157846953063713;0.6690381760560627;0.8730254188679601;0.6974494133580933
True;False;True;True;False;False;True;True;False;False;True;0;False;False;False;False;0;False;False;False;False;0;True;True;False;True;False;0;24;False;0;False;0;6;False;False;True;291a8d89c3ed1cb890029c0567c39fc9aa0fe3724462c23a1be12f857a31cf5c;0.1692473940371588;0.1250779103529491;0.29204361285309616;0.2646659807195197
False;False;False;False;True;False;True;False;False;False;True;0;False;False;False;True;0;True;False;False;True;0;False;False;False;False;True;0;18;False;0;False;0;6;False;False;False;53b7d360a3add6debd3a7c11c944946387da21d018248128d9123cab9e697ccf;0.7604040202232755;0.6078589831478022;0.8962735451173678;0.7354683192993234
False;False;True;True;False;False;False;False;False;True;True;0;True;False;False;False;0;False;True;False;False;0;False;True;False;True;False;0;24;False;0;True;0;6;True;False;False;8261f19a6d45f2c4ac6ad50647ebd34254a10b0624d66d56fa0219c3e36f11cd;0.8039901308793331;0.672825663502304;0.7822418906567565;0.6142065257988977
True;False;True;True;False;False;True;False;False;False;True;0;False;False;False;True;0;True;False;False;True;0;False;True;False;False;True;0;18;False;0;False;0;6;False;False;False;0bbd74791b20b66028945efb4ea09a2542e5c0dc22fcd97715c0cf7f41770cfb;0.8557438745463933;0.722806775110471;0.8626657521716435;0.7055864861010361
True;False;False;True;True;False;False;True;False;False;False;0;True;False;False;True;0;True;False;False;False;0;False;True;False;False;False;0;0;False;0;False;0;6;True;False;False;5870217a81d49605f9b3c195a51cd350213b09c924d9af2ed0f05d94e06c2b80;0.5321832127746777;0.4072342496845732;0.8165065228108354;0.6553541815073973
False;False;False;False;True;False;True;False;False;False;True;0;False;False;False;False;0;False;False;False;True;0;True;False;False;True;False;0;6;False;0;False;0;6;True;False;False;7ed90b546c8ec5dc686f823a16f5bc7ced671afada26e12c6d272bd3fab3e203;0.1374754380779987;0.0777583787883225;0.355546057692568;0.30031700802866274
True;False;False;True;True;False;True;True;False;False;True;0;False;False;False;True;0;False;True;False;False;0;False;True;False;False;False;0;18;False;0;False;0;6;True;False;False;2f953d287af77893e59749b59fb8822eca4d08b97d662107cba085459b95b4fb;0.8366675036449468;0.6880640805296444;0.904393022900178;0.7404042007081929
True;False;True;True;False;False;True;False;False;False;True;0;False;False;False;True;0;True;False;False;True;0;False;True;False;False;True;0;6;False;0;False;0;6;False;False;False;1685a0e84b2680b7193bebaafe20d5ea19f8b3903481f3a835976924be509b34;0.6939721062098495;0.5416731863312985;0.8298289514024012;0.6642118011144323
False;False;False;True;True;False;False;True;False;False;True;0;True;False;False;False;0;False;False;True;False;0;False;True;False;True;False;0;6;False;0;True;0;6;True;False;False;a9ed64c56248f10eb443568ac166b16e6a3c501586489a773566df3969ce6f9c;0.7988527045751048;0.6405888567225224;0.9264798000025458;0.7777728412261246
True;False;False;True;True;False;True;False;False;False;True;0;False;False;False;False;0;False;False;False;True;0;True;True;False;True;False;0;18;False;0;False;0;6;False;False;True;1a95bada1b79ca8d7449d0fd9c974f3171565f63b1d40c3a1431473c27f35175;0.1470981379509416;0.093123473517071;0.35863095325188127;0.31716410201802464
True;False;True;True;False;False;False;False;False;False;True;0;True;False;False;False;0;True;False;False;True;0;False;True;False;True;False;0;6;False;0;False;0;6;True;False;False;e12123d619dad2b66b81d53b03ce693e2ede0968a52325ac9aa0316c6d7be78c;0.7129172388765033;0.5598099119077963;0.8473291690745275;0.6867052799249388
False;False;False;False;True;False;False;True;False;False;True;0;True;False;False;False;0;False;False;True;False;0;False;False;False;True;True;0;6;False;0;False;0;6;False;False;False;69ff00cb33c1ac7b5a814a7da1e1c04f80a0b3acfcb937a294fa190a83a1364e;0.7111934032628068;0.5463829791593706;0.8882775959275454;0.7242907284460647
True;False;False;True;True;False;False;False;False;True;True;0;True;False;False;False;0;False;False;True;False;0;False;True;False;True;True;0;24;False;0;False;0;6;False;False;False;cc3ea6fc8b5ba505aeddb8a3f9762e1040a42ee84fdcba849bcfb33cd730c70c;0.7153108052602141;0.5560363545541108;0.8890555760353275;0.7208506816513168
False;False;False;True;True;False;True;True;False;False;False;0;False;False;False;True;0;True;False;False;False;0;False;True;False;False;False;0;0;False;0;True;0;6;True;False;False;ebdbd27189824ba40d9cb14499581c1f2a3c743cfa900aa374c76d3464419a92;0.5381527097410095;0.4110329274112204;0.8197373559360235;0.655653757334357
False;False;True;True;False;False;False;False;False;False;True;0;True;False;False;True;0;False;False;True;True;0;False;True;False;False;False;0;24;False;0;True;0;6;False;False;True;1dee1f5ed3c55554a68cf4b1035f4e6a2252bc8db9176402b18f5f5eccca3b03;0.8161411658948781;0.6628771642153699;0.8122618624667913;0.6299320881622259
False;False;True;False;False;False;True;False;False;True;False;0;False;False;False;False;0;False;False;False;False;0;True;False;False;True;True;0;0;False;0;False;0;6;False;False;False;e67d02c887202378a65ecc16d2b395e93c088d8f2c39ad9c64581b1fd958019c;0.1427292857819909;0.094471608484071;0.33306890617416035;0.2832310251784069
False;False;True;True;False;False;False;False;False;True;True;0;True;False;False;True;0;False;True;False;False;0;False;True;False;False;True;0;24;False;0;True;0;6;False;False;False;bc86a81099b2c4a6fe8fbaeceb354fda9059a3f1e4284c3365aa981ade54685c;0.7704877159338944;0.6382542050785964;0.761912977281912;0.593647932318162
True;False;False;True;True;False;False;True;False;False;False;0;True;False;False;True;0;False;False;False;False;0;True;True;False;False;False;0;0;False;0;False;0;6;False;False;True;fb197e3c74c4ea4bc5fbab20be2bcf176390d693a6d8893da5ab2050e25c42f0;0.3617467611240073;0.2766901524724859;0.6272008499398624;0.5041878943516765
False;False;False;True;True;False;True;False;False;True;False;0;False;False;False;False;0;False;False;False;False;0;True;True;False;True;False;0;0;False;0;True;0;6;False;False;True;9c057b7d06f8d6baf6a24c7987d89e0f888576a07347bd2c23cd8193cad760c6;0.107407094139897;0.0673891309995567;0.34041820176272425;0.28557509535262604
False;False;False;True;True;False;True;False;False;True;True;0;False;False;False;False;0;False;True;False;False;0;False;True;False;True;False;0;6;False;0;True;0;6;True;False;False;ff2ffeaa5efd697b52de8872322677fdc6eacda72a361790cac248ab6f222b6c;0.731325297204764;0.5671226143639027;0.9344490117111065;0.7869112737561236
False;False;True;True;False;False;True;False;False;False;True;0;False;False;False;True;0;False;False;False;True;0;True;True;False;False;False;0;18;False;0;True;0;6;True;False;False;d843b114243a61f26172744eca262e3eda0d824c02168ff44d5b6be311853921;0.5380312494609664;0.4235670052340032;0.632784234852844;0.5085545737653819
False;False;True;False;False;False;False;False;False;False;True;0;True;False;False;False;0;False;False;True;True;0;False;False;False;True;False;0;24;False;0;False;0;6;False;False;True;097bca07005890f973864e8bb809e1050b620acd57aa5c02f9f8bd36630f1d76;0.8901507362104751;0.7652145992066407;0.8592100095458851;0.6888873160639101
True;False;False;True;True;False;False;False;False;False;True;0;True;False;False;True;0;False;True;False;True;0;False;True;False;False;False;0;18;False;0;False;0;6;False;False;True;7823f0f5202ec827ed798579a464cb96a298ad723b79e6f4c990ab4e11d65795;0.7982112742943608;0.642796136606497;0.9142359513464214;0.7566780909912743
False;False;False;True;True;False;True;False;False;False;True;0;False;False;False;True;0;True;False;False;True;0;False;True;False;False;False;0;18;False;0;True;0;6;False;False;True;789422ba867e478ce1a24078c722263ab9d638770ca8556625839566f4fb0b50;0.7735223494919153;0.6121471003650264;0.9035725385581606;0.7380746533729522
False;False;True;True;False;False;True;False;False;True;True;0;False;False;False;True;0;False;False;True;False;0;False;True;False;False;False;0;6;False;0;True;0;6;True;False;False;740d38bf6eec26f94075b2bc7ae1c90a67b32accef09e0f08b2e8dbae6de5de2;0.7770155702580779;0.640485107101931;0.8282018609481167;0.6778834075300343
True;False;False;True;True;False;True;False;False;False;True;0;False;False;False;True;0;False;True;False;True;0;False;True;False;False;False;0;18;False;0;False;0;6;True;False;False;d1450c571adbdd1c6bfc0aa48117ee5d569611beaa1418f5ae87770ab1e176da;0.7913044067877087;0.6350578676850708;0.916545041561489;0.761311994129933
False;False;True;False;False;False;False;False;False;True;True;0;True;False;False;True;0;False;False;True;False;0;False;False;False;False;False;0;6;False;0;False;0;6;True;False;False;384c8a7abbb11628fff452022bf0ccc915693d2512a9946619e5d1e47be09246;0.72659401374475;0.5907087047706846;0.8363997986340277;0.6828774854933705
False;False;False;False;True;False;True;False;False;True;False;0;False;False;False;True;0;True;False;False;False;0;False;False;False;False;True;0;0;False;0;False;0;6;False;False;False;9ee270513e71fbc85366541193a5bf9abdc8f7a06fc7b4277381476df8a7b7e4;0.5170231106712838;0.3921151253262959;0.82771434454467;0.6685876736405488
True;False;True;True;False;False;False;False;False;False;True;0;True;False;False;False;0;False;False;True;True;0;False;True;False;True;False;0;24;False;0;False;0;6;False;False;True;164b7b983f3d3c73be63b830a79c76239d956638b677998bab4270895b87a693;0.905301954298792;0.782444669859871;0.8607184279428752;0.6932473083184671
True;False;True;True;False;False;False;False;False;True;True;0;True;False;False;True;0;False;False;False;False;0;True;True;False;False;True;0;24;False;0;False;0;6;False;False;False;0a247c3d426e3f41c6eb7296143644375e69efb2aa451debf757ea924b9bd41d;0.5179908130251664;0.4256121804393201;0.5852069843130844;0.47206454875611126
True;False;True;True;False;False;True;True;False;False;True;0;False;False;False;True;0;False;False;False;False;0;True;True;False;False;True;0;6;False;0;False;0;6;False;False;False;0b8ca4ced224e3d6bf1cb95d0dd00851dab4c8dba3a81e484df08076eccd2ef5;0.5261226497439953;0.4139966545419153;0.615252271725773;0.491112464153967
False;False;True;True;False;False;False;True;False;False;False;0;True;False;False;True;0;False;False;True;False;0;False;True;False;False;True;0;0;False;0;True;0;6;False;False;False;48b3b32612aed5c783f6524170c82c2a8235fdd33e464b55d7657a932e5f4b16;0.6334484345390297;0.4896495715595456;0.7818403734721255;0.6094562927434835
True;False;True;True;False;False;True;True;False;False;False;0;False;False;False;True;0;True;False;False;False;0;False;True;False;False;True;0;0;False;0;False;0;6;False;False;False;e244d2aed3027de74094619cc0f8eb868b5ddb92b3c533c94455120b8750fd5e;0.6419662996852648;0.4992915146882624;0.7913179259474508;0.6204195360861481
True;False;False;True;True;False;False;True;False;False;True;0;True;False;False;True;0;True;False;False;False;0;False;True;False;False;False;0;24;False;0;False;0;6;True;False;False;81fd8b5c5bb5e01e8660dce2d6fddee4e99d2079ab092adb1cc5c87e0cc1fc99;0.8391139721979667;0.6973551072193993;0.8869102984651426;0.7178536838797459
True;False;True;True;False;False;True;True;False;False;False;0;False;False;False;False;0;False;False;True;False;0;False;True;False;True;False;0;0;False;0;False;0;6;True;False;False;3987a91af02dac2a0e3bc83c96199c7eb2946f1bec1668bf9ba8246474948df8;0.6615316853100199;0.5138906443444936;0.8099660935314401;0.6369446232537069
True;False;True;True;False;False;True;False;False;False;True;0;False;False;False;True;0;True;False;False;True;0;False;True;False;False;False;0;18;False;0;False;0;6;False;False;True;5335bcd46272cbbd52abfadcec84b47e8c62426d28b6886d11ba14330dd22dd7;0.8844104512915785;0.7551105663765194;0.8760725377901042;0.7229024738390111
True;False;False;True;True;False;False;False;False;False;True;0;True;False;False;True;0;False;False;False;True;0;True;True;False;False;True;0;18;False;0;False;0;6;False;False;False;afa1340a31e1997b199144868959eaa9a0e5b57444a1b2bad524e74b0f19bafe;0.4829714480865168;0.3758665501013205;0.6639505176912037;0.5417635717184729
False;False;True;True;False;False;False;False;False;False;True;0;True;False;False;False;0;True;False;False;True;0;False;True;False;True;False;0;6;False;0;True;0;6;True;False;False;0d61eb2223760c3b630797df555ef40ec68ae2e2a4e5f728cb6b710a7a443036;0.7604886721925178;0.6058555585504619;0.8464326658194479;0.6847614630520321
False;False;True;False;False;False;True;False;False;True;True;0;False;False;False;False;0;False;False;False;False;0;True;False;False;True;True;0;24;False;0;False;0;6;False;False;False;ce14c4e1611a13baefd5387926809c4ea29e4998d58bad0709c5f61e359eb633;0.1564313106237676;0.1176884957492468;0.31525376644727365;0.29362214511729195
True;False;True;True;False;False;False;False;False;True;False;0;True;False;False;False;0;False;False;True;False;0;False;True;False;True;True;0;0;False;0;False;0;6;False;False;False;a2d17331c83e47682f24da6d543920a6258546c00eba883a99fd7a051964cb95;0.6014498239209047;0.4693896473193534;0.7879241140991776;0.6278716431732738
False;False;True;False;False;False;True;False;False;False;True;0;False;False;False;False;0;True;False;False;True;0;False;False;False;True;False;0;6;False;0;False;0;6;False;False;True;518d1c9c8635f4f561935d4d186fc9b4db7b576efc9131e0d6fa59db24e642d4;0.716030838245776;0.5680173621814992;0.8432176103977536;0.6829593742377444
True;False;True;True;False;False;True;True;False;False;True;0;False;False;False;False;0;False;True;False;False;0;False;True;False;True;True;0;6;False;0;False;0;6;False;False;False;b1c4368d226689ca4deb03684f7cfbea183e17060b3a2ac406f3ac46f81d2e48;0.7795176295490976;0.6327875657814361;0.808504007016231;0.6435311415256085
False;False;True;True;False;False;False;False;False;False;True;0;True;False;False;True;0;False;False;True;True;0;False;True;False;False;False;0;6;False;0;True;0;6;False;False;True;df97cd0f2055e320d10ad58d24c2fa77571bf39b4a52b8ef2aa79ce3c30d5664;0.7620567212938033;0.6080257041991958;0.8441695713569068;0.6811786837256317
False;False;True;True;False;False;False;True;False;False;True;0;True;False;False;False;0;False;True;False;False;0;False;True;False;True;False;0;18;False;0;True;0;6;False;False;True;cbbe49bd7e0d7fb2dd864da257874583eb5ce5d6d0b78f6ca8a1a51f5edffa35;0.8913234948225297;0.7735905270626229;0.7723947358548899;0.6117134633273105
False;False;False;False;True;False;True;False;False;False;True;0;False;False;False;False;0;False;False;False;True;0;True;False;False;True;True;0;6;False;0;False;0;6;False;False;False;74fdd74d40006c1eda3210f09233f4a1419d039e6c7c96896718d87bf699a563;0.1297386888058909;0.0723158352586037;0.3441107980744217;0.2893435575601413
False;False;False;False;True;False;False;False;False;False;True;0;True;False;False;False;0;False;False;False;True;0;True;False;False;True;False;0;18;False;0;False;0;6;False;False;True;f68ab3f87c18660601dc5aa76461f53c5d42fad321db49d9b6523e18bc9b4ec2;0.1488704848300857;0.0927608865432532;0.3579864845689204;0.3127445023616283
False;False;False;False;True;False;False;False;False;False;True;0;True;False;False;False;0;True;False;False;True;0;False;False;False;True;True;0;6;False;0;False;0;6;False;False;False;68ec5e773f0667bd69aade558218756721dc89dca231cd0f118fb373bd0def83;0.6677195590175793;0.5030563697389514;0.8913735655034035;0.7245115289201215
True;False;False;True;True;False;False;False;False;False;False;0;True;False;False;False;0;False;False;False;True;0;True;True;False;True;False;0;0;False;0;False;0;6;True;False;False;53b7060790877483007e68570869b5362a32160af8b42d45c6c637a06962a85c;0.1034138981936233;0.0635982648135123;0.3309344118809343;0.281530196487133
False;False;True;False;False;False;False;False;False;True;True;0;True;False;False;True;0;True;False;False;False;0;False;False;False;False;True;0;24;False;0;False;0;6;False;False;False;1a3779a8c2ba02f3bfaa0e5a21e38f57aadc8c6134922315b060a688c4195080;0.8440982034295341;0.7232336574246204;0.8289254939968161;0.6634898915388655
False;False;False;True;True;False;False;False;False;False;True;0;True;False;False;True;0;False;False;True;True;0;False;True;False;False;False;0;24;False;0;True;0;6;False;False;True;75ba25ef8930385240134e2606dcebb780aa32856370a69dbb391f3e40e2b60e;0.748101621468174;0.5841238876647278;0.8771285549497995;0.6927356364669247
False;False;True;True;False;False;False;False;False;False;False;0;True;False;False;False;0;False;True;False;True;0;False;True;False;True;False;0;0;False;0;True;0;6;False;False;True;d029703bb12762799a0a2cbff06f4829bd2ce5ab741040f83f079e6e31fe601b;0.6077913443794375;0.4609804289471984;0.830690047372719;0.6602978688579855
True;False;False;True;True;False;True;False;False;True;True;0;False;False;False;True;0;False;False;True;False;0;False;True;False;False;False;0;18;False;0;False;0;6;False;False;True;fb890a2f538d4481d0a502b1791e645caf9812e526b8c344a205769af29e893a;0.7391071022977425;0.5779153598650558;0.9069521386478783;0.7465174875517427
True;False;False;True;True;False;False;True;False;False;True;0;True;False;False;False;0;True;False;False;False;0;False;True;False;True;False;0;6;False;0;False;0;6;False;False;True;c56555369c9de9b627eba2b851cf08121f73506d213320372cc6d796e39f800b;0.73883758198013;0.5726074054653886;0.9036911760097587;0.7439003124327994
False;False;False;False;True;False;True;False;False;True;True;0;False;False;False;True;0;False;True;False;False;0;False;False;False;False;False;0;24;False;0;False;0;6;True;False;False;b5725cc4b5bd4b9b60bfd1a446941cb95221fc9a28f1de6a195b448698d4b3d7;0.7210499607938965;0.5630314654690354;0.8984599296210443;0.7344012314019133
False;False;True;True;False;False;True;True;False;False;True;0;False;False;False;False;0;False;False;False;False;0;True;True;False;True;True;0;6;False;0;True;0;6;False;False;False;27027690d8bf22e39cc2870ea6d096e82f39852d04fd800cb0853d8b4a21f6e7;0.1667016610849064;0.1121125807562457;0.3006429713964269;0.2688124468815298
False;False;False;False;True;False;True;False;False;False;False;0;False;False;False;False;0;True;False;False;True;0;False;False;False;True;True;0;0;False;0;False;0;6;False;False;False;0d9f2fc31e448688849a25ced17a3f99206481be7abfc4a2bab04975522c7983;0.519944653897488;0.3993323394718167;0.8103555229828995;0.6507035024134237
False;False;False;True;True;False;False;False;False;False;True;0;True;False;False;False;0;True;False;False;True;0;False;True;False;True;True;0;24;False;0;True;0;6;False;False;False;81d071a97226b847284a57eca10d43a84cb895ae29be20a9a8d8af51b4cd5dc9;0.7261387014030597;0.561043837507355;0.8652834208223068;0.6776474957077739
False;False;True;True;False;False;True;False;False;True;True;0;False;False;False;True;0;False;True;False;False;0;False;True;False;False;False;0;24;False;0;True;0;6;False;False;True;e1d59a78e8f319edb6824e8b52e06e470aa40f9fcca68ce79f5b1c037c8d2998;0.8048784501653267;0.6734087916704307;0.7830710219469631;0.6153854961545867
False;False;True;False;False;False;True;False;False;True;True;0;False;False;False;True;0;True;False;False;False;0;False;False;False;False;False;0;18;False;0;False;0;6;True;False;False;783120e74cff835e20cef2fc02de2ad07e5d0f9c9d591ade3e77cb5bc4929c6f;0.8587433255302771;0.7374411537989045;0.8569201331675816;0.7047659088364775
True;False;True;True;False;False;True;False;False;True;True;0;False;False;False;True;0;False;True;False;False;0;False;True;False;False;True;0;24;False;0;False;0;6;False;False;False;2e14575792407b527a1930b72db47bb7d2b4537ff525139b522561acaa6ee2f6;0.8551587055562725;0.7355680918465808;0.8293916396108163;0.6663389452706725
False;False;False;False;True;False;True;True;False;False;True;0;False;False;False;True;0;False;False;True;False;0;False;False;False;False;True;0;18;False;0;False;0;6;False;False;False;57d366d9317253a5f3de208758395cfdbe83823d29b78936cc432dc2e1cc24b7;0.8005128085515624;0.6506835401233737;0.8849206451403769;0.7177094698686466
False;False;True;False;False;False;False;False;False;False;True;0;True;False;False;False;0;False;False;False;True;0;True;False;False;True;False;0;24;False;0;False;0;6;False;False;True;8c0d624c28f8af773bc4f5ced08d55d54824ba7751c4ad6180437e80afd95a39;0.1609103190931447;0.113553121592285;0.32251779553296017;0.298968003433659
True;False;True;True;False;False;False;False;False;True;False;0;True;False;False;False;0;True;False;False;False;0;False;True;False;True;False;0;0;False;0;False;0;6;False;False;True;79444042f68f2d066a3265f1455b710312a91540d79032119354795b2f881696;0.6215969345533172;0.4875429366014181;0.8011465585602661;0.6387467629744717
False;False;True;False;False;False;False;False;False;True;True;0;True;False;False;False;0;False;False;False;False;0;True;False;False;True;False;0;24;False;0;False;0;6;False;False;True;359380e221abea34e0ae341737c8e313265fb5c2d668f461af441ae3cd482d37;0.164064446110792;0.1264641036163553;0.32284564208848615;0.2993638664125396
False;False;True;False;False;False;False;False;False;True;True;0;True;False;False;False;0;True;False;False;False;0;False;False;False;True;False;0;24;False;0;False;0;6;False;False;True;c19e83fa6250b27b41702155700c1b033c09c1884787039d97a477e2f156b745;0.8782448324338791;0.7619827988193619;0.8428486231916242;0.6788963903453328
False;False;False;False;True;False;False;False;False;False;False;0;True;False;False;False;0;False;False;True;True;0;False;False;False;True;False;0;0;False;0;False;0;6;False;False;True;14644ce4b3d9924e1e85ef24808527ed523cd2274c651814dd4d5590b86dac58;0.5346990999139523;0.4124451502136382;0.8208367634501524;0.6622694033390767
True;False;True;True;False;False;True;False;False;False;False;0;False;False;False;True;0;False;True;False;True;0;False;True;False;False;False;0;0;False;0;False;0;6;True;False;False;27d70cccbff1792e0719f3bcb1fef845b848905b4d859267591eb285b3c18b0e;0.605816800891367;0.4610414733365956;0.841217642527409;0.6744688051511388
True;False;False;True;True;False;False;False;False;False;True;0;True;False;False;False;0;False;False;True;True;0;False;True;False;True;False;0;18;False;0;False;0;6;False;False;True;521bf828a55d5b8c7aaf4581aed45af1903eeb698035fc5e3e9107ad9cd1385c;0.8001004850887744;0.6435466102932391;0.9150095169191714;0.7577307035545018
True;False;False;True;True;False;True;True;False;False;True;0;False;False;False;True;0;False;True;False;False;0;False;True;False;False;False;0;6;False;0;False;0;6;False;False;True;1c06e3471f13d96c1049e9838f699d0f3918b30ad146bfc97d6548af696ae27a;0.7375997826839061;0.5725162086780998;0.9037116497446458;0.7445604647615516
True;False;True;True;False;False;True;False;False;False;True;0;False;False;False;False;0;False;False;True;True;0;False;True;False;True;False;0;18;False;0;False;0;6;False;False;True;68139e04217e1e67d9ff5abfde237745ecee012c8b60ef8f48f526d117dd6fdf;0.8865491686659516;0.7562002913942029;0.8766312651629061;0.7228264142654205
True;False;True;True;False;False;False;True;False;False;True;0;True;False;False;True;0;False;False;False;False;0;True;True;False;False;False;0;18;False;0;False;0;6;True;False;False;bc5b2602dbb6d72fa9f3e806ead7dd6d3f68ce99b5888457c2404047c974cec3;0.5963078810012841;0.4891578960181761;0.605170788545753;0.48848744579658643
False;False;True;False;False;False;False;False;False;False;False;0;True;False;False;True;0;True;False;False;True;0;False;False;False;False;False;0;0;False;0;False;0;6;False;False;True;198a8b67e311c0772d7676b89e0ea566f14e73dc7f9fb42cba4451036e76765c;0.6071642367202397;0.4611948322228136;0.8368548025718975;0.6677575753449821
False;False;False;False;True;False;True;True;False;False;True;0;False;False;False;False;0;False;False;False;False;0;True;False;False;True;False;0;24;False;0;False;0;6;False;False;True;92c20df5572f18f7800dfbdc9e13c83db0d70f29680322645b34c00de093a46f;0.1515102601088361;0.0950913754719363;0.34005827960957186;0.29424903787477624
False;False;False;False;True;False;False;True;False;False;False;0;True;False;False;False;0;True;False;False;False;0;False;False;False;True;False;0;0;False;0;False;0;6;True;False;False;d226fa983c9d68d1da11eb34671eeba0b1cb3bfb1fc185e0fdf5be1dff48c0b8;0.5339618770638376;0.4083093324521567;0.8175365787080277;0.6558602458419809
False;False;True;False;False;False;False;False;False;True;True;0;True;False;False;True;0;False;True;False;False;0;False;False;False;False;False;0;18;False;0;False;0;6;True;False;False;c6ef5ce3207ff0603cdac4a852266bf51619596c4cf92b2b9bbb6e2ad4faefc2;0.859258598976582;0.737779855949138;0.8551601628607008;0.7026140812348975
True;False;True;True;False;False;False;False;False;True;True;0;True;False;False;False;0;False;True;False;False;0;False;True;False;True;False;0;6;False;0;False;0;6;True;False;False;76d95532aa18e06b68778bbbe2003eb614e12d0fb76faed388d2fd6e2f93e43d;0.7272244233781496;0.589449088229843;0.8320371726854741;0.6805956666047699
False;False;False;False;True;False;True;True;False;False;False;0;False;False;False;True;0;False;True;False;False;0;False;False;False;False;True;0;0;False;0;False;0;6;False;False;False;653cf96d978dc7d4c0ea56b561ec1ee001484d35135ad8fb5744867d0ce9aad1;0.5232504772930134;0.3987100811354983;0.8051148271060455;0.6424630642424488
False;False;True;True;False;False;False;True;False;False;False;0;True;False;False;False;0;False;False;True;False;0;False;True;False;True;True;0;0;False;0;True;0;6;False;False;False;78707444f7e62c9fa8fd9667260dd9f5b98a0a42076eee9f25c46f80bbc78282;0.6360756784043012;0.4934905660535927;0.7817950728048695;0.6111808698231685
False;False;True;False;False;False;True;False;False;False;True;0;False;False;False;False;0;False;True;False;True;0;False;False;False;True;False;0;24;False;0;False;0;6;False;False;True;268c3827728be26ff40811d7c1c1e048d921d691c9fc0aa5aa5a55220424313f;0.8942788075575878;0.7691210478456558;0.8615464283038471;0.6915661638924118
False;False;False;False;True;False;False;True;False;False;True;0;True;False;False;False;0;False;False;False;False;0;True;False;False;True;False;0;24;False;0;False;0;6;False;False;True;c2df8103cbf799b0c34aba42bebd269e2341c4b0f0c75a4192eb0f5beae2cc3e;0.1550324942114576;0.0971063649371933;0.3423890678059874;0.29633110408030816
False;False;False;True;True;False;True;False;False;True;True;0;False;False;False;False;0;False;False;True;False;0;False;True;False;True;False;0;18;False;0;True;0;6;False;False;True;a5e3e5f1d70168a47ee53009d2efecfcc62beedeae3883c7946b853e04f6fc4c;0.7116901011186247;0.5493259666029255;0.8945483826353208;0.7277471923628688
True;False;False;True;True;False;False;False;False;True;True;0;True;False;False;True;0;False;False;True;False;0;False;True;False;False;False;0;18;False;0;False;0;6;True;False;False;f05ad3f3d7157afeabcd9212c488fb850e90ba093cf760da888b58ea30e80609;0.7357993549859023;0.572869832574931;0.9104110955702751;0.7499913129301846
True;False;True;True;False;False;False;False;False;True;True;0;True;False;False;False;0;False;False;False;False;0;True;True;False;True;False;0;24;False;0;False;0;6;False;False;True;346ca07903a39e6577c4b95f5da98eba3b5752109abd0aa50881a05ba324338c;0.1661497918669567;0.1280504689021372;0.3249089329721158;0.299377819056395
False;False;False;False;True;False;True;False;False;False;True;0;False;False;False;True;0;False;False;False;True;0;True;False;False;False;False;0;24;False;0;False;0;6;False;False;True;a0b4102a8d3b76b726831d65729541d799edeec390b531aee80b0e3cb5b16d74;0.490416707078214;0.3853438760373255;0.6680242925569432;0.5425020824355502
False;False;True;False;False;False;False;False;False;False;True;0;True;False;False;True;0;True;False;False;True;0;False;False;False;False;False;0;24;False;0;False;0;6;True;False;False;d8a12be17fe8c3cf335edc420dbccb512de48085fc6ed789ea2f6056eda72f78;0.8851229083583465;0.7609235734158459;0.862402483677834;0.6951106935126408
False;False;True;True;False;False;False;True;False;False;True;0;True;False;False;True;0;False;False;False;False;0;True;True;False;False;False;0;6;False;0;True;0;6;True;False;False;5c4ebd5a6bb75486ffaa7aecc4fe1b0568938f924a35ab71ee659b0d88769b96;0.560910218068394;0.4474262881897732;0.6247739689839519;0.5037628050416043
False;False;False;False;True;False;False;True;False;False;True;0;True;False;False;True;0;False;True;False;False;0;False;False;False;False;False;0;18;False;0;False;0;6;False;False;True;82a8d2b064a8675492b9a499b23ac0f25404ae8b2b2e6a9a90407e509de706ad;0.8287799848925478;0.6822137736781136;0.8963751123708483;0.7302202722017493
False;False;True;True;False;False;True;False;False;True;True;0;False;False;False;True;0;False;False;False;False;0;True;True;False;False;False;0;24;False;0;True;0;6;True;False;False;0905226678bd32d62887eb84a96181bc3ad431b21e04f72228f3be110efef261;0.5220343509128206;0.4212511563042346;0.5858880779732476;0.4657640757769087
True;False;True;True;False;False;True;True;False;False;True;0;False;False;False;True;0;True;False;False;False;0;False;True;False;False;False;0;24;False;0;False;0;6;True;False;False;2d5122affeebce3c2e6afe9cc85ae1d1121741b7231584ff76dae4820d6642e3;0.9918789351723576;0.9661947248903529;0.8203920251249097;0.6507059944538794
False;False;False;True;True;False;False;True;False;False;True;0;True;False;False;False;0;False;False;True;False;0;False;True;False;True;False;0;6;False;0;True;0;6;False;False;True;68cc784185f8b1ec57b4d6a03300074280eff53850fdc20a44bed65018522e29;0.802679038694926;0.6454955353642008;0.9236636733989285;0.7727010212751597
False;False;False;False;True;False;False;False;False;False;False;0;True;False;False;False;0;True;False;False;True;0;False;False;False;True;False;0;0;False;0;False;0;6;False;False;True;aa2068f38ea0a2016c5f7f60765acba7066664c9a9db3becb220917af3401a69;0.5353615543050025;0.4125828207306047;0.82105996256569;0.6622039620945691
True;False;True;True;False;False;False;False;False;False;False;0;True;False;False;False;0;False;False;False;True;0;True;True;False;True;True;0;0;False;0;False;0;6;False;False;False;8cb7eaea933da04cdb878e2c8fa0661276613178d5631e5bb60e28e5cf777ba0;0.1298845914662699;0.0823375282824539;0.3328021287761259;0.28479164580469357
False;False;True;False;False;False;True;False;False;False;True;0;False;False;False;True;0;False;False;False;True;0;True;False;False;False;True;0;24;False;0;False;0;6;False;False;False;72a85dd6f52f6e3b086f216e487f3ea72629c439dfdc44a7e7ef17d4a5cb8c20;0.5440814580721913;0.4330654561901694;0.619231173491065;0.4869585709840373
True;False;True;True;False;False;True;True;False;False;True;0;False;False;False;False;0;False;False;False;False;0;True;True;False;True;False;0;6;False;0;False;0;6;False;False;True;6dd9c0499119a7fccea997d266a9eeaaf1f9dbfbca3d8d7197aee8d2cf9f1cd3;0.1526369917532553;0.0972470900631616;0.30042137900152704;0.2616781357595114
False;False;True;True;False;False;False;False;False;False;False;0;True;False;False;True;0;True;False;False;True;0;False;True;False;False;False;0;0;False;0;True;0;6;False;False;True;8d9771e13536bf2918f706bf85084c96594b772b39850c68970fcddaaa935d65;0.6058168337038086;0.4599479695216817;0.830577583848998;0.6609666826809756
True;False;True;True;False;False;True;True;False;False;False;0;False;False;False;False;0;False;False;True;False;0;False;True;False;True;False;0;0;False;0;False;0;6;False;False;True;c0188090c932bebff5cd507b10916ce139df294983c4c73a527199474016b3c2;0.6638491503353545;0.5165793783015279;0.8058222190679721;0.6321927706418584
False;False;False;True;True;False;False;False;False;False;True;0;True;False;False;False;0;False;False;True;True;0;False;True;False;True;False;0;24;False;0;True;0;6;False;False;True;ffe10b7745d67d596b2904e042203020408d2b47f82c904a6880cfd6781588ec;0.748965897581292;0.584549146790729;0.8762515346971106;0.6911727187030887
False;False;True;False;False;False;True;False;False;False;True;0;False;False;False;False;0;False;False;False;True;0;True;False;False;True;False;0;6;False;0;False;0;6;False;False;True;ac58a95e6c7ed4634727556ba91bd341151bb41949979a0894ceecfc2cf797c9;0.1369410947656775;0.0877899282664737;0.31965330028933214;0.2838954424634808
False;False;False;True;True;False;True;False;False;False;True;0;False;False;False;False;0;False;False;True;True;0;False;True;False;True;False;0;18;False;0;True;0;6;True;False;False;5142c85cb9236bc25edf5b3fff44722edcff9b8b84efa1ef92e438ce528909a1;0.7708255661377139;0.6088665721080032;0.9067695443225671;0.7420567271005528
False;False;True;True;False;False;True;True;False;False;False;0;False;False;False;True;0;False;False;False;False;0;True;True;False;False;True;0;0;False;0;True;0;6;False;False;False;418827bc826bb8222cb2427e8ad82f02f763af2b11d6b945adf6ec9513bf10fd;0.4483547565245875;0.33663485296999;0.6142617817960611;0.4774696538329542
False;False;True;True;False;False;False;True;False;False;True;0;True;False;False;False;0;False;False;True;False;0;False;True;False;True;False;0;18;False;0;True;0;6;False;False;True;925d43fb98ed4b9ce02e8d82cf44d5d054d9e2572460ab5e28338fcf185bbd70;0.8898764696830768;0.7720521794931162;0.7728562992183231;0.6120820914002788
True;False;True;True;False;False;False;False;False;True;True;0;True;False;False;False;0;True;False;False;False;0;False;True;False;True;True;0;24;False;0;False;0;6;False;False;False;330993a9fda662389ba53a1b3bd6bbbfdfff376fe6295f47d43d311ba3812a97;0.8526513651350004;0.7309549940580861;0.8285831519534962;0.6666011406273005
False;False;False;False;True;False;False;False;False;False;True;0;True;False;False;True;0;False;False;False;True;0;True;False;False;False;False;0;18;False;0;False;0;6;False;False;True;37dd92ca7ddadf95a5a17a767eb40f0d37e2a28fdb6e0aa30f937eb168687346;0.4799404734957299;0.3766340885213083;0.665623802245104;0.5478183654404081
False;False;False;False;True;False;True;False;False;False;True;0;False;False;False;False;0;False;False;False;True;0;True;False;False;True;True;0;24;False;0;False;0;6;False;False;False;eccdfbafd73dae304ff8a7f5771044f6b593c6d0d26165cb1fce1442a2f055e7;0.1362382243093585;0.0800881951720024;0.34179682178597265;0.2954633311815253
False;False;True;True;False;False;True;False;False;True;False;0;False;False;False;True;0;False;False;False;False;0;True;True;False;False;False;0;0;False;0;True;0;6;True;False;False;a143060663441b0940951ad0075cf1b7aa6f92b448567686a52ab4186d637642;0.4261820998953854;0.3295772254029055;0.6139829273009624;0.4880776515687789
False;False;False;True;True;False;True;True;False;False;True;0;False;False;False;False;0;True;False;False;False;0;False;True;False;True;True;0;18;False;0;True;0;6;False;False;False;fc4d440393fd34fd9d8253939e54a5ad31a3bcafe3285f8552dbc913d698f3fa;0.7896500822516123;0.6322640936138815;0.8769790647306057;0.7025441887537337
False;False;True;False;False;False;True;True;False;False;False;0;False;False;False;False;0;False;False;True;False;0;False;False;False;True;False;0;0;False;0;False;0;6;True;False;False;54340e01372ad25084857fa91c9396828861136dd8f037b3ae681dbb9f0db9c6;0.6594127350324304;0.5114993188851655;0.8079414856655155;0.6349603523562712
False;False;True;True;False;False;False;False;False;True;True;0;True;False;False;False;0;False;False;False;False;0;True;True;False;True;False;0;6;False;0;True;0;6;True;False;False;ca8238dc990805e3c26cc7d9e771d5afabeb20b16294ddf110f36bc9cc19f64a;0.1722940200388407;0.125495300672662;0.33433851244651885;0.30458711326075
False;False;True;False;False;False;True;False;False;False;True;0;False;False;False;True;0;False;False;True;True;0;False;False;False;False;False;0;6;False;0;False;0;6;False;False;True;1e0137c96a8834937cb64d7502238a602f5957097515734d78507121ed06ae7a;0.7132080147027947;0.5655654995762525;0.8427672290536226;0.6833346499151995
True;False;True;True;False;False;True;True;False;False;True;0;False;False;False;False;0;False;False;True;False;0;False;True;False;True;True;0;24;False;0;False;0;6;False;False;False;9f8f07ea4136864476cdce09d40d559cbf51f9989f052d65444220eaed6b65be;0.9584653519002252;0.8825112213726014;0.8055146842539682;0.6347593584103511
False;False;True;True;False;False;True;False;False;False;True;0;False;False;False;False;0;False;True;False;True;0;False;True;False;True;False;0;24;False;0;True;0;6;False;False;True;fa302cc866133ce3bf28e2cbb7d97e282bc1da4cc6d97c29f18917b7a43969a3;0.818525893445927;0.6650939093274717;0.8135000335376049;0.6329679572697744
True;False;True;True;False;False;True;True;False;False;True;0;False;False;False;False;0;False;False;False;False;0;True;True;False;True;True;0;24;False;0;False;0;6;False;False;False;ca66cc35ae738d5d54aa8ce9e9a1001054151345b7727692ba48fd2205acf0d4;0.1634720683051895;0.1225902739411364;0.2862927693357585;0.26315570512240255
False;False;False;True;True;False;False;False;False;False;True;0;True;False;False;False;0;False;False;False;True;0;True;True;False;True;False;0;6;False;0;True;0;6;True;False;False;f4af186fe8fb7659e90bcbb159a07376b39a3e64e75e7dae695c69bafbf137a9;0.1586369052567914;0.0969731413270194;0.37236420887858585;0.3272877441432743
False;False;False;True;True;False;False;True;False;False;True;0;True;False;False;True;0;True;False;False;False;0;False;True;False;False;False;0;24;False;0;True;0;6;True;False;False;78d49b2ea1b311a5eeefa51569da42fdab3a9420c1d573e7116126526349a7db;0.7845393430322972;0.6253722285449244;0.856445178527346;0.6681429891048326
False;False;True;False;False;False;False;False;False;True;True;0;True;False;False;False;0;False;True;False;False;0;False;False;False;True;False;0;6;False;0;False;0;6;False;False;True;304cd0fddc9349bb21c3ca97467e9494e45fc0ca8288e97b09bd5c496ec83c9f;0.7327852897345324;0.5963964570753724;0.8328736294640248;0.6773872515694541
False;False;True;True;False;False;False;False;False;False;True;0;True;False;False;False;0;False;False;True;True;0;False;True;False;True;False;0;24;False;0;True;0;6;True;False;False;97ed6aa23dace3d750f806a894953b7c59c6270bc58e22d7299163e630a3e1dc;0.8145639073252945;0.6607882542911977;0.8147775429295104;0.633053784881305
True;False;True;True;False;False;True;True;False;False;True;0;False;False;False;True;0;True;False;False;False;0;False;True;False;False;False;0;6;False;0;False;0;6;False;False;True;b94089574cafe180c984dbf8dbdfafaea6630dd42ded78fc9a2aa022d69b2b91;0.8039840522221285;0.6616500280130924;0.8193242213228245;0.6546313818299364
False;False;True;False;False;False;False;False;False;False;True;0;True;False;False;False;0;False;True;False;True;0;False;False;False;True;True;0;24;False;0;False;0;6;False;False;False;b849d2e74fd2bc372016439a7e1d60c9297fb39959e73e0e9de7f5a69c540894;0.8573301569108366;0.7240618902976109;0.8458061290199009;0.6704236678443348
True;False;True;True;False;False;True;False;False;False;True;0;False;False;False;True;0;False;False;True;True;0;False;True;False;False;True;0;18;False;0;False;0;6;False;False;False;ccfd0b4812b9bef5207eae49db8dcdb9ab33ab47b6efc54b3ca3ebfc6a86be3e;0.8539224261112557;0.7184776471576205;0.8635975422829041;0.7085177922119901
False;False;True;False;False;False;True;True;False;False;True;0;False;False;False;False;0;False;True;False;False;0;False;False;False;True;False;0;18;False;0;False;0;6;False;False;True;f374ec7a3147f574db04da71dc55debc1bac094aaa849fee496cc75c9081efda;0.9400325500842164;0.8409721278131517;0.8208947689468866;0.6584075771036078
False;False;True;False;False;False;False;False;False;False;True;0;True;False;False;False;0;True;False;False;True;0;False;False;False;True;True;0;18;False;0;False;0;6;False;False;False;b4e26555d30f50c15e0107590564fe7081936fb49b7f35997c7ee6c55b7fff6a;0.8469018906884775;0.7122091344977206;0.8640398342026029;0.7048409587649738
False;False;True;True;False;False;False;False;False;True;False;0;True;False;False;False;0;False;False;True;False;0;False;True;False;True;False;0;0;False;0;True;0;6;False;False;True;34dcdfd0604b74bee240c9926a520bb709aeb92e00b36d6b6f2d3af565d06ab7;0.6164498466546493;0.4864395014140049;0.7853291471676651;0.6250619451298015
False;False;False;True;True;False;True;True;False;False;True;0;False;False;False;False;0;False;False;False;False;0;True;True;False;True;True;0;18;False;0;True;0;6;False;False;False;bc5a81e59c85ac7d66067af38439c7d3181fff6874c982e8d02570073329d4f9;0.1526321920133842;0.0983887688548967;0.34439894616429134;0.29936500995288884
False;False;True;False;False;False;True;True;False;False;False;0;False;False;False;True;0;False;False;True;False;0;False;False;False;False;True;0;0;False;0;False;0;6;False;False;False;c14004818267a59497902049203dfdfc5d22998875231a51af792379aeea6700;0.6390473078783436;0.4939010564143927;0.7886144735768185;0.6164350971790806
False;False;True;False;False;False;True;False;False;True;True;0;False;False;False;True;0;False;True;False;False;0;False;False;False;False;False;0;24;False;0;False;0;6;True;False;False;6754c5ffcbf5a276be17052f5d887a303d1c35fb7f8850944cbc9210f07bec9b;0.8764060785042935;0.7597397959328521;0.8489935035713295;0.6865495945423185
True;False;False;True;True;False;False;False;False;True;False;0;True;False;False;True;0;False;False;True;False;0;False;True;False;False;False;0;0;False;0;False;0;6;True;False;False;86db466c7ce536675b3fa11b9c3c3c31f165cb1afcab2a4581d94142d473954e;0.5274393700037417;0.4009483913489313;0.8401671367584805;0.6825889540374735
True;False;True;True;False;False;False;False;False;False;False;0;True;False;False;True;0;False;False;False;True;0;True;True;False;False;True;0;0;False;0;False;0;6;False;False;False;df740cfd1af2fa4121bcdf51fcdfd4bdd05334be4f3aae3cac598170f259798d;0.3911518290608212;0.2917450523213338;0.6163867136622656;0.49186711856118054
True;False;False;True;True;False;True;False;False;False;True;0;False;False;False;True;0;False;False;True;True;0;False;True;False;False;True;0;24;False;0;False;0;6;False;False;False;366c58db4d3b9776015973df5afa671ddab4a3117df9a464b7b48826595bd012;0.7671040338370799;0.6127884474467247;0.8857211812509661;0.7163860817018243
False;False;True;True;False;False;False;False;False;False;True;0;True;False;False;True;0;True;False;False;True;0;False;True;False;False;False;0;24;False;0;True;0;6;True;False;False;e50b03a9ba050ff852334ee275940e894631f5419eb6965b8da643ca99d9852b;0.8125771233004521;0.6596751412577525;0.8137971574823893;0.6331958722087829
False;False;False;True;True;False;True;True;False;False;True;0;False;False;False;False;0;False;False;False;False;0;True;True;False;True;False;0;24;False;0;True;0;6;True;False;False;a22e05228a1d934f4cf82e846b0b9eea97fdffe335cbeac7912b75aa8968b13c;0.1560233168415459;0.0969417553989557;0.3425677286072807;0.29263576943468816
False;False;False;False;True;False;False;False;False;True;True;0;True;False;False;True;0;False;True;False;False;0;False;False;False;False;False;0;24;False;0;False;0;6;False;False;True;060429cab7c9ee0198a88dd2e7dcc3d0e25d94f3c32219a3806927cf2e354f38;0.7246902030116831;0.5668664295318155;0.8957160523730001;0.7281105816071158
False;False;True;False;False;False;True;False;False;True;True;0;False;False;False;True;0;False;True;False;False;0;False;False;False;False;False;0;24;False;0;False;0;6;False;False;True;879087be7ab4a28a4b9ba32e412284be70e108bb9cfbf41ae8f27f2f43e5b6cf;0.8780196774427605;0.762376756025668;0.8451200953164739;0.6818949669477755
True;False;True;True;False;False;False;False;False;False;True;0;True;False;False;True;0;True;False;False;True;0;False;True;False;False;True;0;18;False;0;False;0;6;False;False;False;adbb77a0452b711f1d1529e925b3c15df3f31b2a75e258a47fbb8abbfa72cebc;0.8576592612546784;0.7259669034534292;0.8625827932210377;0.7065541396377478
True;False;False;True;True;False;False;False;False;False;False;0;True;False;False;False;0;True;False;False;True;0;False;True;False;True;False;0;0;False;0;False;0;6;True;False;False;e9d76bd888cfecfbc6e23a92cfa6173c96b52b12d64af819756be5b20e1a32b3;0.5333753359805017;0.4114955187547933;0.8232114027823179;0.6659834451957285
True;False;False;True;True;False;False;False;False;False;True;0;True;False;False;False;0;False;False;True;True;0;False;True;False;True;True;0;24;False;0;False;0;6;False;False;False;8463d4e451129250536dae34fbd9558252393caf823a111a98b2638e0579f258;0.7665445437886231;0.6114741101855645;0.8854449412336189;0.7143544391184768
True;False;False;True;True;False;False;False;False;False;True;0;True;False;False;False;0;False;False;False;True;0;True;True;False;True;True;0;24;False;0;False;0;6;False;False;False;d6331a07680f37d0e8049e3f09d6d882208e4a2610cce1435e568170d4d9b6b2;0.1461285233320982;0.0911455810187579;0.3507499598947616;0.3079614508437534
False;False;False;False;True;False;True;False;False;False;True;0;False;False;False;True;0;False;False;False;True;0;True;False;False;False;False;0;18;False;0;False;0;6;False;False;True;821e9dce6da334e459ac809751de192ea15d08f221b92ee163bf4320d10aa6da;0.5000172485717664;0.3909909193838292;0.6857517322342124;0.5628828212962418
True;False;False;True;True;False;False;False;False;False;False;0;True;False;False;True;0;False;True;False;True;0;False;True;False;False;False;0;0;False;0;False;0;6;False;False;True;8e048e75414f3d974e3873618e61473eb4d29057497b4abad5d0bb611540874f;0.5336882759978423;0.4114344544056114;0.8205512535256193;0.6624159743384658
False;False;False;True;True;False;True;True;False;False;True;0;False;False;False;True;0;True;False;False;False;0;False;True;False;False;True;0;6;False;0;True;0;6;False;False;False;0ca5a3b51aec17d30c853d5590b1279bb6920b7c97768279667466c82e26f772;0.7800111782777541;0.6223052287648203;0.9096497811079478;0.7544575344481135
False;False;True;True;False;False;False;False;False;True;True;0;True;False;False;False;0;False;True;False;False;0;False;True;False;True;True;0;6;False;0;True;0;6;False;False;False;6a11c9c59391e9a720ef86e6c83af8f629415541400c4ab8edfa2f3a0cecdf85;0.7562589185708158;0.6171060216861115;0.813395517410883;0.6582968745746144
False;False;False;True;True;False;True;False;False;True;False;0;False;False;False;True;0;False;False;False;False;0;True;True;False;False;False;0;0;False;0;True;0;6;False;False;True;0efc4cc0f12724cccc33596a57c00923e8ed4e6f46059b617cca1d8d721e0e87;0.3691608655316438;0.2832877367868112;0.657103639990402;0.5332994323585226
False;False;False;True;True;False;True;True;False;False;False;0;False;False;False;False;0;False;True;False;False;0;False;True;False;True;False;0;0;False;0;True;0;6;False;False;True;38066b7a582bc34674ee0ce324c881adf39a86fc5f16006177d59336dd0d983a;0.5423219581529469;0.4147478124536763;0.8179967540376786;0.6535972421714926
False;False;False;False;True;False;True;True;False;False;True;0;False;False;False;True;0;True;False;False;False;0;False;False;False;False;False;0;6;False;0;False;0;6;False;False;True;7da0201c1d6f79c89c2044da1daab83e5aa627f3b2fc3d6d7a50bf9285f88993;0.7327453330697493;0.5689062177217106;0.8993775981220516;0.7387466262921445
True;False;False;True;True;False;False;True;False;False;True;0;True;False;False;True;0;False;False;True;False;0;False;True;False;False;False;0;18;False;0;False;0;6;True;False;False;1868845e5e8d80c07d77f91f690483cb434fabfe6e4c2157e411b11f8bc597b4;0.8402349113807888;0.6918644116512039;0.9060818077802427;0.7425515608735452
False;False;False;True;True;False;False;False;False;True;True;0;True;False;False;True;0;False;False;True;False;0;False;True;False;False;False;0;24;False;0;True;0;6;True;False;False;6f93d49eeb87e8557356e384d650085bd9f4af059ce542491eed1597d31cca65;0.6916001067430857;0.5273850549644044;0.8830947465965725;0.7049846955049697
False;False;False;True;True;False;True;False;False;True;False;0;False;False;False;False;0;True;False;False;False;0;False;True;False;True;False;0;0;False;0;True;0;6;False;False;True;858d42cf4187ca50143e241a2f6525fba6eaeb97a2990ccb83d0ba43ab81cb5d;0.5351376542186917;0.4073740955836238;0.8376856272204042;0.676648492261193
False;False;False;True;True;False;False;False;False;False;True;0;True;False;False;True;0;False;True;False;True;0;False;True;False;False;False;0;24;False;0;True;0;6;False;False;True;cde0bf19d30430c244f9738f38b87229a3176306ad1dce51343f44ad060ee5d2;0.7477301644308478;0.5828710103903549;0.8757086486700728;0.6906882821813746
False;False;False;True;True;False;True;False;False;False;False;0;False;False;False;True;0;False;True;False;True;0;False;True;False;False;False;0;0;False;0;True;0;6;False;False;True;44f799123c0fb04fdbd505dbe24182de078c919cd1a266543c9c25964f3babb9;0.5384208995792356;0.4155747731547089;0.8198305700605734;0.6582275418452821
False;False;False;False;True;False;False;True;False;False;True;0;True;False;False;False;0;True;False;False;False;0;False;False;False;True;True;0;24;False;0;False;0;6;False;False;False;92d470ac8809fec06e0d876ba53802ec3e7f76ce8eba4b2522a51d5207a834b6;0.8023156449246868;0.6554459989408057;0.8694188852898826;0.693200984800087
True;False;False;True;True;False;False;False;False;True;True;0;True;False;False;False;0;False;True;False;False;0;False;True;False;True;True;0;18;False;0;False;0;6;False;False;False;6fbd0ebc9f887e880a83fb4f40ce2c8c9dc8c7f807c63ec5a09d49e5407f7b79;0.7210987904487244;0.5615698508672613;0.8984350576174309;0.7362273824780037
False;False;True;False;False;False;False;False;False;True;True;0;True;False;False;True;0;False;False;True;False;0;False;False;False;False;True;0;24;False;0;False;0;6;False;False;False;bf3925978443e2b009f8cb36df58a0fb0b3c4ff2ce23659dc38f3d0b205fe21b;0.8414754767192435;0.7198168855186582;0.8285217122285441;0.6631357381858709
True;False;True;True;False;False;False;False;False;True;False;0;True;False;False;True;0;True;False;False;False;0;False;True;False;False;False;0;0;False;0;False;0;6;False;False;True;720dc3490b27a8985bb5bca7b4a704c46c5c0baf97e5ffc7c4865e84abe3e02d;0.6199201426982629;0.4864324440382309;0.800585288018684;0.6385948434972014
True;False;True;True;False;False;True;True;False;False;False;0;False;False;False;False;0;False;True;False;False;0;False;True;False;True;False;0;0;False;0;False;0;6;True;False;False;63247a82f6dd930cdd5e9ce51c9d2b986d18bb99796283b7823d64a4dbc66e41;0.6609103900780438;0.5136482482661082;0.8090506685961653;0.636284644177841
True;False;False;True;True;False;False;True;False;False;True;0;True;False;False;False;0;False;True;False;False;0;False;True;False;True;True;0;6;False;0;False;0;6;False;False;False;460b863e22c924199ee891a0beaaf54d194482f1a281d930f188566d489bad9f;0.7183963361188273;0.5510563321814139;0.8928220477971148;0.7282432045908083
False;False;True;False;False;False;True;True;False;False;True;0;False;False;False;False;0;False;True;False;False;0;False;False;False;True;False;0;24;False;0;False;0;6;True;False;False;8921968efbc3dadcce67fa22aeb65f0c901c74cbb28f668ae703d92a8897855d;0.9781741513327;0.9270311085619156;0.8210960388514966;0.6479540424373643
False;False;False;False;True;False;True;False;False;False;True;0;False;False;False;True;0;False;True;False;True;0;False;False;False;False;False;0;18;False;0;False;0;6;True;False;False;8ee227c0c1b565e25582d5626466ca4c0ae5a5ae673b8592199342e272cd4ea5;0.7762988775593519;0.6229327604374292;0.9099967635433343;0.7547461216170146
False;False;False;False;True;False;False;False;False;False;True;0;True;False;False;True;0;False;False;True;True;0;False;False;False;False;True;0;24;False;0;False;0;6;False;False;False;d95609a8b45e6a24f1f73e987a1067b2c83a65565823549586c7621f82d9845f;0.749819427454196;0.5970651060312137;0.8789639674139988;0.7065922617924864
False;False;False;False;True;False;True;True;False;False;True;0;False;False;False;False;0;False;False;True;False;0;False;False;False;True;False;0;18;False;0;False;0;6;False;False;True;858f00d3176daaa2be4584f26dbeee5cb24d2d1442c186148da6f272766cdbcb;0.8291507225700742;0.6819542156803856;0.8972492389729796;0.730027543351412
True;False;True;True;False;False;False;False;False;True;True;0;True;False;False;False;0;False;False;False;False;0;True;True;False;True;False;0;18;False;0;False;0;6;False;False;True;6e287193f3435dbbe7e91408d5afa0dfec8cd8a0cd334e6e3fce07eab3b7932b;0.1681086338479155;0.1285582684892614;0.3317425450648458;0.304373910601251
True;False;False;True;True;False;False;False;False;True;False;0;True;False;False;True;0;False;True;False;False;0;False;True;False;False;False;0;0;False;0;False;0;6;True;False;False;e84e02d5e95df0cc945ee38cd7351f16d413842d8adcebdae441cd2d558d1802;0.5262775718598257;0.3992186649775988;0.8385325349276919;0.6803628197717697
False;False;False;True;True;False;True;True;False;False;True;0;False;False;False;True;0;False;True;False;False;0;False;True;False;False;False;0;6;False;0;True;0;6;False;False;True;030d9ff3dcc1d66145d39301b6fe3ca61d8734098715dbabb548b95c47a38c71;0.8008738339756211;0.6446690731211967;0.9231456197281074;0.7732659661836204
False;False;False;False;True;False;False;False;False;True;True;0;True;False;False;False;0;False;False;False;False;0;True;False;False;True;True;0;24;False;0;False;0;6;False;False;False;57ae330e56bda57f8260296c4dfd5784a930d413e9cb8d8372b6d64680d4244e;0.1358451727036924;0.0786446896662029;0.3466346823447171;0.2930886169514205
True;False;False;True;True;False;True;True;False;False;True;0;False;False;False;True;0;False;False;True;False;0;False;True;False;False;True;0;6;False;0;False;0;6;False;False;False;8c3a2ddf0ad2788088060ed88c51a33ce6e74b53a497d8e0d32e85044bb30b2f;0.718475295866854;0.5506759933404705;0.8933511545395515;0.7296945313439517
False;False;False;False;True;False;False;True;False;False;True;0;True;False;False;False;0;True;False;False;False;0;False;False;False;True;False;0;6;False;0;False;0;6;False;False;True;b859fa83292ce97e325cadd7bc9cb1b8ddf504cc50c11485b24c050c3aa7fe1f;0.7332556170061173;0.568528440101092;0.8996113420153821;0.7384282462947029
True;False;False;True;True;False;True;True;False;False;False;0;False;False;False;False;0;False;True;False;False;0;False;True;False;True;True;0;0;False;0;False;0;6;False;False;False;a0cbaa98281fff16e445ffbbf2ec127aa124b41a2736fd1997c20aa35da80cc5;0.5218403434550146;0.3971797650565624;0.8050014663364243;0.6430616408938341
False;False;True;False;False;False;True;False;False;False;True;0;False;False;False;False;0;False;False;True;True;0;False;False;False;True;True;0;24;False;0;False;0;6;False;False;False;1a1f745fbd3f47fc95f176ae0939cd4ebbfb4acc5c7e0304b34898992f5c391a;0.8585288931043654;0.7258011220961815;0.8496364471572837;0.6768250698164902
True;False;True;True;False;False;True;False;False;False;True;0;False;False;False;True;0;False;False;True;True;0;False;True;False;False;False;0;18;False;0;False;0;6;False;False;True;8958e979378750005e9d880f2829c075e3a0bd645fa76fa77b176ebd89b4f68e;0.8848202941361062;0.75445030291319;0.8764128628304818;0.7232608654673826
False;False;True;True;False;False;True;False;False;False;True;0;False;False;False;False;0;False;False;False;True;0;True;True;False;True;True;0;24;False;0;True;0;6;False;False;False;389c1e4afb68837587d0ef5b243aeec31a8e0b6a30771dba4da73e17f9927843;0.1522080263339499;0.1046975673518729;0.3056361994267741;0.27930815614179144
True;False;True;True;False;False;False;False;False;True;True;0;True;False;False;False;0;False;True;False;False;0;False;True;False;True;False;0;18;False;0;False;0;6;True;False;False;ab50ef4c79c203bdb1b3497a1c33b767303a508deff0d86521a38c83675a9bc1;0.8702593804909682;0.7504431036212799;0.8527957185977825;0.7031089708844007
False;False;False;True;True;False;True;True;False;False;True;0;False;False;False;True;0;True;False;False;False;0;False;True;False;False;False;0;18;False;0;True;0;6;True;False;False;79297c2f2d3e8887f4fcd666393c9de2e661589675f32eb8ad87569bdb944e21;0.8087219892688371;0.6539686466285813;0.8889759700451567;0.7198354721220651
True;False;False;True;True;False;False;True;False;False;True;0;True;False;False;True;0;False;True;False;False;0;False;True;False;False;False;0;6;False;0;False;0;6;True;False;False;146188dadd24b1549582a221d3358b94e501d79777ee306ce9c04e4be70efbc9;0.7316017768163028;0.5660538717144553;0.9044851340103354;0.7470395559495896
True;False;False;True;True;False;True;False;False;False;True;0;False;False;False;True;0;False;True;False;True;0;False;True;False;False;True;0;18;False;0;False;0;6;False;False;False;e5e463b7f4a0b483b07efd93b757a82a338011580545a0f81781aa6de8e87944;0.7733642038731599;0.6167615247221783;0.9021292861988125;0.7410351273252598
False;False;True;False;False;False;False;True;False;False;False;0;True;False;False;True;0;True;False;False;False;0;False;False;False;False;False;0;0;False;0;False;0;6;False;False;True;bf9782a680e1046706c97288e6b1a2c09af767d39eb1c72498c2902a78508fc1;0.6599072005085971;0.512970066446104;0.8026765998163213;0.6288553064429255
True;False;False;True;True;False;False;True;False;False;True;0;True;False;False;True;0;False;True;False;False;0;False;True;False;False;True;0;18;False;0;False;0;6;False;False;False;ad2b26a4b82411abfaf9dcf701ae40a8a019cb964f7c6b2e8469b6234e9cc09a;0.8180522720716589;0.6684644308173441;0.8880025704639515;0.7207272746300711
False;False;True;False;False;False;True;True;False;False;False;0;False;False;False;True;0;True;False;False;False;0;False;False;False;False;False;0;0;False;0;False;0;6;True;False;False;ae374ba7399b10688393cb97c9a014e5c30fcae1169056e926232ad181bacece;0.657027077642819;0.5099273061260848;0.8065142850167296;0.6338398496957944
False;False;True;False;False;False;True;True;False;False;True;0;False;False;False;False;0;False;True;False;False;0;False;False;False;True;True;0;24;False;0;False;0;6;False;False;False;ee50a270ef9e15775e666a740fded904034e80b4454ae57ef84582b6d0ec0b73;0.9435361386293444;0.8566002997947764;0.8050268932015048;0.6281358593686509
False;False;True;False;False;False;True;False;False;True;True;0;False;False;False;False;0;True;False;False;False;0;False;False;False;True;True;0;18;False;0;False;0;6;False;False;False;b3af0cae5082e3cd427e21527488bf6344323879b30ca5757ea3b16cbe46bb28;0.8337566257446333;0.7090353587204629;0.843791343681451;0.6886654480044895
False;False;False;False;True;False;True;False;False;False;False;0;False;False;False;False;0;False;False;False;True;0;True;False;False;True;False;0;0;False;0;False;0;6;False;False;True;eea931abdd868892bfbe34ddb90e39e5ab2e04015f57e0bfb308bce5d740bc91;0.0984131579707012;0.059658784759273;0.3221143406984151;0.27342189354085306
False;False;False;True;True;False;False;False;False;False;True;0;True;False;False;True;0;False;False;False;True;0;True;True;False;False;False;0;6;False;0;True;0;6;True;False;False;b6bd91ed71a45e1bfa013f6013a080a9668a073e895e932855a60ab4d16130a0;0.48593805422091;0.3692595152701701;0.693458239659572;0.5639070246020653
False;False;False;False;True;False;True;False;False;True;True;0;False;False;False;True;0;False;False;True;False;0;False;False;False;False;True;0;24;False;0;False;0;6;False;False;False;1e83ab5066244b70726e8da4b596ae72aca47356d428a433ecba2cba61bd6777;0.7033564512232509;0.5446125263516385;0.8849580248590715;0.7146987459759047
False;False;False;True;True;False;False;False;False;True;True;0;True;False;False;True;0;True;False;False;False;0;False;True;False;False;True;0;24;False;0;True;0;6;False;False;False;6b97ed99ff3a80192227a2876090e2e29b3a5c3e1f77309abff8b94c711fe005;0.6756508519268143;0.5122249853725372;0.8673157368047557;0.685190035970578
True;False;True;True;False;False;True;True;False;False;False;0;False;False;False;False;0;False;False;True;False;0;False;True;False;True;True;0;0;False;0;False;0;6;False;False;False;fa963c163d9d768f01cb0c5bc4490a06b89bb4e6ab4aff1c31f0c8405ae2b3c1;0.6425052803827207;0.4975522919612514;0.7922786198315726;0.6219131674916748
False;False;True;False;False;False;True;False;False;False;True;0;False;False;False;True;0;False;True;False;True;0;False;False;False;False;False;0;18;False;0;False;0;6;False;False;True;97c77a3878fc80c0c7c226dc485f9aa0d2b892e3c6d58e76640f6c4bb5c3e79d;0.8701754413033004;0.7396596360638208;0.8753951291672439;0.718856411333599
False;False;False;True;True;False;True;True;False;False;True;0;False;False;False;True;0;False;True;False;False;0;False;True;False;False;False;0;6;False;0;True;0;6;True;False;False;79e37544f7ced8a4bb2ab7fc75fd292fc70d0a63001c4da3ae893836ce180b28;0.7972227677705238;0.6404576179233086;0.9259765069551021;0.7781342834230855
True;False;True;True;False;False;True;True;False;False;True;0;False;False;False;False;0;True;False;False;False;0;False;True;False;True;False;0;18;False;0;False;0;6;False;False;True;ba14c45c3067e174ef851e94a9b3cf21c4e4252553a9e84e9a0a6370375eaa47;0.95520772989765;0.8666449140734138;0.8204423855501674;0.6628723374825174
True;False;False;True;True;False;False;True;False;False;True;0;True;False;False;False;0;False;True;False;False;0;False;True;False;True;False;0;18;False;0;False;0;6;False;False;True;04011866aaa735cf76cfee18ec8923b23b6640412ae6eadaaa543e4692a17b05;0.848564113253617;0.69984878038789;0.9022889528776201;0.7361601115444375
False;False;True;False;False;False;False;True;False;False;True;0;True;False;False;True;0;True;False;False;False;0;False;False;False;False;False;0;6;False;0;False;0;6;False;False;True;07ab88232afdf079729eb9be4cc92b509d3a77b7b77fd97c3f773a05d50ceab7;0.8006201020928367;0.6622790081839214;0.8186823343300889;0.6550009879932733
False;False;False;True;True;False;False;True;False;False;False;0;True;False;False;True;0;False;False;False;False;0;True;True;False;False;True;0;0;False;0;True;0;6;False;False;False;a784d948759b34c7f06112abffbed57701ff167144c599dba5e240c30ba9bf6a;0.3599872137333372;0.2707013344680393;0.6205551958700671;0.4945168343467093
True;False;True;True;False;False;True;False;False;False;True;0;False;False;False;False;0;False;False;False;True;0;True;True;False;True;False;0;6;False;0;False;0;6;True;False;False;1a0d8241356986ca075b7620fe15f00a55e41785b3ca0b02663b5efd488ab1ba;0.1441403672946159;0.0954551728727242;0.3273741274849518;0.2935851256130743
False;False;True;True;False;False;True;True;False;False;True;0;False;False;False;False;0;False;False;True;False;0;False;True;False;True;False;0;18;False;0;True;0;6;True;False;False;87501fb6c509967ef342caa48d9c4998b56feb69f6c850ccac2c34fda697c56a;0.8819713170536161;0.7630222052430512;0.7787983661132899;0.6208207977937066
False;False;True;False;False;False;True;False;False;False;False;0;False;False;False;False;0;True;False;False;True;0;False;False;False;True;False;0;0;False;0;False;0;6;True;False;False;b33c7a0cbf37684ddd1479e6a25c5ce4c15d257c22d622c5700d39ed340d0734;0.607115595873608;0.4616389478679171;0.8407877959595557;0.6725582608964371
False;False;False;False;True;False;True;False;False;True;False;0;False;False;False;False;0;False;False;False;False;0;True;False;False;True;False;0;0;False;0;False;0;6;True;False;False;385652685527991d9164c13e478f8c0d41d02b79ad61b67d22175525072791d5;0.1083146656811662;0.0677562735802207;0.34406936261721205;0.29011873913224634
True;False;True;True;False;False;False;False;False;False;True;0;True;False;False;True;0;False;True;False;True;0;False;True;False;False;False;0;6;False;0;False;0;6;True;False;False;1a284909f5a0c4af6dff9fa2d8a788ae0b873e48071a1291520e55073ef1ccbd;0.710857551844319;0.5583258023079121;0.8467195112812963;0.686266449913827
True;False;True;True;False;False;True;False;False;False;True;0;False;False;False;True;0;False;True;False;True;0;False;True;False;False;False;0;18;False;0;False;0;6;True;False;False;cb0f90cc5a86dc4ac528363e39e7d43b05a450520a984ee2e5a667fa5fd382bf;0.8803019219646644;0.7504590850050916;0.8810030589486556;0.7291661223338886
False;False;False;True;True;False;False;False;False;False;True;0;True;False;False;True;0;False;False;True;True;0;False;True;False;False;False;0;18;False;0;True;0;6;False;False;True;70e8ea8c1a82699face1219a2ee6c20c726ded8f7025ccc188ff1c9f1ba1d63e;0.7761401706475622;0.615213198210528;0.9051604217267423;0.7389729188580587
False;False;True;True;False;False;True;False;False;False;True;0;False;False;False;True;0;True;False;False;True;0;False;True;False;False;False;0;24;False;0;True;0;6;True;False;False;81f5eb0b9a3c2a5922e82d903467f054123d89cd0d0a73ad4f602d20ea6a8178;0.812156176284935;0.6594691527205779;0.8162363415997679;0.636483637448644
False;False;True;True;False;False;True;False;False;False;False;0;False;False;False;True;0;True;False;False;True;0;False;True;False;False;False;0;0;False;0;True;0;6;True;False;False;d71dea768f20b322b6a0acc72fee0336b5e3333c2a97dc4c44d5e26308a8fc86;0.604283566417784;0.4589583267137082;0.833994404225955;0.6649499370772063
False;False;True;False;False;False;False;False;False;False;False;0;True;False;False;True;0;False;False;False;True;0;True;False;False;False;False;0;0;False;0;False;0;6;True;False;False;7bcc049197b6889e1b3ff91cd7eb6d337de66be58b2c253f10844a4160f0ad6a;0.4020460262189075;0.3005351275351227;0.6357658789239986;0.5074642822948289
False;False;False;True;True;False;False;False;False;False;True;0;True;False;False;False;0;False;False;False;True;0;True;True;False;True;True;0;24;False;0;True;0;6;False;False;False;fe1837036ac05c3c9d098b544f61dd684436d2395840f99da0edaf492061bf9e;0.1448244194510934;0.0891694356443664;0.3457966526194483;0.2994291161972334
True;False;True;True;False;False;False;False;False;True;True;0;True;False;False;False;0;False;False;True;False;0;False;True;False;True;False;0;24;False;0;False;0;6;False;False;True;fcef5865f2a7cb0288e914d7d56bd0c5c7b44a1a66430acc0ca6eb2982885d87;0.8862305358892154;0.7724492422043366;0.839575247780285;0.6780922616552593
False;False;False;True;True;False;False;True;False;False;True;0;True;False;False;False;0;False;False;False;False;0;True;True;False;True;True;0;6;False;0;True;0;6;False;False;False;fd8a807b07215bce3617885071525fbb58d2faff1396969c65cf5d114a55b802;0.1655600295009126;0.1053812275045784;0.35531752130249356;0.3149166838765812
True;False;False;True;True;False;False;False;False;False;True;0;True;False;False;False;0;False;False;True;True;0;False;True;False;True;False;0;6;False;0;False;0;6;False;False;True;8ddc43ccd99de46131878aca07b940183b5315abf4fa53a1be24e5bb7ec17b5a;0.6914733100457945;0.5229451416537638;0.9061856284673631;0.7438376228900292
True;False;False;True;True;False;True;True;False;False;True;0;False;False;False;True;0;False;False;False;False;0;True;True;False;False;True;0;24;False;0;False;0;6;False;False;False;18b9fc4b0aaad868c85c212be117abc7b6f8c87ae0385cfcf076d9906298f792;0.5214360916661638;0.4072589911156878;0.6534383804633463;0.5169408779552026
True;False;False;True;True;False;True;False;False;True;True;0;False;False;False;False;0;False;False;True;False;0;False;True;False;True;True;0;6;False;0;False;0;6;False;False;False;4a2dd9dd28cf20ba9aa46db6c889277be138a7fcf5290725df541a20c87f2191;0.6638642566094842;0.4975392387882549;0.9050965589385082;0.7423132301074861
False;False;True;False;False;False;False;False;False;False;True;0;True;False;False;False;0;False;False;False;True;0;True;False;False;True;False;0;24;False;0;False;0;6;True;False;False;289645b74904d53b57bf8de6047f6f0231cdc2b984c7e42e08eb1e9141ca108d;0.1664748448636966;0.1180597921133101;0.32923638237530795;0.3050023432649802
False;False;False;False;True;False;False;True;False;False;True;0;True;False;False;True;0;False;False;True;False;0;False;False;False;False;False;0;18;False;0;False;0;6;False;False;True;ac8f90fd34f84417e71a875f4b0aad1629e32a06883d1bcd7a307e955272cc1c;0.8295326577386536;0.6830676553803411;0.8980942259308717;0.7323784211457738
False;False;False;True;True;False;False;True;False;False;True;0;True;False;False;True;0;False;False;False;False;0;True;True;False;False;False;0;24;False;0;True;0;6;True;False;False;5a11e8715ba5145e92f7633ec55a9ac5cbe711df7c1e9dab9a2f05caeaf0a4a9;0.4925643487678023;0.379189681139618;0.633740050039491;0.49476712498640946
False;False;False;False;True;False;True;False;False;True;True;0;False;False;False;False;0;False;False;False;False;0;True;False;False;True;False;0;24;False;0;False;0;6;False;False;True;d93e080f9c5c43ef17234d2268ea9a20d9aab52e7bac7e21e656dd41bf42efc7;0.1344857309763452;0.0791402626556184;0.3482929586418995;0.29559236144305395
True;False;False;True;True;False;True;True;False;False;False;0;False;False;False;False;0;False;True;False;False;0;False;True;False;True;False;0;0;False;0;False;0;6;True;False;False;b0621d7b343e15da0bcef831f47d918efebdf051e46fadcef8849798ce7009c0;0.533369212166118;0.4081843679662938;0.8165422388030598;0.6552517291719502
True;False;True;True;False;False;True;False;False;False;True;0;False;False;False;True;0;True;False;False;True;0;False;True;False;False;False;0;24;False;0;False;0;6;True;False;False;207d0d288d51f391cbe789734bbec0c94af999437ae2e0a7d86b2652278c9e34;0.9011760059353904;0.777770572956807;0.8662084361459407;0.7020430927136043
False;False;False;True;True;False;True;True;False;False;True;0;False;False;False;False;0;False;True;False;False;0;False;True;False;True;False;0;24;False;0;True;0;6;False;False;True;a9f39d2096cb767dac78e23eec5c1bcff8dcd2c0e41d557d8264d9f83d23c612;0.7928330853926814;0.63300316321647;0.8574246854371619;0.6682621200514869
False;False;False;False;True;False;True;False;False;True;True;0;False;False;False;False;0;False;True;False;False;0;False;False;False;True;False;0;18;False;0;False;0;6;False;False;True;46c2269910dfe0934441663fe204b97bd838e073053afe0ebdad5d45daa08a99;0.7314030273152643;0.570527982561006;0.9035689630174537;0.7405279182910112
True;False;False;True;True;False;False;False;False;True;True;0;True;False;False;True;0;True;False;False;False;0;False;True;False;False;False;0;6;False;0;False;0;6;False;False;True;be1bca78cb009beb4e97b253db01943325de839f866a3a8de9f7621b83b6af0c;0.6790889265424258;0.5124538110697754;0.9133132421382477;0.7508669889120532
False;False;True;False;False;False;True;False;False;True;True;0;False;False;False;False;0;False;True;False;False;0;False;False;False;True;False;0;6;False;0;False;0;6;True;False;False;570b313f150dd5ff35390b679f6e2fcfcc6d87bfaa42a4fc35d4258de339a78b;0.7291271720468956;0.5932460481327617;0.8360637508356946;0.6829032973482697
False;False;False;False;True;False;True;False;False;True;True;0;False;False;False;True;0;True;False;False;False;0;False;False;False;False;False;0;6;False;0;False;0;6;False;False;True;61245aa765ec183c2956232b91b237e776417f3782cfe04e7f356126b69089ff;0.6754360488751606;0.5076977612221405;0.9104156882893607;0.7470255888372244
False;False;True;False;False;False;False;False;False;False;False;0;True;False;False;True;0;True;False;False;True;0;False;False;False;False;False;0;0;False;0;False;0;6;True;False;False;c2af952b7fcda428cee8525579803af13ca1496d70d5a4924bbdbd4a6c724c4a;0.6056221214660443;0.4600238409461609;0.8406389819457435;0.6727047218191956
False;False;True;False;False;False;True;False;False;True;False;0;False;False;False;False;0;True;False;False;False;0;False;False;False;True;False;0;0;False;0;False;0;6;True;False;False;6246915101cb4312f76f24f42a2bde489d9b2eee9143304bff6c8e7d094629bc;0.618897504464383;0.4847242099598112;0.804551778558481;0.6431710879602711
False;False;True;False;False;False;True;True;False;False;True;0;False;False;False;True;0;False;False;True;False;0;False;False;False;False;True;0;18;False;0;False;0;6;False;False;False;93656f9b9ad69f4351f1762f1a656e754b1333938f71c4a9e98950f825356618;0.9036800457716984;0.7911030866692835;0.8103233001861976;0.6466470448184694
True;False;True;True;False;False;False;False;False;True;False;0;True;False;False;True;0;False;False;False;False;0;True;True;False;False;True;0;0;False;0;False;0;6;False;False;False;50883625989cced7218a700cb5a74578a884cac6fbe654fd8fce88229f80f537;0.3963454601454568;0.3056707282937748;0.5864627377342402;0.46827290161859236
False;False;False;False;True;False;True;False;False;False;True;0;False;False;False;False;0;False;False;True;True;0;False;False;False;True;False;0;18;False;0;False;0;6;False;False;True;95b73b0d21f3c884ab37e5d0372cc4b39ef1728647cda007cfe60b35e3e501fa;0.7836518719034303;0.6307500793222798;0.9083995564548842;0.7503931809850017
True;False;True;True;False;False;False;False;False;True;True;0;True;False;False;False;0;False;False;False;False;0;True;True;False;True;False;0;24;False;0;False;0;6;True;False;False;6368b40f5eca574b2d08fd328375e7cdcc4d6849f3c29dc52b9582bd7ea7f3e7;0.1719591775232491;0.1330762597741749;0.3313216508403845;0.3048101475249417
False;False;True;False;False;False;False;False;False;True;True;0;True;False;False;False;0;False;True;False;False;0;False;False;False;True;True;0;6;False;0;False;0;6;False;False;False;b2582ca393a012159017246176eb64a2b95506db1b16b31698631a044b15a8a5;0.7079195917018379;0.5694377419326793;0.8216720079336386;0.6642383538184619
False;False;True;True;False;False;True;False;False;False;True;0;False;False;False;True;0;True;False;False;True;0;False;True;False;False;False;0;24;False;0;True;0;6;False;False;True;68deac5df7814b4ec082551aef172c2d9cea341325875fc10076e1891560a7d4;0.8151951388739206;0.6619191402909748;0.8129480783276766;0.6325359668797944
False;False;False;True;True;False;True;True;False;False;False;0;False;False;False;False;0;True;False;False;False;0;False;True;False;True;False;0;0;False;0;True;0;6;False;False;True;5ab4dc98d7d1b11a9503a0718d8f20f901e99773dd5bb8c499c83168d6afae1a;0.5422823995014379;0.4147965154430211;0.8179585546512002;0.6535943691834586
False;False;False;True;True;False;True;True;False;False;True;0;False;False;False;True;0;False;True;False;False;0;False;True;False;False;False;0;24;False;0;True;0;6;False;False;True;3738fe0d222392424d795cb97b9e8a9f6bfa33b9c1ca708f230228a7cee92688;0.7887868986138337;0.6301158049108924;0.8569866966843633;0.6688984551342331
True;False;True;True;False;False;False;False;False;False;True;0;True;False;False;True;0;False;True;False;True;0;False;True;False;False;False;0;18;False;0;False;0;6;True;False;False;3adc3e8d4bbe9839feb19e719569848aae34127bedbcd6353220d95f177b5a48;0.8835185257080724;0.7535394871241108;0.881029644885227;0.7286940801017028
False;False;False;False;True;False;False;False;False;False;True;0;True;False;False;False;0;True;False;False;True;0;False;False;False;True;False;0;24;False;0;False;0;6;False;False;True;62c57e1d5a9fe702ff20e60e1747c2ecc6d5a95e26ddcffb0f42f639af6700d3;0.7774782898888507;0.6275139278799833;0.891444801751677;0.723497077779301
False;False;False;False;True;False;False;False;False;False;True;0;True;False;False;False;0;False;False;True;True;0;False;False;False;True;True;0;18;False;0;False;0;6;False;False;False;c737737150092a7be6ef3bc3c262677af2060f51fd29e157323c0f8cee4bff70;0.760873190179094;0.6059552315726048;0.8978334902356689;0.7387218435405534
False;False;True;False;False;False;True;False;False;False;True;0;False;False;False;True;0;False;True;False;True;0;False;False;False;False;True;0;24;False;0;False;0;6;False;False;False;f23628be7902ce6d929ecdc709eacac9f009f42a2626c37758d820c166bde03e;0.8580644281342139;0.7265814781984993;0.8465882125431529;0.6709821243069191
True;False;True;True;False;False;True;False;False;True;True;0;False;False;False;False;0;False;False;True;False;0;False;True;False;True;False;0;18;False;0;False;0;6;True;False;False;705cebb9e8ec8dc6693689bd1e60aa09efc3fa33f6ed2a237e2189a8da98942d;0.8683020762802692;0.7489329757626182;0.8539858774081466;0.7056326874457979
False;False;False;True;True;False;True;True;False;False;True;0;False;False;False;True;0;False;False;True;False;0;False;True;False;False;False;0;24;False;0;True;0;6;False;False;True;f27bb448f3ffc25b4a25f0110d50c3e4b99aa8bd4eb2275181553aa6cf3a16fc;0.7900045272425802;0.630771904516244;0.8573309008725555;0.6686748058808951
False;False;True;False;False;False;False;False;False;False;True;0;True;False;False;True;0;False;False;True;True;0;False;False;False;False;False;0;18;False;0;False;0;6;True;False;False;0ad8a0a650543f0e50e2fe1372cb7479aaad1df080d32034a76a4a5bf51ceff1;0.8719414065880008;0.7406859053213657;0.8816616967877396;0.7263220844860608
False;False;True;True;False;False;True;True;False;False;False;0;False;False;False;True;0;False;False;False;False;0;True;True;False;False;False;0;0;False;0;True;0;6;True;False;False;6b59b6dad8c442c29761c61f2747b69d2ed5fecbf2f1eebaa5dbcbb71704dc4f;0.4653740696412063;0.3523565248393838;0.6351104156210511;0.4966657273409465
False;False;True;True;False;False;True;False;False;True;True;0;False;False;False;True;0;False;False;True;False;0;False;True;False;False;True;0;24;False;0;True;0;6;False;False;False;363d34a76899392e5b37568f26828f80029b12647ce5d85b51ac3a1f67f51204;0.7750852748612752;0.6410627976741405;0.7709876034242924;0.6040806300529548
False;False;False;True;True;False;True;True;False;False;True;0;False;False;False;False;0;True;False;False;False;0;False;True;False;True;True;0;24;False;0;True;0;6;False;False;False;09b89acb416b12c16c3b38e02e26f1936a3f7dcf207aa27068f881d3dbe29124;0.765435971897374;0.6021489090379969;0.8469819757880668;0.6551898282873472
False;False;True;False;False;False;False;True;False;False;True;0;True;False;False;False;0;False;False;False;False;0;True;False;False;True;False;0;6;False;0;False;0;6;False;False;True;fe62d6ed16492861fd1432b4c6a65b357dc9d43bef85a7e8314ff9b5dfa66f2a;0.1512469459027614;0.0974649142950667;0.30145613666636917;0.26137336011844164
False;False;True;False;False;False;True;True;False;False;True;0;False;False;False;True;0;False;False;False;False;0;True;False;False;False;False;0;6;False;0;False;0;6;True;False;False;f5ab73f349797f0e96b76a3055730b0947a7feeb659d0c0709a2b4ded11c03f9;0.5415010938679425;0.4300538707072316;0.632838325686222;0.5062898817268789
False;False;False;False;True;False;True;False;False;True;True;0;False;False;False;True;0;False;False;False;False;0;True;False;False;False;False;0;24;False;0;False;0;6;False;False;True;c2df56dcc17fdcb6e1baba0270e6e90e7f7a55a1cef53f4787f2cb9a43faf82b;0.4627067120251403;0.3534555302275593;0.6773180417322999;0.5492024835495486
True;False;False;True;True;False;False;False;False;False;True;0;True;False;False;False;0;False;False;False;True;0;True;True;False;True;False;0;18;False;0;False;0;6;False;False;True;a5cc50079a6a0390429ad8f2d371e6e9c87c1070244cdd70bbcb99d92412416b;0.150981780534346;0.0952542894055297;0.3620262622263062;0.31996427018126544
False;False;True;True;False;False;True;False;False;True;True;0;False;False;False;True;0;True;False;False;False;0;False;True;False;False;False;0;24;False;0;True;0;6;False;False;True;7a90e3edb3e282a148780d0b9ea7d289d555db0ffda6fda38ada56090ce506da;0.8062079171418362;0.674771249762021;0.7832846235118403;0.6155759500387563
True;False;False;True;True;False;False;False;False;True;True;0;True;False;False;True;0;False;False;True;False;0;False;True;False;False;False;0;6;False;0;False;0;6;True;False;False;9ec9e805390142b102b3c264a88e6e11bff043e76e4b73b9c3c8f7e2212ab3fd;0.6748520727389034;0.5071018865945863;0.9159931418811031;0.754743965890307
True;False;True;True;False;False;True;True;False;False;True;0;False;False;False;True;0;False;True;False;False;0;False;True;False;False;False;0;6;False;0;False;0;6;True;False;False;df3f7a57d93a467b90e93d5bc174d7a9cc0309d10be92b7dceb6127c38e33113;0.7997760267378116;0.6562465478163653;0.8249483790029802;0.66159073098374
False;False;False;True;True;False;True;False;False;False;True;0;False;False;False;True;0;True;False;False;True;0;False;True;False;False;False;0;24;False;0;True;0;6;True;False;False;6127911495b4aee6a2b4db858a91c294c48cb589f93beb4a4d89397583dcb700;0.7437512074954392;0.5796363970591286;0.8798973837599461;0.6983211494491653
False;False;False;False;True;False;False;True;False;False;True;0;True;False;False;True;0;True;False;False;False;0;False;False;False;False;False;0;24;False;0;False;0;6;True;False;False;2a5ccb60f151700333c491bb876ad2a5dd2878d12722aee3de7f6bbb84dfa2f0;0.8229313383022531;0.682747668844368;0.8821383367931975;0.7138169627121989
False;False;True;False;False;False;False;True;False;False;False;0;True;False;False;True;0;False;False;False;False;0;True;False;False;False;False;0;0;False;0;False;0;6;True;False;False;8c81929a10d8e390406aae886a1a19ea92951aa51960d65099405b0e5d4ed82a;0.4488283046732302;0.3418533194930656;0.6210866429749975;0.4894278987013109
False;False;True;False;False;False;False;True;False;False;True;0;True;False;False;True;0;False;False;False;False;0;True;False;False;False;True;0;18;False;0;False;0;6;False;False;False;5569c9697f159263f91def245c796f38777a30916e43e6a712e45ab9cd07761d;0.5630922015963113;0.4548692867883214;0.5836313113563988;0.4653873773096681
True;False;False;True;True;False;False;False;False;False;True;0;True;False;False;False;0;False;True;False;True;0;False;True;False;True;True;0;24;False;0;False;0;6;False;False;False;fac29f7db17871c4d52ec8572dba815ff3127ac5c542b943425896e361b8ebf1;0.7675377941515352;0.6139909059454488;0.8860251647567138;0.7129873782448569
False;False;True;True;False;False;False;False;False;False;False;0;True;False;False;False;0;True;False;False;True;0;False;True;False;True;True;0;0;False;0;True;0;6;False;False;False;ff2a6cd454aa776e922e9d456e3a4e45155f54c8f3638f6bfbad2aedd1e7402a;0.5866317458513802;0.4452106229445121;0.81605752682228;0.6476920367163161
True;False;False;True;True;False;True;False;False;True;True;0;False;False;False;True;0;True;False;False;False;0;False;True;False;False;False;0;6;False;0;False;0;6;False;False;True;7b21c66defff5ad9dc4508275fb4d1b05227ea037f0e5c7aea9b253cc115e814;0.6800899089820476;0.5131351702470534;0.9136550507077581;0.7516695640318143
False;False;False;True;True;False;True;False;False;True;True;0;False;False;False;False;0;False;True;False;False;0;False;True;False;True;False;0;24;False;0;True;0;6;False;False;True;71f8ac7d1d8921332cad666946c8f1b948dad0e4b91dc6b34ad5dfbbcf9a98fd;0.6973571686874882;0.5338041556682646;0.8806710563787976;0.7018214662538071
False;False;False;False;True;False;False;False;False;False;True;0;True;False;False;False;0;False;False;False;True;0;True;False;False;True;False;0;18;False;0;False;0;6;True;False;False;ce9c7473ba82db08ba5d7b90b1cfd1588845f912c324885916883d9ad861c7f2;0.1536500504648319;0.0966433749637012;0.3642445222277537;0.3175269045890931
False;False;False;True;True;False;True;True;False;False;True;0;False;False;False;True;0;False;False;False;False;0;True;True;False;False;True;0;24;False;0;True;0;6;False;False;False;517fad76f61e43be9b40c526f5d106ff333819716297ed6d90f0fdf87b46f597;0.4932731064173297;0.3754093094513347;0.6349168800952509;0.49158323205399024
False;False;True;True;False;False;True;False;False;False;True;0;False;False;False;False;0;False;True;False;True;0;False;True;False;True;False;0;6;False;0;True;0;6;True;False;False;b92888fee98e46748fc120aac5c909e6240ccd5e32b95af98449c94243a15ab0;0.7599357630590263;0.6060228394327957;0.8458487618021994;0.6850213719926774
False;False;True;True;False;False;True;False;False;True;True;0;False;False;False;False;0;False;False;False;False;0;True;True;False;True;True;0;6;False;0;True;0;6;False;False;False;82f4f6f5ccaad88b6fc9941b49dcbcee9c3d0af5e259a407f2e26e9010e03cb2;0.1624094431867533;0.1173917398612364;0.32195379156710807;0.2958274320489955
True;False;False;True;True;False;False;False;False;True;True;0;True;False;False;False;0;False;False;False;False;0;True;True;False;True;False;0;18;False;0;False;0;6;False;False;True;dda939709fc9632fe99194a55d57bd338523374867660e6e628deb085f8eec2e;0.1417293726354367;0.0892410702759224;0.35749519294574583;0.30770386870009075
False;False;True;False;False;False;True;False;False;True;True;0;False;False;False;False;0;False;True;False;False;0;False;False;False;True;False;0;18;False;0;False;0;6;True;False;False;7e08e5da4e36471194f30ce05545f5c5b59be6f29caa7db39e83726791dafa6d;0.8604411192779917;0.7393829121836039;0.8569752901318232;0.7049921002191345
False;False;False;False;True;False;False;False;False;False;True;0;True;False;False;False;0;False;False;False;True;0;True;False;False;True;False;0;24;False;0;False;0;6;True;False;False;f90f7471236583cf7ca63a94605bef0ed50bffab470de9e42c00e4f4ec69f645;0.1500105663038541;0.0896320922175184;0.35809489895008334;0.30952855000927815
False;False;True;False;False;False;True;True;False;False;True;0;False;False;False;False;0;True;False;False;False;0;False;False;False;True;False;0;6;False;0;False;0;6;False;False;True;ddb6c0eb05ead39a2dcbc6d48819c366a2d851d18f833a89187366e303fb88bd;0.8039478751779642;0.6655201771780788;0.8191278320772724;0.6549449910562788
False;False;True;False;False;False;False;False;False;False;True;0;True;False;False;True;0;False;False;False;True;0;True;False;False;False;True;0;6;False;0;False;0;6;False;False;False;95e28aa2b6c15bab3b634addd3618a36995739974f18578c6d845083af03514e;0.4478106837255646;0.3465508740836999;0.6108970832146108;0.48925452993209984
False;False;False;False;True;False;True;True;False;False;True;0;False;False;False;False;0;True;False;False;False;0;False;False;False;True;True;0;6;False;0;False;0;6;False;False;False;68720d6db5acf246edb96c91849c9ea5e504842fd282f8c92dd142bcf2c388f5;0.7144751948475323;0.5492760557491022;0.8899936619810737;0.7263144421496291
True;False;True;True;False;False;False;True;False;False;True;0;True;False;False;False;0;False;True;False;False;0;False;True;False;True;True;0;24;False;0;False;0;6;False;False;False;df1a734ce96602627be9fbe70a32c087ed49679f521a2d437a0a2583107870ed;0.9569657019941296;0.8800451397716398;0.8007343937044561;0.6255512655900934
False;False;False;True;True;False;False;False;False;False;True;0;True;False;False;True;0;False;False;True;True;0;False;True;False;False;True;0;18;False;0;True;0;6;False;False;False;27bebe95def04e9bbe88e650b41d1ddf7e240499600cbf526a4f5cf8f0a4c7b3;0.7517369593578219;0.5881679460745948;0.8915105234561146;0.7205242127445038
False;False;True;True;False;False;False;False;False;True;True;0;True;False;False;False;0;True;False;False;False;0;False;True;False;True;True;0;6;False;0;True;0;6;False;False;False;93ae6598d095ca04984891fa32f61809a3f8abd6f3cac308068a77ddb2d8015b;0.7559398329740681;0.6167798424001755;0.8148965728237989;0.6604783825514365
False;False;False;False;True;False;True;False;False;False;False;0;False;False;False;True;0;False;False;False;True;0;True;False;False;False;False;0;0;False;0;False;0;6;True;False;False;b3f8cdde3b3534fa4ddd6c73feeb932e90de127c38bc09974805c0b546afb590;0.3710110803186605;0.2845939424178955;0.6472808757980697;0.5214736377103557
False;False;True;True;False;False;False;False;False;True;True;0;True;False;False;True;0;False;False;True;False;0;False;True;False;False;False;0;18;False;0;True;0;6;False;False;True;b101d0c391b0e72fc4657780e4a495a8050285d6f1f4adb4f1bfc988ed570d3d;0.8081563422173361;0.6781875064386945;0.7956577166654646;0.6391263245900702
False;False;True;True;False;False;False;False;False;True;True;0;True;False;False;False;0;True;False;False;False;0;False;True;False;True;False;0;6;False;0;True;0;6;True;False;False;d78416c92fc4811f8e7ca40c799564dc1618469d649b148094b70fe89390cc26;0.7778569432235989;0.6410198004449976;0.8278604215699271;0.6760724465169039
False;False;False;False;True;False;True;False;False;False;True;0;False;False;False;False;0;False;True;False;True;0;False;False;False;True;False;0;6;False;0;False;0;6;True;False;False;1c189c4f2ffda9b041443ccde767544c2dd5825292580bc427aa3eac5fd556e8;0.6838836718998397;0.5166174954868187;0.9037606706612825;0.7415081842477822
False;False;False;True;True;False;False;False;False;True;False;0;True;False;False;True;0;False;False;False;False;0;True;True;False;False;False;0;0;False;0;True;0;6;False;False;True;c3c25344040e1400cce35ae033d1347ffe99a494cdc516094ad675b8b7d14ac4;0.3562910771519619;0.2737765286519444;0.6410672803849274;0.5206743939099022
False;False;True;False;False;False;False;False;False;False;True;0;True;False;False;False;0;False;False;False;True;0;True;False;False;True;True;0;18;False;0;False;0;6;False;False;False;77dc033a6de8049474d62a39b2bd62a76e21379fcf8faceb43e19feee00b7667;0.1620633270527245;0.1176732159686455;0.3268795579526274;0.3028236930271688
True;False;True;True;False;False;False;True;False;False;False;0;True;False;False;True;0;False;False;False;False;0;True;True;False;False;True;0;0;False;0;False;0;6;False;False;False;2576bee3e63c17f9a9eae6e38d96f747e61322f12e3ed34a3af3d0e90b51805d;0.4343576306091671;0.3283139097786981;0.6017432872802768;0.472490061153881
False;False;True;True;False;False;False;False;False;False;True;0;True;False;False;False;0;False;True;False;True;0;False;True;False;True;False;0;24;False;0;True;0;6;True;False;False;be71dbedb2aa3425fcb109f2cb1c48ea0234c6e3df1ad63a5df1ee82b337eb4f;0.8147444371622831;0.6609129574501343;0.814344867718075;0.6327768538595744
False;False;True;False;False;False;True;False;False;True;False;0;False;False;False;True;0;True;False;False;False;0;False;False;False;False;True;0;0;False;0;False;0;6;False;False;False;785b0b3ed831f28e20e273484ca9dbf1cfbe1c8ca2827dad200fe18c31fabd22;0.600907823934822;0.4685713906148488;0.7869361060709762;0.6252015662870599
False;False;True;False;False;False;False;False;False;True;False;0;True;False;False;False;0;True;False;False;False;0;False;False;False;True;True;0;0;False;0;False;0;6;False;False;False;f1e8ee2f787c4b65d5bc118b9c9ba67ce91e9db8966a8976104792effe6a11dd;0.5981288349276153;0.4658355302141305;0.786514472563105;0.6250256697078397
False;False;False;False;True;False;False;True;False;False;True;0;True;False;False;False;0;False;False;True;False;0;False;False;False;True;False;0;18;False;0;False;0;6;True;False;False;49621ae1cc16986f06e1b8df0b3d95c421a6524586d592b61d371ec21f69a485;0.8251014957832299;0.6767707313113502;0.8994262200534515;0.7340985240921576
False;False;True;True;False;False;False;True;False;False;False;0;True;False;False;False;0;True;False;False;False;0;False;True;False;True;True;0;0;False;0;True;0;6;False;False;False;83d89c5b6ec2083ddf5f1f0ac37a0329b36c929597027fab1105d3b30465008c;0.6345649187238186;0.49188560794932;0.7807697179327056;0.6101327451884776
True;False;False;True;True;False;False;False;False;True;True;0;True;False;False;False;0;True;False;False;False;0;False;True;False;True;False;0;24;False;0;False;0;6;False;False;True;19349906410b4fd0f751b46c0f8d203d92350c86602d5c8696036d46527e93cc;0.7386888588974269;0.5793505518177382;0.9000057883774368;0.7330146846649935
False;False;False;False;True;False;True;True;False;False;True;0;False;False;False;False;0;False;False;False;False;0;True;False;False;True;False;0;6;False;0;False;0;6;False;False;True;cc5747a7052c9f5dddab56bc6ebfdde38138c60d32b0116d0a1780e8a170a0a3;0.1441865890644938;0.0847794301259277;0.3444555954406379;0.294064454597815
False;False;False;True;True;False;True;True;False;False;True;0;False;False;False;True;0;False;False;False;False;0;True;True;False;False;False;0;18;False;0;True;0;6;False;False;True;02152752da657da4af2af356ff8536934748a565e357940676884c2a57902530;0.5265899989327955;0.4139558125654841;0.672402432528327;0.5411884813660589
False;False;True;True;False;False;False;True;False;False;True;0;True;False;False;True;0;False;True;False;False;0;False;True;False;False;True;0;24;False;0;True;0;6;False;False;False;0453b441746d20c897ce72a17b962c2e8bc4c3e607d6866ef36dd77380e75c96;0.8639886812501041;0.7324103811718811;0.7400877408929416;0.5586509989346787
False;False;False;False;True;False;False;False;False;False;True;0;True;False;False;True;0;True;False;False;True;0;False;False;False;False;True;0;24;False;0;False;0;6;False;False;False;66837179692d7ca0201777a26340688748add4d824fb41603e4d250229d03900;0.7513805640244868;0.6004616128288848;0.8782414795359529;0.7061746939007351
False;False;True;False;False;False;True;True;False;False;False;0;False;False;False;True;0;False;True;False;False;0;False;False;False;False;False;0;0;False;0;False;0;6;True;False;False;1091e8efb4acc265e71b89034e465d19ec504386de6720fc1298bb1876b7dcdb;0.6575129571118631;0.5106785998795076;0.8073931331185981;0.6352677246595104
False;False;False;False;True;False;False;False;False;False;True;0;True;False;False;False;0;False;True;False;True;0;False;False;False;True;False;0;18;False;0;False;0;6;False;False;True;1b721502bede617b46ef759f21ad17757809cd15537bb1da3131522b0ded4d02;0.7864639779388006;0.6332078642633486;0.9083690328532946;0.7506992836265935
False;False;True;False;False;False;False;False;False;True;False;0;True;False;False;False;0;False;True;False;False;0;False;False;False;True;False;0;0;False;0;False;0;6;True;False;False;461344e130090cf21007e281d752bcec920aa8dfb36f679f808865a31d966892;0.6188414966735293;0.4847137477414493;0.8045944780399642;0.6434296975985523
False;False;False;False;True;False;True;False;False;True;False;0;False;False;False;False;0;False;False;False;False;0;True;False;False;True;False;0;0;False;0;False;0;6;False;False;True;6d74c30e553f35043e4e3c8a00b6fb8fe43d6fc39af64181823c564e82a8e4e0;0.1046509852726784;0.0641392998688331;0.3383779751024568;0.28468796580279093
False;False;False;True;True;False;False;True;False;False;True;0;True;False;False;True;0;True;False;False;False;0;False;True;False;False;True;0;18;False;0;True;0;6;False;False;False;e1f7a470c5934df5c4bef634e4ee294b269a4a7162d225764a98d503d610690b;0.7912105159553482;0.6357657518457323;0.873353114323262;0.6993113079402781
False;False;False;True;True;False;True;True;False;False;False;0;False;False;False;False;0;False;True;False;False;0;False;True;False;True;True;0;0;False;0;True;0;6;False;False;False;8fd5f18c33d0b6cde9ae7d90d8129d293db679d4d73a2d3027c5ba474d07ca1d;0.5276634154777411;0.4005965793179008;0.8079879067168511;0.643319084670547
False;False;True;True;False;False;True;False;False;False;True;0;False;False;False;True;0;False;False;False;True;0;True;True;False;False;True;0;18;False;0;True;0;6;False;False;False;839a9125e3e6f58d29b9455275c18db00ebbadb4f177cf022c692321577f78c6;0.5180992562919282;0.4029425416693286;0.6140055466371693;0.4868595823429365
False;False;True;True;False;False;False;False;False;False;True;0;True;False;False;False;0;False;True;False;True;0;False;True;False;True;True;0;6;False;0;True;0;6;False;False;False;2233bf1a099ea00052c45c23ddffb5195c0e8b908ab2be5e13ebcaf9dd3c204f;0.7386635625480915;0.5855653980821937;0.8301516630052354;0.6653254716479949
False;False;False;False;True;False;False;False;False;True;True;0;True;False;False;False;0;False;False;False;False;0;True;False;False;True;False;0;18;False;0;False;0;6;True;False;False;064656e1b4f291fd2e0080b36a3b72f5984d22d21e0e67e0f436f4086c587ea5;0.1444567764640206;0.0909338269478591;0.3601409845764541;0.30722998882513397
True;False;False;True;True;False;True;True;False;False;True;0;False;False;False;False;0;True;False;False;False;0;False;True;False;True;False;0;6;False;0;False;0;6;True;False;False;9fb77bd6f125fc67c8b84914b11b480799eeb7ebd4acd785ddbe0feb54b6f604;0.7352842694174982;0.5689195416374216;0.9059319811936979;0.7482865206461905
True;False;False;True;True;False;True;False;False;False;False;0;False;False;False;False;0;False;False;True;True;0;False;True;False;True;False;0;0;False;0;False;0;6;False;False;True;1094afc115613073194a46cb1f04124adf7539585686955b2063ebf04307880b;0.5341843390957829;0.4122785233479243;0.8198492129382314;0.6619387956320937
False;False;False;False;True;False;False;True;False;False;True;0;True;False;False;True;0;False;False;True;False;0;False;False;False;False;True;0;24;False;0;False;0;6;False;False;False;a3bfe471f4eb1b526e80a2d7c2d24b57cabc410764a79f22e99babfe990ac281;0.800768583567172;0.6533691801528613;0.8689912117795388;0.6931442874429047
True;False;False;True;True;False;False;False;False;True;False;0;True;False;False;False;0;False;True;False;False;0;False;True;False;True;False;0;0;False;0;False;0;6;True;False;False;09e3e34e51c7937e3e15d13877774a2e97fa6120c880f80c2d3c3f154915eaf3;0.5274587836925528;0.3999658142584373;0.8384496890083779;0.6798326877634081
False;False;True;True;False;False;False;True;False;False;True;0;True;False;False;False;0;False;False;False;False;0;True;True;False;True;True;0;18;False;0;True;0;6;False;False;False;112e3be187eae8fadc0df161f903b7a4fa3c1449755b5f39948054bdb2469c1d;0.1689332511635429;0.1236148986000773;0.28777457080388763;0.2589270611461582
False;False;True;True;False;False;False;False;False;True;True;0;True;False;False;True;0;False;False;True;False;0;False;True;False;False;False;0;24;False;0;True;0;6;False;False;True;33476d92cb00314e3a95692d6682376e41da01e40c89ff94e0a7073b0cc3a3ef;0.8047297863362113;0.6731402795483846;0.7808700961587038;0.6124643253331714
False;False;False;False;True;False;False;False;False;False;True;0;True;False;False;True;0;False;False;False;True;0;True;False;False;False;False;0;24;False;0;False;0;6;False;False;True;330d1c1a00e0c4d2f502654ee06a8e59edbf04f7f53f82b8dc651f2c6b4c81ea;0.4678805596256196;0.3682150752316403;0.646381553673267;0.5252672675460142
True;False;False;True;True;False;False;False;False;False;False;0;True;False;False;True;0;False;False;False;True;0;True;True;False;False;True;0;0;False;0;False;0;6;False;False;False;22498e975cf38aea657d3023860d2c4880ae24da45b298006622d8b8d85ca165;0.3490590844868635;0.2677021109590394;0.6149650576868279;0.4963580199189894
False;False;True;False;False;False;True;False;False;True;True;0;False;False;False;True;0;False;False;False;False;0;True;False;False;False;False;0;18;False;0;False;0;6;True;False;False;41998dcf4e59e0cf02e768dfb6215807db32899e28f592cb3e0ec688ba03d16d;0.5500319193525854;0.4494773448649695;0.6382296775886535;0.5222719567863895
False;False;False;False;True;False;True;True;False;False;True;0;False;False;False;False;0;False;False;False;False;0;True;False;False;True;False;0;24;False;0;False;0;6;True;False;False;11d628bc739e3bdd7e686d9afbd597b7f4eabd94bcd6b12464c9aa2a169356e5;0.1569627327605722;0.0984423186887015;0.3466379349202258;0.29948500065593064
False;False;False;False;True;False;True;True;False;False;False;0;False;False;False;False;0;False;False;True;False;0;False;False;False;True;False;0;0;False;0;False;0;6;False;False;True;b48d41f50e00bd7eef7869e86a606bff57b662cb03a47126eb1557b9acf38068;0.5352878015989716;0.4098299236778943;0.814754000626595;0.6530386244494956
False;False;False;False;True;False;False;True;False;False;True;0;True;False;False;False;0;True;False;False;False;0;False;False;False;True;False;0;24;False;0;False;0;6;True;False;False;90b57473bfb160204a56d07830f2ea2aa3c8e5118f08a8cc4a647690b7797148;0.8254783179651185;0.6854882470754686;0.8840759569173406;0.7148555761497832
True;False;False;True;True;False;True;False;False;False;False;0;False;False;False;True;0;False;True;False;True;0;False;True;False;False;False;0;0;False;0;False;0;6;True;False;False;fe99da47da97a07e3e3798f760b331d2fbb573f8b17af74ac13fe0d97bbc5edf;0.5317319721049402;0.4100578277441223;0.8228073136943129;0.6662036261743629
True;False;False;True;True;False;True;False;False;False;True;0;False;False;False;False;0;False;True;False;True;0;False;True;False;True;False;0;6;False;0;False;0;6;False;False;True;2b2c6f6a031d5e90a22e67b112b16dbc44127878082558fdebce62bb30f13702;0.6945904766365286;0.5257506732094297;0.9070838133217254;0.7445750529131004
False;False;False;False;True;False;False;False;False;True;True;0;True;False;False;True;0;False;True;False;False;0;False;False;False;False;False;0;6;False;0;False;0;6;True;False;False;964ecfe267d78e1dd68a0d62a71421a2fd69c4c1b89bf6bb0c3f40a86c107dc5;0.6689487094442663;0.5008761807127291;0.9105215223270573;0.7471951869985277
False;False;False;True;True;False;True;False;False;False;True;0;False;False;False;False;0;True;False;False;True;0;False;True;False;True;False;0;18;False;0;True;0;6;True;False;False;587001df4cd1d9c2b85cb969103065aef2c3691c83c28e422592c626401cf92a;0.7710577348189901;0.6092710191394639;0.9065821320558249;0.7417571870137158
False;False;True;True;False;False;False;False;False;True;True;0;True;False;False;False;0;False;True;False;False;0;False;True;False;True;False;0;18;False;0;True;0;6;False;False;True;0f23acb6c9a3e0bc72cb785482d37b59469664b1a0cc1750d9373ecfaa647ee5;0.8108678526562914;0.6803055266374585;0.7948193139763368;0.6381738509482214
False;False;True;False;False;False;False;True;False;False;True;0;True;False;False;True;0;False;False;True;False;0;False;False;False;False;True;0;18;False;0;False;0;6;False;False;False;ebcf90cf62c71c9486d6079c36e41c09fafe12530af05a26aabf02de870f9e0d;0.907320274023744;0.7964340717243515;0.809450987351742;0.643156149789465
True;False;True;True;False;False;True;False;False;True;True;0;False;False;False;True;0;True;False;False;False;0;False;True;False;False;False;0;6;False;0;False;0;6;True;False;False;1dac96c65a35d319ad11bf04084c4a257bc5e856c5aa8a76a9a7ddbc706f4600;0.7260097905671102;0.5890889415933138;0.8320141698686933;0.6816094725191177
False;False;True;True;False;False;True;True;False;False;True;0;False;False;False;False;0;True;False;False;False;0;False;True;False;True;False;0;18;False;0;True;0;6;False;False;True;f43ff3e5da53a14c2ef8bf419e70aef860e6a1c7ec373391e6f3738df7f909dc;0.8870779080023066;0.7683667257564003;0.7741114047499238;0.6144284962848561
False;False;False;False;True;False;True;False;False;False;False;0;False;False;False;False;0;False;True;False;True;0;False;False;False;True;False;0;0;False;0;False;0;6;True;False;False;a9823f722ddef99d84405b3e15e100f300ed8a47051b04cd7a8f39dece6e3ca0;0.5326725609399595;0.4103424085943359;0.8224100102592752;0.6643623956002003
True;False;True;True;False;False;False;False;False;True;True;0;True;False;False;False;0;False;True;False;False;0;False;True;False;True;True;0;18;False;0;False;0;6;False;False;False;cd522d11f09e7955c1db64975f62dae75adf3b3bdc4535913dec134fd13100de;0.8418341036827098;0.7192414352102294;0.8376914008191384;0.6857684660380562
True;False;False;True;True;False;False;True;False;False;True;0;True;False;False;False;0;False;False;False;False;0;True;True;False;True;False;0;24;False;0;False;0;6;True;False;False;5e1101987f8f80358cf03e15963b884dd3c8b058c9536eaad76dd1083f9d4d52;0.1636579635949773;0.1044098843360403;0.3542153589488746;0.30790220602131585
False;False;False;True;True;False;False;True;False;False;True;0;True;False;False;True;0;False;True;False;False;0;False;True;False;False;False;0;6;False;0;True;0;6;False;False;True;01b9c816ffe143badabf992b5f5e585e172ab64b00f6f59a1f56cab9872259c8;0.8009067843851196;0.6442991770462634;0.9224792041480486;0.7710416601536252
False;False;False;False;True;False;False;False;False;True;True;0;True;False;False;False;0;False;False;True;False;0;False;False;False;True;True;0;24;False;0;False;0;6;False;False;False;f5f41d15c6d3e7bcd44f29f2efdcca78c791487311d5a8bfb0e940a7dcba64c7;0.7052437259051625;0.5471349021599342;0.8862352578468569;0.7165358576944532
True;False;False;True;True;False;True;True;False;False;True;0;False;False;False;True;0;False;False;False;False;0;True;True;False;False;False;0;6;False;0;False;0;6;False;False;True;e1090b94c5ec75bf5678c2a5a58bed534874952c7e725fb4a393becf6bbe70d5;0.491877067891478;0.3762935995595962;0.6910350007744932;0.5613706630794629
True;False;False;True;True;False;True;False;False;True;True;0;False;False;False;True;0;False;False;False;False;0;True;True;False;False;False;0;18;False;0;False;0;6;False;False;True;794a556ad5d202c0eb6a0e5f7be1b46e91a6c04212a13c5228beed81db537ea4;0.477485099593642;0.3654637194198547;0.6915281227742035;0.5642206155265981
False;False;True;True;False;False;True;True;False;False;False;0;False;False;False;True;0;True;False;False;False;0;False;True;False;False;False;0;0;False;0;True;0;6;True;False;False;51e35030e5583f689c1820acd8dc589f7d6c4e2015d03abfd0630262ff403534;0.6526695041540711;0.5077428223422567;0.798390430557616;0.6249470026303933
False;False;True;False;False;False;True;False;False;False;True;0;False;False;False;False;0;True;False;False;True;0;False;False;False;True;True;0;6;False;0;False;0;6;False;False;False;fe776f2af996c8c6adbfba888a2d96a67c8b85b8ab3bb93adab0ca20c7fd486c;0.6919739785728407;0.5472179347871206;0.8317464266291539;0.6704298356368811
True;False;True;True;False;False;False;False;False;False;False;0;True;False;False;True;0;False;True;False;True;0;False;True;False;False;False;0;0;False;0;False;0;6;True;False;False;9968b58333f11519ba1f7b85ecc0c307b7a0620be2a959f07ec54a90c5a901e8;0.606264531276514;0.4617078710180876;0.8414813770514238;0.6747245697518841
False;False;False;True;True;False;False;True;False;False;True;0;True;False;False;False;0;False;False;False;False;0;True;True;False;True;False;0;24;False;0;True;0;6;True;False;False;4c50c151a64033519936316dbcdeef7787d07e5f7506c0e052977f4327460b65;0.1588113363019822;0.0987089809255424;0.34335196576849814;0.2920626642858246
True;False;True;True;False;False;False;False;False;False;True;0;True;False;False;True;0;False;False;True;True;0;False;True;False;False;False;0;18;False;0;False;0;6;True;False;False;81e14e4b8b5dd82871fbf9f258e7f1f19b096a41165d733aee88b509b6930a78;0.8852793734593027;0.7550733947968536;0.8828403963724057;0.7308822723788003
False;False;True;False;False;False;False;False;False;False;True;0;True;False;False;False;0;False;False;True;True;0;False;False;False;True;False;0;18;False;0;False;0;6;True;False;False;85cc455b5a7093f87db84c90b27358779201742d9629823bb3d2adc0ab1fbd29;0.8728883802232014;0.7418722411599078;0.8806454766226364;0.7248959422017802
False;False;False;True;True;False;True;True;False;False;True;0;False;False;False;False;0;False;False;False;False;0;True;True;False;True;False;0;24;False;0;True;0;6;False;False;True;0966799f924034fc695ee183c2e12aeadbdd768123223cf222ee22f36d1538ea;0.1504266367700273;0.0936112768380606;0.33549955252378316;0.2878354071012338
False;False;True;True;False;False;True;False;False;False;True;0;False;False;False;True;0;False;False;False;True;0;True;True;False;False;False;0;24;False;0;True;0;6;False;False;True;b91762019573650e45a9dea0dec8b9ea452d137132e22698f093758a3ce1ad59;0.5218535825684457;0.40492405839192;0.6015179652933996;0.4672716467447196
False;False;True;False;False;False;True;False;False;True;True;0;False;False;False;True;0;True;False;False;False;0;False;False;False;False;False;0;24;False;0;False;0;6;True;False;False;69e4324ed70f4a9e297ff5771a198c90f376fae5cf451df57e646060a9a414b2;0.8774004922408601;0.7614868927994946;0.849141696773785;0.6871842083114448
False;False;True;True;False;False;False;True;False;False;True;0;True;False;False;True;0;False;False;True;False;0;False;True;False;False;True;0;18;False;0;True;0;6;False;False;False;3e402f123a22c8a6df7aa57f581e7a3e190ff5f5b13245b97a7c673a694bdb6e;0.8549991708267873;0.7276002798764661;0.7592817868942036;0.5976855156928733
False;False;False;True;True;False;False;False;False;False;False;0;True;False;False;False;0;False;True;False;True;0;False;True;False;True;False;0;0;False;0;True;0;6;True;False;False;8d6b2eadb5deb3788f153d75175ddfa155d5ecf25c07f72f32eb6f3205046e49;0.5392099870032233;0.4154480772504378;0.8228150097141297;0.6612064034900488
False;False;True;False;False;False;False;False;False;True;True;0;True;False;False;True;0;False;True;False;False;0;False;False;False;False;False;0;18;False;0;False;0;6;False;False;True;58a4ac96fa69f6861fd00f896d6af7c7a3930cd50531f4a099c5f4fb18025cda;0.8624476469652079;0.7414120972855428;0.8518135498267003;0.6975485895966348
False;False;False;False;True;False;True;False;False;True;True;0;False;False;False;False;0;False;False;True;False;0;False;False;False;True;False;0;6;False;0;False;0;6;True;False;False;5c2f67aa03771b97377a926a2b9effa23ea470f8145cc074c61e041f58905afb;0.6717926125759255;0.5027924041799838;0.9119843965981419;0.7481575740439879
True;False;True;True;False;False;True;False;False;False;False;0;False;False;False;True;0;False;True;False;True;0;False;True;False;False;False;0;0;False;0;False;0;6;False;False;True;0b87e488f7aa6f1c4c32722051b9c4dbd1234f8bb8b48edab1320aeb9974795b;0.6063814639722094;0.4613173061130647;0.8368008508203314;0.6688475321315787
False;False;True;False;False;False;False;True;False;False;True;0;True;False;False;True;0;False;False;True;False;0;False;False;False;False;True;0;24;False;0;False;0;6;False;False;False;f577383156758aa5d7742c8787659e7216735bbb3860c170e467e9d717191a70;0.9400707261467256;0.8499794296835863;0.8015167640425003;0.6212060690764882
False;False;True;False;False;False;True;False;False;True;True;0;False;False;False;True;0;True;False;False;False;0;False;False;False;False;False;0;6;False;0;False;0;6;True;False;False;e58927bb7829dd29e603e257009a47b534e9e5e7dc816796671f09e2dd27fc7d;0.72709874535123;0.5914242678417688;0.83555166232398;0.6830446007266658
False;False;True;True;False;False;True;True;False;False;True;0;False;False;False;True;0;False;True;False;False;0;False;True;False;False;False;0;6;False;0;True;0;6;False;False;True;9d9e038d0da73f382aba1f35ddc11d901ff9566ed61399caff64418b221ed41b;0.8503130276535489;0.7138586362550772;0.8226293805871938;0.6616357219220994
False;False;False;False;True;False;False;False;False;False;False;0;True;False;False;True;0;False;False;False;True;0;True;False;False;False;False;0;0;False;0;False;0;6;False;False;True;0ac49b577ce8c7ace7e28634d9a3dfbcfe54188f1f1fd1b061db258f57816f62;0.3519616999668847;0.2696344888387364;0.6223848490976464;0.5008487566603441
True;False;True;True;False;False;True;True;False;False;True;0;False;False;False;True;0;False;False;True;False;0;False;True;False;False;True;0;6;False;0;False;0;6;False;False;False;fd968c440de49243ec1602a19cb1ab9b42b3bec3e8af03593cbba10b6e0260ef;0.7797865838133299;0.6334397600007025;0.810517490412904;0.6448183523127999
False;False;False;True;True;False;False;False;False;False;True;0;True;False;False;False;0;False;False;True;True;0;False;True;False;True;True;0;6;False;0;True;0;6;False;False;False;ad3236c11a1bca89e98da4b8ea5804c7746e9b957b6ca9ec15bc398c3cad846d;0.7317302310336952;0.5677462644893431;0.9124720214714455;0.7524637600542734
False;False;False;False;True;False;False;False;False;False;True;0;True;False;False;False;0;False;True;False;True;0;False;False;False;True;False;0;24;False;0;False;0;6;False;False;True;a3499fa20f796e2a8cf28cf80e81bb46d679868da4c52d97fe6221b1ab695647;0.7780136830200117;0.6280727498006299;0.8910549144660639;0.7229814698331621
False;False;True;True;False;False;False;False;False;True;True;0;True;False;False;False;0;True;False;False;False;0;False;True;False;True;False;0;24;False;0;True;0;6;True;False;False;030362bbc78dfffc7bd8301977af5903ab83e44debc5e8337125decba4d53541;0.8039096782421586;0.6727180963295036;0.7825959982343762;0.6144727256516491
False;False;False;True;True;False;True;False;False;True;True;0;False;False;False;True;0;True;False;False;False;0;False;True;False;False;False;0;6;False;0;True;0;6;False;False;True;df4bf44bdba339cfe7c467479cde578758b874e6e14733f200543fc836b879c1;0.7348298872150295;0.5708452645501885;0.9330362928931881;0.7845333303531712
False;False;True;False;False;False;True;False;False;True;False;0;False;False;False;False;0;True;False;False;False;0;False;False;False;True;False;0;0;False;0;False;0;6;False;False;True;4fdbbcc7766fed7708bfb1459fca9498b758f4e81aa1d1d1ba0f40d084433f8f;0.621565698011928;0.4869310113334257;0.8013850299900921;0.6376956871425894
False;False;False;False;True;False;False;False;False;True;False;0;True;False;False;True;0;False;False;False;False;0;True;False;False;False;False;0;0;False;0;False;0;6;False;False;True;94b43550df1d7f5b6e83d8a3d52a81099693a3077f843a0613dff7c5d991534d;0.3514972042042455;0.2699800012345059;0.6393516169714537;0.5213157694748022
True;False;False;True;True;False;True;False;False;False;True;0;False;False;False;False;0;False;False;True;True;0;False;True;False;True;False;0;18;False;0;False;0;6;False;False;True;10e1ef0b2393662580c2875bb8ade719578ea444357d96f0c709e74638938bad;0.7989069553851071;0.6426739558843008;0.9146433567993076;0.7568901797583406
True;False;True;True;False;False;False;False;False;True;True;0;True;False;False;True;0;False;False;False;False;0;True;True;False;False;True;0;6;False;0;False;0;6;False;False;False;8a5bc73da88d84d4177fb4b8996a3449298b9bd1204e9ef456d1630fa7a61773;0.4529199654796284;0.3581704669914527;0.5991425163396429;0.4870405930724214
False;False;True;True;False;False;False;False;False;True;True;0;True;False;False;False;0;False;True;False;False;0;False;True;False;True;False;0;6;False;0;True;0;6;True;False;False;313f741fa1a781b599d3db20da94b7e914928d5b5579950a49e6f178249f7843;0.7781006707450179;0.6411549938456022;0.82756339705623;0.6757228091999484
True;False;False;True;True;False;False;False;False;False;True;0;True;False;False;True;0;True;False;False;True;0;False;True;False;False;False;0;24;False;0;False;0;6;False;False;True;2cc76d6f46de36e1d8b6b086337c1f240dfdc2e049bc713cc4fd9e9564f2027a;0.7910836855661676;0.6383444397148412;0.8959859829780634;0.7276856430167243
True;False;True;True;False;False;False;False;False;True;True;0;True;False;False;True;0;False;True;False;False;0;False;True;False;False;False;0;6;False;0;False;0;6;False;False;True;2010b7da97aece84232d1d3132799d0047f8360dfa510785e136e04038898f43;0.7295263338828787;0.5915354385426111;0.8298118294979121;0.6763310759807506
False;False;True;False;False;False;True;False;False;True;True;0;False;False;False;False;0;False;False;True;False;0;False;False;False;True;True;0;24;False;0;False;0;6;False;False;False;67bc1a4641f4e21ac11ce3b42f3b099abab6259c6135053daf5b12f2eaffc1e3;0.8490267412569353;0.7273518936417479;0.8364513004844236;0.6722573152088414
True;False;False;True;True;False;False;True;False;False;False;0;True;False;False;True;0;False;False;True;False;0;False;True;False;False;False;0;0;False;0;False;0;6;True;False;False;fb6f08711124e85b7333bb3d39732db5fa6d13c99eee583e371e14a40e8b47f9;0.5341386425713538;0.4092508325874037;0.819082340585939;0.6580991315409807
True;False;True;True;False;False;True;False;False;True;True;0;False;False;False;False;0;True;False;False;False;0;False;True;False;True;True;0;6;False;0;False;0;6;False;False;False;7a92e58d91c23f17c07e969bee38b27872bdc9aa08e38e274c5877421e94be1a;0.7077960357598427;0.5686146328101883;0.8193075032499365;0.6654232289350384
False;False;True;True;False;False;True;False;False;False;False;0;False;False;False;False;0;False;False;False;True;0;True;True;False;True;True;0;0;False;0;True;0;6;False;False;False;1071660b58a401ab8088adf531cb52d5c998c8c3f3b310a37985749c55c714f0;0.132097048845644;0.0821736564855473;0.33198342651730905;0.28417233081179194
True;False;False;True;True;False;True;True;False;False;True;0;False;False;False;False;0;False;True;False;False;0;False;True;False;True;False;0;18;False;0;False;0;6;False;False;True;b41410f9f5c75201550ed8b93335347093b03a9129b962b63b89133424557b0d;0.8470148596107718;0.6980241242770953;0.9023281203486763;0.7360910773381808
True;False;True;True;False;False;False;False;False;False;True;0;True;False;False;False;0;False;False;True;True;0;False;True;False;True;True;0;18;False;0;False;0;6;False;False;False;7bba7ee59ef7bb5379f83f457e8b09fedaf17a4f345166de8b603ea7723039a7;0.8587357993037839;0.724851723137769;0.8662336182435182;0.7142406848758098
False;False;False;True;True;False;True;False;False;True;True;0;False;False;False;True;0;True;False;False;False;0;False;True;False;False;False;0;18;False;0;True;0;6;False;False;True;28ac6ce00e690665ee6fc0253d401083ad3004ceaa85b9087ff89964fc47a81f;0.7103897655903865;0.5478935071720876;0.8941621400423223;0.7273945674889561
False;False;True;False;False;False;False;True;False;False;True;0;True;False;False;False;0;False;True;False;False;0;False;False;False;True;True;0;18;False;0;False;0;6;False;False;False;127b969509d273a745cd11d160f50a3ce762ec6147bf47313f91d4b06f736f98;0.9091471485670016;0.7991362932234498;0.8094234149009812;0.6439217300943195
False;False;True;False;False;False;True;False;False;True;True;0;False;False;False;False;0;False;False;True;False;0;False;False;False;True;False;0;24;False;0;False;0;6;False;False;True;a4885cd3eb15edea408ee7a96b26ef989e1e2e54791ce4cc2e9c51d9e92164d3;0.8810622296930785;0.7660086883206272;0.845753466610343;0.6827850428674465
False;False;True;False;False;False;True;True;False;False;True;0;False;False;False;False;0;True;False;False;False;0;False;False;False;True;True;0;24;False;0;False;0;6;False;False;False;fdc097078533156d89fba19bab58409b0243f20822c95a8c0858006cb4dfa47a;0.9435575610865224;0.8565370474389989;0.8048374937053077;0.6272699025953604
False;False;True;True;False;False;False;False;False;False;False;0;True;False;False;True;0;False;False;True;True;0;False;True;False;False;False;0;0;False;0;True;0;6;False;False;True;874b7e9e9019a9af35854d875f6778a9f20bc1ebfa6522c7a7262a3cf7ce529e;0.6065138343529128;0.4605471229091711;0.8322867671799007;0.661896805925814
True;False;True;True;False;False;True;False;False;True;True;0;False;False;False;True;0;False;True;False;False;0;False;True;False;False;False;0;18;False;0;False;0;6;True;False;False;0caf60706f3b6916bee7f9561abedf7d67aed4dde71120bfc796e91e7ac9a6ce;0.8662572649822333;0.746699585496316;0.8543448592759308;0.7057840047048524
False;False;True;True;False;False;False;True;False;False;True;0;True;False;False;False;0;True;False;False;False;0;False;True;False;True;False;0;18;False;0;True;0;6;False;False;True;e89c032e44ec225f8aaf28e9e6117475e2079d8b71a0292939a14a4e6c334440;0.8910417806127064;0.7731049507076576;0.7729469559124195;0.6119535096935205
False;False;True;True;False;False;True;False;False;True;False;0;False;False;False;True;0;False;False;False;False;0;True;True;False;False;False;0;0;False;0;True;0;6;False;False;True;8629d7362cc0387006444d0039027aa26c3a5dd396a49cc6af560e0e4679d66f;0.4191700895970868;0.3242909155554954;0.6047128796757417;0.47969865908011017
False;False;False;False;True;False;False;True;False;False;True;0;True;False;False;False;0;False;True;False;False;0;False;False;False;True;False;0;6;False;0;False;0;6;True;False;False;284cbf169c0862efd1204c9a8d243a110a8b16c9f56a4a1780533d522f562ec1;0.728246400172811;0.5624891767378591;0.9009438951881856;0.7416564605708243
True;False;True;True;False;False;False;False;False;True;True;0;True;False;False;False;0;False;False;False;False;0;True;True;False;True;False;0;18;False;0;False;0;6;True;False;False;6b09b25fceac80e7f7b299f287ed7be4ec7f7098b7fd9d285409139555e6577c;0.1740051567174523;0.1337029632656227;0.3383646726667217;0.30974106905167587
False;False;False;False;True;False;False;True;False;False;True;0;True;False;False;True;0;True;False;False;False;0;False;False;False;False;False;0;6;False;0;False;0;6;False;False;True;4a5ae0b6d8dd9f448815dd08d8f8cc11aa2afa01add261109d645469e3fb9c46;0.7311847415983049;0.5678400349060795;0.8982217519464312;0.7374357849935371
False;False;True;True;False;False;False;False;False;False;True;0;True;False;False;False;0;False;False;False;True;0;True;True;False;True;False;0;18;False;0;True;0;6;True;False;False;c4fcbbd7e266a977e3c935dc557b2309eedad5000d32dc36dc0da299b1d043b8;0.1726855348628437;0.1234518542951228;0.33468888321540924;0.3043170158965359
False;False;True;True;False;False;False;False;False;False;True;0;True;False;False;True;0;True;False;False;True;0;False;True;False;False;False;0;6;False;0;True;0;6;True;False;False;024cb68d834b4193f2a790cf4b7ec1c6f1f750693fafb0cffce3291f6c775adf;0.7581623805729393;0.6044605382931932;0.8451794534377153;0.684602602609951
False;False;True;False;False;False;True;False;False;True;True;0;False;False;False;True;0;False;False;False;False;0;True;False;False;False;False;0;18;False;0;False;0;6;False;False;True;0c4787500cb049f40e1c39e3f249519acedcc75137db07c8fcc1191178fcecf9;0.5401207918497754;0.4406720159392914;0.6280566927673713;0.5125716475070489
False;False;False;True;True;False;False;False;False;True;True;0;True;False;False;False;0;True;False;False;False;0;False;True;False;True;False;0;24;False;0;True;0;6;False;False;True;74613f98aa2e09851a6792e02c5279a8ac8c52cad7145c65793de56fe808eec7;0.6969618942917537;0.5328077437943572;0.8800676784596925;0.7002794781485068
False;False;False;False;True;False;True;False;False;False;False;0;False;False;False;False;0;False;False;True;True;0;False;False;False;True;True;0;0;False;0;False;0;6;False;False;False;355fb41a0d50c30d01c06245cdea8735a7637c9df2824c635c2eefc8bdbd90af;0.5213699816503227;0.3999038421613698;0.81136907454293;0.6519418271973895
False;False;True;False;False;False;True;False;False;True;True;0;False;False;False;True;0;True;False;False;False;0;False;False;False;False;False;0;24;False;0;False;0;6;False;False;True;bfae8cd1ad5c0567df2dd5e1baddc78aff2768607efe6d213af6271c205c654e;0.8797209165137803;0.7643700959114619;0.8455554168554849;0.6822083931914115
False;False;True;False;False;False;False;False;False;False;True;0;True;False;False;True;0;False;False;True;True;0;False;False;False;False;False;0;24;False;0;False;0;6;True;False;False;7392393b62c1685c8585327a839b6cfc0d4ce8650b6deaae79ed59ae668a157f;0.8862269523365646;0.7604999293283576;0.8644210758619808;0.695917800341562
False;False;True;False;False;False;True;False;False;False;True;0;False;False;False;True;0;True;False;False;True;0;False;False;False;False;False;0;24;False;0;False;0;6;False;False;True;f2b93f1cbb1f51900ad633af31ace553546f9f6dade0198eb32e348718b6e51a;0.8904282637776043;0.7660768561748786;0.8608601232258223;0.6918407915132476
False;False;True;True;False;False;True;False;False;True;True;0;False;False;False;False;0;False;False;False;False;0;True;True;False;True;False;0;24;False;0;True;0;6;True;False;False;2b18d1858d9317e708678707fd36c27aa70779870c3097d01a275e4026aed8b3;0.1629810000419956;0.1213165026202478;0.312014344740009;0.2800825091658907
True;False;True;True;False;False;False;True;False;False;True;0;True;False;False;True;0;True;False;False;False;0;False;True;False;False;False;0;18;False;0;False;0;6;False;False;True;723120b06c899bffe8acf39c072ba62cf99612e8eebeb3b6dee3c2d57f45738c;0.9556401371984152;0.8704584859282856;0.8198249813914736;0.660541936627692
False;False;True;True;False;False;True;True;False;False;True;0;False;False;False;False;0;False;False;False;False;0;True;True;False;True;False;0;18;False;0;True;0;6;False;False;True;55cb385044231fcec5ae8ab84afbae2b0a15cb0bdfa826128b14036b94844e36;0.1653066285781568;0.1186670083866335;0.2880268800607197;0.2565926556341919
True;False;True;True;False;False;False;False;False;False;False;0;True;False;False;True;0;False;True;False;True;0;False;True;False;False;False;0;0;False;0;False;0;6;False;False;True;b02692efc50ee1932facb7bb6a291b9f4887c09f90f8fe695c851b9a349161f4;0.6074247956217771;0.4620076037472794;0.8374747072354956;0.6692878068212904
True;False;True;True;False;False;False;True;False;False;True;0;True;False;False;False;0;False;False;False;False;0;True;True;False;True;False;0;18;False;0;False;0;6;False;False;True;f77958a1973e5b3ccf0fa410625f93023f3d0d2f630416dc3bb14c27e7017f3c;0.1726891939273449;0.1252545007158404;0.3022543608761428;0.27155634288602065
True;False;True;True;False;False;False;False;False;False;True;0;True;False;False;False;0;False;False;True;True;0;False;True;False;True;False;0;6;False;0;False;0;6;False;False;True;51ef560bd7bd41af45ceb9b4d7af22c15aa604b1122877a8f606129e8f1ec0ed;0.7156297147416517;0.5635532616716962;0.843701934833773;0.6820251611482526
True;False;False;True;True;False;False;False;False;True;True;0;True;False;False;True;0;True;False;False;False;0;False;True;False;False;False;0;24;False;0;False;0;6;False;False;True;f92e82811ac20b17d36479673b8905a5b0f0c5f078901da5b315ff92361cfc88;0.7362519217172929;0.5773348307498776;0.8989533520306903;0.7320464961196862
False;False;True;False;False;False;False;False;False;True;True;0;True;False;False;False;0;False;False;False;False;0;True;False;False;True;False;0;18;False;0;False;0;6;False;False;True;6ab089b037bc5499f9a4ee5cbb61cd3ed6fff7040e304a46dcf2ee14249fbc59;0.1671907003805564;0.1285485836637143;0.3307981551067725;0.304281653515047
True;False;False;True;True;False;True;False;False;False;True;0;False;False;False;False;0;False;True;False;True;0;False;True;False;True;True;0;18;False;0;False;0;6;False;False;False;6951a4228247873d8fd4788105c7ff3bf21912740ef44829183c4bb6de0a9970;0.7747777310924201;0.6191075448177413;0.9041080812651152;0.7446791743903414
False;False;True;False;False;False;True;False;False;False;True;0;False;False;False;False;0;True;False;False;True;0;False;False;False;True;False;0;24;False;0;False;0;6;True;False;False;c3afdac9bcfc6244cfc2571c24242d1e21ed9401203fd58c9eaf1e94cfd8ff16;0.8896237040094735;0.7651044131006667;0.8656322088694496;0.6985381504209137
True;False;False;True;True;False;True;True;False;False;False;0;False;False;False;True;0;False;False;False;False;0;True;True;False;False;True;0;0;False;0;False;0;6;False;False;False;388aeec45e93b66368ebd616e9bf728e400c54dc7abc361b437a2faabaffad0e;0.3681607347335159;0.2767644095756996;0.6328440810420032;0.5051243185094402
False;False;False;False;True;False;True;True;False;False;True;0;False;False;False;False;0;False;False;True;False;0;False;False;False;True;True;0;24;False;0;False;0;6;False;False;False;1d92edf95eb9e1ccce5be721940e6b10235558a9a6e55b0d6a80f330b300e1fb;0.8043914195265663;0.6567942561328213;0.872646892948349;0.698472341618701
False;False;False;False;True;False;True;False;False;True;False;0;False;False;False;True;0;False;True;False;False;0;False;False;False;False;False;0;0;False;0;False;0;6;False;False;True;3c6943a90440460e677c655253ec271d52d22453fdd107ac41c375380647d7ee;0.5280403163739783;0.4021247253209861;0.8372310801179126;0.6793820702102445
False;False;True;False;False;False;False;False;False;False;True;0;True;False;False;False;0;True;False;False;True;0;False;False;False;True;False;0;18;False;0;False;0;6;True;False;False;54c04b68a14d698eb7c708f158615a70b3a3d2463a8cbd8b50f497ae3a00cb9e;0.8733400532995795;0.7424502353991345;0.8807846896703206;0.7250009662574969
False;False;True;False;False;False;False;True;False;False;True;0;True;False;False;True;0;False;False;True;False;0;False;False;False;False;False;0;24;False;0;False;0;6;True;False;False;6837437fd4f4160f179a9a9358fa4375c52819fc924a74cd404f2b47b8d7535a;0.9755902546236094;0.9206240111799386;0.8199573346681498;0.6455271475322678
False;False;True;True;False;False;False;False;False;True;False;0;True;False;False;False;0;False;False;False;False;0;True;True;False;True;True;0;0;False;0;True;0;6;False;False;False;2c9085e0d5936ffe3c0b6f8a5889a3218a2b848ba290cf6955765fa993570998;0.1431529764402852;0.0957897885302425;0.3255388921684317;0.2732217914970086
False;False;True;False;False;False;True;False;False;True;False;0;False;False;False;False;0;False;True;False;False;0;False;False;False;True;False;0;0;False;0;False;0;6;True;False;False;b5507fc8454a49a7bca06768423ae07d189af0f52a7d01f6f4b1662c988e190e;0.6188190322323496;0.4846810970483046;0.8045766132541088;0.6432998628622927
True;False;True;True;False;False;False;False;False;False;True;0;True;False;False;True;0;False;True;False;True;0;False;True;False;False;False;0;6;False;0;False;0;6;False;False;True;b0622491775c7cc1e47273aba41c1df42641852657859105f6868600dfa2486a;0.7142668721669584;0.5618830359871881;0.8436258602040367;0.6818550671372475
True;False;False;True;True;False;True;True;False;False;False;0;False;False;False;True;0;False;True;False;False;0;False;True;False;False;False;0;0;False;0;False;0;6;True;False;False;8d14750c36d3f7e2075a8556cec37961016d6a0f3dc88641ef74e562a08f7495;0.5325161563842399;0.4079770452414271;0.8172610997405526;0.6565991213858264
False;False;True;True;False;False;True;False;False;True;True;0;False;False;False;False;0;False;False;True;False;0;False;True;False;True;False;0;18;False;0;True;0;6;False;False;True;ba627dfdd52d0df4aed1df281fe6662374735397d53e44a16e7cf28828ec140f;0.8079369759661017;0.6775306789669254;0.7975304998723405;0.6422309080247953
False;False;True;True;False;False;True;False;False;False;True;0;False;False;False;False;0;False;False;False;True;0;True;True;False;True;False;0;24;False;0;True;0;6;True;False;False;289f0dde14971be4fc63590b2c1602372029958579dff0bcd2684e23d495ca07;0.1636143674623806;0.1131906768430703;0.31993264649501296;0.2898772709663288
True;False;True;True;False;False;False;False;False;True;True;0;True;False;False;False;0;False;False;True;False;0;False;True;False;True;False;0;6;False;0;False;0;6;True;False;False;665dd71ff8e7987e999141258e8fa548f7ac8975b4ab1e40704949b1261f2a15;0.7267778340804995;0.588798850432852;0.8323276920652048;0.6805382618355744
False;False;True;True;False;False;False;False;False;False;True;0;True;False;False;True;0;False;False;True;True;0;False;True;False;False;False;0;18;False;0;True;0;6;True;False;False;052be3f3ddcf42c5ad37084838feed488a4fa720ac890a10bc70de1b6d77f28b;0.815572063036237;0.6688675785143483;0.834715023694455;0.6732940391891681
True;False;True;True;False;False;True;True;False;False;True;0;False;False;False;True;0;False;False;True;False;0;False;True;False;False;False;0;18;False;0;False;0;6;True;False;False;5386d66dc12dcc89679ad595da5a8ad13149787141d18cbdac09b30c051785d3;0.9467583821498494;0.8553359092308304;0.8251298808486965;0.6690075934881294
True;False;True;True;False;False;True;False;False;False;False;0;False;False;False;False;0;True;False;False;True;0;False;True;False;True;False;0;0;False;0;False;0;6;False;False;True;eef9e749fc1d82db9770875f19460061b721b75d23c62f51e26f351b5ccba341;0.6091374700625519;0.4633940301527214;0.8365567180575847;0.6685944350057083
False;False;True;False;False;False;True;False;False;True;True;0;False;False;False;False;0;False;True;False;False;0;False;False;False;True;False;0;24;False;0;False;0;6;True;False;False;952bc39b69fea69f88a040dc9c929280ef1a600a940f9ed01194a2c2309fb4ef;0.8792187408284196;0.7638011449559702;0.8493221670622737;0.687304863524467
False;False;False;False;True;False;False;False;False;True;True;0;True;False;False;False;0;False;False;True;False;0;False;False;False;True;False;0;6;False;0;False;0;6;False;False;True;3db311b963c53b5fe08060d0e3e79c04dbbf5b61324ba3fb16564714604458da;0.6753848932833888;0.507519915905144;0.9109355862686203;0.7471731820315549
False;False;True;True;False;False;True;True;False;False;False;0;False;False;False;False;0;True;False;False;False;0;False;True;False;True;True;0;0;False;0;True;0;6;False;False;False;3a0d59b58ecad7e29669404d49bba88caff07d670ec4504a7ccb153ec1010a65;0.63388143021035;0.4909392643529445;0.7810335148503094;0.6087931255513516
False;False;True;True;False;False;True;False;False;True;True;0;False;False;False;True;0;True;False;False;False;0;False;True;False;False;True;0;6;False;0;True;0;6;False;False;False;e97aa1a94dd6c275c87c502c8d912bef45a37979fb40bd7227b97733b579e09a;0.7579407139390782;0.6188367880117129;0.8144518053252527;0.6595546927532607
False;False;True;True;False;False;False;False;False;False;True;0;True;False;False;True;0;False;False;False;True;0;True;True;False;False;False;0;6;False;0;True;0;6;True;False;False;d909fb2633be9a8a0b246b17a166a1bdd3ba91eb91e25186ec140ec9d3584394;0.4939346187328391;0.3816064153865515;0.6270881800457864;0.5042890059349205
False;False;True;True;False;False;True;False;False;False;False;0;False;False;False;True;0;False;False;True;True;0;False;True;False;False;False;0;0;False;0;True;0;6;True;False;False;8ab9ec0d2d75b58d2d5785f76b0e51807bc92e6cbcbeb9c0c914e6bfc4aaa4e8;0.6056608109437022;0.4596661196987911;0.8348313317796556;0.6653318924491155
True;False;True;True;False;False;True;True;False;False;True;0;False;False;False;False;0;False;True;False;False;0;False;True;False;True;True;0;18;False;0;False;0;6;False;False;False;d983923d8bb80c87af83c57627a3053d3e3cfb45d3d51ec30bf117775d4c62a6;0.918936745607824;0.8163952717521212;0.8098758222273413;0.6522979041456546
False;False;False;False;True;False;False;False;False;True;True;0;True;False;False;True;0;False;False;True;False;0;False;False;False;False;False;0;24;False;0;False;0;6;False;False;True;4e32ecfadcd37999d32c177b93e0bbba234586294746a7e866fb626557389a1f;0.725146493150462;0.5678658664033884;0.8972045613713425;0.7304120719615972
True;False;False;True;True;False;False;False;False;True;True;0;True;False;False;True;0;False;True;False;False;0;False;True;False;False;False;0;6;False;0;False;0;6;False;False;True;ae6af925e0900d30574851434841eec349b38a5e72401d93e19d78ba2048c30c;0.6789503159951152;0.5125102280265442;0.9135531841864354;0.7514604939869353
True;False;True;True;False;False;True;True;False;False;False;0;False;False;False;False;0;False;True;False;False;0;False;True;False;True;False;0;0;False;0;False;0;6;False;False;True;3ea2c2cce62ce5f08c4092c6f184498dab2541cd4a0e3a0b6db4690639237d03;0.6647512081545154;0.5171677448370025;0.8052096100998783;0.6312398795081051
True;False;False;True;True;False;False;True;False;False;True;0;True;False;False;True;0;False;True;False;False;0;False;True;False;False;False;0;18;False;0;False;0;6;False;False;True;4217b73e728d336d452df6739976df449cb5ebaaf50da4bfe14a77e5d26da29a;0.8443482685262085;0.6973043956938398;0.9017499186054679;0.736245720848762
True;False;True;True;False;False;True;False;False;True;True;0;False;False;False;False;0;False;True;False;False;0;False;True;False;True;False;0;6;False;0;False;0;6;False;False;True;9169e6b1d07772b081de640b6706418ca87270a2f9d252625b2dd685cd52ce47;0.7336217144067767;0.5958198584821013;0.8304695377900914;0.677239157259081
True;False;False;True;True;False;False;False;False;True;True;0;True;False;False;False;0;True;False;False;False;0;False;True;False;True;True;0;18;False;0;False;0;6;False;False;False;184283f0a8269ca249d33384f6040a63fa2397e428768607070233c4e74d8ac0;0.7205083898748904;0.5599871821463966;0.8979538570135613;0.7352793966685502
True;False;False;True;True;False;True;True;False;False;True;0;False;False;False;True;0;True;False;False;False;0;False;True;False;False;False;0;24;False;0;False;0;6;True;False;False;c4074c0987329db8f063465daf3aa58e99d3f765cd3104414ed27c33930635ae;0.8418294572745006;0.7010132791198981;0.8895636694083155;0.7219775596734926
True;False;False;True;True;False;False;False;False;True;True;0;True;False;False;False;0;False;False;True;False;0;False;True;False;True;False;0;6;False;0;False;0;6;False;False;True;43499f07366ab0e4d5286ea15ce5fd97ecdc2125a5e35207a6be60c5ea351603;0.6802127851585099;0.5130379149188897;0.9143448204875395;0.752229483372307
False;False;False;False;True;False;False;False;False;False;True;0;True;False;False;False;0;False;False;True;True;0;False;False;False;True;False;0;24;False;0;False;0;6;True;False;False;06ccdf00d22fc526de019b41a96efe7c922508416787cfd8ddd6275ec14926ee;0.7714994623049791;0.6216919422170321;0.8936872493373041;0.7290321289805884
False;False;True;True;False;False;True;False;False;True;True;0;False;False;False;False;0;False;False;True;False;0;False;True;False;True;True;0;24;False;0;True;0;6;False;False;False;1fc9e9fe3a561bac1581b7fe2fd39c08d4709d36d9bf6906f205ef0fc8144381;0.7790373909693862;0.6452756869369705;0.774611395599877;0.6070731838228612
False;False;False;True;True;False;True;False;False;True;True;0;False;False;False;True;0;False;False;True;False;0;False;True;False;False;False;0;18;False;0;True;0;6;False;False;True;0e21f02117104302b9b3e5f2d47192e0403afc2ee6e87969a308b66629df9e9c;0.7103761724492126;0.5480652223578618;0.8943418218007312;0.7275767332383297
False;False;True;False;False;False;False;False;False;False;True;0;True;False;False;False;0;False;False;True;True;0;False;False;False;True;False;0;18;False;0;False;0;6;False;False;True;07c3ad2192ed2554ed61d769f4f679f34ba4a4894690049675f82bdb8c34b180;0.8762032497806161;0.7452374483970736;0.8761247080774143;0.7183886528722068
True;False;True;True;False;False;True;True;False;False;True;0;False;False;False;False;0;False;False;False;False;0;True;True;False;True;True;0;18;False;0;False;0;6;False;False;False;da541062bae6a085f7196ecc1532d6a869ca7a7306188c19cafd0c60fd7fd640;0.1628532679252579;0.1169841934135364;0.29456957587757016;0.26813362895303305
False;False;False;True;True;False;False;True;False;False;True;0;True;False;False;True;0;False;False;False;False;0;True;True;False;False;True;0;24;False;0;True;0;6;False;False;False;3648aafc7cce9b4d8462e6fd7149cd81a60063130dff87858df3aa2522a866a7;0.4740024556673596;0.3611789239603109;0.6147667979517324;0.47639445275579967
True;False;True;True;False;False;True;False;False;False;True;0;False;False;False;True;0;False;False;True;True;0;False;True;False;False;False;0;24;False;0;False;0;6;False;False;True;6ef41330817400568daed357344533ef4fd499b5043cce277433bf7c33cd25f9;0.9054492664160524;0.78289883137837;0.8624772545495345;0.6963920876046944
True;False;False;True;True;False;True;True;False;False;True;0;False;False;False;False;0;False;False;False;False;0;True;True;False;True;True;0;18;False;0;False;0;6;False;False;False;ea7e0db61b7d98966795de6873bd4eba3bc1cc651d726235c866207ad438df7c;0.1493121204975081;0.0957267804147468;0.34299478063955974;0.2965001052957402
False;False;False;True;True;False;True;False;False;True;True;0;False;False;False;False;0;False;False;False;False;0;True;True;False;True;False;0;6;False;0;True;0;6;False;False;True;e6a8fda7d4b12f7d1abcfc4347e812628b89d69912a551a01a067135a8b25b05;0.1497051748612107;0.0927078749677894;0.3677212318786902;0.3237371215507643
False;False;False;True;True;False;False;False;False;True;False;0;True;False;False;True;0;False;False;True;False;0;False;True;False;False;False;0;0;False;0;True;0;6;True;False;False;f0f45da1f225a415f8d63ec1f6ed2e8b472071bd89853f3d2eed31b327eae728;0.5322583127528165;0.4043387380145766;0.8411488268197342;0.6803657317042022
False;False;True;True;False;False;True;True;False;False;True;0;False;False;False;False;0;True;False;False;False;0;False;True;False;True;True;0;24;False;0;True;0;6;False;False;False;b9e362899aefc2c4419bf8680f4d4619118ce1c619cf08bcbac128410657d650;0.8660426742213436;0.734058927354028;0.7483442114867395;0.5674648734493436
True;False;True;True;False;False;True;False;False;False;True;0;False;False;False;True;0;False;False;True;True;0;False;True;False;False;False;0;18;False;0;False;0;6;True;False;False;b12706a46c0684de6e9f5c09a9530ab66bffa773f49eb7789fd0e2e3aa381c09;0.8812208809362165;0.7506154082683971;0.8806075391348341;0.7292655959757567
False;False;False;True;True;False;False;False;False;True;True;0;True;False;False;False;0;False;False;False;False;0;True;True;False;True;True;0;24;False;0;True;0;6;False;False;False;11ef93354085d3cec06e2acabfba63585da2d209b94d1b172f63fd16f10f3772;0.1363122325889595;0.0769742185968449;0.3482073461132075;0.2911711180220014
True;False;True;True;False;False;False;False;False;False;True;0;True;False;False;False;0;False;False;False;True;0;True;True;False;True;False;0;24;False;0;False;0;6;False;False;True;44d35435b10119f3f50a962c87ff487778430984fe0ecda140a1a54f808bc748;0.1643969138365149;0.1162016426175741;0.3270717611833041;0.30350851565600684
False;False;False;False;True;False;False;False;False;True;True;0;True;False;False;False;0;True;False;False;False;0;False;False;False;True;True;0;18;False;0;False;0;6;False;False;False;d830ca2e6bcc881322dc9716eb941a19218019df0f4aed73baa65afb8ebfcec1;0.7110827565303488;0.5508630597727545;0.8947989775856512;0.7304384208719727
False;False;True;True;False;False;True;False;False;True;True;0;False;False;False;True;0;False;True;False;False;0;False;True;False;False;False;0;18;False;0;True;0;6;False;False;True;9018c8bda0b408ab638726fc90aacaef557815d678cfed68ce1524a4d5007e9c;0.8052572348571861;0.6752230782497473;0.7973039802794782;0.642125534945428
True;False;True;True;False;False;False;False;False;True;True;0;True;False;False;True;0;False;True;False;False;0;False;True;False;False;False;0;18;False;0;False;0;6;True;False;False;1cb9087a8774da5b993f5e68105f91a2e689b2a69301b73c98499088c11c83b1;0.8674535655208703;0.7476528691164256;0.8524872441543786;0.7026078485727075
True;False;True;True;False;False;True;False;False;True;True;0;False;False;False;False;0;True;False;False;False;0;False;True;False;True;False;0;24;False;0;False;0;6;True;False;False;d24cac391e709fb195be7d0d1ffbfb07fa77b29d9c12193aee0c7f590d916bcd;0.8882879614699413;0.7744409574188368;0.8462468181585886;0.685478199649856
False;False;True;False;False;False;True;False;False;True;False;0;False;False;False;False;0;False;False;False;False;0;True;False;False;True;False;0;0;False;0;False;0;6;True;False;False;9f051cbd84424e7281df26a3a247b03e3a4ff14a5c57dc104ce8a36d2bdf6e4a;0.1487621889589132;0.0990896948441693;0.3423130901855661;0.2900295108440674
True;False;True;True;False;False;True;True;False;False;True;0;False;False;False;True;0;False;False;True;False;0;False;True;False;False;False;0;18;False;0;False;0;6;False;False;True;ec90554f023e15ad9070511883960b00c6a716e88dedb112e896232178f752fb;0.9515128428543966;0.8628770117317497;0.8205123480349826;0.6636261436844961
False;False;False;True;True;False;True;True;False;False;True;0;False;False;False;False;0;False;True;False;False;0;False;True;False;True;True;0;24;False;0;True;0;6;False;False;False;a31c2f53473b422c60e5970d71b7f70cec46fca24d617dc505358eb0c00f96a8;0.7654406281156864;0.6018201685516047;0.8463400811719086;0.654435481390887
False;False;True;True;False;False;True;False;False;True;True;0;False;False;False;False;0;True;False;False;False;0;False;True;False;True;False;0;24;False;0;True;0;6;False;False;True;c1a8e9ab7dd2b7035b0a0f104261d31ad27930ac9d571dee67c24fc17a0af67d;0.8089449415510169;0.6772145310939026;0.7835005682067386;0.6155893176211329
True;False;True;True;False;False;True;False;False;True;True;0;False;False;False;True;0;False;False;True;False;0;False;True;False;False;True;0;18;False;0;False;0;6;False;False;False;340871486be62c33bea8a408dfb6a07cbda3aa0e06c1c5d891e9068b6dae6530;0.8392932173315257;0.7165596907105973;0.8387709117524503;0.6886745963219265
False;False;False;False;True;False;False;True;False;False;False;0;True;False;False;False;0;False;True;False;False;0;False;False;False;True;True;0;0;False;0;False;0;6;False;False;False;29f859743a41d23b5360d4c981930eecf94bb160036c4c0953295d1192203123;0.5207936875996143;0.3970104009348085;0.8041402893576927;0.6426878807021922
False;False;True;True;False;False;False;True;False;False;True;0;True;False;False;False;0;False;True;False;False;0;False;True;False;True;True;0;24;False;0;True;0;6;False;False;False;becb63e42fca44ca1583be059f08f80cbebab422e61fb0378d62d02a48359158;0.8662832321855134;0.7340924899397875;0.7440417117894338;0.5623830788275662
False;False;True;False;False;False;True;False;False;True;True;0;False;False;False;False;0;False;True;False;False;0;False;False;False;True;True;0;6;False;0;False;0;6;False;False;False;6ce01800c088300b05a96044b586a2eea4a10be74f8b165bca5592d923ad0656;0.7099142142554928;0.5720446758298185;0.8230329125500266;0.6664007003948914
False;False;True;False;False;False;False;False;False;False;True;0;True;False;False;False;0;False;False;False;True;0;True;False;False;True;True;0;24;False;0;False;0;6;False;False;False;d1a70bb8ae93e5c00c357ac05cc8228844f4f5535a94ab4a42bb04be773571f7;0.1570591841393209;0.112566639085355;0.3142272594944867;0.2930666124342171
True;False;False;True;True;False;True;False;False;True;True;0;False;False;False;False;0;True;False;False;False;0;False;True;False;True;False;0;6;False;0;False;0;6;True;False;False;4fd00b682494741a75d34d2a901b09d6c46305e39ca437006649ddd208778489;0.6766014189659082;0.5089087009357927;0.9149534484057372;0.7532063611163529
False;False;True;True;False;False;False;False;False;True;False;0;True;False;False;True;0;False;True;False;False;0;False;True;False;False;True;0;0;False;0;True;0;6;False;False;False;42fe466a150aa340f9cdec41d34a415ca7d287f5b7ab365fdd1ac37f0549e81b;0.5930475982308585;0.464569046223438;0.7677481782779081;0.6085726057853581
False;False;True;False;False;False;True;True;False;False;True;0;False;False;False;False;0;True;False;False;False;0;False;False;False;True;True;0;18;False;0;False;0;6;False;False;False;4630655a7ebbf0bad9f27fc0b118a035665cd656d77a4cedbd2431349a26a54b;0.905267094907887;0.7937512698263209;0.8110919918680718;0.6477464500834925
True;False;False;True;True;False;False;False;False;True;True;0;True;False;False;False;0;False;False;False;False;0;True;True;False;True;False;0;6;False;0;False;0;6;False;False;True;977f1f5472683279ebe8a0a799b350424695ebdd8e57962c286c8417ca98b58a;0.1369708582990273;0.0799218274865796;0.35919090969957745;0.3076878102236992
False;False;False;True;True;False;False;True;False;False;True;0;True;False;False;True;0;False;False;False;False;0;True;True;False;False;False;0;18;False;0;True;0;6;False;False;True;655d80542f3385d7c406ec245fc309dbc70bca1bce13e306b2e6cd2214bda9e0;0.5065530331281572;0.3984212358486138;0.6522037200398326;0.5245982616783964
False;False;False;False;True;False;True;True;False;False;True;0;False;False;False;True;0;False;False;True;False;0;False;False;False;False;False;0;6;False;0;False;0;6;True;False;False;15953223d54fa28da10802b117e24933b149e79c1341a5f21598108b4bf7744c;0.7291539465261069;0.5635352139809922;0.9022097717806277;0.7435061161539219
False;False;False;True;True;False;False;True;False;False;False;0;True;False;False;True;0;True;False;False;False;0;False;True;False;False;True;0;0;False;0;True;0;6;False;False;False;91e2f229b4b306835260a39c258636b748eeac7fa61e7d52b27d6c1bad82a471;0.5266136156962041;0.4007901179145943;0.8062189535466484;0.6415487177011933
False;False;False;False;True;False;True;False;False;False;True;0;False;False;False;True;0;True;False;False;True;0;False;False;False;False;True;0;6;False;0;False;0;6;False;False;False;425f25aa47b96743bef5955cb446ac9ec9859cc921cefe83efd7de66afcc3811;0.6698767220095804;0.5042417059010774;0.8908826896887542;0.7220550591879006
False;False;False;False;True;False;True;False;False;False;True;0;False;False;False;False;0;True;False;False;True;0;False;False;False;True;False;0;18;False;0;False;0;6;True;False;False;79fca8ed267322f4fcf6308c855b0892c3d24140b3611675e9a2aa60880ea5a3;0.7781388077367811;0.6246692362190173;0.9096116876089211;0.753207749755375
False;False;False;True;True;False;True;False;False;False;True;0;False;False;False;True;0;True;False;False;True;0;False;True;False;False;False;0;24;False;0;True;0;6;False;False;True;ea2c8a49b8ab192ad830baf3db44fcb6ef8ae98af45217517d316c02dc4b652c;0.7480778706354929;0.5841046767961169;0.8773965105562203;0.6943715923374215
False;False;True;False;False;False;False;False;False;True;False;0;True;False;False;False;0;False;True;False;False;0;False;False;False;True;True;0;0;False;0;False;0;6;False;False;False;68387cff55fecd0e586af41e8bf78c86c06388fdc8e1cbf7f30ce71c3a7a6431;0.5968770102800178;0.4644310794390959;0.7848175926344816;0.6216425086270497
True;False;True;True;False;False;True;False;False;False;True;0;False;False;False;False;0;False;True;False;True;0;False;True;False;True;False;0;6;False;0;False;0;6;False;False;True;75cd5be6633f05f9bbb855e2f92eab9b2add570f5cad5fad9285b41cb8f560d0;0.7179268640258616;0.5651248136068124;0.843573045674396;0.6815983488992814
False;False;False;False;True;False;True;True;False;False;True;0;False;False;False;True;0;True;False;False;False;0;False;False;False;False;False;0;18;False;0;False;0;6;False;False;True;c5273f5b394a9432eeba9bf1ef0461db8a035fa6741193ca319cd49034a9c7f2;0.8275360313110853;0.6806439565435786;0.8964046356826718;0.7304099231507667
False;False;False;True;True;False;True;True;False;False;False;0;False;False;False;True;0;True;False;False;False;0;False;True;False;False;True;0;0;False;0;True;0;6;False;False;False;20c0a09d7f3acf5a088ead165163da0bea77570d869de47a1a926125b892d619;0.5282170909948664;0.403120713532842;0.8077232981665541;0.6420545789269764
False;False;True;True;False;False;False;False;False;False;True;0;True;False;False;True;0;False;False;False;True;0;True;True;False;False;False;0;24;False;0;True;0;6;False;False;True;429f333ed746dbdabb53a825a3826bc3a8e47218f7e6c146c8955064c9753a74;0.5005069051652706;0.3877907104236521;0.5813738498400405;0.45150284323482787
False;False;False;True;True;False;False;False;False;True;False;0;True;False;False;False;0;False;False;True;False;0;False;True;False;True;True;0;0;False;0;True;0;6;False;False;False;ce31fdfcab816e2a3786d5eb7962a1b146323974b7ccfe9e51138a2238350a0f;0.5229864856536042;0.3940530533718732;0.8298353314208357;0.6681109534691988
False;False;False;True;True;False;True;False;False;False;True;0;False;False;False;True;0;False;False;False;True;0;True;True;False;False;False;0;18;False;0;True;0;6;False;False;True;b0d2c28901bf6b6488de31d85abab0e0937380729379d79c66aa7c535ac11fab;0.5008910250127511;0.3878208793682952;0.6855258267763527;0.5561794122312842
True;False;True;True;False;False;False;False;False;True;True;0;True;False;False;False;0;False;False;True;False;0;False;True;False;True;True;0;24;False;0;False;0;6;False;False;False;d5b4eca69fe6b341c253c56afca1cd0e533bd0b353a60f4f8568538a0044e3ef;0.8537944657136732;0.7331930917739925;0.8297199713740321;0.6692669627416242
False;False;True;True;False;False;True;False;False;True;True;0;False;False;False;False;0;True;False;False;False;0;False;True;False;True;False;0;6;False;0;True;0;6;True;False;False;e990d86eca1791e44d96a91e5a45db928f9c1d6ab3eda14172f71d3e97c0321a;0.7778666305454554;0.6411178369087893;0.8279639657882188;0.67684965214387
False;False;True;False;False;False;True;False;False;True;True;0;False;False;False;False;0;True;False;False;False;0;False;False;False;True;False;0;18;False;0;False;0;6;False;False;True;5998b9945c85eba7f08eaeae5f9df9e9cb7976d47e7eb3f9ff7a20c35e80a6d4;0.8649783096487007;0.7435890692579853;0.8537526020435879;0.699921558038321
False;False;False;True;True;False;True;False;False;False;False;0;False;False;False;True;0;True;False;False;True;0;False;True;False;False;True;0;0;False;0;True;0;6;False;False;False;d854dc3cb8b5b1e67ba8412d6e9e8062a1782d36fd936bdbcc5c0e0f7ed7d1ef;0.525646200491488;0.4035467305517772;0.8088368909336645;0.6442277180564318
False;False;False;True;True;False;False;True;False;False;True;0;True;False;False;False;0;True;False;False;False;0;False;True;False;True;False;0;6;False;0;True;0;6;True;False;False;0fc7d353114d576b1f9cf51b15d0d67dea2aded9cb5aa6c9b421a39a7619f537;0.7986541176421981;0.6411169248671725;0.9259957550572009;0.7776760566090289
False;False;True;False;False;False;False;False;False;True;True;0;True;False;False;True;0;False;False;False;False;0;True;False;False;False;True;0;18;False;0;False;0;6;False;False;False;fd0c58a4afcd80c75f89f9cf9ce7849962ae71d8b1f5f5e14a05705e2c048349;0.5088330830525448;0.4160060512074002;0.5991178939502725;0.4880201857083626
False;False;True;True;False;False;True;False;False;True;False;0;False;False;False;True;0;True;False;False;False;0;False;True;False;False;False;0;0;False;0;True;0;6;False;False;True;041fb2f4f788306e0b1db639ada91f496686ca61d8e94f53a7ffba73bebf90ca;0.6150866839598703;0.4852218314393757;0.7841586671967524;0.6237743254479535
False;False;False;False;True;False;False;False;False;True;True;0;True;False;False;False;0;False;True;False;False;0;False;False;False;True;False;0;24;False;0;False;0;6;True;False;False;1b0426cd33750d5ac74d40d4271d545319581c79630cf8386230073dfb4bcf13;0.7214567385868809;0.5630760026981483;0.8977496336907763;0.7322827364393888
False;False;True;False;False;False;True;False;False;True;True;0;False;False;False;False;0;False;True;False;False;0;False;False;False;True;True;0;18;False;0;False;0;6;False;False;False;67dd44ce0c6400949301702a5eed3b2ea5c3776637e40f1b1678c0359ae24e2c;0.8340041565441345;0.7099737327676984;0.8433856867734181;0.6891678883571521
False;False;True;False;False;False;False;False;False;True;True;0;True;False;False;False;0;False;False;True;False;0;False;False;False;True;False;0;24;False;0;False;0;6;True;False;False;5dca15b21312cc443fbe4fcc0bf290d7856852e6f2ceb09e8e94f125b484ee47;0.8744941312867048;0.7582903346857336;0.8459100172607035;0.6832564609722684
False;False;False;False;True;False;True;True;False;False;True;0;False;False;False;True;0;False;False;False;False;0;True;False;False;False;False;0;24;False;0;False;0;6;False;False;True;0b2f13b2236f57fbdb22a31585865d0d124e38224a007121ad5bf72fb28b17e2;0.5234258523528493;0.415646323650913;0.6577638185906299;0.5277557854707594
False;False;False;False;True;False;False;True;False;False;True;0;True;False;False;True;0;False;False;True;False;0;False;False;False;False;False;0;6;False;0;False;0;6;False;False;True;2be718decfbff89574a40b55c52e163b526103bdf42cadfea1ebf4af79f04af8;0.7314140820279363;0.5672586771486934;0.9001195280355606;0.7394248853377131
False;False;False;False;True;False;True;True;False;False;False;0;False;False;False;False;0;False;True;False;False;0;False;False;False;True;False;0;0;False;0;False;0;6;False;False;True;170078f5ed57c05c110b634a311a33c8e888bff2df040886ea0b73aa4d09149b;0.5358716335253813;0.4101256011051554;0.8145304566747996;0.652706436406916
False;False;True;False;False;False;True;False;False;True;True;0;False;False;False;True;0;False;True;False;False;0;False;False;False;False;False;0;6;False;0;False;0;6;False;False;True;e8a20b1a9f53d074bb9b851c082833829814e3fcfd526b95112313206e4d4529;0.7302866198567313;0.5946772201641497;0.833084671520825;0.6788283546308884
False;False;True;False;False;False;False;True;False;False;False;0;True;False;False;False;0;False;False;True;False;0;False;False;False;True;False;0;0;False;0;False;0;6;False;False;True;82778a7017571f964113694e14fefd8be6e4a95fc18109f0b8e10ea9fa3192d8;0.6616573716488003;0.514190156967129;0.8042208259896942;0.6308756937536795
True;False;False;True;True;False;True;False;False;True;False;0;False;False;False;False;0;False;True;False;False;0;False;True;False;True;True;0;0;False;0;False;0;6;False;False;False;89c9f316cf4bd683d5ed212f76871b28ec3257683d1d6f80b32e3aa648837d49;0.5171210230874619;0.3898251210347879;0.8281043717253818;0.6693639003397096
False;False;False;True;True;False;False;False;False;False;False;0;True;False;False;False;0;True;False;False;True;0;False;True;False;True;False;0;0;False;0;True;0;6;False;False;True;9996615ce8a392d9fb7e8ccf38e7b6a07f6c0cfb227bb3170894b3f624c60d60;0.5412703022709828;0.4169085852176696;0.8209049650243784;0.6582302617549898
False;False;True;True;False;False;False;False;False;False;False;0;True;False;False;False;0;False;True;False;True;0;False;True;False;True;True;0;0;False;0;True;0;6;False;False;False;76e40d72b9325e876083f6da7512419ba4d73a1aa6def64cf9c3e2211d7d088d;0.5845632907295;0.443442327993687;0.8149109476593756;0.6457917054853344
False;False;True;True;False;False;False;False;False;True;False;0;True;False;False;True;0;False;False;True;False;0;False;True;False;False;False;0;0;False;0;True;0;6;False;False;True;b7da36140e06ca58bc250e029d53c301e02a5460b7877cf7b76c5cbc56f6db2b;0.6160277734220638;0.4856488948199154;0.7863166766552102;0.6260839949034784
False;False;True;True;False;False;False;False;False;True;True;0;True;False;False;True;0;False;True;False;False;0;False;True;False;False;True;0;6;False;0;True;0;6;False;False;False;c9f33df4d6ce49ed0f4b608252e19c47351a91a005638cd41c78153c3218a878;0.7520771346332565;0.6136931573396344;0.808251376309684;0.6514583756036431
True;False;True;True;False;False;False;False;False;False;True;0;True;False;False;False;0;True;False;False;True;0;False;True;False;True;True;0;24;False;0;False;0;6;False;False;False;97d327d91fe9a0584b76a1dda5b66dd6c1a80653b748d5516a2ee6da11af5e2a;0.8719178240015517;0.7411494074269704;0.8484577586444946;0.6781282312515222
True;False;False;True;True;False;True;True;False;False;True;0;False;False;False;True;0;False;False;True;False;0;False;True;False;False;False;0;6;False;0;False;0;6;True;False;False;8b4728fc11fcc2f2f754666782cc036440da96b06cfca88808134f7726141ce0;0.7343060309624179;0.567471972049604;0.9061025031240276;0.7484548007364876
False;False;True;True;False;False;True;True;False;False;True;0;False;False;False;True;0;False;False;False;False;0;True;True;False;False;False;0;18;False;0;True;0;6;False;False;True;aca9ae833941d0196219c17ff607862a000aa3a9fea9554b2ce05ab2fed7a2d2;0.5766076316544223;0.4653139093452458;0.5847690686698688;0.46604640392285246
False;False;False;True;True;False;False;True;False;False;True;0;True;False;False;False;0;False;True;False;False;0;False;True;False;True;True;0;18;False;0;True;0;6;False;False;False;f03a7752562b49671c45eba89e2c9c1166d03cc96d42646e270821e2a1f3a39c;0.7923706622644152;0.6357375494915527;0.8754177590635025;0.7012482265640568
False;False;True;False;False;False;False;False;False;True;False;0;True;False;False;False;0;False;False;True;False;0;False;False;False;True;False;0;0;False;0;False;0;6;True;False;False;df35700f7e4de98c3aa347a4b1aa3b0210bb64d1f590f960fd4e6ddb9670b2b4;0.6190956271486179;0.4842175238626323;0.8053093619336095;0.6438853449055426
False;False;False;True;True;False;False;False;False;False;True;0;True;False;False;False;0;False;False;False;True;0;True;True;False;True;False;0;24;False;0;True;0;6;True;False;False;e2e45c0e7ad9e7657f26f04277525a0516e8d3c418d41f8b3d296dfbcc209cb2;0.1514816932629568;0.0899360159923213;0.35739673694317486;0.3068824568628656
True;False;True;True;False;False;False;True;False;False;True;0;True;False;False;True;0;False;True;False;False;0;False;True;False;False;True;0;24;False;0;False;0;6;False;False;False;a0f0593cd25b376403e53368ccfd92668aae08f5ecdb639136271e6edc073b4b;0.954858669198674;0.877242380446297;0.7960292825950529;0.62041000137406
False;False;True;True;False;False;True;False;False;False;True;0;False;False;False;False;0;True;False;False;True;0;False;True;False;True;False;0;18;False;0;True;0;6;False;False;True;10d28d0fd5fd5ad75ca45273f4fc1926885b5d3184a290a69a38a0a3db64b791;0.8175061956073251;0.6704831673559664;0.8306565752267747;0.6693265897215889
False;False;True;False;False;False;False;False;False;True;False;0;True;False;False;False;0;False;False;True;False;0;False;False;False;True;True;0;0;False;0;False;0;6;False;False;False;05b4a26132f27dfde04ae45be498d623ba32ba65229737f800c938498bc7689c;0.6015260542548388;0.4681511388334133;0.7888311382042247;0.627188874801295
True;False;False;True;True;False;False;True;False;False;True;0;True;False;False;False;0;False;True;False;False;0;False;True;False;True;True;0;24;False;0;False;0;6;False;False;False;7ad3918d2ed16bf4615b8eb451467fd443a829d730391773a80e8e21b5211708;0.8188502809878319;0.6732364873218213;0.8741114540176361;0.6980430059112364
True;False;True;True;False;False;True;False;False;False;True;0;False;False;False;True;0;False;True;False;True;0;False;True;False;False;False;0;24;False;0;False;0;6;False;False;True;deeca0f50fa91f8068c3f3b56c990a674356b30b642008ce7f6977607c241a76;0.9038096035693206;0.781157202781165;0.8623678707373817;0.6961283504831323
False;False;True;False;False;False;False;False;False;True;False;0;True;False;False;False;0;False;False;True;False;0;False;False;False;True;False;0;0;False;0;False;0;6;False;False;True;b95c12c3c2ac4e879f7bda4f94d1f3e7b5ea65fe8e494c3c0996bd9d1ef05c1f;0.6206085991964873;0.4860129031622008;0.8018631136704286;0.6387292116661784
False;False;True;False;False;False;False;False;False;True;False;0;True;False;False;True;0;True;False;False;False;0;False;False;False;False;True;0;0;False;0;False;0;6;False;False;False;ce0f795423d3884a482ab468585fa1af2429ac3c3512cabaf600303ada8e32ed;0.5979215511123132;0.4654322227380694;0.7858646217864613;0.6239873343947819
False;False;False;True;True;False;True;False;False;False;True;0;False;False;False;True;0;False;True;False;True;0;False;True;False;False;False;0;24;False;0;True;0;6;True;False;False;3a5867caf99c1df992bc4f46195eb8878af93ce6a3ee3b7f56c9ac5722d460ad;0.7439537183328924;0.5798041672214309;0.8809018098031162;0.6988450418195447
True;False;True;True;False;False;False;False;False;True;False;0;True;False;False;False;0;True;False;False;False;0;False;True;False;True;False;0;0;False;0;False;0;6;True;False;False;6db060de8ef554ec8f1f121f4aefcd075d9e4734afbcd352db9daa5a00eee5b3;0.6191442894948191;0.485621678508258;0.8044125078978319;0.6439387936512978
False;False;True;True;False;False;True;False;False;False;True;0;False;False;False;False;0;False;False;True;True;0;False;True;False;True;True;0;24;False;0;True;0;6;False;False;False;e532b6ada24ead0e38ae69b72f4aed7670a3db74e49ae167a2a2f6eb3424fc0c;0.7887261374438898;0.6340792185662923;0.8040846009252576;0.6228971434133663
False;False;True;False;False;False;True;True;False;False;True;0;False;False;False;True;0;False;False;True;False;0;False;False;False;False;False;0;6;False;0;False;0;6;True;False;False;9e35b7dcfb30f077fdd63bc60c32965ec7626ae80d3c9b74b0345a75d7e0a130;0.7975388836289703;0.6600108646482082;0.8241408519192004;0.662134619373141
False;False;True;True;False;False;True;False;False;True;False;0;False;False;False;False;0;False;False;False;False;0;True;True;False;True;False;0;0;False;0;True;0;6;False;False;True;0ead3585ffc2dd5c5898461e08a6b0f6d15b9e1b36ea1fb6dc100cf1761fae41;0.1463215089688194;0.0980783726771716;0.3321741205968516;0.27936387247554184
True;False;False;True;True;False;True;True;False;False;False;0;False;False;False;False;0;True;False;False;False;0;False;True;False;True;True;0;0;False;0;False;0;6;False;False;False;36b6bf9f3ea2c72e99c696c525595242d0674d406bdffd1f608c150693a091ac;0.5213821316852479;0.3973865587440273;0.8047911399439865;0.6437795034169607
True;False;True;True;False;False;False;False;False;True;True;0;True;False;False;True;0;False;False;True;False;0;False;True;False;False;False;0;24;False;0;False;0;6;True;False;False;5408efba504214dc3305fa0eb359b3f6ae6b1e91c7fd2bd53dd4b1fb45c920e6;0.8827903919702338;0.7673957955586326;0.8438012170837972;0.6814004357416124
False;False;True;False;False;False;False;False;False;True;True;0;True;False;False;True;0;False;True;False;False;0;False;False;False;False;True;0;24;False;0;False;0;6;False;False;False;d3fe0d1cb7a5c29d20ecef454a99881571cb018ffbf34cb5e200589d13858393;0.8409919025489391;0.7182206087116183;0.8253541403247511;0.6580228807397595
False;False;False;False;True;False;False;False;False;True;True;0;True;False;False;False;0;False;False;True;False;0;False;False;False;True;True;0;6;False;0;False;0;6;False;False;False;ff9a28308865589dfc45683fc12ce5919ddc6d0d997682edc294296d82f3b7de;0.658412349022552;0.4915922387777606;0.9011082130417255;0.7363696964533182
True;False;False;True;True;False;False;False;False;True;False;0;True;False;False;True;0;False;False;True;False;0;False;True;False;False;False;0;0;False;0;False;0;6;False;False;True;c394e98bca57f4881aa669ec3a34433314acb9f3ae78f7b830af6c7b89d11545;0.529860522579511;0.4037381945186301;0.8386044188611452;0.6810080356323193
True;False;False;True;True;False;True;True;False;False;True;0;False;False;False;False;0;False;False;False;False;0;True;True;False;True;False;0;24;False;0;False;0;6;False;False;True;9622811711b8809bdeedfd2e2a2f6e25d3137a0f06eb2deb8da3c7a9f3e1463f;0.1548335866115853;0.0987076518501293;0.34535617827359366;0.30155321250052164
False;False;True;False;False;False;True;False;False;False;True;0;False;False;False;False;0;True;False;False;True;0;False;False;False;True;False;0;18;False;0;False;0;6;False;False;True;f9b751d84fe934568fec0e00d0fcf5ec8035cc532c3bbc05d6a9f976abb361ea;0.8750149962484844;0.743793812205417;0.875675411477977;0.7181111520207569
True;False;True;True;False;False;False;False;False;True;True;0;True;False;False;True;0;True;False;False;False;0;False;True;False;False;False;0;6;False;0;False;0;6;True;False;False;40de60a9979d4dfda8ba551d9c7a7ef1830e6bd78e64684b80017e9fce707374;0.7252738230722994;0.5876057281419125;0.8316239105373332;0.6805205409205162
False;False;True;True;False;False;True;False;False;False;True;0;False;False;False;True;0;False;True;False;True;0;False;True;False;False;False;0;18;False;0;True;0;6;False;False;True;0b4d14c4604dce225f78dc6d4f3dd94a8628fa8ba7582b4a5464e3f42740b9bb;0.8131320583618892;0.6671849868623687;0.830544655215876;0.669981646437486
False;False;False;False;True;False;True;False;False;True;False;0;False;False;False;True;0;False;False;False;False;0;True;False;False;False;False;0;0;False;0;False;0;6;False;False;True;2d0c6a8b60d0f22abf16f395597a7d677ce237356bb0f7588d697fe6ac7722ca;0.3643924684695;0.279896125838081;0.6555434276322565;0.5337993526686916
True;False;True;True;False;False;True;False;False;True;True;0;False;False;False;True;0;False;False;True;False;0;False;True;False;False;False;0;24;False;0;False;0;6;True;False;False;2f489221b873400b4f5a3ea6e5f36bf5eea9ff906cab3de3ba83219816672abe;0.8867779960879905;0.7728958832077224;0.8461490245183245;0.685855798907553
True;False;False;True;True;False;False;False;False;True;False;0;True;False;False;True;0;False;False;False;False;0;True;True;False;False;False;0;0;False;0;False;0;6;True;False;False;4bec5346c1ea3822f0ff5a48a240f5c07f9bf48fcdce65d0e5558c49714466cb;0.3573804715835271;0.2751618136652939;0.6478777196834221;0.5296059903718827
False;False;False;True;True;False;True;False;False;True;True;0;False;False;False;False;0;False;False;True;False;0;False;True;False;True;True;0;24;False;0;True;0;6;False;False;False;6c5a0db4f58f5f36ace370f05ec4c17e52d51b8fca115d841845a1fd80edaa93;0.6764215783498583;0.5132066159947337;0.8714052302848181;0.6923969772848743
False;False;True;True;False;False;True;True;False;False;True;0;False;False;False;False;0;True;False;False;False;0;False;True;False;True;False;0;24;False;0;True;0;6;True;False;False;4e1fa002512e687e69b347f730fbe7d0dc6ce3dd8abe3f164be4d782e4daa68f;0.8993153589838379;0.7785988548909586;0.7628920383801715;0.584247380629239
True;False;False;True;True;False;False;False;False;False;True;0;True;False;False;True;0;False;True;False;True;0;False;True;False;False;True;0;24;False;0;False;0;6;False;False;False;69981bbc253492206cdc605cd8184784ca184ddf52f2f7a5198add92086cdf06;0.7660098176603138;0.6131697413962571;0.8824478843243463;0.7125958952606389
True;False;True;True;False;False;False;True;False;False;True;0;True;False;False;True;0;True;False;False;False;0;False;True;False;False;False;0;6;False;0;False;0;6;False;False;True;d62a51506b42ed3fcdc2ab545e074e4378c496ebd65772131d058c9ab855775a;0.8040626925343228;0.6612355371999066;0.819962718623418;0.6549200663952236
False;False;False;False;True;False;False;False;False;False;True;0;True;False;False;False;0;True;False;False;True;0;False;False;False;True;False;0;24;False;0;False;0;6;True;False;False;ac1258852867dea88ffc27fb87bf4fce4ea37cf9c1392b823c32850b8ac64853;0.7716633854146885;0.6219121367467758;0.8935387501758595;0.7285266119785794
False;False;False;False;True;False;False;False;False;False;False;0;True;False;False;True;0;True;False;False;True;0;False;False;False;False;False;0;0;False;0;False;0;6;True;False;False;a1dbaab65c325ec28baa233ef3719c9db29e3c1f8e96effdab3b4b8b57d536b2;0.5316149592993518;0.4095292515844702;0.8223598749322354;0.6646444275475798
False;False;False;True;True;False;True;True;False;False;True;0;False;False;False;False;0;True;False;False;False;0;False;True;False;True;False;0;18;False;0;True;0;6;True;False;False;8651c13bcf436da3f0ef2ebe019cb6c9c5afedeb10c2b2f475382ca96b239fd8;0.8108040519868499;0.6556812688642206;0.8896378343979323;0.7202025683599201
False;False;True;False;False;False;True;False;False;True;True;0;False;False;False;False;0;True;False;False;False;0;False;False;False;True;False;0;24;False;0;False;0;6;False;False;True;1e41058b12ffda257cf3ec89bd826a3634b9fc3fe7ac60a4c839fc2ba8f74793;0.8827643296924048;0.7671876591088739;0.8458493632761208;0.6824766239337461
False;False;True;True;False;False;True;False;False;False;False;0;False;False;False;False;0;False;False;False;True;0;True;True;False;True;False;0;0;False;0;True;0;6;True;False;False;6844467c5fc531306a6468607f1d907c5119707ca72eca6fd82911a797bf3b30;0.1422406485715118;0.0895108916199126;0.34803068421819616;0.2960873195814962
False;False;False;True;True;False;False;False;False;True;False;0;True;False;False;False;0;False;False;False;False;0;True;True;False;True;True;0;0;False;0;True;0;6;False;False;False;0ca1011f954f2cd3577cc6fda8f7cb0a521121c1b116b002731f07cad5562826;0.1051873592297688;0.0670445739364862;0.3367593397762858;0.2835434835820925
False;False;False;False;True;False;True;False;False;True;True;0;False;False;False;False;0;False;False;True;False;0;False;False;False;True;True;0;24;False;0;False;0;6;False;False;False;e591fcac9a64830c5a5313ea5240aca76dc8b94e872a0a15259b193dbb4fab64;0.7056865104563699;0.547008152671945;0.8870519060270213;0.7178220108812818
False;False;True;True;False;False;False;True;False;False;True;0;True;False;False;False;0;True;False;False;False;0;False;True;False;True;False;0;6;False;0;True;0;6;True;False;False;31d8992c23df6e90947e0a7c0f9583fdfee41275a058386665e21cead94b820c;0.8512467841828251;0.7130116238913518;0.8293746964148835;0.6685323995748886
False;False;False;False;True;False;False;False;False;False;True;0;True;False;False;True;0;False;True;False;True;0;False;False;False;False;False;0;24;False;0;False;0;6;True;False;False;8edf1e2dc909c7a23d1a6271e40250bab5368da3ea875af1fd81f849121643fe;0.7693733785869473;0.6199420995079314;0.8922758868022128;0.7270214059728101
True;False;False;True;True;False;False;True;False;False;True;0;True;False;False;False;0;True;False;False;False;0;False;True;False;True;True;0;18;False;0;False;0;6;False;False;False;82616d63edb9a45c76c12c950acc152a7d835961f291032371b834f476704459;0.819499635692957;0.6687497310033726;0.8912279741888299;0.7244511423969405
True;False;True;True;False;False;True;True;False;False;True;0;False;False;False;True;0;False;False;False;False;0;True;True;False;False;True;0;18;False;0;False;0;6;False;False;False;40a83c0d9a3c400abd9211cac3dba496d33ca4ba4290bbbadcbd4d24658cff83;0.5950761769102869;0.4818897186111446;0.6052121753026029;0.4842443172605598
False;False;True;False;False;False;False;False;False;False;True;0;True;False;False;False;0;True;False;False;True;0;False;False;False;True;False;0;24;False;0;False;0;6;False;False;True;19141f170293c7a86d0b50711bf14106721655776802f38d7dec5fb9271a90f0;0.8916876810263656;0.7667486891963061;0.8595717517453022;0.6889577704780464
True;False;False;True;True;False;False;False;False;True;True;0;True;False;False;True;0;False;False;True;False;0;False;True;False;False;True;0;6;False;0;False;0;6;False;False;False;b91bd77bbffd3b08b0b48ee78737b5b3b8cb744f5260572e83a63e35711920fc;0.6607653920282679;0.4947676301264981;0.9033056918006821;0.7389857014598967
False;False;False;False;True;False;False;False;False;True;True;0;True;False;False;True;0;True;False;False;False;0;False;False;False;False;True;0;6;False;0;False;0;6;False;False;False;4cb01e46c1049c2c77e3ff2c2fd552a223421c3b2182690468a3bc9d184fcb1a;0.6570475975049127;0.4912748441111227;0.8991476893583801;0.7343698823036308
True;False;True;True;False;False;False;False;False;True;True;0;True;False;False;False;0;True;False;False;False;0;False;True;False;True;False;0;24;False;0;False;0;6;False;False;True;4a085033b5f2cfce6dfe495a4fb5349812b313146c1d2006e5bb2eb47493065a;0.8878881129452548;0.7735762049807208;0.8399471865723503;0.6779586632479019
True;False;True;True;False;False;False;False;False;True;True;0;True;False;False;True;0;False;False;True;False;0;False;True;False;False;False;0;18;False;0;False;0;6;True;False;False;8a023fbc6f1f2505f7c2ddeb1cd791b9580877754d7dfd09ede6384127b2186b;0.8687178215428317;0.748722878323557;0.8538283551650275;0.7039946063901927
False;False;True;True;False;False;True;True;False;False;True;0;False;False;False;False;0;False;True;False;False;0;False;True;False;True;False;0;24;False;0;True;0;6;True;False;False;b08faf78c80819467d5096552f08b8c8c719549eade186a97ad70b060cc68a42;0.8992911846137388;0.7786471942152597;0.7629436916728871;0.5842376431876324
False;False;True;False;False;False;True;False;False;True;True;0;False;False;False;False;0;False;False;False;False;0;True;False;False;True;True;0;6;False;0;False;0;6;False;False;False;a0f36725b9bd540fee930101eedc8a96b320e40fbd2fb1c3cbd0b5a876b193d4;0.1407069670161133;0.0928775039866953;0.31967557665467516;0.2862474745760094
False;False;True;False;False;False;True;True;False;False;True;0;False;False;False;False;0;False;False;True;False;0;False;False;False;True;False;0;24;False;0;False;0;6;False;False;True;3765067277c7a6fe75e4f49dfa7f91a4f1d98a785cfeceed4fab41febd009913;0.9810906821712038;0.9334471237167522;0.8155643137598901;0.6407735096128311
False;False;False;False;True;False;False;True;False;False;False;0;True;False;False;True;0;True;False;False;False;0;False;False;False;False;True;0;0;False;0;False;0;6;False;False;False;e8cd44fb296ec5558945ae71f7b58cdb9d01215363cccf29b7889c99b63fd389;0.5202792255096341;0.397344120786541;0.8027464397792184;0.6415252537754669
False;False;True;False;False;False;True;False;False;True;True;0;False;False;False;False;0;False;True;False;False;0;False;False;False;True;True;0;24;False;0;False;0;6;False;False;False;830508660fda07a6fdc0b3c85bf163ecce4e8529f83543778a290a4f6059e1c8;0.8488188526041879;0.7259874382414072;0.8353531283080468;0.6709602425615127
False;False;True;False;False;False;True;False;False;False;False;0;False;False;False;False;0;False;True;False;True;0;False;False;False;True;False;0;0;False;0;False;0;6;False;False;True;7427f4c769677e9428c4999fa3647bae4f0548265e0d7f45ec4e913f95397fac;0.6090837996957464;0.462420060254366;0.8367575658875036;0.6674649116179079
True;False;True;True;False;False;True;False;False;True;True;0;False;False;False;False;0;False;False;False;False;0;True;True;False;True;False;0;6;False;0;False;0;6;False;False;True;3d973ab36aa16fbedb41fa529f88b81c736803f9d035d42ca4d26f3aa35ee626;0.1467839711525205;0.1001460044614332;0.32430323464390465;0.29333680438456505
False;False;True;False;False;False;True;True;False;False;True;0;False;False;False;False;0;False;False;True;False;0;False;False;False;True;True;0;18;False;0;False;0;6;False;False;False;e7e20a2f6e9901f0dd68a8e5e6a6cbedfe6da5d1dd3d923774159fa6a97309a6;0.9058402949256272;0.7935461371851277;0.812799524155498;0.6498504354309326
True;False;False;True;True;False;False;False;False;False;True;0;True;False;False;False;0;False;False;False;True;0;True;True;False;True;False;0;24;False;0;False;0;6;True;False;False;82845786892b2edab9f8ff72588264d239044f5f7ec36cda34600d4f86de985f;0.1532733019856776;0.0934816829112014;0.36324130773543273;0.317979711737915
True;False;True;True;False;False;False;False;False;False;False;0;True;False;False;True;0;False;False;True;True;0;False;True;False;False;False;0;0;False;0;False;0;6;True;False;False;8ade6bceffcf725cb3c661d4b1071bdd294325691012b5716180d820ce7e7d37;0.6073391240176583;0.4623906261647116;0.8429904696191489;0.6761106319235833
False;False;False;False;True;False;False;False;False;True;False;0;True;False;False;False;0;False;False;False;False;0;True;False;False;True;True;0;0;False;0;False;0;6;False;False;False;9563459c0259f3e4823d7ffe7d90242126773c7f491641b17b6a56f8499756bf;0.1026226659383287;0.0645813335117216;0.3349027209306097;0.28278692160776725
False;False;True;False;False;False;True;False;False;False;False;0;False;False;False;True;0;False;False;True;True;0;False;False;False;False;False;0;0;False;0;False;0;6;False;False;True;b7d8b0601f84336eece2d6ee18c535ed01ec4b261f8c09420134753d922c6af5;0.606983947208702;0.4609413716122265;0.8364636113078892;0.6675299326399531
False;False;True;True;False;False;True;False;False;True;True;0;False;False;False;False;0;False;False;False;False;0;True;True;False;True;False;0;24;False;0;True;0;6;False;False;True;07e4de2db1a98580d28936888773233c65f46a607f3220bc9d5f5cec84e1b743;0.1566775617259524;0.1158862542265757;0.3054524616157641;0.27456399605528065
False;False;False;True;True;False;True;False;False;False;True;0;False;False;False;False;0;True;False;False;True;0;False;True;False;True;False;0;24;False;0;True;0;6;False;False;True;3d36e54c5863e5b98020892fc17cd6b74eb083885f567b251705d79cf448e4ef;0.7510122773416592;0.586088316444072;0.878097760253437;0.6941609253023131
True;False;True;True;False;False;False;False;False;False;True;0;True;False;False;True;0;False;False;False;True;0;True;True;False;False;True;0;24;False;0;False;0;6;False;False;False;d3078fbb849d80f5a90f934415c95495a2659cce926b7a131c0822a26394d88c;0.5338673662349726;0.4293650263734935;0.6039828091466505;0.47768815307680407
False;False;True;True;False;False;True;False;False;False;False;0;False;False;False;False;0;True;False;False;True;0;False;True;False;True;True;0;0;False;0;True;0;6;False;False;False;525b39da9d2a60344c17f7b76a3a7d450171f587c89f72d181873b3af4cbe5d0;0.5849051764126142;0.4431769748984903;0.815414558119054;0.6466466396062567
False;False;False;True;True;False;False;True;False;False;True;0;True;False;False;True;0;False;False;False;False;0;True;True;False;False;False;0;6;False;0;True;0;6;False;False;True;0946f923f5568781aeedab357268bfd9816921077d5ab99cd7fc0de6a1c91479;0.512612105658903;0.3985850581723261;0.6859355238632605;0.5603240046739593
False;False;True;False;False;False;False;True;False;False;True;0;True;False;False;False;0;False;True;False;False;0;False;False;False;True;True;0;6;False;0;False;0;6;False;False;False;72d2d5eec6cd92b393082da1c8ae3ef6296335947f8df0f156fb1891f14e61d9;0.7756595503864664;0.6324630202228505;0.8075219696256719;0.6412764853512138
False;False;True;False;False;False;True;False;False;False;False;0;False;False;False;True;0;True;False;False;True;0;False;False;False;False;False;0;0;False;0;False;0;6;False;False;True;8f53240378e3adaf44757532667eac41dc1254803d6891e3cd73777eafeb7ba9;0.6064437232966553;0.460534725148836;0.8360444416758602;0.666902309307949
True;False;True;True;False;False;True;False;False;True;False;0;False;False;False;True;0;True;False;False;False;0;False;True;False;False;True;0;0;False;0;False;0;6;False;False;False;f807231746321a79587ad83895f07051644dd9c7b2c67b9947ea18da9747518c;0.6008649599575117;0.4702281514547235;0.7858427936084785;0.6253718756611281
False;False;False;False;True;False;False;False;False;False;True;0;True;False;False;False;0;False;False;True;True;0;False;False;False;True;False;0;6;False;0;False;0;6;True;False;False;89d0650eb1e868d2f8ea5e78bd166b4834159d2240775b3da371a5204a6b9d12;0.6824440840884268;0.51508691306227;0.9031959082364915;0.7411682354724562
True;False;False;True;True;False;True;True;False;False;True;0;False;False;False;False;0;True;False;False;False;0;False;True;False;True;False;0;18;False;0;False;0;6;False;False;True;23c8f0c956d6f66ff3978806331a78f3a8dbd585351f4a7e6804303794351a0c;0.8467170267945995;0.6978626512831781;0.9022568180314304;0.7359936327317188
False;False;True;True;False;False;True;False;False;True;True;0;False;False;False;True;0;False;False;True;False;0;False;True;False;False;True;0;18;False;0;True;0;6;False;False;False;d340c0c50c0072f5045c97e28d0dd254aabbd6254959c3f564fd2ddfa7230584;0.777035815938788;0.6439827875073446;0.7852473656356668;0.6293262675661603
False;False;False;True;True;False;True;False;False;False;True;0;False;False;False;True;0;False;True;False;True;0;False;True;False;False;False;0;24;False;0;True;0;6;False;False;True;6c3c5f51b7c52793397142c787d04a3d2dd2831f67aacb031ce4619ba23dc29c;0.7473574106723038;0.5839704991414767;0.8778408027784789;0.6949628707915932
False;False;False;True;True;False;False;False;False;False;True;0;True;False;False;True;0;False;True;False;True;0;False;True;False;False;True;0;18;False;0;True;0;6;False;False;False;ea9e15097d82ca65157a01f147a3b752330c8cb151f57b96ab3e61101c2f1193;0.7526390704717804;0.5898550250709812;0.8899237860204524;0.7199728886826837
True;False;False;True;True;False;True;False;False;False;True;0;False;False;False;False;0;False;True;False;True;0;False;True;False;True;False;0;24;False;0;False;0;6;True;False;False;478226e8b91fd9e223848097af04e9841a0c7c8bebe003eaabda02f9545b72e8;0.7897975250366776;0.6373747638480823;0.9006183635558404;0.735970324434097
False;False;False;True;True;False;False;False;False;True;True;0;True;False;False;False;0;False;False;True;False;0;False;True;False;True;False;0;6;False;0;True;0;6;False;False;True;2a1e8f3ad608486da7eb9f165fa6389c641a895232a3dcc7a9b1cd22741150cf;0.7357016739712176;0.5718769441214809;0.9337651285581775;0.7854387474476938
True;False;True;True;False;False;True;False;False;True;False;0;False;False;False;False;0;False;True;False;False;0;False;True;False;True;True;0;0;False;0;False;0;6;False;False;False;cd5f0844e445d6ab574976706eb2929d22072940c7433eab15c9894501181460;0.5975925001661198;0.4657958957739559;0.7844446186375539;0.6228677289629039
False;False;False;True;True;False;True;False;False;False;True;0;False;False;False;False;0;False;True;False;True;0;False;True;False;True;False;0;24;False;0;True;0;6;False;False;True;094802099a954f021532ac747c687c91a2a7716fb3c0456bf06bb770299e0de7;0.7510822060867837;0.5861338687008855;0.878127151688224;0.6941562139875717
