slice_timing_correction/ref_slice/middle;distorsion_correction;signal_modeling/temporal_noise_autocorrelation/FAST;slice_timing_correction;signal_modeling/temporal_noise_autocorrelation/AR1;spatial_normalization/algorithm/linear;motion_correction_realignment/register_to/mean;signal_modeling/hrf/temporal_derivs;spatial_normalization/algorithm/DARTEL;signal_modeling/hrf/canonical;signal_modeling/nuisance_regressors;spatial_normalization/bias_regularisation/extremely_light;motion_correction_realignment/register_to/first;spatial_normalization/bias_regularisation;spatial_normalization/template/MNI152_nonlinear;coregistration/source_target/func_on_anat;spatial_normalization/bias_regularisation/light;coregistration/cost_function/entropy_correlation_coefficient;coregistration/cost_function/normalised_mutual_information;coregistration/cost_function/mutual_information;signal_modeling/hrf/temporal_dispersion_derivs;spatial_normalization/bias_regularisation/very_light;coregistration/cost_function/normalised_cross_correlation;slice_timing_correction/ref_slice;signal_modeling/nuisance_regressors/comp_cor;coregistration/source_target/anat_on_func;spatial_normalization/interpolation/nearest_neighbour;spatial_normalization/bias_regularisation/heavy;signal_modeling/nuisance_regressors/motion;spatial_normalization/template/MNI152_linear;spatial_normalization/bias_regularisation/medium;slice_timing_correction/ref_slice/first;spatial_normalization/bias_fwhm;spatial_smoothing/fwhm;spatial_normalization/interpolation/trilinear;spatial_normalization/template/MNI305;spatial_normalization/interpolation/bspline;id;pearson_from_ref;spearman_from_ref;pearson_from_mean;spearman_from_mean
False;False;True;True;False;False;False;False;False;True;False;0;True;False;False;False;0;False;False;False;False;0;True;True;False;True;False;0;0;False;0;True;0;6;True;False;False;e012bd4d9bab5a18593441c76f48ccc732bca3390703ffad76a4effde31136ac;0.1530438051244195;0.1032194228575597;0.3266983636003187;0.28161760352644394
True;False;True;True;False;False;False;True;False;False;True;0;True;False;False;True;0;False;False;True;False;0;False;True;False;False;False;0;24;False;0;False;0;6;True;False;False;850e4d92a370900eede8982155772f1ba014ab468eef7c55976bcc207dd19ff3;0.9921083657979038;0.9621056861355836;0.8278343120118822;0.6580023502529516
False;False;True;True;False;False;False;True;False;False;True;0;True;False;False;True;0;True;False;False;False;0;False;True;False;False;False;0;24;False;0;True;0;6;True;False;False;84c27a9d96a41f520b1de0bf3ef88093bcf9761b45e45efa195b0f16e989e3b8;0.8974794963956164;0.7756936442573958;0.7652365783049268;0.5852840137220082
False;False;True;True;False;False;True;False;False;False;False;0;False;False;False;True;0;False;False;False;True;0;True;True;False;False;False;0;0;False;0;True;0;6;True;False;False;0c7beba1bec8f4ff1c5ebff7e2af248230c4ce91c277751ff035fe2b84549194;0.4174285017061168;0.3102603591633239;0.6581132173880768;0.5208286777881435
True;False;False;True;True;False;True;True;False;False;True;0;False;False;False;False;0;True;False;False;False;0;False;True;False;True;False;0;24;False;0;False;0;6;False;False;True;bd680f4a5114da7b91609bc9ea47b7323842816ba6343500c37d9e15d8cb6f6a;0.8513208942773167;0.7097034226299054;0.8882543662041554;0.7178765683068337
False;False;False;True;True;False;True;False;False;False;False;0;False;False;False;False;0;True;False;False;True;0;False;True;False;True;True;0;0;False;0;True;0;6;False;False;False;edff2ab1ef5565f4e9b1eea8c7247419318afe52c40700982fa2a001dd1ac68e;0.524638797707083;0.4030854357258064;0.8024708461830723;0.639811031180602
False;False;True;True;False;False;False;False;False;False;True;0;True;False;False;True;0;False;True;False;True;0;False;True;False;False;False;0;6;False;0;True;0;6;True;False;False;1e84206efabac4b27fa318b5c63826857515016fdcee8fb0aaabefa8cfb414c5;0.7583722573259514;0.6041385432015473;0.8551664951031958;0.6965022711157973
False;False;False;False;True;False;True;False;False;False;True;0;False;False;False;True;0;False;False;True;True;0;False;False;False;False;False;0;6;False;0;False;0;6;False;False;True;09fbdd872a931ffaeb2422e212856182fa02f1b84a666edfe1e21a6d24c00371;0.6865327332322364;0.5203826376853459;0.9049533973465508;0.7424397539909986
False;False;True;True;False;False;True;True;False;False;True;0;False;False;False;False;0;False;True;False;False;0;False;True;False;True;False;0;18;False;0;True;0;6;False;False;True;beb8afa67126e0aa717713f6dbdddf3446f0d68dce25d530f34bc102e660f3b0;0.8871590998338796;0.7684106349668449;0.7796654615413869;0.6203020335570663
False;False;True;False;False;False;True;False;False;True;True;0;False;False;False;False;0;False;False;False;False;0;True;False;False;True;False;0;24;False;0;False;0;6;True;False;False;2f0e7ad8253c445ff3da78b9247c711ad87c3d315a75924cc7dca7616f201149;0.1674036321452699;0.129073756091179;0.30751621475173685;0.29233811803505794
False;False;False;True;True;False;True;True;False;False;True;0;False;False;False;True;0;False;False;True;False;0;False;True;False;False;False;0;6;False;0;True;0;6;False;False;True;878ef2ae922e21f7d403fd2c29a63ebe1f882d050a67f0906f92b3d1175ef738;0.8021638571544749;0.6455589232481215;0.9299940895845724;0.7835511852412217
True;False;True;True;False;False;False;True;False;False;True;0;True;False;False;False;0;False;True;False;False;0;False;True;False;True;False;0;6;False;0;False;0;6;False;False;True;43285407cae366b7cae567b6e599b9ffed9bb7882db6b0f26cc5ea7ab00b3d30;0.8073704429365609;0.6635640832819033;0.8311130512277535;0.6665709776825182
True;False;False;True;True;False;False;False;False;False;True;0;True;False;False;False;0;True;False;False;True;0;False;True;False;True;False;0;6;False;0;False;0;6;False;False;True;8a4709269a1982174652a20cbc65958984de19fcda912e49591d4c50f85015a8;0.6926207536829369;0.5236789179806822;0.9092425741678227;0.7475495110080781
False;False;False;True;True;False;True;True;False;False;True;0;False;False;False;False;0;True;False;False;False;0;False;True;False;True;True;0;6;False;0;True;0;6;False;False;False;a58d7b04eece20f11a0881537fee9370edef0f4a3a0078e34c017140b4ea68aa;0.779988608308933;0.6225503869055137;0.9167370945173235;0.7659843283083879
False;False;False;True;True;False;False;False;False;True;True;0;True;False;False;False;0;False;False;True;False;0;False;True;False;True;False;0;18;False;0;True;0;6;False;False;True;0266b3232982f82a5805d77c2e660b1d24f7074577e05102f062d08dcda0de03;0.7134410837324175;0.5506645611173225;0.892508389607672;0.7243033799380595
False;False;False;True;True;False;False;False;False;True;True;0;True;False;False;True;0;False;False;False;False;0;True;True;False;False;True;0;6;False;0;True;0;6;False;False;False;c3ca49c964655fab28cb2d4600d304b13b58ef1edbbf33ef4a30d475a2a02b8f;0.4638064504206136;0.3516718899397306;0.7081806580895913;0.5820530142741609
False;False;False;False;True;False;True;False;False;True;True;0;False;False;False;True;0;False;True;False;False;0;False;False;False;False;False;0;6;False;0;False;0;6;True;False;False;40dee1bb285a0fbb863c45b51c2ea8fb8a7a269d7637a41721043d7ec8aab9fd;0.6704340456965485;0.5019394935478766;0.9127012347949014;0.7490759495912941
False;False;True;False;False;False;False;False;False;False;True;0;True;False;False;True;0;False;True;False;True;0;False;False;False;False;True;0;18;False;0;False;0;6;False;False;False;74a3b67a3dad630393bdfb71487aff30d2bfc8ad50cae92059692b81197ae696;0.8442327876067967;0.7095327378792956;0.8616195826911625;0.702475775599759
False;False;True;False;False;False;True;False;False;True;True;0;False;False;False;True;0;False;True;False;False;0;False;False;False;False;True;0;24;False;0;False;0;6;False;False;False;45ab19560b58adc905612281443232c468fce2fa6c051e5391373b1d617ee9a2;0.8470001433446505;0.7258383109425424;0.8374553067040451;0.6732149971506762
False;False;False;True;True;False;False;True;False;False;True;0;True;False;False;True;0;False;False;True;False;0;False;True;False;False;True;0;6;False;0;True;0;6;False;False;False;6eb651258e96cf2fc25ed07c1059383e3a3afbe40a71f2f132146fcc8aab0083;0.7765511477333249;0.6185699859875267;0.9151933688434497;0.7618600598750638
False;False;False;True;True;False;True;False;False;True;True;0;False;False;False;True;0;False;False;False;False;0;True;True;False;False;False;0;18;False;0;True;0;6;False;False;True;15cbb32efa5f5db467b601cda64b21f57fe54ec77ccc4277f655300482f127e7;0.4630021593652922;0.3508247889482319;0.6969551656919342;0.5635086855595818
False;False;True;True;False;False;False;False;False;False;True;0;True;False;False;False;0;False;True;False;True;0;False;True;False;True;False;0;6;False;0;True;0;6;True;False;False;0097ae61b909f10d98ac36c0540e8dac9fb11c68cfe99ff91e88e0d3a35f7970;0.7605742492336272;0.6062409987592454;0.8554418093642789;0.6960106209552747
True;False;True;True;False;False;True;True;False;False;True;0;False;False;False;False;0;False;False;True;False;0;False;True;False;True;True;0;6;False;0;False;0;6;False;False;False;2ac5cad819eca20edc7cae909048afdbd56cae8846cd85d6a972d9d0e4ce2412;0.7796988760160262;0.6327567232061245;0.8207688492711901;0.6572768949132115
False;False;False;True;True;False;True;False;False;True;True;0;False;False;False;False;0;False;False;False;False;0;True;True;False;True;True;0;6;False;0;True;0;6;False;False;False;5526045f0bf19b1afc677c1f79c228bc3276a7eaa8b52091ef2d65ed187bde17;0.1467116281159634;0.0910049474646939;0.3382066515040334;0.2992371196650485
True;False;True;True;False;False;True;False;False;False;False;0;False;False;False;False;0;False;True;False;True;0;False;True;False;True;False;0;0;False;0;False;0;6;True;False;False;b780bc4f610bb9c70a4e17fbe65ae3d835751bb3991c830de0ca27f3812f3281;0.6069723979802597;0.4619925651992541;0.8381672688097273;0.6717293123906287
False;False;True;True;False;False;False;True;False;False;False;0;True;False;False;True;0;True;False;False;False;0;False;True;False;False;False;0;0;False;0;True;0;6;True;False;False;1856a5c7995b9e96041ecb95ec05830d82ad4b28c0fbc6c9ff02eac11df39c4c;0.6526240095978374;0.5079492750107589;0.7972056118903041;0.6239503984361395
False;False;False;False;True;False;True;False;False;True;True;0;False;False;False;False;0;True;False;False;False;0;False;False;False;True;False;0;18;False;0;False;0;6;False;False;True;1385b5e3271fdce38cd0a3631cd2dfebe84a8d5de60a23c1f62ec4cfa3775135;0.7312514766455588;0.5704041561159021;0.9005295418934005;0.7363654174715012
True;False;False;True;True;False;True;False;False;True;False;0;False;False;False;True;0;True;False;False;False;0;False;True;False;False;True;0;0;False;0;False;0;6;False;False;False;438bbffcbd6d025d6f5274f7af9c747da58afd53d0b5c26fc6e6ac8d9068f885;0.5174621482140688;0.3924399301481582;0.8196190719392884;0.6592061915047237
True;False;True;True;False;False;True;True;False;False;True;0;False;False;False;True;0;False;False;False;False;0;True;True;False;False;False;0;24;False;0;False;0;6;True;False;False;84927de93fd894965dc4a0c6809586226265d7d700a477cf92dc727427d626b3;0.6393929883407546;0.5357081046498453;0.6318031437910017;0.502876053704184
True;False;True;True;False;False;True;False;False;False;True;0;False;False;False;True;0;True;False;False;True;0;False;True;False;False;False;0;18;False;0;False;0;6;True;False;False;c2c7ac69bfd4e67de93c7f8734ded4bb480e4049f4fb3da49f5cc126458b28dd;0.8805651473415459;0.7500172229324631;0.8853465516427828;0.7347490854697178
False;False;False;False;True;False;False;False;False;False;True;0;True;False;False;True;0;False;True;False;True;0;False;False;False;False;True;0;24;False;0;False;0;6;False;False;False;c5935e701f3b7b14951b12575bc7bd4d2a5920e4e4d36a83a855be2c5af2ebec;0.7514882033270518;0.6014702003480512;0.8761815615143439;0.7062076600017062
True;False;True;True;False;False;False;True;False;False;True;0;True;False;False;False;0;True;False;False;False;0;False;True;False;True;False;0;24;False;0;False;0;6;False;False;True;e028958aa583b70012f19dc816a3efb332ad5e762f85b82aad0891ff506404b7;0.9977701644231828;0.9804520241833944;0.820238026937115;0.6485464982927744
False;False;True;False;False;False;False;True;False;False;True;0;True;False;False;False;0;True;False;False;False;0;False;False;False;True;True;0;6;False;0;False;0;6;False;False;False;337e0a46dc645d66f6a2e01b30a4945cf4881e9499db4c5e4c7f70d66f757758;0.7758408035223311;0.6330997792424449;0.8191049630107236;0.655096947753498
True;False;False;True;True;False;True;False;False;False;True;0;False;False;False;False;0;False;False;True;True;0;False;True;False;True;False;0;6;False;0;False;0;6;True;False;False;af2fff6e29e794b36cfac4ff9525d73de5ff91cbe4d427b3568f72907e39d275;0.6888517733085424;0.520478030835742;0.9116385883013068;0.7519593655978245
False;False;True;False;False;False;True;True;False;False;True;0;False;False;False;True;0;False;False;True;False;0;False;False;False;False;False;0;18;False;0;False;0;6;False;False;True;dbf4ee88885176d8bf7eaed2ab2fdd31497343f05a12d1583666265f6f7f2f15;0.9365720626348426;0.8375657255252579;0.8262264487007067;0.6646728347830378
True;False;True;True;False;False;True;True;False;False;False;0;False;False;False;True;0;True;False;False;False;0;False;True;False;False;False;0;0;False;0;False;0;6;True;False;False;e0cd7ce487117e6315ebdbd4b9126c80848e5b68d8143f1f6ce538e5bb79eef9;0.6591302654182903;0.512450109288652;0.8076616680275278;0.6351199412144618
False;False;False;False;True;False;False;True;False;False;False;0;True;False;False;True;0;False;True;False;False;0;False;False;False;False;False;0;0;False;0;False;0;6;False;False;True;2feadda983f8487dee344d2bf3faf6bebc917be18de2a3eea1f87f33ab1246e9;0.5345301033445508;0.4095751344363632;0.807530513276097;0.6454528323387769
False;False;False;False;True;False;True;False;False;False;True;0;False;False;False;True;0;True;False;False;True;0;False;False;False;False;True;0;24;False;0;False;0;6;False;False;False;095cb31443ad562fc0eaf199d3a50a7249e0c69487d62863478adbce68a9aac4;0.7545725775274184;0.6043474935796765;0.8791340859989749;0.7091640738190431
False;False;False;True;True;False;True;False;False;False;True;0;False;False;False;True;0;False;False;False;True;0;True;True;False;False;False;0;24;False;0;True;0;6;False;False;True;f5551236423162707983bf965fd8f68a205e92039f7369572ab96fbe51922437;0.4794054174496389;0.3655048097246579;0.6769344956222179;0.5358479037326215
False;False;True;False;False;False;False;False;False;False;True;0;True;False;False;True;0;False;True;False;True;0;False;False;False;False;False;0;24;False;0;False;0;6;True;False;False;a33c1e112292381994af87ccd200fa23a629d5bfe8a89bd64489e9ca18c44e1a;0.8849137743114626;0.7595137810867911;0.8676162544930174;0.701603220890977
False;False;True;True;False;False;False;True;False;False;True;0;True;False;False;False;0;False;False;True;False;0;False;True;False;True;True;0;6;False;0;True;0;6;False;False;False;4150776ee5b0cefb02ae31b164f05b914db69ff0823a10fc2e80d7528a918769;0.8261066301215856;0.6841399069427996;0.8223644240810578;0.6611875665891229
False;False;False;False;True;False;True;False;False;False;True;0;False;False;False;True;0;False;True;False;True;0;False;False;False;False;True;0;6;False;0;False;0;6;False;False;False;0966d3c0776383e44e7a1eb178c127da2890d3743b9efab106d98d1f521a0613;0.6686707113515641;0.5029624315516112;0.8930361615764859;0.7263058661800368
False;False;True;True;False;False;True;False;False;True;True;0;False;False;False;False;0;False;False;False;False;0;True;True;False;True;False;0;18;False;0;True;0;6;True;False;False;d0cd740571ace231ca9dd473c5dfd496c1820a7329013643cf41b8a930fe80b1;0.1672958892414527;0.1264569450100126;0.3054149639404324;0.2818809166430012
True;False;True;True;False;False;True;False;False;False;True;0;False;False;False;False;0;False;False;False;True;0;True;True;False;True;False;0;18;False;0;False;0;6;True;False;False;cea3a2826a8eaa55aa58eaf5633e7ba33fdd66a246403d312728e7981c4ad65a;0.1690235155506559;0.1224912284131716;0.3178472945203786;0.3022412174859307
False;False;True;True;False;False;False;False;False;True;True;0;True;False;False;False;0;True;False;False;False;0;False;True;False;True;True;0;24;False;0;True;0;6;False;False;False;f4a6f538479b5da57ad5dd41831b043fb74849e6c842698027fc0e741316f523;0.7752790866186364;0.6416986060513347;0.7732809405587421;0.606217332583083
True;False;True;True;False;False;False;False;False;False;True;0;True;False;False;False;0;False;True;False;True;0;False;True;False;True;True;0;6;False;0;False;0;6;False;False;False;6a749f4733b31c4546a80216359a31ae989d727af9f73f35606c30c77dfbf4d8;0.6923420829214891;0.542314658347756;0.8374359428474255;0.6742011076928738
False;False;True;False;False;False;False;False;False;True;True;0;True;False;False;False;0;False;False;False;False;0;True;False;False;True;True;0;24;False;0;False;0;6;False;False;False;6c17a85c3d2651adf3ef27dba90157979875cda3e68fef529b38de39360a6ee4;0.1610928964238776;0.1229824504888851;0.2984780228443074;0.28322312458063714
False;False;True;True;False;False;False;False;False;True;False;0;True;False;False;False;0;False;False;True;False;0;False;True;False;True;True;0;0;False;0;True;0;6;False;False;False;8259c474115ef1638278a430ef92872bf1dff16cb8e4d68004aada85b204a55e;0.5969367147245817;0.4681599842808855;0.7722711380946701;0.613652738520769
True;False;True;True;False;False;True;False;False;False;True;0;False;False;False;True;0;False;False;True;True;0;False;True;False;False;False;0;6;False;0;False;0;6;True;False;False;72247a5b229fc68db5ba69cd48312b49c26131fe442922830b3c68756387e7ed;0.7117133018116619;0.559098837155171;0.8542083368161587;0.6941892900509193
False;False;True;False;False;False;True;True;False;False;True;0;False;False;False;True;0;False;False;False;False;0;True;False;False;False;True;0;6;False;0;False;0;6;False;False;False;cfd7a8409419cd37d819f16614dc6b6015ee574c2c0fd619d4b2399f15500700;0.5231282137502569;0.4121855488653023;0.6390189367232054;0.5115692160838986
False;False;False;True;True;False;True;False;False;False;False;0;False;False;False;False;0;True;False;False;True;0;False;True;False;True;False;0;0;False;0;True;0;6;True;False;False;b438d7087b9f52da153517247f0d61048914f336921fe9bd4d8f1c73cbd08b63;0.5386959995193695;0.4150889864881074;0.8159419338993926;0.6541011572707757
False;False;False;True;True;False;False;True;False;False;True;0;True;False;False;True;0;True;False;False;False;0;False;True;False;False;False;0;6;False;0;True;0;6;True;False;False;8dcc7d0113dd2eec2f1b71832c76b8844f3d53ee49d5a73e73cebff9689b6494;0.7960192138154212;0.6389127023466491;0.9300754082741564;0.785758946524632
False;False;True;False;False;False;False;False;False;False;False;0;True;False;False;False;0;False;False;True;True;0;False;False;False;True;True;0;0;False;0;False;0;6;False;False;False;d59489bf677305827a167c5b04614514fef76ba4caec16fb8222e7d30f451b99;0.5889519189403235;0.4454825189426147;0.8206240642558468;0.6531150089981925
False;False;False;False;True;False;False;False;False;True;True;0;True;False;False;True;0;False;False;False;False;0;True;False;False;False;True;0;6;False;0;False;0;6;False;False;False;3c1b724bd9109b92400ee9e8b29a7b902b8eaeec2534e75fb1763de38db6e9cf;0.4236984180060155;0.3140369038326321;0.6889502569092262;0.5592104089406595
True;False;True;True;False;False;True;False;False;True;True;0;False;False;False;True;0;False;False;True;False;0;False;True;False;False;True;0;6;False;0;False;0;6;False;False;False;83e877a65a7590c84388cfb1aac9214e63429b22372e2a91fafd3a6a063859fc;0.708940829015;0.5687606898086652;0.8288424844643832;0.675089189591048
False;False;False;True;True;False;False;False;False;False;True;0;True;False;False;False;0;False;True;False;True;0;False;True;False;True;False;0;6;False;0;True;0;6;True;False;False;65b45c743143603f29ff2cf23bd726f8519b705b3734731970a2c601533f2bd2;0.7500563358017991;0.583917425828667;0.9302896373121696;0.7776162945109506
True;False;True;True;False;False;False;False;False;True;False;0;True;False;False;True;0;True;False;False;False;0;False;True;False;False;True;0;0;False;0;False;0;6;False;False;False;e00213c397e36eb5ce23281ffbf219e6c1446b33f2cdb51b5098c59215c825d4;0.5977776565647163;0.4660656284032221;0.7857034005925849;0.6249222694752002
False;False;True;False;False;False;False;False;False;False;False;0;True;False;False;False;0;False;True;False;True;0;False;False;False;True;True;0;0;False;0;False;0;6;False;False;False;04bc8324a4f99aabb8debb6ce77708e51b0031578263309e15bd5c084e140d55;0.5869495108187701;0.4436129333173005;0.8194598693198087;0.6510400812387928
True;False;False;True;True;False;True;True;False;False;False;0;False;False;False;True;0;False;False;False;False;0;True;True;False;False;False;0;0;False;0;False;0;6;False;False;True;e353e5d18c8af408634835180e849884ec30025a4f1b698bcb1e2e3703a35053;0.3744799312240631;0.2865888766418971;0.6480303572590888;0.5184182349117784
False;False;False;True;True;False;True;False;False;False;True;0;False;False;False;False;0;False;False;False;True;0;True;True;False;True;False;0;24;False;0;True;0;6;True;False;False;8aed2eca4cbcd7a1526cc33e46f44560c3c53a01b22e6383ccf6900cfabaacaf;0.1488397630931635;0.0894558077817578;0.32950808801643405;0.28348022046741034
False;False;False;True;True;False;False;False;False;False;True;0;True;False;False;True;0;True;False;False;True;0;False;True;False;False;False;0;6;False;0;True;0;6;True;False;False;ac36c26ae98c6e794bd42daaa128679d5ec7508d9a77710bb37bcd1cbb17a164;0.7475611931117604;0.5828891641970304;0.9289496706221261;0.7766135472847787
True;False;True;True;False;False;False;False;False;False;True;0;True;False;False;True;0;True;False;False;True;0;False;True;False;False;True;0;24;False;0;False;0;6;False;False;False;6f9389eb0a4899e7e2d9a64e1a4bf01e27fe4d7455db86c181a08bb1beed85f5;0.8701359511276493;0.7403759886617838;0.8499619485238438;0.6795723459838744
True;False;True;True;False;False;False;False;False;False;True;0;True;False;False;False;0;False;False;False;True;0;True;True;False;True;False;0;6;False;0;False;0;6;False;False;True;65e8025266bad7a24ddaec6fc1845fb34e99c8fd2f43d6e86b6b7fa1ec81aebd;0.1424120149885202;0.0922500378773171;0.3075592069094494;0.2824308588811677
True;False;True;True;False;False;True;False;False;False;True;0;False;False;False;True;0;True;False;False;True;0;False;True;False;False;True;0;18;False;0;False;0;6;False;False;False;0bbd74791b20b66028945efb4ea09a2542e5c0dc22fcd97715c0cf7f41770cfb;0.8557438745463933;0.722806775110471;0.8665770853509543;0.7100066671215619
False;False;True;True;False;False;True;True;False;False;False;0;False;False;False;True;0;False;True;False;False;0;False;True;False;False;True;0;0;False;0;True;0;6;False;False;False;e5168ba3087ae2bd141a1da92419761d246a338518db2f61b5f4c9330f0048c5;0.6347855723619578;0.4927158259524616;0.781512297763173;0.6088552573994054
False;False;False;False;True;False;False;True;False;False;True;0;True;False;False;True;0;True;False;False;False;0;False;False;False;False;True;0;6;False;0;False;0;6;False;False;False;9c300d35c447f4177de1df974819841eab7d86a5c09e48101353c93a6eed6d32;0.7100348674911615;0.5471569378573358;0.8907694066920224;0.7273411589431008
True;False;False;True;True;False;True;True;False;False;True;0;False;False;False;True;0;False;True;False;False;0;False;True;False;False;False;0;18;False;0;False;0;6;True;False;False;2f953d287af77893e59749b59fb8822eca4d08b97d662107cba085459b95b4fb;0.8366675036449468;0.6880640805296444;0.9053874764145692;0.7409202479755702
False;False;True;True;False;False;False;False;False;False;True;0;True;False;False;True;0;False;True;False;True;0;False;True;False;False;False;0;24;False;0;True;0;6;True;False;False;49a055116cf9fb69da581df6078736e54404bd3c1987522670aadd35dd966008;0.8123771500149188;0.6586571761004807;0.8190392384245962;0.6393797892696823
True;False;False;True;True;False;True;False;False;False;True;0;False;False;False;False;0;False;False;False;True;0;True;True;False;True;False;0;18;False;0;False;0;6;False;False;True;1a95bada1b79ca8d7449d0fd9c974f3171565f63b1d40c3a1431473c27f35175;0.1470981379509416;0.093123473517071;0.3304307262102618;0.2910955526026333
True;False;True;True;False;False;False;False;False;False;True;0;True;False;False;False;0;True;False;False;True;0;False;True;False;True;False;0;6;False;0;False;0;6;True;False;False;e12123d619dad2b66b81d53b03ce693e2ede0968a52325ac9aa0316c6d7be78c;0.7129172388765033;0.5598099119077963;0.8549120803946065;0.6947987649684493
True;False;False;True;True;False;False;False;False;True;True;0;True;False;False;False;0;False;False;True;False;0;False;True;False;True;True;0;24;False;0;False;0;6;False;False;False;cc3ea6fc8b5ba505aeddb8a3f9762e1040a42ee84fdcba849bcfb33cd730c70c;0.7153108052602141;0.5560363545541108;0.8856250253609953;0.7159716851427257
False;False;True;False;False;False;True;True;False;False;True;0;False;False;False;True;0;False;True;False;False;0;False;False;False;False;True;0;6;False;0;False;0;6;False;False;False;6181deb32a72403494a070d075b035002906e0849f41c30ec0420d2f3f2e3b38;0.772781973018214;0.6331242808115827;0.8156972158773372;0.6520646089588131
False;False;True;True;False;False;False;False;False;True;True;0;True;False;False;True;0;False;True;False;False;0;False;True;False;False;True;0;24;False;0;True;0;6;False;False;False;bc86a81099b2c4a6fe8fbaeceb354fda9059a3f1e4284c3365aa981ade54685c;0.7704877159338944;0.6382542050785964;0.7674771877804724;0.5997795079235739
False;False;False;True;True;False;True;False;False;True;True;0;False;False;False;False;0;False;True;False;False;0;False;True;False;True;False;0;6;False;0;True;0;6;True;False;False;ff2ffeaa5efd697b52de8872322677fdc6eacda72a361790cac248ab6f222b6c;0.731325297204764;0.5671226143639027;0.9362143209079101;0.7893872715496894
False;False;False;True;True;False;False;False;False;False;True;0;True;False;False;True;0;False;False;False;True;0;True;True;False;False;True;0;6;False;0;True;0;6;False;False;False;a7e25863ed64727d2ae06005db60a3d4ff6a21dfcf40537d2337f8d88c10c0eb;0.4733519738183896;0.3564818608336689;0.6982963559210722;0.5660169325332631
False;False;False;True;True;False;False;False;False;False;True;0;True;False;False;True;0;False;False;False;True;0;True;True;False;False;False;0;24;False;0;True;0;6;True;False;False;8cedc1bb5efc91afb2b413f43e114164074c3c95c5ac154704ad43c9dc0b6059;0.4673786231897022;0.3565224996367719;0.666948474802484;0.5293857271639111
True;False;True;True;False;False;True;False;False;False;True;0;False;False;False;False;0;False;False;False;True;0;True;True;False;True;True;0;18;False;0;False;0;6;False;False;False;9c8916901da85a3b72390cbbeb972867ab230936f9280ecb2609d10b8e54f4e0;0.1552208518388538;0.11122050345808;0.30257426517433117;0.2904336572037316
False;False;True;False;False;False;False;False;False;False;True;0;True;False;False;False;0;False;False;True;True;0;False;False;False;True;False;0;24;False;0;False;0;6;False;False;True;097bca07005890f973864e8bb809e1050b620acd57aa5c02f9f8bd36630f1d76;0.8901507362104751;0.7652145992066407;0.8639193300760445;0.6949903014431855
False;False;True;True;False;False;True;False;False;True;True;0;False;False;False;True;0;False;False;True;False;0;False;True;False;False;False;0;6;False;0;True;0;6;True;False;False;740d38bf6eec26f94075b2bc7ae1c90a67b32accef09e0f08b2e8dbae6de5de2;0.7770155702580779;0.640485107101931;0.8393301415931352;0.6911145066984969
True;False;False;True;True;False;True;False;False;False;True;0;False;False;False;True;0;False;True;False;True;0;False;True;False;False;False;0;18;False;0;False;0;6;True;False;False;d1450c571adbdd1c6bfc0aa48117ee5d569611beaa1418f5ae87770ab1e176da;0.7913044067877087;0.6350578676850708;0.9165227998602397;0.7609267239213469
False;False;False;True;True;False;False;True;False;False;True;0;True;False;False;False;0;False;True;False;False;0;False;True;False;True;True;0;6;False;0;True;0;6;False;False;False;b8a45b248eb02d72299ad94f0157812d047b652829144d7d6d5abb92d541d766;0.7801426649387223;0.6221720689532826;0.9160783165122028;0.7638968334022238
False;False;False;False;True;False;False;True;False;False;True;0;True;False;False;True;0;False;True;False;False;0;False;False;False;False;False;0;24;False;0;False;0;6;True;False;False;6b92e8e5bc2736b22b7201d6eae7d4746f46e59780262e93f0202313cccf8834;0.822935192275197;0.6826338701757828;0.8832618633225026;0.7150387364785405
False;False;True;False;False;False;True;False;False;True;True;0;False;False;False;False;0;False;False;True;False;0;False;False;False;True;False;0;6;False;0;False;0;6;True;False;False;343c7a34458579b797352e2dc5011e416a8b60de1144016d7b2fcbf2da8fb245;0.7287872709077305;0.5926444224026779;0.8453185822237582;0.692975794285395
True;False;True;True;False;False;True;True;False;False;True;0;False;False;False;True;0;False;False;False;False;0;True;True;False;False;True;0;6;False;0;False;0;6;False;False;False;0b8ca4ced224e3d6bf1cb95d0dd00851dab4c8dba3a81e484df08076eccd2ef5;0.5261226497439953;0.4139966545419153;0.6400546434509011;0.5123350390305751
True;False;False;True;True;False;False;True;False;False;True;0;True;False;False;False;0;False;False;True;False;0;False;True;False;True;False;0;6;False;0;False;0;6;True;False;False;112ea782893f795cbcdffdfa082d89957abdfbee2700b0e5259fcfa920460861;0.73352315626085;0.5663382601776612;0.9113812857209609;0.7549871189813178
False;False;False;False;True;False;True;False;False;True;True;0;False;False;False;False;0;True;False;False;False;0;False;False;False;True;False;0;24;False;0;False;0;6;False;False;True;582c1b0e2f15cd2ca85c8689910adda1dec1925b5fa39cca2d5fa8b9634e2a12;0.7290975704572155;0.5717053703188553;0.8939755411695849;0.7261561311965065
False;False;False;True;True;False;False;True;False;False;True;0;True;False;False;True;0;False;False;True;False;0;False;True;False;False;False;0;6;False;0;True;0;6;True;False;False;c12c677913526f81b54c64ac2c296bd1e90f4166c71504d3f2734fb32a1530ee;0.7980229827234628;0.6403874628395199;0.9337611944871113;0.7897113024166172
False;False;False;False;True;False;True;False;False;False;True;0;False;False;False;False;0;False;True;False;True;0;False;False;False;True;False;0;18;False;0;False;0;6;True;False;False;bb40bcbecae5abc5a149da87915bf928c12fb9ada923219fe72794ad9eca0a6c;0.7780812687344414;0.6246077024644875;0.9086121104772716;0.752126222473326
True;False;True;True;False;False;True;False;False;False;True;0;False;False;False;True;0;True;False;False;True;0;False;True;False;False;False;0;18;False;0;False;0;6;False;False;True;5335bcd46272cbbd52abfadcec84b47e8c62426d28b6886d11ba14330dd22dd7;0.8844104512915785;0.7551105663765194;0.8805779840868158;0.7280951713936745
True;False;False;True;True;False;False;False;False;False;True;0;True;False;False;True;0;False;False;False;True;0;True;True;False;False;True;0;18;False;0;False;0;6;False;False;False;afa1340a31e1997b199144868959eaa9a0e5b57444a1b2bad524e74b0f19bafe;0.4829714480865168;0.3758665501013205;0.6816410941629788;0.5561181485620429
False;False;True;True;False;False;False;False;False;False;True;0;True;False;False;False;0;True;False;False;True;0;False;True;False;True;False;0;6;False;0;True;0;6;True;False;False;0d61eb2223760c3b630797df555ef40ec68ae2e2a4e5f728cb6b710a7a443036;0.7604886721925178;0.6058555585504619;0.8559946286358558;0.6962005183500519
True;False;True;True;False;False;True;True;False;False;True;0;False;False;False;False;0;True;False;False;False;0;False;True;False;True;False;0;24;False;0;False;0;6;False;False;True;84b580d704d4f5760336cefa94fe50f5d61069d8a067bdad053d8a561d45422f;0.9996914080940464;0.9983133613603812;0.8218386432343094;0.6514106782192307
False;False;True;False;False;False;True;False;False;True;True;0;False;False;False;False;0;False;False;False;False;0;True;False;False;True;True;0;24;False;0;False;0;6;False;False;False;ce14c4e1611a13baefd5387926809c4ea29e4998d58bad0709c5f61e359eb633;0.1564313106237676;0.1176884957492468;0.2956791903581829;0.28160515436115946
False;False;True;False;False;False;False;True;False;False;True;0;True;False;False;False;0;False;False;True;False;0;False;False;False;True;False;0;18;False;0;False;0;6;True;False;False;469b5bd9f3a43ff94e2a14b56d958f05d22f36d5c11b4115571677a7145bc79a;0.9375704007617508;0.8389885085167881;0.8315991260671324;0.6702583154809802
False;False;False;True;True;False;False;False;False;False;False;0;True;False;False;True;0;True;False;False;True;0;False;True;False;False;True;0;0;False;0;True;0;6;False;False;False;6f4409fd2ec803bcbb6febbd2a33057b3d3b90e01d3a381dd73cbb4dec3ee2f3;0.5251789679196592;0.4038044190901034;0.8020039371765461;0.638977919402257
True;False;False;True;True;False;True;True;False;False;True;0;False;False;False;True;0;True;False;False;False;0;False;True;False;False;False;0;18;False;0;False;0;6;True;False;False;b152fa5e0565c571ad7f59c9e11144989b45d38773f184090a1406336da4895a;0.8366589900263892;0.687927393820025;0.9041063705350703;0.7392301420398688
False;False;True;False;False;False;True;False;False;False;True;0;False;False;False;False;0;True;False;False;True;0;False;False;False;True;False;0;6;False;0;False;0;6;False;False;True;518d1c9c8635f4f561935d4d186fc9b4db7b576efc9131e0d6fa59db24e642d4;0.716030838245776;0.5680173621814992;0.8499701572388204;0.690485074595229
False;False;True;True;False;False;False;False;False;False;False;0;True;False;False;True;0;False;False;True;True;0;False;True;False;False;True;0;0;False;0;True;0;6;False;False;False;f776cd72826dc56ea06e974f013e2dcad0c23b65671c8a55682f550c52a0b4fb;0.5854428436981172;0.4416805132729656;0.8139351242282569;0.6449806848245552
False;False;False;True;True;False;True;False;False;False;False;0;False;False;False;True;0;False;True;False;True;0;False;True;False;False;True;0;0;False;0;True;0;6;False;False;False;5ccbeb2c6e848164adc717f1a6b5cce0d66b96904fa7ff3cea5aaa21316e58d9;0.5271636959081459;0.4044394239523616;0.8036393762187577;0.6396421799742172
True;False;True;True;False;False;True;True;False;False;True;0;False;False;False;False;0;False;True;False;False;0;False;True;False;True;True;0;6;False;0;False;0;6;False;False;False;b1c4368d226689ca4deb03684f7cfbea183e17060b3a2ac406f3ac46f81d2e48;0.7795176295490976;0.6327875657814361;0.8179338625097203;0.6540317285092725
False;False;False;False;True;False;True;False;False;False;True;0;False;False;False;False;0;False;False;False;True;0;True;False;False;True;True;0;6;False;0;False;0;6;False;False;False;74fdd74d40006c1eda3210f09233f4a1419d039e6c7c96896718d87bf699a563;0.1297386888058909;0.0723158352586037;0.3212592872860235;0.27271519028906227
False;False;False;True;True;False;True;False;False;False;True;0;False;False;False;True;0;False;False;True;True;0;False;True;False;False;False;0;24;False;0;True;0;6;True;False;False;d540e9c4f76d55f44dfe062417bb4a87403a965701e1e755a90d8926b27f1b29;0.7448337756976547;0.5798186795102158;0.8798637511755554;0.6977513914695567
False;False;False;False;True;False;False;False;False;False;True;0;True;False;False;False;0;True;False;False;True;0;False;False;False;True;True;0;6;False;0;False;0;6;False;False;False;68ec5e773f0667bd69aade558218756721dc89dca231cd0f118fb373bd0def83;0.6677195590175793;0.5030563697389514;0.8931431083154182;0.7272959001809343
False;False;False;True;True;False;False;False;False;False;True;0;True;False;False;True;0;False;False;True;True;0;False;True;False;False;False;0;24;False;0;True;0;6;False;False;True;75ba25ef8930385240134e2606dcebb780aa32856370a69dbb391f3e40e2b60e;0.748101621468174;0.5841238876647278;0.8764150417280693;0.6921835561260168
True;False;False;True;True;False;True;False;False;True;True;0;False;False;False;True;0;False;False;True;False;0;False;True;False;False;False;0;18;False;0;False;0;6;False;False;True;fb890a2f538d4481d0a502b1791e645caf9812e526b8c344a205769af29e893a;0.7391071022977425;0.5779153598650558;0.9047014622132158;0.7430559142542401
False;False;True;True;False;False;True;True;False;False;True;0;False;False;False;False;0;False;False;False;False;0;True;True;False;True;True;0;6;False;0;True;0;6;False;False;False;27027690d8bf22e39cc2870ea6d096e82f39852d04fd800cb0853d8b4a21f6e7;0.1667016610849064;0.1121125807562457;0.2860513412790109;0.26416935267796904
True;False;True;True;False;False;True;False;False;False;True;0;False;False;False;True;0;False;False;True;True;0;False;True;False;False;True;0;6;False;0;False;0;6;False;False;False;dd0883023133e2850601ee8f9e58f7c6d86333b357eebdf2d5dfb7b6c0617b0e;0.6927942531821306;0.5392974766364754;0.8387831456342425;0.6742744538888614
False;False;True;True;False;False;True;False;False;True;True;0;False;False;False;True;0;False;True;False;False;0;False;True;False;False;False;0;24;False;0;True;0;6;False;False;True;e1d59a78e8f319edb6824e8b52e06e470aa40f9fcca68ce79f5b1c037c8d2998;0.8048784501653267;0.6734087916704307;0.7890756163724236;0.6222967525715032
False;False;True;False;False;False;True;False;False;True;True;0;False;False;False;True;0;True;False;False;False;0;False;False;False;False;False;0;18;False;0;False;0;6;True;False;False;783120e74cff835e20cef2fc02de2ad07e5d0f9c9d591ade3e77cb5bc4929c6f;0.8587433255302771;0.7374411537989045;0.8617949330048831;0.7106762345817911
True;False;True;True;False;False;False;True;False;False;True;0;True;False;False;False;0;False;True;False;False;0;False;True;False;True;False;0;24;False;0;False;0;6;False;False;True;2575281c126fc2c65f3042681817de355db462ff678917dc7f5efe6be1527195;0.9985150038928;0.9820372788661352;0.8197339320408982;0.6481497087733978
True;False;True;True;False;False;False;False;False;True;False;0;True;False;False;False;0;True;False;False;False;0;False;True;False;True;False;0;0;False;0;False;0;6;False;False;True;79444042f68f2d066a3265f1455b710312a91540d79032119354795b2f881696;0.6215969345533172;0.4875429366014181;0.8017102423007937;0.6393698722804865
False;False;True;False;False;False;True;True;False;False;True;0;False;False;False;False;0;True;False;False;False;0;False;False;False;True;True;0;6;False;0;False;0;6;False;False;False;99cc19f9fe735f41af832b5f29a11c6b9a464acff361c9db8bf5b368f7ffa58d;0.7753441699232708;0.6324039510186401;0.8167421776644366;0.6523229095796208
True;False;False;True;True;False;False;False;False;False;True;0;True;False;False;False;0;False;False;False;True;0;True;True;False;True;False;0;6;False;0;False;0;6;True;False;False;0fb33d06a63c3419249379c3acda069fc98d00a7330b6bc6bf4b56ca8cb18a68;0.1422935591934349;0.0843335044275126;0.3387862512872765;0.2955911631824462
False;False;True;False;False;False;False;False;False;True;True;0;True;False;False;False;0;True;False;False;False;0;False;False;False;True;False;0;24;False;0;False;0;6;False;False;True;c19e83fa6250b27b41702155700c1b033c09c1884787039d97a477e2f156b745;0.8782448324338791;0.7619827988193619;0.8481089958819439;0.6854814281561981
False;False;False;False;True;False;False;False;False;False;False;0;True;False;False;False;0;False;False;True;True;0;False;False;False;True;False;0;0;False;0;False;0;6;False;False;True;14644ce4b3d9924e1e85ef24808527ed523cd2274c651814dd4d5590b86dac58;0.5346990999139523;0.4124451502136382;0.8136930118209981;0.6545735351644302
True;False;False;True;True;False;False;False;False;False;True;0;True;False;False;False;0;False;False;True;True;0;False;True;False;True;False;0;18;False;0;False;0;6;False;False;True;521bf828a55d5b8c7aaf4581aed45af1903eeb698035fc5e3e9107ad9cd1385c;0.8001004850887744;0.6435466102932391;0.9147969856245325;0.7572397075758682
True;False;True;True;False;False;False;True;False;False;True;0;True;False;False;True;0;False;False;False;False;0;True;True;False;False;False;0;18;False;0;False;0;6;True;False;False;bc5b2602dbb6d72fa9f3e806ead7dd6d3f68ce99b5888457c2404047c974cec3;0.5963078810012841;0.4891578960181761;0.6263884348728784;0.5064329741516759
True;False;False;True;True;False;True;False;False;True;True;0;False;False;False;True;0;True;False;False;False;0;False;True;False;False;True;0;6;False;0;False;0;6;False;False;False;1f57ac2e64c073c14e502e5e97013689af54fce9a7e83b110b753c065f1abc2c;0.6644081834581392;0.4992547274309979;0.9039259381223745;0.7408437033037978
False;False;True;False;False;False;False;False;False;False;False;0;True;False;False;True;0;True;False;False;True;0;False;False;False;False;False;0;0;False;0;False;0;6;False;False;True;198a8b67e311c0772d7676b89e0ea566f14e73dc7f9fb42cba4451036e76765c;0.6071642367202397;0.4611948322228136;0.833941226170039;0.6652987162530581
False;False;False;False;True;False;True;True;False;False;True;0;False;False;False;False;0;False;False;False;False;0;True;False;False;True;False;0;24;False;0;False;0;6;False;False;True;92c20df5572f18f7800dfbdc9e13c83db0d70f29680322645b34c00de093a46f;0.1515102601088361;0.0950913754719363;0.31231589335000415;0.26864651354964636
False;False;False;False;True;False;False;True;False;False;False;0;True;False;False;False;0;True;False;False;False;0;False;False;False;True;False;0;0;False;0;False;0;6;True;False;False;d226fa983c9d68d1da11eb34671eeba0b1cb3bfb1fc185e0fdf5be1dff48c0b8;0.5339618770638376;0.4083093324521567;0.8102536555359925;0.6478667013422272
False;False;True;False;False;False;False;False;False;True;True;0;True;False;False;True;0;False;True;False;False;0;False;False;False;False;False;0;18;False;0;False;0;6;True;False;False;c6ef5ce3207ff0603cdac4a852266bf51619596c4cf92b2b9bbb6e2ad4faefc2;0.859258598976582;0.737779855949138;0.860251360170756;0.7088834391600224
False;False;True;True;False;False;True;False;False;True;False;0;False;False;False;True;0;False;False;False;False;0;True;True;False;False;True;0;0;False;0;True;0;6;False;False;False;efabab0d166696787a44c4ce7504d68cbab410cde6a47105922c3d21054d11f3;0.4111703386923449;0.3159617904484788;0.6083333233096921;0.47973889345941
False;False;False;False;True;False;True;True;False;False;False;0;False;False;False;True;0;False;True;False;False;0;False;False;False;False;True;0;0;False;0;False;0;6;False;False;False;653cf96d978dc7d4c0ea56b561ec1ee001484d35135ad8fb5744867d0ce9aad1;0.5232504772930134;0.3987100811354983;0.7985245265638496;0.6353144245596966
True;False;False;True;True;False;False;False;False;True;True;0;True;False;False;True;0;False;False;True;False;0;False;True;False;False;False;0;18;False;0;False;0;6;True;False;False;f05ad3f3d7157afeabcd9212c488fb850e90ba093cf760da888b58ea30e80609;0.7357993549859023;0.572869832574931;0.9087981249966399;0.7472518742400792
True;False;True;True;False;False;False;False;False;True;True;0;True;False;False;False;0;False;False;False;False;0;True;True;False;True;False;0;24;False;0;False;0;6;False;False;True;346ca07903a39e6577c4b95f5da98eba3b5752109abd0aa50881a05ba324338c;0.1661497918669567;0.1280504689021372;0.30547753710495534;0.2883526064042017
False;False;False;False;True;False;True;False;False;False;True;0;False;False;False;True;0;False;False;False;True;0;True;False;False;False;False;0;24;False;0;False;0;6;False;False;True;a0b4102a8d3b76b726831d65729541d799edeec390b531aee80b0e3cb5b16d74;0.490416707078214;0.3853438760373255;0.6845299695546936;0.5560401389690152
False;False;False;True;True;False;True;True;False;False;True;0;False;False;False;False;0;True;False;False;False;0;False;True;False;True;False;0;6;False;0;True;0;6;True;False;False;d76d6badf36c97fc1e27ee59d6cad1a8d2fa1d8e7266a45dd159f2157a5526ab;0.7992443583342915;0.6417711803976476;0.9322642909491212;0.7883669557859304
False;False;False;True;True;False;False;False;False;True;False;0;True;False;False;False;0;False;False;False;False;0;True;True;False;True;False;0;0;False;0;True;0;6;False;False;True;a667d6c2eb7595ef1804395eaef35ac867de424b33436115884d4968961f252c;0.1096233623217788;0.0684130264057274;0.3222308168726353;0.27288993971570963
False;False;False;True;True;False;True;False;False;False;True;0;False;False;False;False;0;False;True;False;True;0;False;True;False;True;False;0;6;False;0;True;0;6;False;False;True;9709b9665278aefa0dd22bdcd7e824c43c4da238d9d2d24c194b875c2b7bfa6b;0.7560495107747179;0.5906010418962765;0.9297902169799391;0.7752524741188489
False;False;True;True;False;False;False;True;False;False;True;0;True;False;False;True;0;False;False;False;False;0;True;True;False;False;False;0;6;False;0;True;0;6;True;False;False;5c4ebd5a6bb75486ffaa7aecc4fe1b0568938f924a35ab71ee659b0d88769b96;0.560910218068394;0.4474262881897732;0.6492672508822241;0.5255462911494381
False;False;False;False;True;False;False;True;False;False;True;0;True;False;False;True;0;False;True;False;False;0;False;False;False;False;False;0;18;False;0;False;0;6;False;False;True;82a8d2b064a8675492b9a499b23ac0f25404ae8b2b2e6a9a90407e509de706ad;0.8287799848925478;0.6822137736781136;0.896388338451314;0.7302133106539367
True;False;True;True;False;False;True;False;False;True;False;0;False;False;False;False;0;False;False;True;False;0;False;True;False;True;False;0;0;False;0;False;0;6;True;False;False;704b5ed230c99ecb9d166b7d6f04e7460729e3dbca4ef511e8448491c930279d;0.6191861691344627;0.4853164453829271;0.8050959853915146;0.6446048903439294
False;False;True;True;False;False;True;False;False;True;True;0;False;False;False;True;0;False;False;False;False;0;True;True;False;False;False;0;24;False;0;True;0;6;True;False;False;0905226678bd32d62887eb84a96181bc3ad431b21e04f72228f3be110efef261;0.5220343509128206;0.4212511563042346;0.6053813466241784;0.48212725818224395
True;False;True;True;False;False;True;True;False;False;True;0;False;False;False;True;0;True;False;False;False;0;False;True;False;False;False;0;24;False;0;False;0;6;True;False;False;2d5122affeebce3c2e6afe9cc85ae1d1121741b7231584ff76dae4820d6642e3;0.9918789351723576;0.9661947248903529;0.827616010793607;0.6585952142089685
False;False;False;True;True;False;True;False;False;False;False;0;False;False;False;False;0;False;False;True;True;0;False;True;False;True;False;0;0;False;0;True;0;6;True;False;False;8def77f0a0ca63b777589194896fe16bf6de60db513cd3d0edcec89763af1adb;0.5389891737021357;0.4158745584320345;0.8164919508359355;0.6549888465579949
True;False;True;True;False;False;False;False;False;False;False;0;True;False;False;False;0;False;False;False;True;0;True;True;False;True;True;0;0;False;0;False;0;6;False;False;False;8cb7eaea933da04cdb878e2c8fa0661276613178d5631e5bb60e28e5cf777ba0;0.1298845914662699;0.0823375282824539;0.3152096386068079;0.27616644267656915
False;False;False;False;True;False;False;True;False;False;True;0;True;False;False;True;0;True;False;False;False;0;False;False;False;False;True;0;18;False;0;False;0;6;False;False;False;4a3524089c12a5064cd9d2395b617f6d047391f5ed6dda412cfd5c669d258f4a;0.8049915621743345;0.6560394143962448;0.8842316547259326;0.7163439857082534
True;False;True;True;False;False;True;True;False;False;True;0;False;False;False;False;0;False;False;False;False;0;True;True;False;True;False;0;6;False;0;False;0;6;False;False;True;6dd9c0499119a7fccea997d266a9eeaaf1f9dbfbca3d8d7197aee8d2cf9f1cd3;0.1526369917532553;0.0972470900631616;0.28587244708393245;0.25731022711063034
False;False;False;True;True;False;False;False;False;False;True;0;True;False;False;False;0;False;False;True;True;0;False;True;False;True;False;0;24;False;0;True;0;6;False;False;True;ffe10b7745d67d596b2904e042203020408d2b47f82c904a6880cfd6781588ec;0.748965897581292;0.584549146790729;0.8753171077851094;0.6903642266397051
False;False;True;False;False;False;True;False;False;False;True;0;False;False;False;False;0;False;False;False;True;0;True;False;False;True;False;0;6;False;0;False;0;6;False;False;True;ac58a95e6c7ed4634727556ba91bd341151bb41949979a0894ceecfc2cf797c9;0.1369410947656775;0.0877899282664737;0.3019813335636098;0.27576876525498145
False;False;True;True;False;False;True;True;False;False;False;0;False;False;False;True;0;False;False;False;False;0;True;True;False;False;True;0;0;False;0;True;0;6;False;False;False;418827bc826bb8222cb2427e8ad82f02f763af2b11d6b945adf6ec9513bf10fd;0.4483547565245875;0.33663485296999;0.6261412318013846;0.4852195907262214
True;False;True;True;False;False;True;False;False;False;True;0;False;False;False;False;0;True;False;False;True;0;False;True;False;True;False;0;18;False;0;False;0;6;True;False;False;0e7b99448d3646d7e291ee82b015c173a9d6c4914a612323a4ce07fdd2d1d8a3;0.8831898192734132;0.7530863428773761;0.8857134867653261;0.7347673052140933
False;False;True;True;False;False;True;False;False;True;False;0;False;False;False;True;0;False;False;False;False;0;True;True;False;False;False;0;0;False;0;True;0;6;True;False;False;a143060663441b0940951ad0075cf1b7aa6f92b448567686a52ab4186d637642;0.4261820998953854;0.3295772254029055;0.6266512910677515;0.4973806247086194
False;False;True;False;False;False;True;True;False;False;False;0;False;False;False;False;0;False;False;True;False;0;False;False;False;True;False;0;0;False;0;False;0;6;True;False;False;54340e01372ad25084857fa91c9396828861136dd8f037b3ae681dbb9f0db9c6;0.6594127350324304;0.5114993188851655;0.8073992131103899;0.6341944270902411
False;False;True;True;False;False;False;False;False;True;True;0;True;False;False;False;0;False;False;False;False;0;True;True;False;True;False;0;6;False;0;True;0;6;True;False;False;ca8238dc990805e3c26cc7d9e771d5afabeb20b16294ddf110f36bc9cc19f64a;0.1722940200388407;0.125495300672662;0.3199352472871537;0.30065901976390436
False;False;True;True;False;False;True;False;False;False;True;0;False;False;False;False;0;False;True;False;True;0;False;True;False;True;False;0;24;False;0;True;0;6;False;False;True;fa302cc866133ce3bf28e2cbb7d97e282bc1da4cc6d97c29f18917b7a43969a3;0.818525893445927;0.6650939093274717;0.8178749445004451;0.6383528433513515
True;False;True;True;False;False;True;True;False;False;True;0;False;False;False;False;0;False;False;False;False;0;True;True;False;True;True;0;24;False;0;False;0;6;False;False;False;ca66cc35ae738d5d54aa8ce9e9a1001054151345b7727692ba48fd2205acf0d4;0.1634720683051895;0.1225902739411364;0.2666472160781829;0.2505536550627144
False;False;False;True;True;False;False;False;False;False;True;0;True;False;False;False;0;False;False;False;True;0;True;True;False;True;False;0;6;False;0;True;0;6;True;False;False;f4af186fe8fb7659e90bcbb159a07376b39a3e64e75e7dae695c69bafbf137a9;0.1586369052567914;0.0969731413270194;0.3492260696520278;0.3117104466295133
False;False;False;False;True;False;False;False;False;True;True;0;True;False;False;False;0;True;False;False;False;0;False;False;False;True;False;0;18;False;0;False;0;6;True;False;False;41c73a31713eca57e703c1f55fee5b8e85f47a9dbddb8d51794514ff6c858805;0.7257818928381048;0.5641318562815352;0.9029948852248048;0.7398203647607539
False;False;False;False;True;False;True;False;False;True;True;0;False;False;False;True;0;False;False;True;False;0;False;False;False;False;False;0;6;False;0;False;0;6;True;False;False;e14a7ce7389e277e47fe15c09603e78af3ef2e196062ae5e06e613d136e30d9b;0.671076460193847;0.501929032981443;0.912574123220776;0.7483562541431821
True;False;True;True;False;False;False;False;False;False;True;0;True;False;False;True;0;False;False;False;True;0;True;True;False;False;False;0;18;False;0;False;0;6;True;False;False;6e426b796c578e4c3d15f3c4761dc28999c493a66ede6231a0325053b5d03700;0.5530452425902945;0.44551266444743;0.666244005268828;0.5447206953969012
True;False;True;True;False;False;True;True;False;False;True;0;False;False;False;True;0;True;False;False;False;0;False;True;False;False;False;0;6;False;0;False;0;6;False;False;True;b94089574cafe180c984dbf8dbdfafaea6630dd42ded78fc9a2aa022d69b2b91;0.8039840522221285;0.6616500280130924;0.8297676937356488;0.6663272890900738
False;False;False;False;True;False;True;True;False;False;False;0;False;False;False;True;0;True;False;False;False;0;False;False;False;False;False;0;0;False;0;False;0;6;False;False;True;fa0e52eff8b34a07bace49aa8198ab92bc6014df0cf0f6ef49606442fa87c6eb;0.5338598130247051;0.4087226512492912;0.8065811748133789;0.6438582223600443
False;False;False;False;True;False;False;False;False;False;True;0;True;False;False;True;0;False;False;False;True;0;True;False;False;False;True;0;6;False;0;False;0;6;False;False;False;03d65239c43d6f38ae1183eed6815dc7396f76f5d33d48c1345bb1afbd1cf16c;0.4310381928102554;0.322461130604502;0.6802484383758054;0.55000908811111
True;False;False;True;True;False;True;False;False;False;True;0;False;False;False;True;0;True;False;False;True;0;False;True;False;False;True;0;18;False;0;False;0;6;False;False;False;855022962cb484456cc3c3266a7cb91c1ecbe604637b7c3195d82950e6229c4b;0.774386273045052;0.6190052088491736;0.9010003760743166;0.7402657765292447
False;False;True;False;False;False;True;True;False;False;True;0;False;False;False;False;0;False;True;False;False;0;False;False;False;True;False;0;18;False;0;False;0;6;False;False;True;f374ec7a3147f574db04da71dc55debc1bac094aaa849fee496cc75c9081efda;0.9400325500842164;0.8409721278131517;0.8259256614247339;0.6638417209383033
False;False;True;False;False;False;False;False;False;False;True;0;True;False;False;False;0;True;False;False;True;0;False;False;False;True;True;0;18;False;0;False;0;6;False;False;False;b4e26555d30f50c15e0107590564fe7081936fb49b7f35997c7ee6c55b7fff6a;0.8469018906884775;0.7122091344977206;0.8664976093011889;0.7081569997918257
False;False;True;True;False;False;False;False;False;True;False;0;True;False;False;False;0;False;False;True;False;0;False;True;False;True;False;0;0;False;0;True;0;6;False;False;True;34dcdfd0604b74bee240c9926a520bb709aeb92e00b36d6b6f2d3af565d06ab7;0.6164498466546493;0.4864395014140049;0.7862753535684531;0.6258050810992759
True;False;False;True;True;False;True;True;False;False;True;0;False;False;False;True;0;False;False;True;False;0;False;True;False;False;False;0;24;False;0;False;0;6;True;False;False;16b3ae21e14be064ae2478c2eb7e8dbff389174ef86594c22630871110cda4e6;0.843145848608893;0.7019305647691283;0.8917017891548252;0.724254274424027
False;False;True;True;False;False;False;False;False;False;True;0;True;False;False;True;0;False;False;False;True;0;True;True;False;False;False;0;18;False;0;True;0;6;False;False;True;ec3f027cfb2fb0658f001efc41553b2084b14db7d14659946df2323cae37dea0;0.5097613293576783;0.4009936810120902;0.6237485394031016;0.5007654626016516
False;False;True;False;False;False;True;True;False;False;False;0;False;False;False;True;0;False;False;True;False;0;False;False;False;False;True;0;0;False;0;False;0;6;False;False;False;c14004818267a59497902049203dfdfc5d22998875231a51af792379aeea6700;0.6390473078783436;0.4939010564143927;0.7877326697890308;0.6154889644888287
True;False;True;True;False;False;False;False;False;False;False;0;True;False;False;False;0;True;False;False;True;0;False;True;False;True;True;0;0;False;0;False;0;6;False;False;False;6516b0edbcb0641b29fcea8ba8690cd08d2df1820a29003e77975eb08d71c20a;0.5886982606183354;0.4459960131227339;0.8204022880390771;0.6538964924379347
False;False;True;False;False;False;True;False;False;True;True;0;False;False;False;True;0;False;True;False;False;0;False;False;False;False;False;0;24;False;0;False;0;6;True;False;False;6754c5ffcbf5a276be17052f5d887a303d1c35fb7f8850944cbc9210f07bec9b;0.8764060785042935;0.7597397959328521;0.8548476046826116;0.6941165749396031
True;False;False;True;True;False;False;False;False;True;True;0;True;False;False;True;0;False;False;False;False;0;True;True;False;False;False;0;24;False;0;False;0;6;True;False;False;5b3d682ad07a8c781e5e9f78ebdf14940cd08ae7561da231dc29023e83c19cea;0.45922778284282;0.3513327255257177;0.6879871899606296;0.5580888176913631
True;False;False;True;True;False;False;False;False;True;False;0;True;False;False;True;0;False;False;True;False;0;False;True;False;False;False;0;0;False;0;False;0;6;True;False;False;86db466c7ce536675b3fa11b9c3c3c31f165cb1afcab2a4581d94142d473954e;0.5274393700037417;0.4009483913489313;0.8322827644060723;0.6733210134553302
True;False;True;True;False;False;False;False;False;False;False;0;True;False;False;True;0;False;False;False;True;0;True;True;False;False;True;0;0;False;0;False;0;6;False;False;False;df740cfd1af2fa4121bcdf51fcdfd4bdd05334be4f3aae3cac598170f259798d;0.3911518290608212;0.2917450523213338;0.6287459117874309;0.5005670595083221
True;False;False;True;True;False;True;False;False;False;True;0;False;False;False;True;0;False;False;True;True;0;False;True;False;False;True;0;24;False;0;False;0;6;False;False;False;366c58db4d3b9776015973df5afa671ddab4a3117df9a464b7b48826595bd012;0.7671040338370799;0.6127884474467247;0.8843353487735383;0.714850007170289
False;False;True;True;False;False;False;False;False;False;True;0;True;False;False;True;0;True;False;False;True;0;False;True;False;False;False;0;24;False;0;True;0;6;True;False;False;e50b03a9ba050ff852334ee275940e894631f5419eb6965b8da643ca99d9852b;0.8125771233004521;0.6596751412577525;0.8187128800290812;0.6392557515597185
False;False;False;True;True;False;False;True;False;False;True;0;True;False;False;False;0;False;False;False;False;0;True;True;False;True;True;0;24;False;0;True;0;6;False;False;False;112081cad5bc706f72f8947ffd9f5399fe61da4e3a599b0954aeb0755898a31e;0.1525340120989883;0.0964569782296216;0.3074710984463986;0.262292718937946
False;False;False;False;True;False;False;False;False;True;True;0;True;False;False;True;0;False;True;False;False;0;False;False;False;False;False;0;24;False;0;False;0;6;False;False;True;060429cab7c9ee0198a88dd2e7dcc3d0e25d94f3c32219a3806927cf2e354f38;0.7246902030116831;0.5668664295318155;0.8928713812373577;0.7243967675074964
True;False;True;True;False;False;False;False;False;False;True;0;True;False;False;True;0;True;False;False;True;0;False;True;False;False;True;0;18;False;0;False;0;6;False;False;False;adbb77a0452b711f1d1529e925b3c15df3f31b2a75e258a47fbb8abbfa72cebc;0.8576592612546784;0.7259669034534292;0.8666284897725692;0.7110126270682022
False;False;True;False;False;False;True;False;False;True;False;0;False;False;False;True;0;False;True;False;False;0;False;False;False;False;False;0;0;False;0;False;0;6;False;False;True;80e5dbab00d3951b73504d0eaee69bb44b404eb86c6760ec4c8a322e26baec41;0.6192745734107257;0.4856168424984936;0.8020978075092214;0.6395476189167422
False;False;True;False;False;False;True;True;False;False;False;0;False;False;False;True;0;False;True;False;False;0;False;False;False;False;False;0;0;False;0;False;0;6;False;False;True;32d2db01ee8308cdcb161120ca8019a8d1eccdbb15adcbd0dc554b39b24d5623;0.6596699216535954;0.513458669033407;0.8023912957190039;0.6295355710834033
False;False;True;True;False;False;False;False;False;True;True;0;True;False;False;False;0;False;True;False;False;0;False;True;False;True;True;0;6;False;0;True;0;6;False;False;False;6a11c9c59391e9a720ef86e6c83af8f629415541400c4ab8edfa2f3a0cecdf85;0.7562589185708158;0.6171060216861115;0.8231150250914551;0.6700911254608217
False;False;False;True;True;False;True;True;False;False;False;0;False;False;False;False;0;False;True;False;False;0;False;True;False;True;False;0;0;False;0;True;0;6;False;False;True;38066b7a582bc34674ee0ce324c881adf39a86fc5f16006177d59336dd0d983a;0.5423219581529469;0.4147478124536763;0.8104595652946278;0.6451198857430357
True;False;False;True;True;False;True;False;False;True;True;0;False;False;False;True;0;False;False;False;False;0;True;True;False;False;True;0;6;False;0;False;0;6;False;False;False;6cc951f4c161cf27d25e37cb394c6338ce4c1f4e84216229b1859b7aff619802;0.4437466225314807;0.3318839137212042;0.7094210355896254;0.5777381170606566
False;False;False;False;True;False;True;True;False;False;True;0;False;False;False;True;0;True;False;False;False;0;False;False;False;False;False;0;6;False;0;False;0;6;False;False;True;7da0201c1d6f79c89c2044da1daab83e5aa627f3b2fc3d6d7a50bf9285f88993;0.7327453330697493;0.5689062177217106;0.9041626850816175;0.7452162101081207
True;False;False;True;True;False;False;True;False;False;True;0;True;False;False;True;0;False;False;True;False;0;False;True;False;False;False;0;18;False;0;False;0;6;True;False;False;1868845e5e8d80c07d77f91f690483cb434fabfe6e4c2157e411b11f8bc597b4;0.8402349113807888;0.6918644116512039;0.9074207315155284;0.7434196295804046
False;False;True;False;False;False;False;False;False;False;True;0;True;False;False;True;0;False;False;False;True;0;True;False;False;False;False;0;18;False;0;False;0;6;True;False;False;6c942a21bfb8df71bc7dca9a96d8304ba75aa621c3a7fe5b8071e4e70d7d2260;0.5421947786779221;0.4360183855241966;0.6619963433012703;0.5394729143338513
False;False;False;False;True;False;False;False;False;True;True;0;True;False;False;True;0;False;False;False;False;0;True;False;False;False;False;0;6;False;0;False;0;6;False;False;True;f99ceabcf2d8729d7ff221bac8772ddcf00025d5feaab6368685822de9143f05;0.4295932620876282;0.319979379605689;0.696135093461496;0.567051505850898
False;False;False;True;True;False;True;False;False;True;False;0;False;False;False;False;0;True;False;False;False;0;False;True;False;True;False;0;0;False;0;True;0;6;False;False;True;858d42cf4187ca50143e241a2f6525fba6eaeb97a2990ccb83d0ba43ab81cb5d;0.5351376542186917;0.4073740955836238;0.8293771978900127;0.6671328231365586
True;False;False;True;True;False;False;True;False;False;True;0;True;False;False;False;0;False;True;False;False;0;False;True;False;True;True;0;6;False;0;False;0;6;False;False;False;460b863e22c924199ee891a0beaaf54d194482f1a281d930f188566d489bad9f;0.7183963361188273;0.5510563321814139;0.8970312929956424;0.7341119156747656
False;False;False;False;True;False;False;True;False;False;False;0;True;False;False;True;0;True;False;False;False;0;False;False;False;False;False;0;0;False;0;False;0;6;False;False;True;00fcd5f1d62dda97980a7181a73be65bfd43988827059254160d5375d30e7664;0.5343336152208527;0.4090307206857688;0.8069101871527206;0.6444736038267675
False;False;True;False;False;False;True;True;False;False;True;0;False;False;False;False;0;False;True;False;False;0;False;False;False;True;False;0;24;False;0;False;0;6;True;False;False;8921968efbc3dadcce67fa22aeb65f0c901c74cbb28f668ae703d92a8897855d;0.9781741513327;0.9270311085619156;0.8275478868262507;0.6553146813803703
True;False;True;True;False;False;False;False;False;True;True;0;True;False;False;True;0;False;False;False;False;0;True;True;False;False;False;0;6;False;0;False;0;6;False;False;True;bfa07fe654c3f99bbfe8b95df79ec07a18ae80f5ba63d1da27e836f40f6711d0;0.4576767881501996;0.3633581332497717;0.627949069218046;0.5122426419921219
False;False;False;False;True;False;False;False;False;False;True;0;True;False;False;True;0;False;False;True;True;0;False;False;False;False;True;0;24;False;0;False;0;6;False;False;False;d95609a8b45e6a24f1f73e987a1067b2c83a65565823549586c7621f82d9845f;0.749819427454196;0.5970651060312137;0.8773807815126834;0.705408462370902
False;False;False;False;True;False;False;False;False;True;True;0;True;False;False;True;0;False;False;True;False;0;False;False;False;False;False;0;18;False;0;False;0;6;True;False;False;a88ece3949a75d78631a2042b015de18e3e57d4b0a05394950c64bb7cd427410;0.7251088296790116;0.5635501831222619;0.9044829782212896;0.7417034649681384
True;False;False;True;True;False;False;False;False;True;False;0;True;False;False;True;0;False;True;False;False;0;False;True;False;False;False;0;0;False;0;False;0;6;True;False;False;e84e02d5e95df0cc945ee38cd7351f16d413842d8adcebdae441cd2d558d1802;0.5262775718598257;0.3992186649775988;0.830370458260061;0.6709287645179819
False;False;False;False;True;False;False;True;False;False;True;0;True;False;False;False;0;True;False;False;False;0;False;False;False;True;False;0;6;False;0;False;0;6;False;False;True;b859fa83292ce97e325cadd7bc9cb1b8ddf504cc50c11485b24c050c3aa7fe1f;0.7332556170061173;0.568528440101092;0.9044813897736304;0.7450145994189155
True;False;True;True;False;False;True;False;False;False;True;0;False;False;False;True;0;False;False;True;True;0;False;True;False;False;False;0;18;False;0;False;0;6;False;False;True;8958e979378750005e9d880f2829c075e3a0bd645fa76fa77b176ebd89b4f68e;0.8848202941361062;0.75445030291319;0.881125780215356;0.7287072058740441
False;False;True;True;False;False;True;False;False;False;True;0;False;False;False;False;0;False;False;False;True;0;True;True;False;True;True;0;24;False;0;True;0;6;False;False;False;389c1e4afb68837587d0ef5b243aeec31a8e0b6a30771dba4da73e17f9927843;0.1522080263339499;0.1046975673518729;0.28703174827280037;0.26999680100179785
False;False;False;False;True;False;True;True;False;False;True;0;False;False;False;True;0;False;False;False;False;0;True;False;False;False;True;0;6;False;0;False;0;6;False;False;False;41969ce3a70975035fa58f2fc5ff1a4771072fcea61fa5ff16f0775432eee90a;0.4775311265113516;0.3619215811424341;0.6989317631182201;0.5652237830238908
False;False;False;True;True;False;False;False;False;False;True;0;True;False;False;True;0;False;False;True;True;0;False;True;False;False;True;0;6;False;0;True;0;6;False;False;False;00c237e09c76a0eb9111e4bf61e757f0a04f9c87dcaf931f854232e892e92bbd;0.7299031487299887;0.5668270226016043;0.9148934973571059;0.7554827597133756
False;False;False;False;True;False;False;True;False;False;True;0;True;False;False;True;0;False;False;False;False;0;True;False;False;False;False;0;6;False;0;False;0;6;True;False;False;1193f86cb77a48a719b7668a207d4e98b0ed1c97bb1f8b568b167d6054b1b2a0;0.474621855815047;0.3612358917664393;0.6983632195840637;0.5686552669269302
True;False;False;True;True;False;False;False;False;True;True;0;True;False;False;False;0;False;True;False;False;0;False;True;False;True;False;0;18;False;0;False;0;6;False;False;True;c6e647d1a544ee9167af069d21ad2ff4cae9a97137c4e2d08fe450da9ac34f23;0.7434915226203017;0.5806983368164628;0.905466492287168;0.7423120094944541
True;False;False;True;True;False;False;True;False;False;True;0;True;False;False;True;0;False;True;False;False;0;False;True;False;False;True;0;18;False;0;False;0;6;False;False;False;ad2b26a4b82411abfaf9dcf701ae40a8a019cb964f7c6b2e8469b6234e9cc09a;0.8180522720716589;0.6684644308173441;0.8881310356904246;0.7206060311878474
False;False;True;True;False;False;True;False;False;True;False;0;False;False;False;True;0;False;False;True;False;0;False;True;False;False;True;0;0;False;0;True;0;6;False;False;False;ff6068daae2839338ac540d13ac3ccea23a08d7a46b1e42f1cfb211762ebf943;0.5952380424829075;0.4656686763388574;0.7695752776064069;0.6096424487551476
False;False;True;False;False;False;True;True;False;False;True;0;False;False;False;False;0;True;False;False;False;0;False;False;False;True;False;0;18;False;0;False;0;6;True;False;False;4822f90ed8bce06331675eea32d837b19dfde13ffe0181b51492235f11dd17ec;0.9335963648067483;0.8326787645198949;0.8308207220995736;0.6703049390955049
True;False;False;True;True;False;True;True;False;False;True;0;False;False;False;True;0;True;False;False;False;0;False;True;False;False;True;0;6;False;0;False;0;6;False;False;False;3dcc6416544786fc97bae75a87fc73b579701f8bfd6bcde25132e8228e983b61;0.7196560602497182;0.5536879337216224;0.8965588437125184;0.7332253841244493
False;False;False;True;True;False;True;True;False;False;True;0;False;False;False;True;0;False;True;False;False;0;False;True;False;False;False;0;6;False;0;True;0;6;True;False;False;79e37544f7ced8a4bb2ab7fc75fd292fc70d0a63001c4da3ae893836ce180b28;0.7972227677705238;0.6404576179233086;0.9324760642391089;0.7886974569926068
True;False;True;True;False;False;True;True;False;False;True;0;False;False;False;False;0;True;False;False;False;0;False;True;False;True;False;0;18;False;0;False;0;6;False;False;True;ba14c45c3067e174ef851e94a9b3cf21c4e4252553a9e84e9a0a6370375eaa47;0.95520772989765;0.8666449140734138;0.826208349163602;0.668808038486034
True;False;True;True;False;False;False;False;False;False;True;0;True;False;False;False;0;False;False;False;True;0;True;True;False;True;False;0;24;False;0;False;0;6;True;False;False;f2fb833ac32dc299503a0b30361e23b6149c3e504ccf6738a840b3e5e55f867b;0.170040292179072;0.1202562513547374;0.31225307273953495;0.2966379400235527
False;False;False;True;True;False;True;False;False;False;True;0;False;False;False;False;0;False;False;True;True;0;False;True;False;True;True;0;18;False;0;True;0;6;False;False;False;dfe860b3e5629b34642c88f808d0fcd2660ad88232783fdd05e7b33ab2cfa463;0.7522177158200045;0.5888498795309793;0.8931682065774447;0.7244960386535435
False;False;False;True;True;False;False;False;False;False;True;0;True;False;False;True;0;True;False;False;True;0;False;True;False;False;False;0;18;False;0;True;0;6;True;False;False;4e9c2c352cd31aede13e0c9de0a06a56af57edb418367237e16f623847537ccd;0.7711276353524377;0.6098307429931862;0.9051753704353412;0.7415644588667454
True;False;True;True;False;False;True;False;False;False;True;0;False;False;False;False;0;False;False;False;True;0;True;True;False;True;False;0;6;False;0;False;0;6;True;False;False;1a0d8241356986ca075b7620fe15f00a55e41785b3ca0b02663b5efd488ab1ba;0.1441403672946159;0.0954551728727242;0.310507872766938;0.28685994188215713
False;False;True;True;False;False;True;True;False;False;True;0;False;False;False;False;0;False;False;True;False;0;False;True;False;True;False;0;18;False;0;True;0;6;True;False;False;87501fb6c509967ef342caa48d9c4998b56feb69f6c850ccac2c34fda697c56a;0.8819713170536161;0.7630222052430512;0.7847859233132921;0.6269963844698914
False;False;True;False;False;False;True;True;False;False;False;0;False;False;False;False;0;True;False;False;False;0;False;False;False;True;False;0;0;False;0;False;0;6;False;False;True;d2550b05efaade198cc6669229d30a8dfcf99c1103b5c8098f864ebd5d1ed8c5;0.6622629293663257;0.5143965524157944;0.8022890362508689;0.6284875866553861
False;False;False;False;True;False;True;False;False;True;False;0;False;False;False;False;0;False;False;False;False;0;True;False;False;True;False;0;0;False;0;False;0;6;True;False;False;385652685527991d9164c13e478f8c0d41d02b79ad61b67d22175525072791d5;0.1083146656811662;0.0677562735802207;0.32294013549946404;0.2742381559073467
True;False;True;True;False;False;False;False;False;False;True;0;True;False;False;True;0;False;True;False;True;0;False;True;False;False;False;0;6;False;0;False;0;6;True;False;False;1a284909f5a0c4af6dff9fa2d8a788ae0b873e48071a1291520e55073ef1ccbd;0.710857551844319;0.5583258023079121;0.8542493716070161;0.6945421520104103
False;False;False;True;True;False;False;False;False;False;True;0;True;False;False;True;0;False;False;True;True;0;False;True;False;False;False;0;18;False;0;True;0;6;False;False;True;70e8ea8c1a82699face1219a2ee6c20c726ded8f7025ccc188ff1c9f1ba1d63e;0.7761401706475622;0.615213198210528;0.905245877824554;0.7396307704170895
False;False;True;True;False;False;True;False;False;False;True;0;False;False;False;True;0;True;False;False;True;0;False;True;False;False;False;0;24;False;0;True;0;6;True;False;False;81f5eb0b9a3c2a5922e82d903467f054123d89cd0d0a73ad4f602d20ea6a8178;0.812156176284935;0.6594691527205779;0.8211588724489033;0.642406240170881
True;False;False;True;True;False;False;False;False;True;True;0;True;False;False;False;0;True;False;False;False;0;False;True;False;True;False;0;18;False;0;False;0;6;True;False;False;812687171cab957b157573a54d499c2705fee3b14e8037186ab62a0f3488c818;0.7363776191738407;0.5734285136890931;0.9072204854341259;0.7452930069389738
False;False;False;True;True;False;False;False;False;False;True;0;True;False;False;False;0;False;False;False;True;0;True;True;False;True;True;0;24;False;0;True;0;6;False;False;False;fe1837036ac05c3c9d098b544f61dd684436d2395840f99da0edaf492061bf9e;0.1448244194510934;0.0891694356443664;0.31992486796451797;0.27685504290435536
True;False;False;True;True;False;False;False;False;False;True;0;True;False;False;False;0;False;False;True;True;0;False;True;False;True;False;0;6;False;0;False;0;6;False;False;True;8ddc43ccd99de46131878aca07b940183b5315abf4fa53a1be24e5bb7ec17b5a;0.6914733100457945;0.5229451416537638;0.9092698359991017;0.7480173706151294
True;False;False;True;True;False;True;True;False;False;True;0;False;False;False;True;0;False;False;False;False;0;True;True;False;False;True;0;24;False;0;False;0;6;False;False;False;18b9fc4b0aaad868c85c212be117abc7b6f8c87ae0385cfcf076d9906298f792;0.5214360916661638;0.4072589911156878;0.6721569751840197;0.5324523797534453
False;False;True;True;False;False;True;False;False;True;True;0;False;False;False;True;0;False;False;False;False;0;True;True;False;False;False;0;6;False;0;True;0;6;False;False;True;d01f253e4cb0192071ab8b016cf02e3e4ccd3a77f74ca007f212af9aabb757ed;0.5148235195912134;0.4102728448735913;0.647828853474002;0.5283069505923861
True;False;False;True;True;False;True;False;False;True;True;0;False;False;False;False;0;False;False;True;False;0;False;True;False;True;True;0;6;False;0;False;0;6;False;False;False;4a2dd9dd28cf20ba9aa46db6c889277be138a7fcf5290725df541a20c87f2191;0.6638642566094842;0.4975392387882549;0.9049009373885885;0.7417194913177032
False;False;False;True;True;False;True;True;False;False;True;0;False;False;False;False;0;True;False;False;False;0;False;True;False;True;False;0;24;False;0;True;0;6;True;False;False;dece43fa68dca76ac6398aa37dedbd2fdd7f05fa26de3713cc3fdfffdad8442a;0.7876899354594705;0.6280227479330168;0.8604167272779939;0.6723195789053895
False;False;True;False;False;False;False;False;False;False;True;0;True;False;False;False;0;False;False;False;True;0;True;False;False;True;False;0;24;False;0;False;0;6;True;False;False;289645b74904d53b57bf8de6047f6f0231cdc2b984c7e42e08eb1e9141ca108d;0.1664748448636966;0.1180597921133101;0.30710784359480536;0.2914041495576031
False;False;False;False;True;False;False;True;False;False;True;0;True;False;False;True;0;False;False;True;False;0;False;False;False;False;False;0;18;False;0;False;0;6;False;False;True;ac8f90fd34f84417e71a875f4b0aad1629e32a06883d1bcd7a307e955272cc1c;0.8295326577386536;0.6830676553803411;0.8985602595261563;0.7329095466840455
False;False;False;False;True;False;True;True;False;False;False;0;False;False;False;False;0;False;False;False;False;0;True;False;False;True;False;0;0;False;0;False;0;6;False;False;True;742e44986a4dbd047758798d776a4127bd75b585b6f783209a1afc2d78c62468;0.1036756759992746;0.0630735049607837;0.30191849032168416;0.2535996993198685
True;False;False;True;True;False;True;True;False;False;False;0;False;False;False;False;0;False;True;False;False;0;False;True;False;True;False;0;0;False;0;False;0;6;True;False;False;b0621d7b343e15da0bcef831f47d918efebdf051e46fadcef8849798ce7009c0;0.533369212166118;0.4081843679662938;0.8091057517584107;0.6470173067504661
False;False;True;False;False;False;True;False;False;True;True;0;False;False;False;False;0;False;True;False;False;0;False;False;False;True;False;0;6;False;0;False;0;6;True;False;False;570b313f150dd5ff35390b679f6e2fcfcc6d87bfaa42a4fc35d4258de339a78b;0.7291271720468956;0.5932460481327617;0.845035690586177;0.693207950712375
False;False;True;False;False;False;True;False;False;True;False;0;False;False;False;False;0;True;False;False;False;0;False;False;False;True;False;0;0;False;0;False;0;6;True;False;False;6246915101cb4312f76f24f42a2bde489d9b2eee9143304bff6c8e7d094629bc;0.618897504464383;0.4847242099598112;0.8053826130377013;0.6439117193146118
True;False;True;True;False;False;False;False;False;True;False;0;True;False;False;True;0;False;False;False;False;0;True;True;False;False;True;0;0;False;0;False;0;6;False;False;False;50883625989cced7218a700cb5a74578a884cac6fbe654fd8fce88229f80f537;0.3963454601454568;0.3056707282937748;0.6003590457574175;0.4786960899977977
True;False;True;True;False;False;False;False;False;True;True;0;True;False;False;False;0;False;False;False;False;0;True;True;False;True;False;0;24;False;0;False;0;6;True;False;False;6368b40f5eca574b2d08fd328375e7cdcc4d6849f3c29dc52b9582bd7ea7f3e7;0.1719591775232491;0.1330762597741749;0.31211210124003486;0.29427127954436305
False;False;False;True;True;False;True;True;False;False;False;0;False;False;False;False;0;True;False;False;False;0;False;True;False;True;False;0;0;False;0;True;0;6;False;False;True;5ab4dc98d7d1b11a9503a0718d8f20f901e99773dd5bb8c499c83168d6afae1a;0.5422823995014379;0.4147965154430211;0.8104351517807686;0.6451310430431544
False;False;False;False;True;False;False;False;False;False;True;0;True;False;False;False;0;True;False;False;True;0;False;False;False;True;False;0;24;False;0;False;0;6;False;False;True;62c57e1d5a9fe702ff20e60e1747c2ecc6d5a95e26ddcffb0f42f639af6700d3;0.7774782898888507;0.6275139278799833;0.8903902627193285;0.7228030559175883
True;False;True;True;False;False;True;False;False;True;True;0;False;False;False;False;0;False;False;True;False;0;False;True;False;True;False;0;18;False;0;False;0;6;True;False;False;705cebb9e8ec8dc6693689bd1e60aa09efc3fa33f6ed2a237e2189a8da98942d;0.8683020762802692;0.7489329757626182;0.8597686841638115;0.7124761034020337
False;False;True;False;False;False;False;False;False;False;True;0;True;False;False;True;0;False;False;True;True;0;False;False;False;False;False;0;18;False;0;False;0;6;True;False;False;0ad8a0a650543f0e50e2fe1372cb7479aaad1df080d32034a76a4a5bf51ceff1;0.8719414065880008;0.7406859053213657;0.8863092737007869;0.7321914992392574
False;False;False;True;True;False;True;False;False;False;True;0;False;False;False;True;0;False;True;False;True;0;False;True;False;False;False;0;6;False;0;True;0;6;False;False;True;e9369f292955df54c9488f3609fe62306c13f3e8d318c9d3d170c58d82e0c00f;0.7524238164252267;0.5879334518089631;0.9296852031716468;0.7758082365996537
False;False;False;True;True;False;True;False;False;False;True;0;False;False;False;True;0;False;False;False;True;0;True;True;False;False;True;0;18;False;0;True;0;6;False;False;False;0d9be676511cc388ad2c2b47334a1a467163b1ed20d5a62378d6629db147d34c;0.4892584685999609;0.3742194390810233;0.6920483829888449;0.5560529909366931
False;False;True;True;False;False;True;False;False;True;True;0;False;False;False;False;0;False;False;True;False;0;False;True;False;True;False;0;18;False;0;True;0;6;True;False;False;07b1e2f1d428b3f1da23b5fcfa1004722e1af0e67277e1cd3340c0279acf4c7c;0.8048077075464444;0.6744609123132299;0.8060769949692888;0.6525276313139501
True;False;False;True;True;False;False;False;False;True;True;0;True;False;False;False;0;False;False;False;False;0;True;True;False;True;False;0;6;False;0;False;0;6;True;False;False;853eb19488f1f28ed5d6b76326c20f41a3ab837875ef3dc0db47799ee6d1c465;0.1406119507516701;0.0830248359154561;0.34058838658871776;0.2943037373083617
False;False;True;False;False;False;False;True;False;False;True;0;True;False;False;False;0;False;False;False;False;0;True;False;False;True;False;0;6;False;0;False;0;6;False;False;True;fe62d6ed16492861fd1432b4c6a65b357dc9d43bef85a7e8314ff9b5dfa66f2a;0.1512469459027614;0.0974649142950667;0.2863987381297996;0.25637755106521465
False;False;True;False;False;False;True;True;False;False;True;0;False;False;False;True;0;False;False;False;False;0;True;False;False;False;False;0;6;False;0;False;0;6;True;False;False;f5ab73f349797f0e96b76a3055730b0947a7feeb659d0c0709a2b4ded11c03f9;0.5415010938679425;0.4300538707072316;0.6568641530966749;0.5274483044319015
False;False;True;True;False;False;True;False;False;True;True;0;False;False;False;True;0;True;False;False;False;0;False;True;False;False;False;0;24;False;0;True;0;6;False;False;True;7a90e3edb3e282a148780d0b9ea7d289d555db0ffda6fda38ada56090ce506da;0.8062079171418362;0.674771249762021;0.7890373473567843;0.6222102597548358
True;False;False;True;True;False;False;False;False;True;True;0;True;False;False;False;0;False;True;False;False;0;False;True;False;True;False;0;24;False;0;False;0;6;True;False;False;d3c24dee65e0783d78aa386a31553fe93a00dbdf851b5a8cff37dc04de7d8d1c;0.7324299710238718;0.5727217811127485;0.8985688458052041;0.7324389757609361
True;False;False;True;True;False;False;False;False;True;True;0;True;False;False;True;0;False;False;True;False;0;False;True;False;False;False;0;6;False;0;False;0;6;True;False;False;9ec9e805390142b102b3c264a88e6e11bff043e76e4b73b9c3c8f7e2212ab3fd;0.6748520727389034;0.5071018865945863;0.9171774587762648;0.7556034863260459
True;False;True;True;False;False;True;True;False;False;True;0;False;False;False;True;0;False;True;False;False;0;False;True;False;False;False;0;6;False;0;False;0;6;True;False;False;df3f7a57d93a467b90e93d5bc174d7a9cc0309d10be92b7dceb6127c38e33113;0.7997760267378116;0.6562465478163653;0.8358300251677149;0.6736288163460116
False;False;False;True;True;False;True;False;False;False;True;0;False;False;False;True;0;True;False;False;True;0;False;True;False;False;False;0;24;False;0;True;0;6;True;False;False;6127911495b4aee6a2b4db858a91c294c48cb589f93beb4a4d89397583dcb700;0.7437512074954392;0.5796363970591286;0.8788112338544819;0.69730776119683
False;False;False;False;True;False;False;True;False;False;True;0;True;False;False;True;0;True;False;False;False;0;False;False;False;False;False;0;24;False;0;False;0;6;True;False;False;2a5ccb60f151700333c491bb876ad2a5dd2878d12722aee3de7f6bbb84dfa2f0;0.8229313383022531;0.682747668844368;0.8824349007431489;0.7143047258638007
False;False;True;False;False;False;True;False;False;True;False;0;False;False;False;True;0;True;False;False;False;0;False;False;False;False;False;0;0;False;0;False;0;6;True;False;False;c1a433acb48c125eb9bf6b9b537494ad8f7412d2f42b8da308ead622e998a6ac;0.6174764191734389;0.483653413174341;0.8052900073961254;0.644019106799847
False;False;True;False;False;False;False;True;False;False;True;0;True;False;False;True;0;False;False;False;False;0;True;False;False;False;True;0;18;False;0;False;0;6;False;False;False;5569c9697f159263f91def245c796f38777a30916e43e6a712e45ab9cd07761d;0.5630922015963113;0.4548692867883214;0.6046542440257178;0.4830801482756491
False;False;True;True;False;False;False;True;False;False;True;0;True;False;False;False;0;False;False;False;False;0;True;True;False;True;True;0;6;False;0;True;0;6;False;False;False;8d586b738359d9e003fa28b37720067b1c487b30108c639d70101efb4f1c54d8;0.1721447565959853;0.1187700318622553;0.2885443377121862;0.26554571423109985
False;False;True;False;False;False;True;True;False;False;False;0;False;False;False;False;0;False;False;False;False;0;True;False;False;True;False;0;0;False;0;False;0;6;False;False;True;661a3e9991a0a489e9447c04d1e39861d9525c2cbea1ba82ef65f980162ccdb5;0.1402765448085379;0.0872630173584841;0.3008176884276468;0.25224825041724974
False;False;False;True;True;False;True;True;False;False;True;0;False;False;False;True;0;False;False;False;False;0;True;True;False;False;True;0;24;False;0;True;0;6;False;False;False;517fad76f61e43be9b40c526f5d106ff333819716297ed6d90f0fdf87b46f597;0.4932731064173297;0.3754093094513347;0.6518628131586574;0.5046019098476404
False;False;True;True;False;False;True;False;False;False;True;0;False;False;False;False;0;False;True;False;True;0;False;True;False;True;False;0;6;False;0;True;0;6;True;False;False;b92888fee98e46748fc120aac5c909e6240ccd5e32b95af98449c94243a15ab0;0.7599357630590263;0.6060228394327957;0.8552730833259822;0.6963157231375143
False;False;True;True;False;False;True;False;False;True;True;0;False;False;False;False;0;False;False;False;False;0;True;True;False;True;True;0;6;False;0;True;0;6;False;False;False;82f4f6f5ccaad88b6fc9941b49dcbcee9c3d0af5e259a407f2e26e9010e03cb2;0.1624094431867533;0.1173917398612364;0.3078600790217511;0.2916328848029705
False;False;True;False;False;False;True;True;False;False;True;0;False;False;False;False;0;True;False;False;False;0;False;False;False;True;False;0;6;False;0;False;0;6;False;False;True;ddb6c0eb05ead39a2dcbc6d48819c366a2d851d18f833a89187366e303fb88bd;0.8039478751779642;0.6655201771780788;0.8294310124777466;0.6664693990879386
True;False;True;True;False;False;False;True;False;False;True;0;True;False;False;False;0;False;True;False;False;0;False;True;False;True;True;0;24;False;0;False;0;6;False;False;False;df1a734ce96602627be9fbe70a32c087ed49679f521a2d437a0a2583107870ed;0.9569657019941296;0.8800451397716398;0.8059473278585675;0.6314350207393397
False;False;False;True;True;False;True;False;False;False;False;0;False;False;False;False;0;False;False;False;True;0;True;True;False;True;False;0;0;False;0;True;0;6;False;False;True;66782d46340b01cecc38dc332dbba1507bdce450d15e55a7144672aff76b89c2;0.100427008209979;0.0624465557320716;0.3030549792261533;0.2618269594765552
False;False;True;True;False;False;False;False;False;True;True;0;True;False;False;False;0;True;False;False;False;0;False;True;False;True;True;0;6;False;0;True;0;6;False;False;False;93ae6598d095ca04984891fa32f61809a3f8abd6f3cac308068a77ddb2d8015b;0.7559398329740681;0.6167798424001755;0.8244817107696034;0.6721493571983858
False;False;False;False;True;False;True;True;False;False;True;0;False;False;False;True;0;False;True;False;False;0;False;False;False;False;True;0;24;False;0;False;0;6;False;False;False;97b23ded50dfeb189523ac5fb2ce7aac61f67809d942793374ef04a1e8f671c8;0.8044119196163806;0.6596219995462287;0.8703984229452333;0.6949951118023167
False;False;True;True;False;False;False;False;False;True;True;0;True;False;False;True;0;False;False;True;False;0;False;True;False;False;False;0;18;False;0;True;0;6;False;False;True;b101d0c391b0e72fc4657780e4a495a8050285d6f1f4adb4f1bfc988ed570d3d;0.8081563422173361;0.6781875064386945;0.8019361255107164;0.646280060498677
False;False;False;False;True;False;True;False;False;False;True;0;False;False;False;False;0;False;True;False;True;0;False;False;False;True;False;0;6;False;0;False;0;6;True;False;False;1c189c4f2ffda9b041443ccde767544c2dd5825292580bc427aa3eac5fd556e8;0.6838836718998397;0.5166174954868187;0.9063765288003977;0.7449174893779908
True;False;True;True;False;False;False;True;False;False;False;0;True;False;False;True;0;False;False;False;False;0;True;True;False;False;True;0;0;False;0;False;0;6;False;False;False;2576bee3e63c17f9a9eae6e38d96f747e61322f12e3ed34a3af3d0e90b51805d;0.4343576306091671;0.3283139097786981;0.6143193125421513;0.4807990639611213
True;False;True;True;False;False;True;False;False;True;True;0;False;False;False;False;0;False;True;False;False;0;False;True;False;True;True;0;18;False;0;False;0;6;False;False;False;40ab161a52858c919f0a9813bfcf762403ffed8d726ba4513035e3c2d9a3a1d7;0.8417327034039949;0.719455530990005;0.8444093480554479;0.6953389722667771
False;False;True;False;False;False;False;False;False;True;False;0;True;False;False;False;0;True;False;False;False;0;False;False;False;True;True;0;0;False;0;False;0;6;False;False;False;f1e8ee2f787c4b65d5bc118b9c9ba67ce91e9db8966a8976104792effe6a11dd;0.5981288349276153;0.4658355302141305;0.78685471903607;0.6257132781350728
False;False;False;False;True;False;False;True;False;False;True;0;True;False;False;False;0;False;False;True;False;0;False;False;False;True;False;0;18;False;0;False;0;6;True;False;False;49621ae1cc16986f06e1b8df0b3d95c421a6524586d592b61d371ec21f69a485;0.8251014957832299;0.6767707313113502;0.8999330393195859;0.7343223316656461
False;False;True;True;False;False;False;True;False;False;False;0;True;False;False;False;0;True;False;False;False;0;False;True;False;True;True;0;0;False;0;True;0;6;False;False;False;83d89c5b6ec2083ddf5f1f0ac37a0329b36c929597027fab1105d3b30465008c;0.6345649187238186;0.49188560794932;0.779217951072042;0.6087288689033821
True;False;False;True;True;False;False;False;False;True;True;0;True;False;False;False;0;True;False;False;False;0;False;True;False;True;False;0;24;False;0;False;0;6;False;False;True;19349906410b4fd0f751b46c0f8d203d92350c86602d5c8696036d46527e93cc;0.7386888588974269;0.5793505518177382;0.8975780443026631;0.7296000093314023
False;False;True;True;False;False;False;True;False;False;True;0;True;False;False;True;0;False;True;False;False;0;False;True;False;False;True;0;24;False;0;True;0;6;False;False;False;0453b441746d20c897ce72a17b962c2e8bc4c3e607d6866ef36dd77380e75c96;0.8639886812501041;0.7324103811718811;0.7451989077708783;0.5639513531437111
False;False;False;False;True;False;False;False;False;False;True;0;True;False;False;False;0;False;True;False;True;0;False;False;False;True;False;0;18;False;0;False;0;6;False;False;True;1b721502bede617b46ef759f21ad17757809cd15537bb1da3131522b0ded4d02;0.7864639779388006;0.6332078642633486;0.9071604441297004;0.7494326764308191
False;False;True;False;False;False;False;False;False;True;False;0;True;False;False;False;0;False;True;False;False;0;False;False;False;True;False;0;0;False;0;False;0;6;True;False;False;461344e130090cf21007e281d752bcec920aa8dfb36f679f808865a31d966892;0.6188414966735293;0.4847137477414493;0.8054082144739029;0.6441182256188299
False;False;True;False;False;False;False;False;False;True;False;0;True;False;False;False;0;False;True;False;False;0;False;False;False;True;False;0;0;False;0;False;0;6;False;False;True;0aba3a1a04015100716c74b299c3b5e26bb40474b85cf0aa94b238199bab730b;0.6216401385424978;0.4869020468667848;0.8020596477399519;0.6384675022377341
False;False;False;True;True;False;False;True;False;False;True;0;True;False;False;True;0;True;False;False;False;0;False;True;False;False;True;0;18;False;0;True;0;6;False;False;False;e1f7a470c5934df5c4bef634e4ee294b269a4a7162d225764a98d503d610690b;0.7912105159553482;0.6357657518457323;0.8732753590617374;0.6991350204354712
False;False;False;False;True;False;False;True;False;False;True;0;True;False;False;True;0;False;False;False;False;0;True;False;False;False;False;0;18;False;0;False;0;6;False;False;True;69f17613feb928978a136e331dc1f14d109bca152afd69ff0505ea8d46272c35;0.5079851891008714;0.401252098523551;0.6739502475568313;0.5480243263369021
True;False;True;True;False;False;True;False;False;True;True;0;False;False;False;True;0;False;True;False;False;0;False;True;False;False;True;0;18;False;0;False;0;6;False;False;False;d8763feb088dccde5243216a2e856d942b00e050429e14f534add44190e5e8b4;0.8402762287966924;0.7191021462999413;0.8442620992324275;0.6934557620985333
False;False;False;False;True;False;True;False;False;False;False;0;False;False;False;False;0;False;True;False;True;0;False;False;False;True;False;0;0;False;0;False;0;6;False;False;True;d09b212d261a27ef72cf9f050ecd2b5792fd77636b8aab584614658b0bb52cd4;0.5350471227594906;0.4123096262772131;0.8126612429347594;0.6531694565189089
False;False;False;True;True;False;True;True;False;False;False;0;False;False;False;False;0;False;True;False;False;0;False;True;False;True;True;0;0;False;0;True;0;6;False;False;False;8fd5f18c33d0b6cde9ae7d90d8129d293db679d4d73a2d3027c5ba474d07ca1d;0.5276634154777411;0.4005965793179008;0.8006469659831752;0.6353356521096022
False;False;True;True;False;False;True;False;False;False;True;0;False;False;False;True;0;False;False;False;True;0;True;True;False;False;True;0;18;False;0;True;0;6;False;False;False;839a9125e3e6f58d29b9455275c18db00ebbadb4f177cf022c692321577f78c6;0.5180992562919282;0.4029425416693286;0.6338835896238243;0.5033338310173892
True;False;False;True;True;False;False;True;False;False;True;0;True;False;False;False;0;False;True;False;False;0;False;True;False;True;False;0;24;False;0;False;0;6;False;False;True;fd302f70f7d847d16d62217ca6a954774995f92495b680328397d4a930cd6c68;0.8485181392349875;0.7061644812875185;0.8857928208484641;0.7134920529963925
False;False;True;True;False;False;False;False;False;False;True;0;True;False;False;False;0;False;True;False;True;0;False;True;False;True;True;0;6;False;0;True;0;6;False;False;False;2233bf1a099ea00052c45c23ddffb5195c0e8b908ab2be5e13ebcaf9dd3c204f;0.7386635625480915;0.5855653980821937;0.8386012396361034;0.6754593061048648
False;False;True;False;False;False;True;False;False;True;True;0;False;False;False;False;0;False;True;False;False;0;False;False;False;True;False;0;24;False;0;False;0;6;False;False;True;21d0c7810ae297e7cfc0bcace8189f5c06b70362d9eda10314a4e5746b9ed6af;0.8829654224303796;0.7674047785671247;0.8509382817554351;0.6889467377227201
True;False;False;True;True;False;False;False;False;True;False;0;True;False;False;False;0;False;True;False;False;0;False;True;False;True;True;0;0;False;0;False;0;6;False;False;False;fe34db4beca4a51042e4e17a175775288a3ab870905af8348e54a3e35034bde7;0.5165691964347439;0.3903056351220514;0.8191295857453174;0.659462576617219
True;False;False;True;True;False;True;True;False;False;True;0;False;False;False;False;0;True;False;False;False;0;False;True;False;True;False;0;6;False;0;False;0;6;True;False;False;9fb77bd6f125fc67c8b84914b11b480799eeb7ebd4acd785ddbe0feb54b6f604;0.7352842694174982;0.5689195416374216;0.911060496370832;0.7551390204635144
True;False;False;True;True;False;False;False;False;True;False;0;True;False;False;False;0;False;True;False;False;0;False;True;False;True;False;0;0;False;0;False;0;6;True;False;False;09e3e34e51c7937e3e15d13877774a2e97fa6120c880f80c2d3c3f154915eaf3;0.5274587836925528;0.3999658142584373;0.830221334277438;0.670301790159354
False;False;True;True;False;False;False;True;False;False;True;0;True;False;False;False;0;False;False;False;False;0;True;True;False;True;True;0;18;False;0;True;0;6;False;False;False;112e3be187eae8fadc0df161f903b7a4fa3c1449755b5f39948054bdb2469c1d;0.1689332511635429;0.1236148986000773;0.2705317636890114;0.24907088538197375
False;False;True;False;False;False;True;False;False;True;False;0;False;False;False;False;0;False;True;False;False;0;False;False;False;True;True;0;0;False;0;False;0;6;False;False;False;d88a9cd74349bd41424cd4faaafbf671a2aa19a26080e4d7a358c8d9c773f1b1;0.5975011422696375;0.4650044582787058;0.7857537975350585;0.6230215442457383
False;False;True;True;False;False;False;False;False;True;True;0;True;False;False;True;0;False;False;True;False;0;False;True;False;False;False;0;24;False;0;True;0;6;False;False;True;33476d92cb00314e3a95692d6682376e41da01e40c89ff94e0a7073b0cc3a3ef;0.8047297863362113;0.6731402795483846;0.7871578721346232;0.6194818617543906
False;False;False;False;True;False;False;False;False;False;True;0;True;False;False;True;0;False;False;False;True;0;True;False;False;False;False;0;24;False;0;False;0;6;False;False;True;330d1c1a00e0c4d2f502654ee06a8e59edbf04f7f53f82b8dc651f2c6b4c81ea;0.4678805596256196;0.3682150752316403;0.6634083509654879;0.5392017410176084
True;False;False;True;True;False;False;False;False;False;False;0;True;False;False;True;0;False;False;False;True;0;True;True;False;False;True;0;0;False;0;False;0;6;False;False;False;22498e975cf38aea657d3023860d2c4880ae24da45b298006622d8b8d85ca165;0.3490590844868635;0.2677021109590394;0.6224094096319573;0.5004249192999581
True;False;True;True;False;False;False;False;False;True;False;0;True;False;False;True;0;False;False;False;False;0;True;True;False;False;False;0;0;False;0;False;0;6;True;False;False;234bfb3ad509ab79e286d6f32bb361542a0b2a686df6ae49c6dd2ad28cd3234e;0.4108645796360698;0.3172537175055741;0.6203699001923411;0.4940658137580898
False;False;False;False;True;False;True;True;False;False;True;0;False;False;False;False;0;False;False;False;False;0;True;False;False;True;False;0;24;False;0;False;0;6;True;False;False;11d628bc739e3bdd7e686d9afbd597b7f4eabd94bcd6b12464c9aa2a169356e5;0.1569627327605722;0.0984423186887015;0.31899190942552014;0.27402438469326434
False;False;False;False;True;False;False;False;False;True;True;0;True;False;False;True;0;False;True;False;False;0;False;False;False;False;False;0;6;False;0;False;0;6;True;False;False;964ecfe267d78e1dd68a0d62a71421a2fd69c4c1b89bf6bb0c3f40a86c107dc5;0.6689487094442663;0.5008761807127291;0.9110951698014789;0.747084431824749
False;False;False;True;True;False;True;False;False;False;True;0;False;False;False;False;0;True;False;False;True;0;False;True;False;True;False;0;18;False;0;True;0;6;True;False;False;587001df4cd1d9c2b85cb969103065aef2c3691c83c28e422592c626401cf92a;0.7710577348189901;0.6092710191394639;0.9062371001447842;0.7416984784862577
False;False;True;True;False;False;False;False;False;True;True;0;True;False;False;False;0;False;True;False;False;0;False;True;False;True;False;0;18;False;0;True;0;6;False;False;True;0f23acb6c9a3e0bc72cb785482d37b59469664b1a0cc1750d9373ecfaa647ee5;0.8108678526562914;0.6803055266374585;0.8005910344796797;0.6449353892990333
True;False;True;True;False;False;True;False;False;True;True;0;False;False;False;True;0;True;False;False;False;0;False;True;False;False;False;0;6;False;0;False;0;6;True;False;False;1dac96c65a35d319ad11bf04084c4a257bc5e856c5aa8a76a9a7ddbc706f4600;0.7260097905671102;0.5890889415933138;0.8412471794993115;0.692145883460694
False;False;False;False;True;False;True;False;False;False;False;0;False;False;False;False;0;False;True;False;True;0;False;False;False;True;False;0;0;False;0;False;0;6;True;False;False;a9823f722ddef99d84405b3e15e100f300ed8a47051b04cd7a8f39dece6e3ca0;0.5326725609399595;0.4103424085943359;0.8152603282728852;0.6566529459791179
False;False;True;False;False;False;False;True;False;False;True;0;True;False;False;True;0;False;False;False;False;0;True;False;False;False;False;0;6;False;0;False;0;6;True;False;False;8eb1d19565138d9270bc305048662534319058d810cb80cc1d0b97ed90dd4970;0.5205912657227193;0.4138147085306921;0.639531859421756;0.5148877629303463
False;False;False;True;True;False;False;True;False;False;True;0;True;False;False;True;0;False;True;False;False;0;False;True;False;False;False;0;6;False;0;True;0;6;False;False;True;01b9c816ffe143badabf992b5f5e585e172ab64b00f6f59a1f56cab9872259c8;0.8009067843851196;0.6442991770462634;0.9285537850408772;0.7809253046469901
False;False;False;True;True;False;True;False;False;True;True;0;False;False;False;True;0;True;False;False;False;0;False;True;False;False;True;0;24;False;0;True;0;6;False;False;False;fbe88e95b14e3f0640aed7554450a602c7a9f2ac0f6f0c0d000ebfebaa54c2c9;0.6756486634590364;0.5139991382837538;0.8659373572074541;0.685641460640536
False;False;True;True;False;False;True;True;False;False;False;0;False;False;False;True;0;True;False;False;False;0;False;True;False;False;False;0;0;False;0;True;0;6;True;False;False;51e35030e5583f689c1820acd8dc589f7d6c4e2015d03abfd0630262ff403534;0.6526695041540711;0.5077428223422567;0.7972452676350938;0.6238049726594556
False;False;True;False;False;False;True;False;False;False;True;0;False;False;False;False;0;True;False;False;True;0;False;False;False;True;True;0;6;False;0;False;0;6;False;False;False;fe776f2af996c8c6adbfba888a2d96a67c8b85b8ab3bb93adab0ca20c7fd486c;0.6919739785728407;0.5472179347871206;0.8378569251737177;0.6774392660112446
True;False;False;True;True;False;False;True;False;False;True;0;True;False;False;False;0;False;False;False;False;0;True;True;False;True;True;0;6;False;0;False;0;6;False;False;False;8673fe89f28ad937a6f1da10e5bd2c83b9ee733fa35bcfe1743cec688d216f9a;0.1499223143023278;0.0945810820590904;0.3233214283043189;0.2855099336219029
False;False;True;False;False;False;False;False;False;False;True;0;True;False;False;False;0;False;False;True;True;0;False;False;False;True;False;0;18;False;0;False;0;6;True;False;False;85cc455b5a7093f87db84c90b27358779201742d9629823bb3d2adc0ab1fbd29;0.8728883802232014;0.7418722411599078;0.8850732622079335;0.7304597599702958
False;False;False;True;True;False;True;True;False;False;True;0;False;False;False;False;0;False;False;False;False;0;True;True;False;True;False;0;24;False;0;True;0;6;False;False;True;0966799f924034fc695ee183c2e12aeadbdd768123223cf222ee22f36d1538ea;0.1504266367700273;0.0936112768380606;0.3094721702567578;0.26495689654798826
False;False;True;True;False;False;True;False;False;False;True;0;False;False;False;True;0;False;False;False;True;0;True;True;False;False;False;0;24;False;0;True;0;6;False;False;True;b91762019573650e45a9dea0dec8b9ea452d137132e22698f093758a3ce1ad59;0.5218535825684457;0.40492405839192;0.6209028942927232;0.48292083791973
False;False;True;False;False;False;True;False;False;True;True;0;False;False;False;True;0;True;False;False;False;0;False;False;False;False;False;0;24;False;0;False;0;6;True;False;False;69e4324ed70f4a9e297ff5771a198c90f376fae5cf451df57e646060a9a414b2;0.8774004922408601;0.7614868927994946;0.8546967246892776;0.6943377962909443
False;False;False;True;True;False;True;True;False;False;True;0;False;False;False;False;0;False;False;True;False;0;False;True;False;True;False;0;24;False;0;True;0;6;False;False;True;4b997f885451fbd78f1660a2e1ad41a1289d99a5d771b0351fdd03bbd6cc1483;0.7914965172881866;0.6321137783684717;0.8575004172075794;0.6682220182381645
False;False;True;False;False;False;False;False;False;True;True;0;True;False;False;True;0;False;True;False;False;0;False;False;False;False;False;0;18;False;0;False;0;6;False;False;True;58a4ac96fa69f6861fd00f896d6af7c7a3930cd50531f4a099c5f4fb18025cda;0.8624476469652079;0.7414120972855428;0.856494689491574;0.7032852239628924
True;False;True;True;False;False;True;False;False;False;False;0;False;False;False;True;0;False;True;False;True;0;False;True;False;False;False;0;0;False;0;False;0;6;False;False;True;0b87e488f7aa6f1c4c32722051b9c4dbd1234f8bb8b48edab1320aeb9974795b;0.6063814639722094;0.4613173061130647;0.8343334528062069;0.6667837944625773
False;False;False;True;True;False;False;False;False;False;False;0;True;False;False;True;0;False;False;True;True;0;False;True;False;False;False;0;0;False;0;True;0;6;True;False;False;09624b95226af9f2b923991800034952429ea6b84558f932255baee93ca63340;0.5392514098751131;0.4157995505586534;0.8187260544833034;0.6575819598128313
True;False;True;True;False;False;True;True;False;False;True;0;False;False;False;True;0;False;False;True;False;0;False;True;False;False;True;0;6;False;0;False;0;6;False;False;False;fd968c440de49243ec1602a19cb1ab9b42b3bec3e8af03593cbba10b6e0260ef;0.7797865838133299;0.6334397600007025;0.8202391362832018;0.6556787154097463
False;False;False;True;True;False;True;False;False;True;True;0;False;False;False;True;0;True;False;False;False;0;False;True;False;False;False;0;6;False;0;True;0;6;False;False;True;df4bf44bdba339cfe7c467479cde578758b874e6e14733f200543fc836b879c1;0.7348298872150295;0.5708452645501885;0.9346201675699309;0.7867816518651439
False;False;True;False;False;False;True;False;False;True;False;0;False;False;False;False;0;True;False;False;False;0;False;False;False;True;False;0;0;False;0;False;0;6;False;False;True;4fdbbcc7766fed7708bfb1459fca9498b758f4e81aa1d1d1ba0f40d084433f8f;0.621565698011928;0.4869310113334257;0.8019099063012022;0.6382477524222818
True;False;False;True;True;False;True;False;False;False;True;0;False;False;False;False;0;False;False;True;True;0;False;True;False;True;False;0;18;False;0;False;0;6;False;False;True;10e1ef0b2393662580c2875bb8ade719578ea444357d96f0c709e74638938bad;0.7989069553851071;0.6426739558843008;0.914177451872618;0.7560800777127756
False;False;True;True;False;False;False;False;False;True;True;0;True;False;False;False;0;False;False;True;False;0;False;True;False;True;False;0;6;False;0;True;0;6;True;False;False;abacb3510aee05063ed4ebd256bd2ce5c66a21b497dac169162978b55602c8de;0.7777547625356217;0.6411341715166292;0.8391713532847436;0.6897073445245064
True;False;True;True;False;False;False;False;False;True;True;0;True;False;False;True;0;False;False;False;False;0;True;True;False;False;True;0;6;False;0;False;0;6;False;False;False;8a5bc73da88d84d4177fb4b8996a3449298b9bd1204e9ef456d1630fa7a61773;0.4529199654796284;0.3581704669914527;0.622686206830755;0.5077016290486365
True;False;False;True;True;False;False;False;False;False;True;0;True;False;False;True;0;True;False;False;True;0;False;True;False;False;False;0;24;False;0;False;0;6;False;False;True;2cc76d6f46de36e1d8b6b086337c1f240dfdc2e049bc713cc4fd9e9564f2027a;0.7910836855661676;0.6383444397148412;0.8952819540470016;0.7273751756371949
True;False;True;True;False;False;False;False;False;True;True;0;True;False;False;True;0;False;True;False;False;0;False;True;False;False;False;0;6;False;0;False;0;6;False;False;True;2010b7da97aece84232d1d3132799d0047f8360dfa510785e136e04038898f43;0.7295263338828787;0.5915354385426111;0.8387878818891901;0.6865264248645161
False;False;False;False;True;False;False;False;False;False;False;0;True;False;False;False;0;True;False;False;True;0;False;False;False;True;True;0;0;False;0;False;0;6;False;False;False;49c0bb17e4d4f6e0dbd8d01cac09f73a8ca3a50b4b359e8ab51f5f3259b1789e;0.5215083512738109;0.4004458283010429;0.8043549530192294;0.6447341548286906
True;False;True;True;False;False;True;False;False;True;True;0;False;False;False;False;0;True;False;False;False;0;False;True;False;True;True;0;6;False;0;False;0;6;False;False;False;7a92e58d91c23f17c07e969bee38b27872bdc9aa08e38e274c5877421e94be1a;0.7077960357598427;0.5686146328101883;0.8273370425947973;0.6748427945299192
False;False;True;False;False;False;False;True;False;False;True;0;True;False;False;False;0;False;True;False;False;0;False;False;False;True;True;0;18;False;0;False;0;6;False;False;False;127b969509d273a745cd11d160f50a3ce762ec6147bf47313f91d4b06f736f98;0.9091471485670016;0.7991362932234498;0.8131205158277574;0.6481615876660811
True;False;True;True;False;False;True;False;False;True;True;0;False;False;False;True;0;False;True;False;False;0;False;True;False;False;False;0;18;False;0;False;0;6;True;False;False;0caf60706f3b6916bee7f9561abedf7d67aed4dde71120bfc796e91e7ac9a6ce;0.8662572649822333;0.746699585496316;0.8602710282624382;0.7129775102267343
False;False;True;True;False;False;False;True;False;False;True;0;True;False;False;False;0;True;False;False;False;0;False;True;False;True;False;0;18;False;0;True;0;6;False;False;True;e89c032e44ec225f8aaf28e9e6117475e2079d8b71a0292939a14a4e6c334440;0.8910417806127064;0.7731049507076576;0.7787452863025256;0.6180248649636433
False;False;True;True;False;False;True;False;False;True;False;0;False;False;False;True;0;False;False;False;False;0;True;True;False;False;False;0;0;False;0;True;0;6;False;False;True;8629d7362cc0387006444d0039027aa26c3a5dd396a49cc6af560e0e4679d66f;0.4191700895970868;0.3242909155554954;0.6175947691210032;0.4890399776658662
False;False;False;False;True;False;False;True;False;False;True;0;True;False;False;True;0;True;False;False;False;0;False;False;False;False;False;0;6;False;0;False;0;6;False;False;True;4a5ae0b6d8dd9f448815dd08d8f8cc11aa2afa01add261109d645469e3fb9c46;0.7311847415983049;0.5678400349060795;0.9028926875232134;0.7439336093347519
False;False;False;False;True;False;True;False;False;True;True;0;False;False;False;True;0;False;False;True;False;0;False;False;False;False;True;0;18;False;0;False;0;6;False;False;False;95e4da8c3f96911978cd9744c35e4d453a22d2aee606041f67dabc943288da64;0.7058258340435687;0.5460246487432523;0.887938737994399;0.7230345667894004
True;False;True;True;False;False;False;True;False;False;True;0;True;False;False;False;0;False;False;True;False;0;False;True;False;True;False;0;24;False;0;False;0;6;False;False;True;23dca2920ddf92d96bf9ee488bab810312b9f0e8ec0e30ea42ab95aa1d4ab286;0.99617111318703;0.976530400842457;0.8203622383962792;0.6493135541573603
False;False;False;True;True;False;False;True;False;False;True;0;True;False;False;False;0;False;True;False;False;0;False;True;False;True;True;0;24;False;0;True;0;6;False;False;False;2a567044cde14883915a744877afa3f13b8e83ebe70c79b8b67e0d1fc0fd5c42;0.7647952929627464;0.6022529604541703;0.8420066323905043;0.6504878850375554
True;False;True;True;False;False;False;False;False;False;True;0;True;False;False;True;0;False;False;True;True;0;False;True;False;False;False;0;24;False;0;False;0;6;True;False;False;eb5a3274a786add8ba9d890144471616fc74e62495668e01edfa4a406ed32767;0.90112443636567;0.7769892217142588;0.8722371496573803;0.7087025368571288
False;False;False;True;True;False;False;False;False;True;True;0;True;False;False;False;0;True;False;False;False;0;False;True;False;True;False;0;24;False;0;True;0;6;False;False;True;74613f98aa2e09851a6792e02c5279a8ac8c52cad7145c65793de56fe808eec7;0.6969618942917537;0.5328077437943572;0.8769361102577686;0.6965019740170892
False;False;False;False;True;False;True;False;False;False;False;0;False;False;False;False;0;False;False;True;True;0;False;False;False;True;True;0;0;False;0;False;0;6;False;False;False;355fb41a0d50c30d01c06245cdea8735a7637c9df2824c635c2eefc8bdbd90af;0.5213699816503227;0.3999038421613698;0.8041652088160053;0.6443856092202747
False;False;True;False;False;False;True;False;False;True;True;0;False;False;False;True;0;True;False;False;False;0;False;False;False;False;False;0;24;False;0;False;0;6;False;False;True;bfae8cd1ad5c0567df2dd5e1baddc78aff2768607efe6d213af6271c205c654e;0.8797209165137803;0.7643700959114619;0.8506280806063231;0.688761115054467
False;False;True;False;False;False;False;False;False;False;True;0;True;False;False;True;0;False;False;True;True;0;False;False;False;False;False;0;24;False;0;False;0;6;True;False;False;7392393b62c1685c8585327a839b6cfc0d4ce8650b6deaae79ed59ae668a157f;0.8862269523365646;0.7604999293283576;0.8698214205066899;0.7028947165457629
False;False;True;False;False;False;False;True;False;False;False;0;True;False;False;False;0;False;True;False;False;0;False;False;False;True;False;0;0;False;0;False;0;6;True;False;False;887f3a8ec9bb1086819c445f5cf5896d6d34bfc912d337bfd0bd711dec993371;0.6586400791840067;0.5111260957782499;0.806213713336189;0.6334304717669965
False;False;True;False;False;False;True;False;False;False;True;0;False;False;False;True;0;True;False;False;True;0;False;False;False;False;False;0;24;False;0;False;0;6;False;False;True;f2b93f1cbb1f51900ad633af31ace553546f9f6dade0198eb32e348718b6e51a;0.8904282637776043;0.7660768561748786;0.8651853817294712;0.6975657117489801
False;False;True;True;False;False;True;False;False;True;True;0;False;False;False;False;0;False;False;False;False;0;True;True;False;True;False;0;24;False;0;True;0;6;True;False;False;2b18d1858d9317e708678707fd36c27aa70779870c3097d01a275e4026aed8b3;0.1629810000419956;0.1213165026202478;0.2958174370024544;0.27304433894463276
False;False;True;True;False;False;True;False;False;False;True;0;False;False;False;False;0;False;False;True;True;0;False;True;False;True;False;0;6;False;0;True;0;6;False;False;True;e57a40a5acafc92f72a970beb0cd0617251977317023a47a007b154388a84629;0.7627962508271852;0.6083750206925951;0.8523554725295076;0.6914215819082051
True;False;True;True;False;False;False;True;False;False;True;0;True;False;False;True;0;True;False;False;False;0;False;True;False;False;False;0;18;False;0;False;0;6;False;False;True;723120b06c899bffe8acf39c072ba62cf99612e8eebeb3b6dee3c2d57f45738c;0.9556401371984152;0.8704584859282856;0.8256621728404135;0.6667517602995424
False;False;True;False;False;False;False;False;False;False;False;0;True;False;False;True;0;False;False;False;True;0;True;False;False;False;True;0;0;False;0;False;0;6;False;False;False;ed55c60aa2c51022baf4fa85371c78da1d5b4902e16e74895dceb2504b7c7b5e;0.3908089370399335;0.2915361277941861;0.6284792156182343;0.5000158651550405
True;False;True;True;False;False;False;False;False;False;False;0;True;False;False;True;0;False;True;False;True;0;False;True;False;False;False;0;0;False;0;False;0;6;False;False;True;b02692efc50ee1932facb7bb6a291b9f4887c09f90f8fe695c851b9a349161f4;0.6074247956217771;0.4620076037472794;0.8348725224017128;0.6671516292190538
True;False;True;True;False;False;False;True;False;False;True;0;True;False;False;False;0;False;False;False;False;0;True;True;False;True;False;0;18;False;0;False;0;6;False;False;True;f77958a1973e5b3ccf0fa410625f93023f3d0d2f630416dc3bb14c27e7017f3c;0.1726891939273449;0.1252545007158404;0.2816634297198975;0.25713258953194207
True;False;False;True;True;False;False;False;False;True;True;0;True;False;False;True;0;True;False;False;False;0;False;True;False;False;False;0;24;False;0;False;0;6;False;False;True;f92e82811ac20b17d36479673b8905a5b0f0c5f078901da5b315ff92361cfc88;0.7362519217172929;0.5773348307498776;0.8963074773240024;0.7285511145127462
False;False;False;False;True;False;True;False;False;False;True;0;False;False;False;True;0;False;True;False;True;0;False;False;False;False;False;0;18;False;0;False;0;6;False;False;True;6a5d27873b158b961b2d9b1eb9c82946fe378f8916aa253c838c7748fdb4a9e3;0.7812751162327859;0.6294292559766304;0.9071831242910005;0.750790400947041
True;False;False;True;True;False;True;False;False;False;True;0;False;False;False;False;0;False;True;False;True;0;False;True;False;True;True;0;18;False;0;False;0;6;False;False;False;6951a4228247873d8fd4788105c7ff3bf21912740ef44829183c4bb6de0a9970;0.7747777310924201;0.6191075448177413;0.9022474546363652;0.7417968013947099
False;False;True;False;False;False;True;False;False;False;True;0;False;False;False;False;0;True;False;False;True;0;False;False;False;True;False;0;24;False;0;False;0;6;True;False;False;c3afdac9bcfc6244cfc2571c24242d1e21ed9401203fd58c9eaf1e94cfd8ff16;0.8896237040094735;0.7651044131006667;0.8703687837471931;0.7047098663269465
True;False;False;True;True;False;True;True;False;False;False;0;False;False;False;True;0;False;False;False;False;0;True;True;False;False;True;0;0;False;0;False;0;6;False;False;False;388aeec45e93b66368ebd616e9bf728e400c54dc7abc361b437a2faabaffad0e;0.3681607347335159;0.2767644095756996;0.6390931208689613;0.5077284902333645
False;False;False;False;True;False;True;True;False;False;True;0;False;False;False;False;0;False;False;True;False;0;False;False;False;True;True;0;24;False;0;False;0;6;False;False;False;1d92edf95eb9e1ccce5be721940e6b10235558a9a6e55b0d6a80f330b300e1fb;0.8043914195265663;0.6567942561328213;0.8714696569634894;0.6974392484544694
True;False;True;True;False;False;True;True;False;False;True;0;False;False;False;False;0;False;False;True;False;0;False;True;False;True;False;0;6;False;0;False;0;6;False;False;True;317bdde29cbb32a3181621f3f69e96cff97037e2ab7f46c8f7043edb2343ef32;0.8061070671035353;0.6631207747171138;0.8311512993614415;0.6670227843839979
False;False;True;False;False;False;False;True;False;False;True;0;True;False;False;True;0;False;False;True;False;0;False;False;False;False;False;0;24;False;0;False;0;6;True;False;False;6837437fd4f4160f179a9a9358fa4375c52819fc924a74cd404f2b47b8d7535a;0.9755902546236094;0.9206240111799386;0.8271324610591668;0.6536361443775556
True;False;True;True;False;False;False;False;False;False;True;0;True;False;False;True;0;False;True;False;True;0;False;True;False;False;False;0;6;False;0;False;0;6;False;False;True;b0622491775c7cc1e47273aba41c1df42641852657859105f6868600dfa2486a;0.7142668721669584;0.5618830359871881;0.8508734983192859;0.6898199356386493
True;False;False;True;True;False;True;True;False;False;False;0;False;False;False;True;0;False;True;False;False;0;False;True;False;False;False;0;0;False;0;False;0;6;True;False;False;8d14750c36d3f7e2075a8556cec37961016d6a0f3dc88641ef74e562a08f7495;0.5325161563842399;0.4079770452414271;0.8100293036521666;0.6484885542490773
False;False;False;False;True;False;True;False;False;False;True;0;False;False;False;False;0;False;False;False;True;0;True;False;False;True;False;0;18;False;0;False;0;6;False;False;True;352c559bba43817de26f72324dd5fecc91a946d0c3754bc915afe8b42a2afeea;0.1449836260708799;0.0907010671626029;0.32608219107587755;0.28378710716558725
False;False;True;True;False;False;True;False;False;True;True;0;False;False;False;False;0;False;False;True;False;0;False;True;False;True;False;0;18;False;0;True;0;6;False;False;True;ba627dfdd52d0df4aed1df281fe6662374735397d53e44a16e7cf28828ec140f;0.8079369759661017;0.6775306789669254;0.8033351705506473;0.6490313523786887
False;False;False;False;True;False;False;False;False;False;True;0;True;False;False;True;0;False;False;False;True;0;True;False;False;False;True;0;18;False;0;False;0;6;False;False;False;786a415e4d3f1e694fba6a2db511aeadf5cd9fe117d5530a95a01881bb2340ca;0.471983268438492;0.3685488748220976;0.6741521950712431;0.551438384144693
False;False;True;True;False;False;True;False;False;False;True;0;False;False;False;True;0;False;False;True;True;0;False;True;False;False;False;0;24;False;0;True;0;6;False;False;True;ab26398b454666ce62aa1f9af4fc913bd23521399be918a58505cbc29752e6ef;0.8154814883566547;0.6622232155007929;0.817869799811874;0.6383202991208302
False;False;True;False;False;False;True;False;False;True;True;0;False;False;False;True;0;False;False;True;False;0;False;False;False;False;False;0;6;False;0;False;0;6;True;False;False;8efa32a734abf70eccc00c18cc3b4e497a2c5f44d434ebfcbde4845d95db217f;0.7278682301521309;0.5920593395925453;0.8452143359934077;0.6934936173811113
True;False;True;True;False;False;False;False;False;True;True;0;True;False;False;False;0;False;False;True;False;0;False;True;False;True;False;0;6;False;0;False;0;6;True;False;False;665dd71ff8e7987e999141258e8fa548f7ac8975b4ab1e40704949b1261f2a15;0.7267778340804995;0.588798850432852;0.841871707599052;0.6912481484381834
False;False;True;True;False;False;False;False;False;False;True;0;True;False;False;True;0;False;False;True;True;0;False;True;False;False;False;0;18;False;0;True;0;6;True;False;False;052be3f3ddcf42c5ad37084838feed488a4fa720ac890a10bc70de1b6d77f28b;0.815572063036237;0.6688675785143483;0.840431040374611;0.6801515612591936
False;False;False;True;True;False;True;False;False;False;True;0;False;False;False;False;0;False;True;False;True;0;False;True;False;True;False;0;18;False;0;True;0;6;True;False;False;bba90ba2d6d7dd98b9371d9d88070e170bc36dd2acd5558850c3e5cbbc5c7366;0.7710038642079129;0.6091647931908776;0.9062145778377794;0.7417923799173665
False;False;True;False;False;False;True;False;False;True;True;0;False;False;False;False;0;False;True;False;False;0;False;False;False;True;False;0;24;False;0;False;0;6;True;False;False;952bc39b69fea69f88a040dc9c929280ef1a600a940f9ed01194a2c2309fb4ef;0.8792187408284196;0.7638011449559702;0.8548059293334402;0.694415992860248
False;False;True;True;False;False;True;True;False;False;False;0;False;False;False;False;0;True;False;False;False;0;False;True;False;True;True;0;0;False;0;True;0;6;False;False;False;3a0d59b58ecad7e29669404d49bba88caff07d670ec4504a7ccb153ec1010a65;0.63388143021035;0.4909392643529445;0.7794830710106831;0.6075114556740787
False;False;True;True;False;False;True;False;False;True;True;0;False;False;False;True;0;True;False;False;False;0;False;True;False;False;True;0;6;False;0;True;0;6;False;False;False;e97aa1a94dd6c275c87c502c8d912bef45a37979fb40bd7227b97733b579e09a;0.7579407139390782;0.6188367880117129;0.824748542638499;0.6718683091467303
True;False;True;True;False;False;False;True;False;False;True;0;True;False;False;False;0;True;False;False;False;0;False;True;False;True;False;0;6;False;0;False;0;6;True;False;False;5831146186018fd3933f72943bc63d8cf4327627e317879f1f559f3803369495;0.8019822516972697;0.6578815598305784;0.8368703009205148;0.674338758794177
False;False;False;False;True;False;False;False;False;True;True;0;True;False;False;True;0;False;False;True;False;0;False;False;False;False;False;0;24;False;0;False;0;6;False;False;True;4e32ecfadcd37999d32c177b93e0bbba234586294746a7e866fb626557389a1f;0.725146493150462;0.5678658664033884;0.8947799051596552;0.7270927544614331
True;False;True;True;False;False;True;False;False;True;True;0;False;False;False;False;0;False;True;False;False;0;False;True;False;True;False;0;6;False;0;False;0;6;False;False;True;9169e6b1d07772b081de640b6706418ca87270a2f9d252625b2dd685cd52ce47;0.7336217144067767;0.5958198584821013;0.8392764701829295;0.6872555672811939
True;False;False;True;True;False;True;True;False;False;True;0;False;False;False;True;0;True;False;False;False;0;False;True;False;False;False;0;24;False;0;False;0;6;True;False;False;c4074c0987329db8f063465daf3aa58e99d3f765cd3104414ed27c33930635ae;0.8418294572745006;0.7010132791198981;0.8904933030360725;0.7229204386119403
True;False;False;True;True;False;False;False;False;True;True;0;True;False;False;False;0;False;False;True;False;0;False;True;False;True;False;0;6;False;0;False;0;6;False;False;True;43499f07366ab0e4d5286ea15ce5fd97ecdc2125a5e35207a6be60c5ea351603;0.6802127851585099;0.5130379149188897;0.9151278745367343;0.7524435849687872
False;False;True;True;False;False;True;True;False;False;True;0;False;False;False;True;0;False;False;True;False;0;False;True;False;False;True;0;6;False;0;True;0;6;False;False;False;353d851c54130a49bc5cf8be3577f7446287334ddce44dbe2f47e2a91c04e761;0.8250716368702848;0.6834232296970504;0.821935333760256;0.6599699193881086
False;False;False;False;True;False;False;False;False;False;True;0;True;False;False;False;0;False;False;True;True;0;False;False;False;True;False;0;24;False;0;False;0;6;True;False;False;06ccdf00d22fc526de019b41a96efe7c922508416787cfd8ddd6275ec14926ee;0.7714994623049791;0.6216919422170321;0.8931580460393458;0.728689860564679
False;False;False;False;True;False;True;True;False;False;False;0;False;False;False;False;0;True;False;False;False;0;False;False;False;True;True;0;0;False;0;False;0;6;False;False;False;4de62c4090c9c1c7c41ccf9901449b1e9936b90845eca1af3c14dcdd586c56bf;0.5213101523051453;0.3968922514808521;0.7973089741517695;0.6352305024389777
False;False;True;True;False;False;True;False;False;True;True;0;False;False;False;False;0;False;False;True;False;0;False;True;False;True;True;0;24;False;0;True;0;6;False;False;False;1fc9e9fe3a561bac1581b7fe2fd39c08d4709d36d9bf6906f205ef0fc8144381;0.7790373909693862;0.6452756869369705;0.779337528588045;0.6125533690212551
False;False;False;True;True;False;True;False;False;True;True;0;False;False;False;True;0;False;False;True;False;0;False;True;False;False;False;0;18;False;0;True;0;6;False;False;True;0e21f02117104302b9b3e5f2d47192e0403afc2ee6e87969a308b66629df9e9c;0.7103761724492126;0.5480652223578618;0.8917826054483049;0.7242944795268562
True;False;True;True;False;False;True;True;False;False;True;0;False;False;False;False;0;False;False;False;False;0;True;True;False;True;True;0;18;False;0;False;0;6;False;False;False;da541062bae6a085f7196ecc1532d6a869ca7a7306188c19cafd0c60fd7fd640;0.1628532679252579;0.1169841934135364;0.2744644063097465;0.25410680758626825
False;False;True;True;False;False;True;False;False;True;True;0;False;False;False;False;0;False;True;False;False;0;False;True;False;True;True;0;24;False;0;True;0;6;False;False;False;5f60c7d4b7d0967c4b1734abb564d6541f6b5c36f4da6628b1b88f51db99ab97;0.7757543881725794;0.6426271131460356;0.7762511608752266;0.6110707216603124
True;False;True;True;False;False;True;False;False;False;True;0;False;False;False;True;0;False;False;True;True;0;False;True;False;False;False;0;24;False;0;False;0;6;False;False;True;6ef41330817400568daed357344533ef4fd499b5043cce277433bf7c33cd25f9;0.9054492664160524;0.78289883137837;0.8678350226136222;0.7029161984343854
True;False;False;True;True;False;True;True;False;False;True;0;False;False;False;False;0;False;False;False;False;0;True;True;False;True;True;0;18;False;0;False;0;6;False;False;False;ea7e0db61b7d98966795de6873bd4eba3bc1cc651d726235c866207ad438df7c;0.1493121204975081;0.0957267804147468;0.3158766231444488;0.2718559133600952
False;False;False;True;True;False;False;False;False;True;True;0;True;False;False;True;0;False;True;False;False;0;False;True;False;False;False;0;24;False;0;True;0;6;False;False;True;635aea817061293a32e529ef641a2a0cfb9fe0b4190c7ff4960f376560c87bd7;0.6948356960997237;0.5308943619654052;0.8761353954597438;0.6956422130437321
False;False;False;True;True;False;False;False;False;True;False;0;True;False;False;True;0;False;False;True;False;0;False;True;False;False;False;0;0;False;0;True;0;6;True;False;False;f0f45da1f225a415f8d63ec1f6ed2e8b472071bd89853f3d2eed31b327eae728;0.5322583127528165;0.4043387380145766;0.8334200903202236;0.6713453398130763
False;False;True;True;False;False;True;True;False;False;True;0;False;False;False;False;0;True;False;False;False;0;False;True;False;True;True;0;24;False;0;True;0;6;False;False;False;b9e362899aefc2c4419bf8680f4d4619118ce1c619cf08bcbac128410657d650;0.8660426742213436;0.734058927354028;0.7523210515157297;0.5717201803948416
True;False;True;True;False;False;True;False;False;False;True;0;False;False;False;True;0;False;False;True;True;0;False;True;False;False;False;0;18;False;0;False;0;6;True;False;False;b12706a46c0684de6e9f5c09a9530ab66bffa773f49eb7789fd0e2e3aa381c09;0.8812208809362165;0.7506154082683971;0.8857320540383244;0.7351909668611915
False;False;True;True;False;False;False;False;False;False;True;0;True;False;False;False;0;False;True;False;True;0;False;True;False;True;False;0;18;False;0;True;0;6;True;False;False;2333a18994e7c4fc82446f5197997e72ece58ed50b7911b7da3d21da03f0ad8f;0.8166083718874791;0.6697201974737014;0.8385236691250766;0.6783135307302939
False;False;True;True;False;False;True;True;False;False;True;0;False;False;False;True;0;False;False;False;False;0;True;True;False;False;True;0;18;False;0;True;0;6;False;False;False;8e0de72a9263e56c1158efb8c48910a463244fa3202ef0ed569855f9325f6746;0.5657743576325686;0.4532384272425421;0.5989561708236807;0.4751025626124628
True;False;False;True;True;False;True;False;False;False;False;0;False;False;False;True;0;False;False;False;True;0;True;True;False;False;False;0;0;False;0;False;0;6;True;False;False;1f049b94244c9e25da1f0e151796abb2f1692bfee930f642985eba1c4102770e;0.3714405030014927;0.285900108577595;0.6533317258198472;0.5253836862419196
True;False;True;True;False;False;False;False;False;True;True;0;True;False;False;True;0;False;True;False;False;0;False;True;False;False;False;0;18;False;0;False;0;6;True;False;False;1cb9087a8774da5b993f5e68105f91a2e689b2a69301b73c98499088c11c83b1;0.8674535655208703;0.7476528691164256;0.858318775255045;0.7097460537765219
False;False;True;False;False;False;True;False;False;True;False;0;False;False;False;False;0;False;False;False;False;0;True;False;False;True;False;0;0;False;0;False;0;6;True;False;False;9f051cbd84424e7281df26a3a247b03e3a4ff14a5c57dc104ce8a36d2bdf6e4a;0.1487621889589132;0.0990896948441693;0.3278435607703807;0.2846032928954066
True;False;True;True;False;False;True;True;False;False;True;0;False;False;False;True;0;False;False;True;False;0;False;True;False;False;False;0;18;False;0;False;0;6;False;False;True;ec90554f023e15ad9070511883960b00c6a716e88dedb112e896232178f752fb;0.9515128428543966;0.8628770117317497;0.8265834120957938;0.6697305146434754
False;False;False;True;True;False;True;True;False;False;True;0;False;False;False;False;0;False;True;False;False;0;False;True;False;True;True;0;24;False;0;True;0;6;False;False;False;a31c2f53473b422c60e5970d71b7f70cec46fca24d617dc505358eb0c00f96a8;0.7654406281156864;0.6018201685516047;0.8447057579186152;0.6528327226572176
False;False;False;False;True;False;False;True;False;False;False;0;True;False;False;False;0;False;True;False;False;0;False;False;False;True;True;0;0;False;0;False;0;6;False;False;False;29f859743a41d23b5360d4c981930eecf94bb160036c4c0953295d1192203123;0.5207936875996143;0.3970104009348085;0.7966861721019624;0.6346606588756772
False;False;True;True;False;False;False;False;False;True;False;0;True;False;False;True;0;False;True;False;False;0;False;True;False;False;True;0;0;False;0;True;0;6;False;False;False;42fe466a150aa340f9cdec41d34a415ca7d287f5b7ab365fdd1ac37f0549e81b;0.5930475982308585;0.464569046223438;0.7688973885103395;0.610202871768471
False;False;True;False;False;False;True;True;False;False;True;0;False;False;False;False;0;True;False;False;False;0;False;False;False;True;True;0;18;False;0;False;0;6;False;False;False;4630655a7ebbf0bad9f27fc0b118a035665cd656d77a4cedbd2431349a26a54b;0.905267094907887;0.7937512698263209;0.814586294316511;0.6515039184045802
False;False;False;True;True;False;False;True;False;False;True;0;True;False;False;True;0;False;False;False;False;0;True;True;False;False;False;0;18;False;0;True;0;6;False;False;True;655d80542f3385d7c406ec245fc309dbc70bca1bce13e306b2e6cd2214bda9e0;0.5065530331281572;0.3984212358486138;0.6699565303144082;0.5386955710827749
False;False;False;False;True;False;True;True;False;False;True;0;False;False;False;True;0;False;False;True;False;0;False;False;False;False;False;0;6;False;0;False;0;6;True;False;False;15953223d54fa28da10802b117e24933b149e79c1341a5f21598108b4bf7744c;0.7291539465261069;0.5635352139809922;0.9074467672316361;0.7503401647921321
False;False;False;False;True;False;True;False;False;False;True;0;False;False;False;True;0;True;False;False;True;0;False;False;False;False;True;0;6;False;0;False;0;6;False;False;False;425f25aa47b96743bef5955cb446ac9ec9859cc921cefe83efd7de66afcc3811;0.6698767220095804;0.5042417059010774;0.8931956052529815;0.7255055833845282
False;False;False;True;True;False;True;False;False;False;True;0;False;False;False;True;0;True;False;False;True;0;False;True;False;False;False;0;24;False;0;True;0;6;False;False;True;ea2c8a49b8ab192ad830baf3db44fcb6ef8ae98af45217517d316c02dc4b652c;0.7480778706354929;0.5841046767961169;0.8760392301150024;0.693036772374284
False;False;True;False;False;False;False;False;False;False;True;0;True;False;False;True;0;False;False;False;True;0;True;False;False;False;False;0;18;False;0;False;0;6;False;False;True;2330b577e891898019b8acd6a0f8439662273e2f5e34f98d83cb0ceab263bd17;0.5324283236756516;0.4274593638623959;0.6508756563769551;0.5276689541469617
False;False;False;True;True;False;True;True;False;False;False;0;False;False;False;True;0;True;False;False;False;0;False;True;False;False;True;0;0;False;0;True;0;6;False;False;False;20c0a09d7f3acf5a088ead165163da0bea77570d869de47a1a926125b892d619;0.5282170909948664;0.403120713532842;0.8007892398741101;0.634415912508807
False;False;True;True;False;False;True;True;False;False;True;0;False;False;False;False;0;False;False;True;False;0;False;True;False;True;False;0;24;False;0;True;0;6;False;False;True;78d063a3a8fcc031e627ef880b2ed80c499c41a971bca1e4e7acf4a1da04005c;0.9015635057371776;0.7804425174204089;0.7638000227221247;0.584322066217486
False;False;False;True;True;False;True;False;False;False;True;0;False;False;False;True;0;False;False;False;True;0;True;True;False;False;True;0;24;False;0;True;0;6;False;False;False;93fee58fde3c6ffeda94e51264ec9d9e146b90479a8208175010b47db9b52559;0.4681283605666418;0.3530053734896145;0.6673285612368592;0.5235840000010267
False;False;False;False;True;False;False;True;False;False;True;0;True;False;False;True;0;False;False;True;False;0;False;False;False;False;False;0;18;False;0;False;0;6;True;False;False;8a1a7965cc6c38629803925e24e90eb0d718efe0c6ab85387284ed65f6e9f537;0.8243676503505287;0.6767944897310937;0.9011488332886471;0.7362787420498301
True;False;True;True;False;False;True;False;False;True;True;0;False;False;False;False;0;False;True;False;False;0;False;True;False;True;True;0;24;False;0;False;0;6;False;False;False;7252cf4d92fcb37d83acde3717e9517645242350adaf0d57868115b3cae931e1;0.8574653028561319;0.737459829925951;0.837145592604013;0.6778493143268005
False;False;False;True;True;False;False;False;False;True;False;0;True;False;False;False;0;False;False;True;False;0;False;True;False;True;True;0;0;False;0;True;0;6;False;False;False;ce31fdfcab816e2a3786d5eb7962a1b146323974b7ccfe9e51138a2238350a0f;0.5229864856536042;0.3940530533718732;0.821681120059733;0.6589804482737177
False;False;True;False;False;False;True;False;False;True;True;0;False;False;False;False;0;False;False;False;False;0;True;False;False;True;False;0;6;False;0;False;0;6;False;False;True;4600c4fcc975d159a5e3ffbfcdd460a5f0b55113d1a74f9251f432d5c087b232;0.1435617909260385;0.0963496830312574;0.30876878298611377;0.2851422184982959
False;False;False;True;True;False;True;False;False;False;True;0;False;False;False;True;0;False;False;False;True;0;True;True;False;False;False;0;18;False;0;True;0;6;False;False;True;b0d2c28901bf6b6488de31d85abab0e0937380729379d79c66aa7c535ac11fab;0.5008910250127511;0.3878208793682952;0.701946142123856;0.5692489700619371
True;False;True;True;False;False;False;False;False;True;True;0;True;False;False;False;0;False;False;True;False;0;False;True;False;True;True;0;24;False;0;False;0;6;False;False;False;d5b4eca69fe6b341c253c56afca1cd0e533bd0b353a60f4f8568538a0044e3ef;0.8537944657136732;0.7331930917739925;0.8344027486821209;0.6755268263410598
False;False;True;False;False;False;True;False;False;True;True;0;False;False;False;False;0;True;False;False;False;0;False;False;False;True;False;0;18;False;0;False;0;6;False;False;True;5998b9945c85eba7f08eaeae5f9df9e9cb7976d47e7eb3f9ff7a20c35e80a6d4;0.8649783096487007;0.7435890692579853;0.8581278498102755;0.7052406543617644
False;False;False;True;True;False;True;False;False;False;False;0;False;False;False;True;0;True;False;False;True;0;False;True;False;False;True;0;0;False;0;True;0;6;False;False;False;d854dc3cb8b5b1e67ba8412d6e9e8062a1782d36fd936bdbcc5c0e0f7ed7d1ef;0.525646200491488;0.4035467305517772;0.8027290318919434;0.6381528206941764
False;False;False;False;True;False;False;False;False;True;True;0;True;False;False;False;0;False;False;False;False;0;True;False;False;True;False;0;24;False;0;False;0;6;True;False;False;3a013b2d6f61be123359cae3b456f2318e6b16d909273e7392766c3c849af01c;0.1415959055232731;0.083763289713214;0.32900143789964453;0.2767903285449832
False;False;True;False;False;False;False;False;False;True;True;0;True;False;False;True;0;False;False;False;False;0;True;False;False;False;True;0;18;False;0;False;0;6;False;False;False;fd0c58a4afcd80c75f89f9cf9ce7849962ae71d8b1f5f5e14a05705e2c048349;0.5088330830525448;0.4160060512074002;0.619893991571595;0.5065151196323904
False;False;True;True;False;False;True;False;False;True;False;0;False;False;False;True;0;True;False;False;False;0;False;True;False;False;False;0;0;False;0;True;0;6;False;False;True;041fb2f4f788306e0b1db639ada91f496686ca61d8e94f53a7ffba73bebf90ca;0.6150866839598703;0.4852218314393757;0.7849077086519769;0.6244163369771581
False;False;True;False;False;False;True;False;False;True;True;0;False;False;False;False;0;False;True;False;False;0;False;False;False;True;True;0;18;False;0;False;0;6;False;False;False;67dd44ce0c6400949301702a5eed3b2ea5c3776637e40f1b1678c0359ae24e2c;0.8340041565441345;0.7099737327676984;0.846457129718551;0.6930360033248899
False;False;True;False;False;False;False;False;False;True;True;0;True;False;False;False;0;False;False;True;False;0;False;False;False;True;False;0;24;False;0;False;0;6;True;False;False;5dca15b21312cc443fbe4fcc0bf290d7856852e6f2ceb09e8e94f125b484ee47;0.8744941312867048;0.7582903346857336;0.8518696853921104;0.6907464219532767
True;False;False;True;True;False;True;True;False;False;True;0;False;False;False;True;0;False;False;False;False;0;True;True;False;False;False;0;18;False;0;False;0;6;False;False;True;b72d95c3e74cf6706df56d5ffc8dd7c6aba6b3893c8deae60c6f2bb14940f709;0.5404579883712222;0.4257462569269383;0.7000160904861144;0.5668974475694484
True;False;True;True;False;False;False;False;False;False;True;0;True;False;False;False;0;True;False;False;True;0;False;True;False;True;False;0;24;False;0;False;0;6;False;False;True;561cd78397425940adaa27da1350ece557e6902754f67e50af86d219e0537dcb;0.906985134634294;0.7838101971240192;0.8663802954357688;0.7003448483821596
False;False;False;False;True;False;False;True;False;False;True;0;True;False;False;True;0;False;False;True;False;0;False;False;False;False;False;0;6;False;0;False;0;6;False;False;True;2be718decfbff89574a40b55c52e163b526103bdf42cadfea1ebf4af79f04af8;0.7314140820279363;0.5672586771486934;0.9054293574219754;0.7466052058470196
False;False;True;False;False;False;True;False;False;True;True;0;False;False;False;True;0;False;True;False;False;0;False;False;False;False;False;0;6;False;0;False;0;6;False;False;True;e8a20b1a9f53d074bb9b851c082833829814e3fcfd526b95112313206e4d4529;0.7302866198567313;0.5946772201641497;0.8420569038722305;0.6889224330249807
False;False;True;False;False;False;False;True;False;False;False;0;True;False;False;False;0;False;False;True;False;0;False;False;False;True;False;0;0;False;0;False;0;6;False;False;True;82778a7017571f964113694e14fefd8be6e4a95fc18109f0b8e10ea9fa3192d8;0.6616573716488003;0.514190156967129;0.8035778939399143;0.6300562186586669
True;False;False;True;True;False;True;False;False;True;False;0;False;False;False;False;0;False;True;False;False;0;False;True;False;True;True;0;0;False;0;False;0;6;False;False;False;89c9f316cf4bd683d5ed212f76871b28ec3257683d1d6f80b32e3aa648837d49;0.5171210230874619;0.3898251210347879;0.8197392862467857;0.6596354608378642
False;False;True;True;False;False;False;False;False;True;True;0;True;False;False;True;0;False;True;False;False;0;False;True;False;False;False;0;18;False;0;True;0;6;False;False;True;0e938a034aed74ad27c2f4835e8115ac0cfae115d51085a76afa0ad40fb5d011;0.8078091266010482;0.677228305997604;0.8005939973653076;0.6444230623071064
False;False;False;False;True;False;False;True;False;False;False;0;True;False;False;True;0;False;True;False;False;0;False;False;False;False;True;0;0;False;0;False;0;6;False;False;False;2da1d5a66e70edbe742ddf46bbbcf529feb16122179b90fa581494160470081e;0.5232926898715727;0.399542103409605;0.7968115513255354;0.6357727098662544
False;False;True;True;False;False;False;False;False;True;True;0;True;False;False;True;0;False;True;False;False;0;False;True;False;False;True;0;6;False;0;True;0;6;False;False;False;c9f33df4d6ce49ed0f4b608252e19c47351a91a005638cd41c78153c3218a878;0.7520771346332565;0.6136931573396344;0.8186699121880316;0.6638779561703871
False;False;False;True;True;False;False;False;False;False;True;0;True;False;False;False;0;False;False;False;True;0;True;True;False;True;False;0;24;False;0;True;0;6;True;False;False;e2e45c0e7ad9e7657f26f04277525a0516e8d3c418d41f8b3d296dfbcc209cb2;0.1514816932629568;0.0899360159923213;0.3308411550949335;0.2834288806258984
False;False;True;True;False;False;True;False;False;False;True;0;False;False;False;False;0;True;False;False;True;0;False;True;False;True;False;0;18;False;0;True;0;6;False;False;True;10d28d0fd5fd5ad75ca45273f4fc1926885b5d3184a290a69a38a0a3db64b791;0.8175061956073251;0.6704831673559664;0.8353251361173504;0.6750397719167437
False;False;True;True;False;False;False;False;False;True;True;0;True;False;False;False;0;False;False;False;False;0;True;True;False;True;True;0;18;False;0;True;0;6;False;False;False;740ddd387d1bc2bf5280c7d1812d0ee1f32e8044f26eb803bee54949b3cc5734;0.1614946540568418;0.1209776973684757;0.29766417483435076;0.2759316859094004
True;False;False;True;True;False;False;False;False;True;True;0;True;False;False;False;0;False;False;True;False;0;False;True;False;True;False;0;24;False;0;False;0;6;False;False;True;9f3b5d1dfc6675ee8d1688ecbcdf53506040036465710382b25c711d449ec39d;0.7373825917863489;0.578263163370142;0.8976289609866955;0.729996372080771
True;False;True;True;False;False;True;False;False;False;True;0;False;False;False;True;0;False;True;False;True;0;False;True;False;False;False;0;24;False;0;False;0;6;False;False;True;deeca0f50fa91f8068c3f3b56c990a674356b30b642008ce7f6977607c241a76;0.9038096035693206;0.781157202781165;0.8677972621196895;0.7028669556398406
False;False;True;True;False;False;False;False;False;True;True;0;True;False;False;True;0;False;False;False;False;0;True;True;False;False;False;0;6;False;0;True;0;6;True;False;False;553c178bbfda8be5a8d844e7e03691c803fa17a9779a8616bc9a0dc6187ce432;0.5029944616983452;0.4021306875371455;0.6385456534505402;0.5231024071832304
False;False;True;False;False;False;False;False;False;True;False;0;True;False;False;False;0;False;False;True;False;0;False;False;False;True;False;0;0;False;0;False;0;6;False;False;True;b95c12c3c2ac4e879f7bda4f94d1f3e7b5ea65fe8e494c3c0996bd9d1ef05c1f;0.6206085991964873;0.4860129031622008;0.8026633772864672;0.639410494201619
False;False;True;False;False;False;False;False;False;True;False;0;True;False;False;True;0;True;False;False;False;0;False;False;False;False;True;0;0;False;0;False;0;6;False;False;False;ce0f795423d3884a482ab468585fa1af2429ac3c3512cabaf600303ada8e32ed;0.5979215511123132;0.4654322227380694;0.7868111657437378;0.6249624900479421
True;False;True;True;False;False;False;False;False;True;False;0;True;False;False;False;0;True;False;False;False;0;False;True;False;True;False;0;0;False;0;False;0;6;True;False;False;6db060de8ef554ec8f1f121f4aefcd075d9e4734afbcd352db9daa5a00eee5b3;0.6191442894948191;0.485621678508258;0.8052736248148753;0.6446902187512266
False;False;True;False;False;False;True;True;False;False;True;0;False;False;False;True;0;False;False;False;False;0;True;False;False;False;False;0;18;False;0;False;0;6;True;False;False;a62f9cbbc1933858afb8ee2d9c9c1df625cec88c9f08a281ee4578319dd2dab6;0.6068279941379977;0.4955314434350805;0.6415869698175182;0.5171116016918775
False;False;True;True;False;False;True;False;False;False;True;0;False;False;False;False;0;False;False;True;True;0;False;True;False;True;True;0;24;False;0;True;0;6;False;False;False;e532b6ada24ead0e38ae69b72f4aed7670a3db74e49ae167a2a2f6eb3424fc0c;0.7887261374438898;0.6340792185662923;0.8076003564440455;0.6274851336609989
False;False;True;False;False;False;True;True;False;False;True;0;False;False;False;True;0;False;False;True;False;0;False;False;False;False;False;0;6;False;0;False;0;6;True;False;False;9e35b7dcfb30f077fdd63bc60c32965ec7626ae80d3c9b74b0345a75d7e0a130;0.7975388836289703;0.6600108646482082;0.8349706380944772;0.6742876622958154
False;False;False;True;True;False;False;True;False;False;True;0;True;False;False;False;0;True;False;False;False;0;False;True;False;True;False;0;18;False;0;True;0;6;True;False;False;c1e2afc394b70eb4655fb5342d63c542240aebe698d294e38e66b3d59ad7ef82;0.8134960123099995;0.6579400069778294;0.8903932763467336;0.7198988714166251
False;False;False;False;True;False;False;False;False;True;True;0;True;False;False;False;0;False;False;True;False;0;False;False;False;True;True;0;6;False;0;False;0;6;False;False;False;ff9a28308865589dfc45683fc12ce5919ddc6d0d997682edc294296d82f3b7de;0.658412349022552;0.4915922387777606;0.9008136277988782;0.7355728627062922
True;False;True;True;False;False;True;False;False;True;False;0;False;False;False;False;0;False;False;True;False;0;False;True;False;True;False;0;0;False;0;False;0;6;False;False;True;fc473834f66764ad150d4acc05ecc1cccd2bbce1f563b51b360a57da9ff16b01;0.6208638928011713;0.4868858868217297;0.8013320731961261;0.6390858811988325
True;False;False;True;True;False;False;False;False;False;True;0;True;False;False;True;0;False;False;False;True;0;True;True;False;False;True;0;24;False;0;False;0;6;False;False;False;dd4544f345de8a515a1d4d590167a010afc6e3e7aaf8131731d5ab1a62792ce1;0.4712798854160993;0.3669773903312781;0.6630215009073398;0.5319677801756438
False;False;True;True;False;False;True;False;False;True;True;0;False;False;False;True;0;True;False;False;False;0;False;True;False;False;True;0;18;False;0;True;0;6;False;False;False;5d8f7e4546d1aa49462f3fdffaccc3c976049889eab262ebefd2481f90a89769;0.7811436022049791;0.6483878825282782;0.7929448028123348;0.6370800149740128
True;False;True;True;False;False;False;False;False;True;True;0;True;False;False;True;0;False;False;True;False;0;False;True;False;False;False;0;24;False;0;False;0;6;False;False;True;53c7bdfc3a2370d578fa878e93654855579c4d6d81270c3884ac156d0ca9543a;0.8849325282457108;0.7708919722804264;0.8466298817517707;0.6860546781699065
False;False;True;False;False;False;True;True;False;False;True;0;False;False;False;False;0;True;False;False;False;0;False;False;False;True;False;0;24;False;0;False;0;6;False;False;True;459be697b93a617a2538a9d82d3a2db37cba4752535aa255da55442a3702e1dc;0.9827696293141376;0.9366150952993484;0.821410853351215;0.6476268885539995
False;False;True;True;False;False;False;False;False;False;True;0;True;False;False;False;0;False;True;False;True;0;False;True;False;True;True;0;24;False;0;True;0;6;False;False;False;3fb99385eba64b3be87b4b951f63d48ba417f81766f52561e0ed0e85533cb842;0.7865442792071025;0.6314430466551533;0.8023836423647133;0.6195029413764558
True;False;True;True;False;False;True;False;False;True;True;0;False;False;False;True;0;False;False;True;False;0;False;True;False;False;False;0;24;False;0;False;0;6;True;False;False;2f489221b873400b4f5a3ea6e5f36bf5eea9ff906cab3de3ba83219816672abe;0.8867779960879905;0.7728958832077224;0.8527024694872194;0.693877001695513
True;False;False;True;True;False;False;False;False;False;True;0;True;False;False;True;0;False;True;False;True;0;False;True;False;False;True;0;24;False;0;False;0;6;False;False;False;69981bbc253492206cdc605cd8184784ca184ddf52f2f7a5198add92086cdf06;0.7660098176603138;0.6131697413962571;0.8816005753797974;0.7118956371866171
True;False;True;True;False;False;False;True;False;False;True;0;True;False;False;True;0;True;False;False;False;0;False;True;False;False;False;0;6;False;0;False;0;6;False;False;True;d62a51506b42ed3fcdc2ab545e074e4378c496ebd65772131d058c9ab855775a;0.8040626925343228;0.6612355371999066;0.8302490617428114;0.666482617689174
False;False;False;False;True;False;False;False;False;False;True;0;True;False;False;False;0;True;False;False;True;0;False;False;False;True;False;0;24;False;0;False;0;6;True;False;False;ac1258852867dea88ffc27fb87bf4fce4ea37cf9c1392b823c32850b8ac64853;0.7716633854146885;0.6219121367467758;0.892816090203167;0.7280276963382318
False;False;False;False;True;False;False;False;False;False;False;0;True;False;False;True;0;True;False;False;True;0;False;False;False;False;False;0;0;False;0;False;0;6;True;False;False;a1dbaab65c325ec28baa233ef3719c9db29e3c1f8e96effdab3b4b8b57d536b2;0.5316149592993518;0.4095292515844702;0.8151686746779541;0.6569491852696773
False;False;False;True;True;False;True;True;False;False;True;0;False;False;False;False;0;True;False;False;False;0;False;True;False;True;False;0;18;False;0;True;0;6;True;False;False;8651c13bcf436da3f0ef2ebe019cb6c9c5afedeb10c2b2f475382ca96b239fd8;0.8108040519868499;0.6556812688642206;0.8901244319412964;0.7205869609824471
False;False;True;False;False;False;False;False;False;True;True;0;True;False;False;True;0;False;False;True;False;0;False;False;False;False;False;0;6;False;0;False;0;6;False;False;True;2c499a158c73ad23a5a39755fc278d30790c604dbe946a88077c53da2e45584f;0.7300873135693159;0.5942142930729125;0.8426390192209124;0.6888767488800761
False;False;True;True;False;False;True;False;False;False;False;0;False;False;False;False;0;False;False;False;True;0;True;True;False;True;False;0;0;False;0;True;0;6;True;False;False;6844467c5fc531306a6468607f1d907c5119707ca72eca6fd82911a797bf3b30;0.1422406485715118;0.0895108916199126;0.33054419457542394;0.28766946077626576
False;False;False;True;True;False;False;False;False;True;False;0;True;False;False;False;0;False;False;False;False;0;True;True;False;True;True;0;0;False;0;True;0;6;False;False;False;0ca1011f954f2cd3577cc6fda8f7cb0a521121c1b116b002731f07cad5562826;0.1051873592297688;0.0670445739364862;0.31610175008493485;0.2688681453555363
False;False;False;False;True;False;True;False;False;True;True;0;False;False;False;False;0;False;False;True;False;0;False;False;False;True;True;0;24;False;0;False;0;6;False;False;False;e591fcac9a64830c5a5313ea5240aca76dc8b94e872a0a15259b193dbb4fab64;0.7056865104563699;0.547008152671945;0.8830341560518987;0.7127077551106218
True;False;True;True;False;False;False;False;False;False;False;0;True;False;False;True;0;False;True;False;True;0;False;True;False;False;True;0;0;False;0;False;0;6;False;False;False;1ca0e8841bd423de9b6f9a7236a5b1434ed959d464fd6a4e2377d914be99c1c5;0.588445444332573;0.4463866598313765;0.8177145212268646;0.6511850701468787
False;False;True;True;False;False;True;True;False;False;False;0;False;False;False;False;0;False;True;False;False;0;False;True;False;True;False;0;0;False;0;True;0;6;True;False;False;f5dc0fbf2e0f844d1acdf9544ae4b340cfaaa1369b0015ef53cf06078b7d9fc8;0.6545012716128501;0.5089260872480196;0.7978448183601241;0.6239657401553946
False;False;True;True;False;False;False;True;False;False;True;0;True;False;False;False;0;True;False;False;False;0;False;True;False;True;False;0;6;False;0;True;0;6;True;False;False;31d8992c23df6e90947e0a7c0f9583fdfee41275a058386665e21cead94b820c;0.8512467841828251;0.7130116238913518;0.8408065011622095;0.6819017968494138
True;False;False;True;True;False;True;True;False;False;True;0;False;False;False;True;0;False;False;False;False;0;True;True;False;False;False;0;18;False;0;False;0;6;True;False;False;d579dc431c3c766c1577f98984e2e3c059426bbb5bcd69c9fe91366f370f6a10;0.5489421781370434;0.4321541458965656;0.7096710180814572;0.5763926628871904
False;False;False;True;True;False;True;False;False;False;True;0;False;False;False;True;0;True;False;False;True;0;False;True;False;False;True;0;6;False;0;True;0;6;False;False;False;f96e52000140d81b828c7b32f1a70cbc5223f5cac247b20cffd187209a44cfed;0.7331630878299988;0.5686827769095548;0.9158791803901769;0.7562231326711417
False;False;True;False;False;False;False;False;False;False;True;0;True;False;False;False;0;True;False;False;True;0;False;False;False;True;False;0;24;False;0;False;0;6;False;False;True;19141f170293c7a86d0b50711bf14106721655776802f38d7dec5fb9271a90f0;0.8916876810263656;0.7667486891963061;0.8640575557374804;0.6948387566870031
True;False;False;True;True;False;False;False;False;True;True;0;True;False;False;True;0;False;False;True;False;0;False;True;False;False;True;0;6;False;0;False;0;6;False;False;False;b91bd77bbffd3b08b0b48ee78737b5b3b8cb744f5260572e83a63e35711920fc;0.6607653920282679;0.4947676301264981;0.9037736623975047;0.7390666844495062
False;False;False;False;True;False;False;False;False;True;True;0;True;False;False;True;0;True;False;False;False;0;False;False;False;False;True;0;6;False;0;False;0;6;False;False;False;4cb01e46c1049c2c77e3ff2c2fd552a223421c3b2182690468a3bc9d184fcb1a;0.6570475975049127;0.4912748441111227;0.8992870171306787;0.7338454608723025
True;False;True;True;False;False;False;False;False;True;True;0;True;False;False;False;0;True;False;False;False;0;False;True;False;True;False;0;24;False;0;False;0;6;False;False;True;4a085033b5f2cfce6dfe495a4fb5349812b313146c1d2006e5bb2eb47493065a;0.8878881129452548;0.7735762049807208;0.8459604825685864;0.6853209265863862
False;False;True;True;False;False;True;True;False;False;True;0;False;False;False;False;0;False;True;False;False;0;False;True;False;True;False;0;24;False;0;True;0;6;True;False;False;b08faf78c80819467d5096552f08b8c8c719549eade186a97ad70b060cc68a42;0.8992911846137388;0.7786471942152597;0.7686811697008521;0.5904078833668818
False;False;True;False;False;False;True;True;False;False;True;0;False;False;False;False;0;False;False;True;False;0;False;False;False;True;False;0;24;False;0;False;0;6;False;False;True;3765067277c7a6fe75e4f49dfa7f91a4f1d98a785cfeceed4fab41febd009913;0.9810906821712038;0.9334471237167522;0.8218527725435191;0.6477110351022812
False;False;True;False;False;False;True;False;False;True;True;0;False;False;False;False;0;False;True;False;False;0;False;False;False;True;True;0;24;False;0;False;0;6;False;False;False;830508660fda07a6fdc0b3c85bf163ecce4e8529f83543778a290a4f6059e1c8;0.8488188526041879;0.7259874382414072;0.838964482851261;0.6759380903931969
False;False;True;False;False;False;True;False;False;False;False;0;False;False;False;False;0;False;True;False;True;0;False;False;False;True;False;0;0;False;0;False;0;6;False;False;True;7427f4c769677e9428c4999fa3647bae4f0548265e0d7f45ec4e913f95397fac;0.6090837996957464;0.462420060254366;0.8338733799840844;0.6648836131156645
True;False;True;True;False;False;True;False;False;True;True;0;False;False;False;False;0;False;False;False;False;0;True;True;False;True;False;0;6;False;0;False;0;6;False;False;True;3d973ab36aa16fbedb41fa529f88b81c736803f9d035d42ca4d26f3aa35ee626;0.1467839711525205;0.1001460044614332;0.30960016214544944;0.28875224751459727
True;False;True;True;False;False;False;True;False;False;True;0;True;False;False;True;0;False;False;False;False;0;True;True;False;False;False;0;24;False;0;False;0;6;True;False;False;69cc148be8be9f351d012a4384aabfccf61ede5aa9da2babd89386ac29b87f77;0.612005755985066;0.512315546290379;0.6117092238092331;0.4863458660150528
False;False;True;False;False;False;True;True;False;False;True;0;False;False;False;False;0;False;False;True;False;0;False;False;False;True;True;0;18;False;0;False;0;6;False;False;False;e7e20a2f6e9901f0dd68a8e5e6a6cbedfe6da5d1dd3d923774159fa6a97309a6;0.9058402949256272;0.7935461371851277;0.8164844064993778;0.6538932579533031
True;False;False;True;True;False;False;False;False;False;True;0;True;False;False;False;0;False;False;False;True;0;True;True;False;True;False;0;24;False;0;False;0;6;True;False;False;82845786892b2edab9f8ff72588264d239044f5f7ec36cda34600d4f86de985f;0.1532733019856776;0.0934816829112014;0.3353874789193111;0.2920365033584818
False;False;True;True;False;False;True;True;False;False;True;0;False;False;False;True;0;False;False;True;False;0;False;True;False;False;False;0;18;False;0;True;0;6;False;False;True;f0779ba2c6d5eb28143d5d60313fe38fac554cde1a0d8b0fb0b55f9912c93d0d;0.8841691359102978;0.7658753200596558;0.7800575449385729;0.6206103495258419
True;False;True;True;False;False;False;False;False;False;False;0;True;False;False;True;0;False;False;True;True;0;False;True;False;False;False;0;0;False;0;False;0;6;True;False;False;8ade6bceffcf725cb3c661d4b1071bdd294325691012b5716180d820ce7e7d37;0.6073391240176583;0.4623906261647116;0.8409366261463311;0.6742957810590525
False;False;False;False;True;False;False;False;False;True;False;0;True;False;False;False;0;False;False;False;False;0;True;False;False;True;True;0;0;False;0;False;0;6;False;False;False;9563459c0259f3e4823d7ffe7d90242126773c7f491641b17b6a56f8499756bf;0.1026226659383287;0.0645813335117216;0.3140981146897071;0.2672309806877477
False;False;True;True;False;False;True;False;False;True;True;0;False;False;False;False;0;False;False;False;False;0;True;True;False;True;False;0;24;False;0;True;0;6;False;False;True;07e4de2db1a98580d28936888773233c65f46a607f3220bc9d5f5cec84e1b743;0.1566775617259524;0.1158862542265757;0.28903459417631056;0.2670296154115554
False;False;False;True;True;False;True;False;False;False;True;0;False;False;False;False;0;True;False;False;True;0;False;True;False;True;False;0;24;False;0;True;0;6;False;False;True;3d36e54c5863e5b98020892fc17cd6b74eb083885f567b251705d79cf448e4ef;0.7510122773416592;0.586088316444072;0.8766547276647988;0.6927357046493263
True;False;True;True;False;False;False;False;False;False;True;0;True;False;False;True;0;False;False;False;True;0;True;True;False;False;True;0;24;False;0;False;0;6;False;False;False;d3078fbb849d80f5a90f934415c95495a2659cce926b7a131c0822a26394d88c;0.5338673662349726;0.4293650263734935;0.6261884458937628;0.49668765748515986
False;False;True;True;False;False;True;False;False;False;False;0;False;False;False;False;0;True;False;False;True;0;False;True;False;True;True;0;0;False;0;True;0;6;False;False;False;525b39da9d2a60344c17f7b76a3a7d450171f587c89f72d181873b3af4cbe5d0;0.5849051764126142;0.4431769748984903;0.8133606334163794;0.645377418685613
True;False;False;True;True;False;True;True;False;False;True;0;False;False;False;True;0;False;False;False;False;0;True;True;False;False;False;0;24;False;0;False;0;6;False;False;True;65979b09a4ae73fcbea892645cb1fab2ee22a825c8c133f50880ac9ae8bed63e;0.5352263499775959;0.4245442940439795;0.6823086342750116;0.5460360444708506
False;False;False;True;True;False;False;False;False;False;False;0;True;False;False;True;0;False;False;False;True;0;True;True;False;False;False;0;0;False;0;True;0;6;False;False;True;d6731e01031821709943dcc9b9a531c70fb58be66046db1de87a2e34a6f19c83;0.3562253670352764;0.2732042280058681;0.6292923877223616;0.502117972164416
False;False;True;False;False;False;False;True;False;False;True;0;True;False;False;False;0;False;True;False;False;0;False;False;False;True;True;0;6;False;0;False;0;6;False;False;False;72d2d5eec6cd92b393082da1c8ae3ef6296335947f8df0f156fb1891f14e61d9;0.7756595503864664;0.6324630202228505;0.8169352017701004;0.6519772185739298
True;False;False;True;True;False;True;True;False;False;True;0;False;False;False;False;0;False;True;False;False;0;False;True;False;True;False;0;24;False;0;False;0;6;False;False;True;e4902f9cedf487b6327428a66474e95eabee7c0dd44392da1c54fc1feadb7ed6;0.8516026390869171;0.7101086322089246;0.8882866763847073;0.7178782544725586
False;False;False;False;True;False;False;False;False;False;True;0;True;False;False;False;0;False;False;True;True;0;False;False;False;True;False;0;6;False;0;False;0;6;True;False;False;89d0650eb1e868d2f8ea5e78bd166b4834159d2240775b3da371a5204a6b9d12;0.6824440840884268;0.51508691306227;0.906202326755393;0.7449222381983012
False;False;True;True;False;False;True;True;False;False;True;0;False;False;False;True;0;False;True;False;False;0;False;True;False;False;True;0;18;False;0;True;0;6;False;False;False;d9da52a92f272e67063ad3f4c0f003565c05c9dfaadc4a3abda0083019a404e9;0.8523843587558237;0.7274815294940652;0.7687955167649033;0.6086880773297759
False;False;True;True;False;False;True;False;False;True;True;0;False;False;False;True;0;False;False;True;False;0;False;True;False;False;True;0;18;False;0;True;0;6;False;False;False;d340c0c50c0072f5045c97e28d0dd254aabbd6254959c3f564fd2ddfa7230584;0.777035815938788;0.6439827875073446;0.7902823875131253;0.6352390714155886
False;False;False;True;True;False;True;True;False;False;True;0;False;False;False;False;0;False;False;True;False;0;False;True;False;True;False;0;18;False;0;True;0;6;True;False;False;f306ca4a4f1908dcdb7aa93039bf4a81366a8b17a2760bd9dc4bcbf5da88f49f;0.8106068279780233;0.6553422695171467;0.8906431804829288;0.7213262181599065
False;False;False;True;True;False;False;False;False;False;True;0;True;False;False;True;0;False;True;False;True;0;False;True;False;False;True;0;18;False;0;True;0;6;False;False;False;ea9e15097d82ca65157a01f147a3b752330c8cb151f57b96ab3e61101c2f1193;0.7526390704717804;0.5898550250709812;0.8894074839609426;0.7202177574111813
True;False;True;True;False;False;False;False;False;True;True;0;True;False;False;False;0;True;False;False;False;0;False;True;False;True;True;0;6;False;0;False;0;6;False;False;False;d69fd263f273a19658659547a34a49942173f7a4c8490ed2251825d9baf38b87;0.7073252517027036;0.5681466164174924;0.8288277768369495;0.6757003264525467
False;False;False;True;True;False;False;False;False;True;True;0;True;False;False;False;0;False;False;True;False;0;False;True;False;True;False;0;6;False;0;True;0;6;False;False;True;2a1e8f3ad608486da7eb9f165fa6389c641a895232a3dcc7a9b1cd22741150cf;0.7357016739712176;0.5718769441214809;0.9356745895851777;0.7881192528558392
