slice_timing_correction/ref_slice/middle;distorsion_correction;signal_modeling/temporal_noise_autocorrelation/FAST;slice_timing_correction;signal_modeling/temporal_noise_autocorrelation/AR1;spatial_normalization/algorithm/linear;motion_correction_realignment/register_to/mean;signal_modeling/hrf/temporal_derivs;spatial_normalization/algorithm/DARTEL;signal_modeling/hrf/canonical;signal_modeling/nuisance_regressors;spatial_normalization/bias_regularisation/extremely_light;motion_correction_realignment/register_to/first;spatial_normalization/bias_regularisation;spatial_normalization/template/MNI152_nonlinear;coregistration/source_target/func_on_anat;spatial_normalization/bias_regularisation/light;coregistration/cost_function/entropy_correlation_coefficient;coregistration/cost_function/normalised_mutual_information;coregistration/cost_function/mutual_information;signal_modeling/hrf/temporal_dispersion_derivs;spatial_normalization/bias_regularisation/very_light;coregistration/cost_function/normalised_cross_correlation;slice_timing_correction/ref_slice;signal_modeling/nuisance_regressors/comp_cor;coregistration/source_target/anat_on_func;spatial_normalization/interpolation/nearest_neighbour;spatial_normalization/bias_regularisation/heavy;signal_modeling/nuisance_regressors/motion;spatial_normalization/template/MNI152_linear;spatial_normalization/bias_regularisation/medium;slice_timing_correction/ref_slice/first;spatial_normalization/bias_fwhm;spatial_smoothing/fwhm;spatial_normalization/interpolation/trilinear;spatial_normalization/template/MNI305;spatial_normalization/interpolation/bspline;id;pearson_from_ref;spearman_from_ref;pearson_from_mean;spearman_from_mean
False;False;True;False;False;False;True;True;False;False;True;0;False;False;False;False;0;False;False;False;False;0;True;False;False;True;True;0;18;False;0;False;0;6;False;False;False;d73e0359ec51c3b847656b8f2bc157b083dae2057d53a4f43909202cad6551b7;0.1601299908628211;0.1135774300020566;0.277147752388867;0.25310018501690384
False;False;True;True;False;False;True;False;False;False;False;0;False;False;False;True;0;False;False;False;True;0;True;True;False;False;False;0;0;False;0;True;0;6;True;False;False;0c7beba1bec8f4ff1c5ebff7e2af248230c4ce91c277751ff035fe2b84549194;0.4174285017061168;0.3102603591633239;0.649118613448809;0.5132788144366804
False;False;True;True;False;False;False;False;False;False;True;0;True;False;False;True;0;False;False;True;True;0;False;True;False;False;True;0;6;False;0;True;0;6;False;False;False;97d89fdb17f75389f69bd5c29cf0c8feef728316f41323de04ddfffdbbe8b904;0.73620084617465;0.5829778015886318;0.8264271984308492;0.6593657046181844
False;False;False;False;True;False;True;False;False;False;True;0;False;False;False;True;0;False;False;True;True;0;False;False;False;False;False;0;6;False;0;False;0;6;False;False;True;09fbdd872a931ffaeb2422e212856182fa02f1b84a666edfe1e21a6d24c00371;0.6865327332322364;0.5203826376853459;0.8992053633761617;0.7338362025587887
True;False;False;True;True;False;True;False;False;True;True;0;False;False;False;True;0;False;True;False;False;0;False;True;False;False;False;0;6;False;0;False;0;6;False;False;True;6f9e1875cc254e45700f674311e609ff7528ecd6ea9515e0ddb51794f6dbae7e;0.6797674328497564;0.5127159051688804;0.9144318934956291;0.7526585341639457
False;False;False;False;True;False;True;False;False;True;True;0;False;False;False;True;0;False;False;False;False;0;True;False;False;False;False;0;6;False;0;False;0;6;True;False;False;f01db2ff3fb49b55456ad5c164fdaacb3d4f72743216ac33eca11b62119be2ce;0.4539631297357316;0.336552572829958;0.7164541121376532;0.5842460847311457
False;False;True;False;False;False;True;False;False;True;True;0;False;False;False;False;0;False;False;False;False;0;True;False;False;True;False;0;24;False;0;False;0;6;True;False;False;2f0e7ad8253c445ff3da78b9247c711ad87c3d315a75924cc7dca7616f201149;0.1674036321452699;0.129073756091179;0.3106423927826489;0.2925674538380899
False;False;False;True;True;False;True;True;False;False;True;0;False;False;False;True;0;False;False;True;False;0;False;True;False;False;False;0;6;False;0;True;0;6;False;False;True;878ef2ae922e21f7d403fd2c29a63ebe1f882d050a67f0906f92b3d1175ef738;0.8021638571544749;0.6455589232481215;0.9241548294670058;0.7743023762238467
False;False;False;True;True;False;False;False;False;False;False;0;True;False;False;False;0;False;False;False;True;0;True;True;False;True;True;0;0;False;0;True;0;6;False;False;False;b7061a9df796bb82f41788fb5917a224038f02bf357f84e7dec72e16081f22b7;0.0984485741074244;0.062468297568897;0.30815072412700917;0.2654884158422925
False;False;False;False;True;False;False;False;False;True;True;0;True;False;False;False;0;True;False;False;False;0;False;False;False;True;False;0;24;False;0;False;0;6;True;False;False;372b3afc48d30350a8acb9063fe403d1973351c14ab330d8e43ddab50cf79e9a;0.7214376147142408;0.5631729929969421;0.9022105220195614;0.7388670041250328
False;False;False;True;True;False;False;False;False;False;False;0;True;False;False;True;0;False;False;True;True;0;False;True;False;False;False;0;0;False;0;True;0;6;False;False;True;c84c1a4ae4276d9096bbf38202cdcd89ee4ba2bb71d0de076e2caea71fadc359;0.5401133002781342;0.4162683552120727;0.819532451584265;0.6561690705629506
False;False;False;True;True;False;False;False;False;True;True;0;True;False;False;False;0;False;False;True;False;0;False;True;False;True;False;0;18;False;0;True;0;6;False;False;True;0266b3232982f82a5805d77c2e660b1d24f7074577e05102f062d08dcda0de03;0.7134410837324175;0.5506645611173225;0.9002022267660024;0.7348165966375878
False;False;False;True;True;False;False;False;False;True;True;0;True;False;False;True;0;False;False;True;False;0;False;True;False;False;False;0;6;False;0;True;0;6;False;False;True;708dd7fec31c772cf37721435f95c01c48c52cd6d1a4a2bf800a1af5a73c13da;0.7349131844998854;0.5710144072162323;0.9365107951981929;0.7894618810819402
False;False;False;True;True;False;True;False;False;True;True;0;False;False;False;True;0;False;False;True;False;0;False;True;False;False;False;0;24;False;0;True;0;6;True;False;False;b1eae33dabea5786fe0e2e32e100cc71926b4d05481fe2bf187d018ca17e9b5f;0.6911238792018453;0.5269968168780881;0.8870874931693892;0.712141106078957
False;False;True;False;False;False;False;False;False;False;True;0;True;False;False;True;0;False;True;False;True;0;False;False;False;False;True;0;18;False;0;False;0;6;False;False;False;74a3b67a3dad630393bdfb71487aff30d2bfc8ad50cae92059692b81197ae696;0.8442327876067967;0.7095327378792956;0.86039375468259;0.700309556049271
False;False;False;False;True;False;True;False;False;True;True;0;False;False;False;False;0;True;False;False;False;0;False;False;False;True;False;0;24;False;0;False;0;6;True;False;False;91c4d802ab3727316973b6b457a0e6ff5a9efe843c0d8f65df9909e33e46a216;0.7228232466339695;0.5651980988800365;0.9023668918346093;0.7401950299904204
False;False;True;False;False;False;True;False;False;True;False;0;False;False;False;False;0;False;True;False;False;0;False;False;False;True;False;0;0;False;0;False;0;6;False;False;True;053a250342b01fed2cf9285c9636250fd65d72efc96b809cbb01fe01e6c70de3;0.6216833406646467;0.4869760653389672;0.8013087018469713;0.638085044466196
False;False;True;False;False;False;True;False;False;True;True;0;False;False;False;True;0;False;True;False;False;0;False;False;False;False;True;0;24;False;0;False;0;6;False;False;False;45ab19560b58adc905612281443232c468fce2fa6c051e5391373b1d617ee9a2;0.8470001433446505;0.7258383109425424;0.8373311506607092;0.6723591536254786
False;False;False;True;True;False;True;True;False;False;True;0;False;False;False;True;0;True;False;False;False;0;False;True;False;False;True;0;18;False;0;True;0;6;False;False;False;204864d765f4ab917958405915f862c7d6853a887b6d3e9995f240fb7335faca;0.7894045879414846;0.6332441641655172;0.8803674042712861;0.7089076430320774
False;False;True;True;False;False;False;False;False;True;True;0;True;False;False;False;0;False;False;False;False;0;True;True;False;True;False;0;6;False;0;True;0;6;False;False;True;f5931229acb539b750bce1203d0d22d8e04bfb46274d9ee9a66000049bf2b26b;0.1670679304232514;0.1219406795610985;0.31338915177845006;0.29038071934577625
False;False;False;True;True;False;False;False;False;False;True;0;True;False;False;False;0;False;False;False;True;0;True;True;False;True;False;0;18;False;0;True;0;6;False;False;True;7c6abc5e7c2b21cfcc0c17d5dc8250a768245eaf743062f7a04430c197f39d59;0.1531012005609878;0.0970748992695442;0.3454034791062011;0.30808348115517453
False;False;True;False;False;False;True;False;False;True;True;0;False;False;False;True;0;True;False;False;False;0;False;False;False;False;True;0;18;False;0;False;0;6;False;False;False;c79d78410a8de8e08f275ef67c65ec95bbc20bb6ba1cb79d5ffae9295cdd686d;0.8348081807481701;0.7102084625656798;0.8492327024838081;0.6938460730267723
True;False;True;True;False;False;True;False;False;False;False;0;False;False;False;False;0;False;True;False;True;0;False;True;False;True;False;0;0;False;0;False;0;6;True;False;False;b780bc4f610bb9c70a4e17fbe65ae3d835751bb3991c830de0ca27f3812f3281;0.6069723979802597;0.4619925651992541;0.8364857647487491;0.6686356266096642
False;False;False;False;True;False;True;False;False;True;True;0;False;False;False;False;0;True;False;False;False;0;False;False;False;True;False;0;18;False;0;False;0;6;False;False;True;1385b5e3271fdce38cd0a3631cd2dfebe84a8d5de60a23c1f62ec4cfa3775135;0.7312514766455588;0.5704041561159021;0.9085827075965485;0.7479790995586778
False;False;False;False;True;False;False;False;False;False;True;0;True;False;False;True;0;True;False;False;True;0;False;False;False;False;True;0;6;False;0;False;0;6;False;False;False;a38d5ab6708363f7c1d4b1583253e0ca744f3d5f0a3c036c7a35275fe7f74e35;0.6660698493907737;0.5028197469041995;0.8862779823675673;0.7176603579438405
False;False;True;False;False;False;True;False;False;True;True;0;False;False;False;True;0;True;False;False;False;0;False;False;False;False;True;0;24;False;0;False;0;6;False;False;False;1f2540ee0e84511e13fe7402c8bcd2e109cdca4e18395020b6d835db22754099;0.8498775423782621;0.7272336262255774;0.8396915981012717;0.6747193749789306
True;False;True;True;False;False;True;True;False;False;True;0;False;False;False;False;0;True;False;False;False;0;False;True;False;True;True;0;18;False;0;False;0;6;False;False;False;f1d788c241721702e81200cffd4b84009600c5c028975cd7a79ab67ff69584e2;0.9187232342512144;0.8160727860389251;0.8163967930818712;0.6586206134600802
True;False;False;True;True;False;True;False;False;True;False;0;False;False;False;True;0;True;False;False;False;0;False;True;False;False;True;0;0;False;0;False;0;6;False;False;False;438bbffcbd6d025d6f5274f7af9c747da58afd53d0b5c26fc6e6ac8d9068f885;0.5174621482140688;0.3924399301481582;0.8287049863496354;0.6689665537091264
True;False;False;True;True;False;True;False;False;True;True;0;False;False;False;False;0;False;False;False;False;0;True;True;False;True;False;0;18;False;0;False;0;6;True;False;False;d1801f5800280122d0be3058df945145a886f37b572d3c60e9e63e9853ba4955;0.1430676730115126;0.0903495903958217;0.34427234590799344;0.29686579851467126
False;False;False;False;True;False;False;False;False;True;True;0;True;False;False;False;0;False;True;False;False;0;False;False;False;True;False;0;24;False;0;False;0;6;False;False;True;9ffc67e28bd8607e9ecb86eedaccf215fbf62db4726f99d26c6029134944b267;0.7277675004159393;0.5701109093067164;0.900516243921276;0.7348916572226943
True;False;True;True;False;False;True;False;False;True;True;0;False;False;False;False;0;True;False;False;False;0;False;True;False;True;False;0;24;False;0;False;0;6;False;False;True;8e16be7ad72cd887069accf736000008534df96c984047026cb3cb487707daca;0.8925658426031193;0.7788183175695237;0.8468280702125507;0.6860779735400155
True;False;True;True;False;False;True;True;False;False;True;0;False;False;False;True;0;False;False;False;False;0;True;True;False;False;False;0;24;False;0;False;0;6;True;False;False;84927de93fd894965dc4a0c6809586226265d7d700a477cf92dc727427d626b3;0.6393929883407546;0.5357081046498453;0.6171764896520853;0.49025414653493565
False;False;False;False;True;False;False;False;False;False;True;0;True;False;False;True;0;False;True;False;True;0;False;False;False;False;True;0;24;False;0;False;0;6;False;False;False;c5935e701f3b7b14951b12575bc7bd4d2a5920e4e4d36a83a855be2c5af2ebec;0.7514882033270518;0.6014702003480512;0.8796449156876766;0.7100064980119339
False;False;True;False;False;False;True;False;False;True;False;0;False;False;False;True;0;True;False;False;False;0;False;False;False;False;False;0;0;False;0;False;0;6;False;False;True;99b50cbe9e4d34d2b43db83d9a39692306c023a7717298ac7b3afa4512c35618;0.6196188474118814;0.4857141262848346;0.8009680452042228;0.6383595492002531
True;False;False;True;True;False;True;False;False;True;True;0;False;False;False;False;0;False;False;False;False;0;True;True;False;True;True;0;6;False;0;False;0;6;False;False;False;3a4c04b72fd16758e6b9ff77233f1b46487d8452843d70c41d0be76fcbef6d67;0.1314443928178764;0.0764043833561114;0.3351378707452473;0.2870572980402722
False;False;False;True;True;False;False;False;False;True;True;0;True;False;False;True;0;False;False;True;False;0;False;True;False;False;False;0;18;False;0;True;0;6;False;False;True;bf8f8650c653f518df06060cce26a58c3207721dcca00a6cde7ff5940ee526ce;0.7127569455047522;0.5502277316676903;0.9012489921199558;0.7362351648211519
True;False;True;True;False;False;True;True;False;False;False;0;False;False;False;True;0;True;False;False;False;0;False;True;False;False;False;0;0;False;0;False;0;6;True;False;False;e0cd7ce487117e6315ebdbd4b9126c80848e5b68d8143f1f6ce538e5bb79eef9;0.6591302654182903;0.512450109288652;0.8084328169977281;0.6362425447899334
False;False;True;False;False;False;True;False;False;True;False;0;False;False;False;False;0;True;False;False;False;0;False;False;False;True;True;0;0;False;0;False;0;6;False;False;False;b8f84fd7bca73dc9468ae7117d9cbb3e238113afc6a08fd38baccb7038f131d1;0.5970008414370165;0.4637740476970124;0.7864516441764381;0.6235088164146537
False;False;False;False;True;False;True;True;False;False;False;0;False;False;False;True;0;True;False;False;False;0;False;False;False;False;False;0;0;False;0;False;0;6;True;False;False;0ecccc79b1a80c870cfa6c4d507e3c9fad625312e6e019b304e131bd27caf081;0.5317070094265198;0.4067175015687305;0.8152500359345182;0.652884665173171
False;False;False;False;True;False;True;True;False;False;True;0;False;False;False;True;0;True;False;False;False;0;False;False;False;False;True;0;24;False;0;False;0;6;False;False;False;9d92b5d42f9ef1a06e6e17ed3e113952128def000080432dc18aee81b9b85993;0.8051385490247049;0.6605857197668793;0.8741059902259357;0.7015151467216848
False;False;False;False;True;False;True;False;False;False;True;0;False;False;False;True;0;True;False;False;True;0;False;False;False;False;True;0;24;False;0;False;0;6;False;False;False;095cb31443ad562fc0eaf199d3a50a7249e0c69487d62863478adbce68a9aac4;0.7545725775274184;0.6043474935796765;0.8832425891562942;0.7138490371700423
True;False;True;True;False;False;True;True;False;False;True;0;False;False;False;True;0;False;True;False;False;0;False;True;False;False;True;0;24;False;0;False;0;6;False;False;False;660d7e7c6248ee5c2db9942d4c2b5999ce1f7917b303e84e82cd3da68c93d7ce;0.9562271648634812;0.8797056694135701;0.8071559075214043;0.6324288977821181
False;False;True;True;False;False;False;True;False;False;True;0;True;False;False;False;0;False;False;True;False;0;False;True;False;True;True;0;6;False;0;True;0;6;False;False;False;4150776ee5b0cefb02ae31b164f05b914db69ff0823a10fc2e80d7528a918769;0.8261066301215856;0.6841399069427996;0.8140719142705944;0.6517661420573575
False;False;False;False;True;False;True;False;False;False;True;0;False;False;False;True;0;False;True;False;True;0;False;False;False;False;True;0;6;False;0;False;0;6;False;False;False;0966d3c0776383e44e7a1eb178c127da2890d3743b9efab106d98d1f521a0613;0.6686707113515641;0.5029624315516112;0.888367175910424;0.7192179364210821
False;False;True;True;False;False;True;False;False;True;True;0;False;False;False;False;0;False;False;False;False;0;True;True;False;True;False;0;18;False;0;True;0;6;True;False;False;d0cd740571ace231ca9dd473c5dfd496c1820a7329013643cf41b8a930fe80b1;0.1672958892414527;0.1264569450100126;0.3088226456926019;0.28200286025117827
True;False;True;True;False;False;True;False;False;False;True;0;False;False;False;False;0;False;False;False;True;0;True;True;False;True;False;0;18;False;0;False;0;6;True;False;False;cea3a2826a8eaa55aa58eaf5633e7ba33fdd66a246403d312728e7981c4ad65a;0.1690235155506559;0.1224912284131716;0.325366705224546;0.3084560762877933
False;False;True;False;False;False;True;False;False;False;True;0;False;False;False;False;0;False;False;True;True;0;False;False;False;True;True;0;18;False;0;False;0;6;False;False;False;9532dc4d33ee78a632a4bb876d002ae69300144faf1b1741e717335964c01b69;0.8430087915249315;0.7074915186036382;0.8674378665916328;0.7097552788897944
False;False;True;True;False;False;False;False;False;True;True;0;True;False;False;False;0;True;False;False;False;0;False;True;False;True;True;0;24;False;0;True;0;6;False;False;False;f4a6f538479b5da57ad5dd41831b043fb74849e6c842698027fc0e741316f523;0.7752790866186364;0.6416986060513347;0.7732369625869809;0.605149268995143
True;False;True;True;False;False;False;False;False;False;True;0;True;False;False;False;0;False;True;False;True;0;False;True;False;True;True;0;6;False;0;False;0;6;False;False;False;6a749f4733b31c4546a80216359a31ae989d727af9f73f35606c30c77dfbf4d8;0.6923420829214891;0.542314658347756;0.8266012580021146;0.6606729152291249
True;False;False;True;True;False;False;False;False;True;False;0;True;False;False;False;0;False;False;True;False;0;False;True;False;True;False;0;0;False;0;False;0;6;True;False;False;cabb3c90854073e6fe17dce15c0cb26dfe9c29e5a891a51b4ff667e43fa54471;0.5277443836402861;0.4012936090536029;0.8393107172080546;0.6810311014204108
False;False;True;True;False;False;True;True;False;False;True;0;False;False;False;True;0;False;True;False;False;0;False;True;False;False;True;0;6;False;0;True;0;6;False;False;False;4eebfaedf4a06082f4a133b6cfaf00776c9b250775d51e1e0e61bf7f316018ee;0.8222638917703459;0.6810445843828781;0.8109946589278254;0.6467755720943296
True;False;False;True;True;False;True;False;False;False;False;0;False;False;False;False;0;False;True;False;True;0;False;True;False;True;False;0;0;False;0;False;0;6;False;False;True;2a67cfbdbce93f4f9cc5bfdf8352013a6b7f37bb1c738e15319f0ae41ebf0098;0.5352213332505604;0.4127701612655809;0.8174415726497152;0.6576817885828965
False;False;False;False;True;False;False;False;False;True;True;0;True;False;False;True;0;False;False;False;False;0;True;False;False;False;True;0;6;False;0;False;0;6;False;False;False;3c1b724bd9109b92400ee9e8b29a7b902b8eaeec2534e75fb1763de38db6e9cf;0.4236984180060155;0.3140369038326321;0.679906923834514;0.5518041263230851
True;False;True;True;False;False;True;False;False;True;True;0;False;False;False;True;0;False;False;True;False;0;False;True;False;False;True;0;6;False;0;False;0;6;False;False;False;83e877a65a7590c84388cfb1aac9214e63429b22372e2a91fafd3a6a063859fc;0.708940829015;0.5687606898086652;0.8202925206051281;0.6653417681114786
False;False;False;True;True;False;False;False;False;False;True;0;True;False;False;True;0;False;False;False;True;0;True;True;False;False;True;0;24;False;0;True;0;6;False;False;False;9fcd10b89f1636957b99ab3e4594a52ba61275feeafb8cd6e25dca14d02dfa19;0.4509002342748066;0.340340640243555;0.638916733371586;0.5022183299354236
False;False;True;False;False;False;True;False;False;True;True;0;False;False;False;False;0;False;False;True;False;0;False;False;False;True;True;0;18;False;0;False;0;6;False;False;False;079c2054bdfb13967f5a4037cef7b03f5c415cf2055a53e8f7a4ff4302600e82;0.8340499369551985;0.7094269180099468;0.8511394441662005;0.6973904100761142
True;False;True;True;False;False;False;True;False;False;True;0;True;False;False;True;0;False;False;False;False;0;True;True;False;False;False;0;6;False;0;False;0;6;False;False;True;c3257a4276193104b00c44cf08a2638069a750b65d9dbb2bb5d531030bcd6db6;0.5156607366507155;0.4077008590903108;0.6109554946869261;0.48888107193496355
True;False;True;True;False;False;True;True;False;False;True;0;False;False;False;True;0;False;True;False;False;0;False;True;False;False;False;0;24;False;0;False;0;6;False;False;True;33ed5b5116017043ca6e664eec40164fb72cb04d0c7086c2bbce1e54e5c5e858;0.993925522031774;0.9743592721785248;0.8183090434541077;0.6480453494915841
True;False;False;True;True;False;False;False;False;False;True;0;True;False;False;False;0;True;False;False;True;0;False;True;False;True;True;0;24;False;0;False;0;6;False;False;False;522349ea0d0531c7be3e6549be810f5bc19ba0918ea1427166b1795044bed95a;0.7664886194842282;0.611982009417403;0.8874877776315665;0.7158200498934466
False;False;True;True;False;False;True;True;False;False;False;0;False;False;False;True;0;False;True;False;False;0;False;True;False;False;True;0;0;False;0;True;0;6;False;False;False;e5168ba3087ae2bd141a1da92419761d246a338518db2f61b5f4c9330f0048c5;0.6347855723619578;0.4927158259524616;0.7831959186008938;0.6105800950167417
True;False;False;True;True;False;False;True;False;False;False;0;True;False;False;True;0;True;False;False;False;0;False;True;False;False;False;0;0;False;0;False;0;6;True;False;False;5870217a81d49605f9b3c195a51cd350213b09c924d9af2ed0f05d94e06c2b80;0.5321832127746777;0.4072342496845732;0.8153972785106117;0.6534202774542769
False;False;False;False;True;False;True;False;False;False;True;0;False;False;False;False;0;False;False;False;True;0;True;False;False;True;False;0;6;False;0;False;0;6;True;False;False;7ed90b546c8ec5dc686f823a16f5bc7ced671afada26e12c6d272bd3fab3e203;0.1374754380779987;0.0777583787883225;0.33854277011217093;0.28795746486070306
True;False;False;True;True;False;True;True;False;False;True;0;False;False;False;True;0;False;True;False;False;0;False;True;False;False;False;0;18;False;0;False;0;6;True;False;False;2f953d287af77893e59749b59fb8822eca4d08b97d662107cba085459b95b4fb;0.8366675036449468;0.6880640805296444;0.9088816117310392;0.747046290175577
False;False;False;True;True;False;True;True;False;False;False;0;False;False;False;True;0;True;False;False;False;0;False;True;False;False;False;0;0;False;0;True;0;6;True;False;False;ebdbd27189824ba40d9cb14499581c1f2a3c743cfa900aa374c76d3464419a92;0.5381527097410095;0.4110329274112204;0.8188192008385881;0.6540119725348335
False;False;True;True;False;False;False;False;False;False;True;0;True;False;False;True;0;False;False;True;True;0;False;True;False;False;False;0;24;False;0;True;0;6;False;False;True;1dee1f5ed3c55554a68cf4b1035f4e6a2252bc8db9176402b18f5f5eccca3b03;0.8161411658948781;0.6628771642153699;0.811824143022519;0.6291999298183022
False;False;True;False;False;False;True;True;False;False;True;0;False;False;False;True;0;False;True;False;False;0;False;False;False;False;True;0;6;False;0;False;0;6;False;False;False;6181deb32a72403494a070d075b035002906e0849f41c30ec0420d2f3f2e3b38;0.772781973018214;0.6331242808115827;0.8050648768838512;0.6402444886986352
False;False;True;True;False;False;False;False;False;True;True;0;True;False;False;True;0;False;True;False;False;0;False;True;False;False;True;0;24;False;0;True;0;6;False;False;False;bc86a81099b2c4a6fe8fbaeceb354fda9059a3f1e4284c3365aa981ade54685c;0.7704877159338944;0.6382542050785964;0.766443582049082;0.5976003646602882
True;False;False;True;True;False;False;True;False;False;False;0;True;False;False;True;0;False;False;False;False;0;True;True;False;False;False;0;0;False;0;False;0;6;False;False;True;fb197e3c74c4ea4bc5fbab20be2bcf176390d693a6d8893da5ab2050e25c42f0;0.3617467611240073;0.2766901524724859;0.6324938999621528;0.5072763076193785
False;False;False;True;True;False;True;False;False;True;True;0;False;False;False;False;0;False;True;False;False;0;False;True;False;True;False;0;6;False;0;True;0;6;True;False;False;ff2ffeaa5efd697b52de8872322677fdc6eacda72a361790cac248ab6f222b6c;0.731325297204764;0.5671226143639027;0.9363015277973045;0.7896240786791995
True;False;True;True;False;False;True;False;False;False;True;0;False;False;False;False;0;False;False;False;True;0;True;True;False;True;True;0;18;False;0;False;0;6;False;False;False;9c8916901da85a3b72390cbbeb972867ab230936f9280ecb2609d10b8e54f4e0;0.1552208518388538;0.11122050345808;0.3101070459394053;0.2968281605090373
False;False;True;False;False;False;False;False;False;False;True;0;True;False;False;False;0;False;False;True;True;0;False;False;False;True;False;0;24;False;0;False;0;6;False;False;True;097bca07005890f973864e8bb809e1050b620acd57aa5c02f9f8bd36630f1d76;0.8901507362104751;0.7652145992066407;0.858352712700935;0.6873413384821276
True;False;False;True;True;False;False;False;False;False;True;0;True;False;False;True;0;False;True;False;True;0;False;True;False;False;False;0;18;False;0;False;0;6;False;False;True;7823f0f5202ec827ed798579a464cb96a298ad723b79e6f4c990ab4e11d65795;0.7982112742943608;0.642796136606497;0.9170297975933316;0.7606977452979484
False;False;False;True;True;False;True;False;False;False;True;0;False;False;False;True;0;True;False;False;True;0;False;True;False;False;False;0;18;False;0;True;0;6;False;False;True;789422ba867e478ce1a24078c722263ab9d638770ca8556625839566f4fb0b50;0.7735223494919153;0.6121471003650264;0.906638949056258;0.7424366926585173
False;False;True;False;False;False;False;False;False;True;True;0;True;False;False;True;0;False;False;True;False;0;False;False;False;False;False;0;6;False;0;False;0;6;True;False;False;384c8a7abbb11628fff452022bf0ccc915693d2512a9946619e5d1e47be09246;0.72659401374475;0.5907087047706846;0.8352676329587607;0.6816131070142258
False;False;False;False;True;False;True;False;False;True;False;0;False;False;False;True;0;True;False;False;False;0;False;False;False;False;True;0;0;False;0;False;0;6;False;False;False;9ee270513e71fbc85366541193a5bf9abdc8f7a06fc7b4277381476df8a7b7e4;0.5170231106712838;0.3921151253262959;0.8288875809103862;0.669176716134145
True;False;True;True;False;False;False;False;False;False;True;0;True;False;False;False;0;False;False;True;True;0;False;True;False;True;False;0;24;False;0;False;0;6;False;False;True;164b7b983f3d3c73be63b830a79c76239d956638b677998bab4270895b87a693;0.905301954298792;0.782444669859871;0.8601304572611741;0.6919940304470449
False;False;True;False;False;False;False;True;False;False;True;0;True;False;False;False;0;False;False;True;False;0;False;False;False;True;False;0;6;False;0;False;0;6;False;False;True;a8eb99b4fcb3dee2d1b0184980ddedf125b6d4b6fbbe292e981c06bc513bca4d;0.8021353201807646;0.6635827430252027;0.8183117783170694;0.6540771914248603
False;False;True;True;False;False;False;True;False;False;False;0;True;False;False;True;0;False;False;True;False;0;False;True;False;False;True;0;0;False;0;True;0;6;False;False;False;48b3b32612aed5c783f6524170c82c2a8235fdd33e464b55d7657a932e5f4b16;0.6334484345390297;0.4896495715595456;0.7829165802508928;0.6107329170813929
False;False;False;True;True;False;False;True;False;False;True;0;True;False;False;False;0;True;False;False;False;0;False;True;False;True;False;0;6;False;0;True;0;6;False;False;True;a67b2723d2a2713111484aa93d2a415a0cde8182caeff19ac8ba8a945212dd0a;0.803684342863421;0.6463603832916903;0.9236882119881406;0.7724351734191301
True;False;False;True;True;False;False;True;False;False;True;0;True;False;False;True;0;True;False;False;False;0;False;True;False;False;False;0;24;False;0;False;0;6;True;False;False;81fd8b5c5bb5e01e8660dce2d6fddee4e99d2079ab092adb1cc5c87e0cc1fc99;0.8391139721979667;0.6973551072193993;0.8894347159151778;0.7221736415639214
True;False;True;True;False;False;True;True;False;False;False;0;False;False;False;False;0;False;False;True;False;0;False;True;False;True;False;0;0;False;0;False;0;6;True;False;False;3987a91af02dac2a0e3bc83c96199c7eb2946f1bec1668bf9ba8246474948df8;0.6615316853100199;0.5138906443444936;0.8098296462002598;0.6370658629610952
True;False;True;True;False;False;True;False;False;False;True;0;False;False;False;False;0;False;False;False;True;0;True;True;False;True;False;0;24;False;0;False;0;6;False;False;True;94a701d56776deca4f53cde24ee78fd5cabf4711f03404016cccce0284c59cc2;0.1609180410430456;0.1132129370745807;0.30791627378688213;0.2919719441040762
False;False;True;True;False;False;False;False;False;False;True;0;True;False;False;False;0;True;False;False;True;0;False;True;False;True;False;0;6;False;0;True;0;6;True;False;False;0d61eb2223760c3b630797df555ef40ec68ae2e2a4e5f728cb6b710a7a443036;0.7604886721925178;0.6058555585504619;0.8435500744502511;0.6802447384662121
True;False;True;True;False;False;False;False;False;True;False;0;True;False;False;False;0;False;False;True;False;0;False;True;False;True;True;0;0;False;0;False;0;6;False;False;False;a2d17331c83e47682f24da6d543920a6258546c00eba883a99fd7a051964cb95;0.6014498239209047;0.4693896473193534;0.7885606145552337;0.6286942414782799
False;False;True;False;False;False;False;True;False;False;True;0;True;False;False;False;0;False;False;True;False;0;False;False;False;True;False;0;18;False;0;False;0;6;True;False;False;469b5bd9f3a43ff94e2a14b56d958f05d22f36d5c11b4115571677a7145bc79a;0.9375704007617508;0.8389885085167881;0.830968635545531;0.6698040235644718
False;False;False;True;True;False;False;False;False;False;False;0;True;False;False;True;0;True;False;False;True;0;False;True;False;False;True;0;0;False;0;True;0;6;False;False;False;6f4409fd2ec803bcbb6febbd2a33057b3d3b90e01d3a381dd73cbb4dec3ee2f3;0.5251789679196592;0.4038044190901034;0.8067055768791067;0.6421976084395848
True;False;False;True;True;False;True;True;False;False;True;0;False;False;False;True;0;True;False;False;False;0;False;True;False;False;False;0;18;False;0;False;0;6;True;False;False;b152fa5e0565c571ad7f59c9e11144989b45d38773f184090a1406336da4895a;0.8366589900263892;0.687927393820025;0.9078476461712688;0.7456256336142758
False;False;True;False;False;False;True;False;False;True;False;0;False;False;False;True;0;False;True;False;False;0;False;False;False;False;False;0;0;False;0;False;0;6;True;False;False;12cc6991f2b55ac11c33d2df829af2b4fed77bd48aa0315d2277497d1d9b0b55;0.61778051457149;0.4836008494332527;0.8050256432785902;0.644040106851604
False;False;True;True;False;False;False;False;False;False;False;0;True;False;False;True;0;False;False;True;True;0;False;True;False;False;True;0;0;False;0;True;0;6;False;False;False;f776cd72826dc56ea06e974f013e2dcad0c23b65671c8a55682f550c52a0b4fb;0.5854428436981172;0.4416805132729656;0.8126675232117377;0.6422850354729909
False;False;True;True;False;False;False;False;False;False;True;0;True;False;False;True;0;False;False;True;True;0;False;True;False;False;False;0;6;False;0;True;0;6;False;False;True;df97cd0f2055e320d10ad58d24c2fa77571bf39b4a52b8ef2aa79ce3c30d5664;0.7620567212938033;0.6080257041991958;0.8414982676231737;0.6770791332307231
False;False;False;False;True;False;True;False;False;False;True;0;False;False;False;False;0;False;False;False;True;0;True;False;False;True;True;0;6;False;0;False;0;6;False;False;False;74fdd74d40006c1eda3210f09233f4a1419d039e6c7c96896718d87bf699a563;0.1297386888058909;0.0723158352586037;0.32740709534338674;0.2773151253028258
False;False;True;True;False;False;True;True;False;False;True;0;False;False;False;False;0;False;True;False;False;0;False;True;False;True;False;0;24;False;0;True;0;6;False;False;True;f9d98e0f406f9c6e62b0f47e164bcf7fcb9d835617746d84b4f073a1a113453d;0.9028764747724434;0.7816348978300001;0.761264514556797;0.5818974974003696
True;False;False;True;True;False;False;False;False;False;False;0;True;False;False;False;0;False;False;False;True;0;True;True;False;True;False;0;0;False;0;False;0;6;True;False;False;53b7060790877483007e68570869b5362a32160af8b42d45c6c637a06962a85c;0.1034138981936233;0.0635982648135123;0.32108485986322205;0.27711400937106206
False;False;False;True;True;False;False;False;False;False;True;0;True;False;False;True;0;False;False;True;True;0;False;True;False;False;False;0;24;False;0;True;0;6;False;False;True;75ba25ef8930385240134e2606dcebb780aa32856370a69dbb391f3e40e2b60e;0.748101621468174;0.5841238876647278;0.878709356452773;0.6952396835201086
False;False;True;True;False;False;False;False;False;False;False;0;True;False;False;False;0;False;True;False;True;0;False;True;False;True;False;0;0;False;0;True;0;6;False;False;True;d029703bb12762799a0a2cbff06f4829bd2ce5ab741040f83f079e6e31fe601b;0.6077913443794375;0.4609804289471984;0.826580860357439;0.6552927024752522
True;False;False;True;True;False;True;False;False;True;True;0;False;False;False;True;0;False;False;True;False;0;False;True;False;False;False;0;18;False;0;False;0;6;False;False;True;fb890a2f538d4481d0a502b1791e645caf9812e526b8c344a205769af29e893a;0.7391071022977425;0.5779153598650558;0.9123832662263002;0.7543864182332468
False;False;True;True;False;False;True;False;False;True;True;0;False;False;False;True;0;False;True;False;False;0;False;True;False;False;False;0;24;False;0;True;0;6;False;False;True;e1d59a78e8f319edb6824e8b52e06e470aa40f9fcca68ce79f5b1c037c8d2998;0.8048784501653267;0.6734087916704307;0.787119285676357;0.6195133754839994
False;False;True;False;False;False;False;True;False;False;True;0;True;False;False;False;0;False;False;False;False;0;True;False;False;True;True;0;18;False;0;False;0;6;False;False;False;c4dbd4c0b37d541c0773e77e3750bc8d8a16363b174e7d055967ce9133298984;0.1696156116347699;0.1236686973161074;0.2824497875884685;0.25768997526248477
False;False;True;False;False;False;True;True;False;False;True;0;False;False;False;False;0;True;False;False;False;0;False;False;False;True;True;0;6;False;0;False;0;6;False;False;False;99cc19f9fe735f41af832b5f29a11c6b9a464acff361c9db8bf5b368f7ffa58d;0.7753441699232708;0.6324039510186401;0.8067412961931484;0.6412538117103438
False;False;True;True;False;False;True;True;False;False;True;0;False;False;False;True;0;False;True;False;False;0;False;True;False;False;False;0;18;False;0;True;0;6;False;False;True;f325f198ee869a7e4379976830f8d6ce7ec249bbb4c26d345839aff33a903b2b;0.8824819835660751;0.7648146919542782;0.7795407544292993;0.621314872742896
False;False;False;False;True;False;True;True;False;False;True;0;False;False;False;False;0;True;False;False;False;0;False;False;False;True;False;0;6;False;0;False;0;6;True;False;False;46234b42740e7238fe596b4bf9765292ca128d0afdf5e145cb750ed1117bf989;0.7301446251602579;0.5644901985621255;0.8998991793535055;0.7396938287877636
True;False;False;True;True;False;False;False;False;True;True;0;True;False;False;True;0;False;True;False;False;0;False;True;False;False;True;0;6;False;0;False;0;6;False;False;False;e44e4fa5144254da4b95619b934782edc9fb92bfcd436c941d933db99ffa896a;0.662369891830851;0.4969393827278811;0.9026710648638444;0.7397569069292543
True;False;False;True;True;False;False;False;False;False;True;0;True;False;False;False;0;False;False;True;True;0;False;True;False;True;False;0;18;False;0;False;0;6;False;False;True;521bf828a55d5b8c7aaf4581aed45af1903eeb698035fc5e3e9107ad9cd1385c;0.8001004850887744;0.6435466102932391;0.9179534749763066;0.7619093618767998
True;False;True;True;False;False;False;True;False;False;True;0;True;False;False;True;0;False;False;False;False;0;True;True;False;False;False;0;18;False;0;False;0;6;True;False;False;bc5b2602dbb6d72fa9f3e806ead7dd6d3f68ce99b5888457c2404047c974cec3;0.5963078810012841;0.4891578960181761;0.6143511668294133;0.4958611701571286
True;False;True;True;False;False;True;True;False;False;False;0;False;False;False;False;0;False;True;False;False;0;False;True;False;True;True;0;0;False;0;False;0;6;False;False;False;8af1cf5f4c122602f588240fc7362007fa08daeca0b66e120ca889952ed1e81b;0.640287296405685;0.4961445712051047;0.7912277926517827;0.6197854187262606
False;False;True;True;False;False;True;False;False;True;False;0;False;False;False;True;0;False;False;False;False;0;True;True;False;False;True;0;0;False;0;True;0;6;False;False;False;efabab0d166696787a44c4ce7504d68cbab410cde6a47105922c3d21054d11f3;0.4111703386923449;0.3159617904484788;0.5992635032564257;0.47304735947117343
True;False;True;True;False;False;False;False;False;True;True;0;True;False;False;False;0;False;False;False;False;0;True;True;False;True;False;0;24;False;0;False;0;6;False;False;True;346ca07903a39e6577c4b95f5da98eba3b5752109abd0aa50881a05ba324338c;0.1661497918669567;0.1280504689021372;0.30858496640593447;0.2888562722894909
False;False;False;True;True;False;True;True;False;False;True;0;False;False;False;False;0;True;False;False;False;0;False;True;False;True;False;0;6;False;0;True;0;6;True;False;False;d76d6badf36c97fc1e27ee59d6cad1a8d2fa1d8e7266a45dd159f2157a5526ab;0.7992443583342915;0.6417711803976476;0.9262234466034391;0.7785955163351257
False;False;True;False;False;False;False;False;False;False;True;0;True;False;False;True;0;True;False;False;True;0;False;False;False;False;False;0;24;False;0;False;0;6;True;False;False;d8a12be17fe8c3cf335edc420dbccb512de48085fc6ed789ea2f6056eda72f78;0.8851229083583465;0.7609235734158459;0.8612609939836289;0.6933556629479184
False;False;False;False;True;False;False;True;False;False;True;0;True;False;False;True;0;False;True;False;False;0;False;False;False;False;False;0;18;False;0;False;0;6;False;False;True;82a8d2b064a8675492b9a499b23ac0f25404ae8b2b2e6a9a90407e509de706ad;0.8287799848925478;0.6822137736781136;0.9004868997775372;0.7364441834059617
False;False;True;True;False;False;True;False;False;True;True;0;False;False;False;True;0;False;False;False;False;0;True;True;False;False;False;0;24;False;0;True;0;6;True;False;False;0905226678bd32d62887eb84a96181bc3ad431b21e04f72228f3be110efef261;0.5220343509128206;0.4212511563042346;0.5925593600941756;0.47065805675706324
True;False;True;True;False;False;True;True;False;False;True;0;False;False;False;True;0;True;False;False;False;0;False;True;False;False;False;0;24;False;0;False;0;6;True;False;False;2d5122affeebce3c2e6afe9cc85ae1d1121741b7231584ff76dae4820d6642e3;0.9918789351723576;0.9661947248903529;0.8239282796816757;0.6548846086772414
False;False;False;True;True;False;False;True;False;False;True;0;True;False;False;False;0;False;False;True;False;0;False;True;False;True;False;0;6;False;0;True;0;6;False;False;True;68cc784185f8b1ec57b4d6a03300074280eff53850fdc20a44bed65018522e29;0.802679038694926;0.6454955353642008;0.9238712855377859;0.7730992788997875
False;False;False;True;True;False;True;False;False;False;False;0;False;False;False;False;0;False;False;True;True;0;False;True;False;True;False;0;0;False;0;True;0;6;True;False;False;8def77f0a0ca63b777589194896fe16bf6de60db513cd3d0edcec89763af1adb;0.5389891737021357;0.4158745584320345;0.8203818482219999;0.6574308880802452
True;False;True;True;False;False;False;False;False;False;False;0;True;False;False;False;0;False;False;False;True;0;True;True;False;True;True;0;0;False;0;False;0;6;False;False;False;8cb7eaea933da04cdb878e2c8fa0661276613178d5631e5bb60e28e5cf777ba0;0.1298845914662699;0.0823375282824539;0.3216474693258656;0.2801393316257374
False;False;False;False;True;False;False;True;False;False;True;0;True;False;False;True;0;True;False;False;False;0;False;False;False;False;True;0;18;False;0;False;0;6;False;False;False;4a3524089c12a5064cd9d2395b617f6d047391f5ed6dda412cfd5c669d258f4a;0.8049915621743345;0.6560394143962448;0.890166216558186;0.7245402956148574
False;False;True;True;False;False;False;False;False;False;False;0;True;False;False;True;0;True;False;False;True;0;False;True;False;False;False;0;0;False;0;True;0;6;False;False;True;8d9771e13536bf2918f706bf85084c96594b772b39850c68970fcddaaa935d65;0.6058168337038086;0.4599479695216817;0.8264200734882754;0.6560405646819708
False;False;True;True;False;False;False;True;False;False;True;0;True;False;False;False;0;False;False;True;False;0;False;True;False;True;False;0;18;False;0;True;0;6;False;False;True;925d43fb98ed4b9ce02e8d82cf44d5d054d9e2572460ab5e28338fcf185bbd70;0.8898764696830768;0.7720521794931162;0.7782821607426712;0.6178697418733144
False;False;False;False;True;False;False;False;False;False;True;0;True;False;False;True;0;False;False;False;True;0;True;False;False;False;False;0;18;False;0;False;0;6;False;False;True;37dd92ca7ddadf95a5a17a767eb40f0d37e2a28fdb6e0aa30f937eb168687346;0.4799404734957299;0.3766340885213083;0.675357704115132;0.5558577807969316
False;False;False;False;True;False;True;False;False;False;True;0;False;False;False;False;0;False;False;False;True;0;True;False;False;True;True;0;24;False;0;False;0;6;False;False;False;eccdfbafd73dae304ff8a7f5771044f6b593c6d0d26165cb1fce1442a2f055e7;0.1362382243093585;0.0800881951720024;0.32369201994226937;0.2804806282113458
False;False;True;True;False;False;True;False;False;True;False;0;False;False;False;True;0;False;False;False;False;0;True;True;False;False;False;0;0;False;0;True;0;6;True;False;False;a143060663441b0940951ad0075cf1b7aa6f92b448567686a52ab4186d637642;0.4261820998953854;0.3295772254029055;0.618624737851067;0.4918970636529152
False;False;True;False;False;False;True;True;False;False;False;0;False;False;False;False;0;False;False;True;False;0;False;False;False;True;False;0;0;False;0;False;0;6;True;False;False;54340e01372ad25084857fa91c9396828861136dd8f037b3ae681dbb9f0db9c6;0.6594127350324304;0.5114993188851655;0.8078803888516735;0.635218697852005
False;False;True;False;False;False;True;False;False;False;True;0;False;False;False;True;0;False;False;True;True;0;False;False;False;False;False;0;6;False;0;False;0;6;False;False;True;1e0137c96a8834937cb64d7502238a602f5957097515734d78507121ed06ae7a;0.7132080147027947;0.5655654995762525;0.8375856733735405;0.6760799336395135
True;False;True;True;False;False;True;True;False;False;True;0;False;False;False;False;0;False;False;True;False;0;False;True;False;True;True;0;24;False;0;False;0;6;False;False;False;9f8f07ea4136864476cdce09d40d559cbf51f9989f052d65444220eaed6b65be;0.9584653519002252;0.8825112213726014;0.8098790832764043;0.6399720947955645
False;False;False;True;True;False;False;False;False;False;True;0;True;False;False;False;0;False;False;False;True;0;True;True;False;True;False;0;6;False;0;True;0;6;True;False;False;f4af186fe8fb7659e90bcbb159a07376b39a3e64e75e7dae695c69bafbf137a9;0.1586369052567914;0.0969731413270194;0.35486387373213707;0.3150732000928295
False;False;True;False;False;False;True;True;False;False;True;0;False;False;False;False;0;False;True;False;False;0;False;False;False;True;False;0;18;False;0;False;0;6;False;False;True;f374ec7a3147f574db04da71dc55debc1bac094aaa849fee496cc75c9081efda;0.9400325500842164;0.8409721278131517;0.8261200390227094;0.6643853229012975
False;False;True;False;False;False;False;False;False;False;True;0;True;False;False;False;0;True;False;False;True;0;False;False;False;True;True;0;18;False;0;False;0;6;False;False;False;b4e26555d30f50c15e0107590564fe7081936fb49b7f35997c7ee6c55b7fff6a;0.8469018906884775;0.7122091344977206;0.8661913038423354;0.7073702173577924
False;False;True;True;False;False;True;False;False;False;True;0;False;False;False;False;0;False;False;False;True;0;True;True;False;True;True;0;18;False;0;True;0;6;False;False;False;dda13e080d9ea3d7184ecefc4174ccdc035b25b0bf4649705826e8b0c4e364ff;0.1584186772416607;0.111298247270318;0.3052985653335613;0.2852902345204802
False;False;True;True;False;False;False;False;False;False;True;0;True;False;False;True;0;False;False;False;True;0;True;True;False;False;False;0;18;False;0;True;0;6;False;False;True;ec3f027cfb2fb0658f001efc41553b2084b14db7d14659946df2323cae37dea0;0.5097613293576783;0.4009936810120902;0.6092032159343358;0.4876068629236494
True;False;True;True;False;False;True;False;False;True;False;0;False;False;False;True;0;False;False;True;False;0;False;True;False;False;True;0;0;False;0;False;0;6;False;False;False;ccae13fa79bdc1261f92201bc4c826f8a1d403716624b911711bd8dd0f49c8ae;0.5994216360892811;0.4664720102056638;0.7854004217888089;0.6234152086119501
True;False;True;True;False;False;True;False;False;False;True;0;False;False;False;False;0;False;True;False;True;0;False;True;False;True;False;0;24;False;0;False;0;6;False;False;True;2a3f25e2b92994170ea3ff9ab4896f20bb7276787cda27e3e589972a6301b073;0.9095575726400074;0.7869741992195025;0.862196390309681;0.6953998088604423
True;False;False;True;True;False;False;False;False;True;True;0;True;False;False;True;0;False;False;False;False;0;True;True;False;False;False;0;24;False;0;False;0;6;True;False;False;5b3d682ad07a8c781e5e9f78ebdf14940cd08ae7561da231dc29023e83c19cea;0.45922778284282;0.3513327255257177;0.6839184159210108;0.5565434447122374
True;False;False;True;True;False;False;False;False;True;False;0;True;False;False;True;0;False;False;True;False;0;False;True;False;False;True;0;0;False;0;False;0;6;False;False;False;26a24a99906f7ff42fea58a69053815c9964a12eb0ef1e3ae04de90a155b0a57;0.5165041648960935;0.3904681484991786;0.8295383956659754;0.671266391628965
False;False;False;True;True;False;True;True;False;False;True;0;False;False;False;False;0;False;False;False;False;0;True;True;False;True;False;0;24;False;0;True;0;6;True;False;False;a22e05228a1d934f4cf82e846b0b9eea97fdffe335cbeac7912b75aa8968b13c;0.1560233168415459;0.0969417553989557;0.3243557174728209;0.27824810028749225
False;False;False;False;True;False;False;False;False;True;True;0;True;False;False;True;0;False;True;False;False;0;False;False;False;False;False;0;24;False;0;False;0;6;False;False;True;060429cab7c9ee0198a88dd2e7dcc3d0e25d94f3c32219a3806927cf2e354f38;0.7246902030116831;0.5668664295318155;0.8996898751060356;0.734170554136564
False;False;True;False;False;False;True;False;False;True;True;0;False;False;False;True;0;False;True;False;False;0;False;False;False;False;False;0;24;False;0;False;0;6;False;False;True;879087be7ab4a28a4b9ba32e412284be70e108bb9cfbf41ae8f27f2f43e5b6cf;0.8780196774427605;0.762376756025668;0.848970995211079;0.6864349292723034
True;False;True;True;False;False;False;False;False;False;True;0;True;False;False;True;0;True;False;False;True;0;False;True;False;False;True;0;18;False;0;False;0;6;False;False;False;adbb77a0452b711f1d1529e925b3c15df3f31b2a75e258a47fbb8abbfa72cebc;0.8576592612546784;0.7259669034534292;0.8652158435472435;0.7090099154997174
False;False;True;False;False;False;True;False;False;True;False;0;False;False;False;True;0;False;True;False;False;0;False;False;False;False;False;0;0;False;0;False;0;6;False;False;True;80e5dbab00d3951b73504d0eaee69bb44b404eb86c6760ec4c8a322e26baec41;0.6192745734107257;0.4856168424984936;0.8012955360506373;0.6392133178608317
True;False;False;True;True;False;False;False;False;False;True;0;True;False;False;False;0;False;False;True;True;0;False;True;False;True;True;0;24;False;0;False;0;6;False;False;False;8463d4e451129250536dae34fbd9558252393caf823a111a98b2638e0579f258;0.7665445437886231;0.6114741101855645;0.8876398913954768;0.7174979640747068
True;False;False;True;True;False;False;False;False;False;True;0;True;False;False;False;0;False;False;False;True;0;True;True;False;True;True;0;24;False;0;False;0;6;False;False;False;d6331a07680f37d0e8049e3f09d6d882208e4a2610cce1435e568170d4d9b6b2;0.1461285233320982;0.0911455810187579;0.3330139781508729;0.29363046235795737
False;False;False;True;True;False;True;True;False;False;True;0;False;False;False;True;0;True;False;False;False;0;False;True;False;False;True;0;6;False;0;True;0;6;False;False;False;0ca5a3b51aec17d30c853d5590b1279bb6920b7c97768279667466c82e26f772;0.7800111782777541;0.6223052287648203;0.9109495636745022;0.7563353701872203
False;False;False;False;True;False;True;True;False;False;True;0;False;False;False;True;0;True;False;False;False;0;False;False;False;False;False;0;6;False;0;False;0;6;False;False;True;7da0201c1d6f79c89c2044da1daab83e5aa627f3b2fc3d6d7a50bf9285f88993;0.7327453330697493;0.5689062177217106;0.8973311868791018;0.7356624520506851
False;False;False;True;True;False;False;False;False;True;True;0;True;False;False;True;0;False;False;True;False;0;False;True;False;False;False;0;24;False;0;True;0;6;True;False;False;6f93d49eeb87e8557356e384d650085bd9f4af059ce542491eed1597d31cca65;0.6916001067430857;0.5273850549644044;0.8874207009473545;0.7109935480278871
False;False;True;False;False;False;True;False;False;True;True;0;False;False;False;True;0;False;False;False;False;0;True;False;False;False;True;0;6;False;0;False;0;6;False;False;False;5814e5da77ac2b9862925c5dc8eaa58c5eb41ae9609ec241d0feb2f1ab1cc809;0.4666514683974845;0.3663277376071519;0.6225377358330898;0.5028406562142388
False;False;False;False;True;False;False;False;False;False;True;0;True;False;False;True;0;False;False;True;True;0;False;False;False;False;True;0;18;False;0;False;0;6;False;False;False;ce5ea86e15ed04715c269054adf46dfb76c0d341d3ad9d32ea693a25e770346f;0.7596454714538979;0.6049519692415645;0.9006941114078268;0.7405292546497557
False;False;False;False;True;False;False;False;False;True;True;0;True;False;False;True;0;False;False;False;False;0;True;False;False;False;False;0;6;False;0;False;0;6;False;False;True;f99ceabcf2d8729d7ff221bac8772ddcf00025d5feaab6368685822de9143f05;0.4295932620876282;0.319979379605689;0.6882092784162445;0.5612860777336476
False;False;False;True;True;False;True;False;False;True;False;0;False;False;False;False;0;True;False;False;False;0;False;True;False;True;False;0;0;False;0;True;0;6;False;False;True;858d42cf4187ca50143e241a2f6525fba6eaeb97a2990ccb83d0ba43ab81cb5d;0.5351376542186917;0.4073740955836238;0.8376953356843996;0.6762023958677709
False;False;False;True;True;False;False;False;False;False;True;0;True;False;False;True;0;False;True;False;True;0;False;True;False;False;False;0;24;False;0;True;0;6;False;False;True;cde0bf19d30430c244f9738f38b87229a3176306ad1dce51343f44ad060ee5d2;0.7477301644308478;0.5828710103903549;0.8770826614622342;0.6929468064530688
False;False;False;False;True;False;False;True;False;False;True;0;True;False;False;False;0;True;False;False;False;0;False;False;False;True;True;0;24;False;0;False;0;6;False;False;False;92d470ac8809fec06e0d876ba53802ec3e7f76ce8eba4b2522a51d5207a834b6;0.8023156449246868;0.6554459989408057;0.8725612966183226;0.6982094979672873
True;False;False;True;True;False;False;False;False;True;True;0;True;False;False;False;0;False;True;False;False;0;False;True;False;True;True;0;18;False;0;False;0;6;False;False;False;6fbd0ebc9f887e880a83fb4f40ce2c8c9dc8c7f807c63ec5a09d49e5407f7b79;0.7210987904487244;0.5615698508672613;0.9043647963659778;0.7444280637040406
False;False;True;False;False;False;False;False;False;True;True;0;True;False;False;True;0;False;False;True;False;0;False;False;False;False;True;0;24;False;0;False;0;6;False;False;False;bf3925978443e2b009f8cb36df58a0fb0b3c4ff2ce23659dc38f3d0b205fe21b;0.8414754767192435;0.7198168855186582;0.8331701165307129;0.6681345440890878
True;False;False;True;True;False;False;True;False;False;True;0;True;False;False;False;0;False;True;False;False;0;False;True;False;True;True;0;6;False;0;False;0;6;False;False;False;460b863e22c924199ee891a0beaaf54d194482f1a281d930f188566d489bad9f;0.7183963361188273;0.5510563321814139;0.8914583815982962;0.725888779373526
True;False;True;True;False;False;True;False;False;False;False;0;False;False;False;False;0;False;False;False;True;0;True;True;False;True;True;0;0;False;0;False;0;6;False;False;False;c84ff7ed7a08739abb9bd1d8e98b4c4e704545b7d21b464567df57aad5664b67;0.1269934857912815;0.0770721683481674;0.3201405690667997;0.2792404795518816
False;False;True;False;False;False;True;True;False;False;True;0;False;False;False;False;0;False;True;False;False;0;False;False;False;True;False;0;24;False;0;False;0;6;True;False;False;8921968efbc3dadcce67fa22aeb65f0c901c74cbb28f668ae703d92a8897855d;0.9781741513327;0.9270311085619156;0.8242887585732879;0.65221404749618
False;False;False;False;True;False;True;False;False;False;True;0;False;False;False;True;0;False;True;False;True;0;False;False;False;False;False;0;18;False;0;False;0;6;True;False;False;8ee227c0c1b565e25582d5626466ca4c0ae5a5ae673b8592199342e272cd4ea5;0.7762988775593519;0.6229327604374292;0.9128009382509121;0.7592055735001711
False;False;False;False;True;False;False;False;False;False;True;0;True;False;False;True;0;False;False;True;True;0;False;False;False;False;True;0;24;False;0;False;0;6;False;False;False;d95609a8b45e6a24f1f73e987a1067b2c83a65565823549586c7621f82d9845f;0.749819427454196;0.5970651060312137;0.8812358434294804;0.7097813939633022
False;False;False;False;True;False;False;False;False;True;True;0;True;False;False;True;0;False;False;True;False;0;False;False;False;False;False;0;18;False;0;False;0;6;True;False;False;a88ece3949a75d78631a2042b015de18e3e57d4b0a05394950c64bb7cd427410;0.7251088296790116;0.5635501831222619;0.9117164401535524;0.7523573601715022
True;False;True;True;False;False;False;False;False;True;True;0;True;False;False;False;0;False;False;False;False;0;True;True;False;True;False;0;18;False;0;False;0;6;False;False;True;6e287193f3435dbbe7e91408d5afa0dfec8cd8a0cd334e6e3fce07eab3b7932b;0.1681086338479155;0.1285582684892614;0.31704526233828956;0.29544077018959153
True;False;False;True;True;False;False;False;False;False;False;0;True;False;False;False;0;False;False;False;True;0;True;True;False;True;True;0;0;False;0;False;0;6;False;False;False;72ebae07e29282cebdea0ae938bc954d22f4aa79b8c377cad18d2c9523926868;0.0958015452392322;0.0600299801669789;0.3086739534226634;0.26705627748364935
True;False;False;True;True;False;True;True;False;False;False;0;False;False;False;False;0;False;True;False;False;0;False;True;False;True;True;0;0;False;0;False;0;6;False;False;False;a0cbaa98281fff16e445ffbbf2ec127aa124b41a2736fd1997c20aa35da80cc5;0.5218403434550146;0.3971797650565624;0.8048020143897949;0.6417576529551561
True;False;True;True;False;False;False;False;False;True;True;0;True;False;False;False;0;False;True;False;False;0;False;True;False;True;False;0;18;False;0;False;0;6;True;False;False;ab50ef4c79c203bdb1b3497a1c33b767303a508deff0d86521a38c83675a9bc1;0.8702593804909682;0.7504431036212799;0.8580060911456807;0.7091428055974796
False;False;False;False;True;False;False;True;False;False;True;0;True;False;False;True;0;False;False;False;False;0;True;False;False;False;False;0;6;False;0;False;0;6;True;False;False;1193f86cb77a48a719b7668a207d4e98b0ed1c97bb1f8b568b167d6054b1b2a0;0.474621855815047;0.3612358917664393;0.6844090289516737;0.5554197739891426
True;False;True;True;False;False;True;True;False;False;False;0;False;False;False;True;0;True;False;False;False;0;False;True;False;False;False;0;0;False;0;False;0;6;False;False;True;fcb9eb0a3bf42d2154b8fb885a4e75e6d89ba2b376e66318eac47fe27ab6e9cf;0.6619234396200185;0.5153501302037169;0.804390336694194;0.6308794428629735
False;False;True;False;False;False;True;True;False;False;False;0;False;False;False;True;0;True;False;False;False;0;False;False;False;False;False;0;0;False;0;False;0;6;True;False;False;ae374ba7399b10688393cb97c9a014e5c30fcae1169056e926232ad181bacece;0.657027077642819;0.5099273061260848;0.8064714566854324;0.6340985989411011
False;False;True;False;False;False;True;False;False;True;True;0;False;False;False;False;0;True;False;False;False;0;False;False;False;True;True;0;18;False;0;False;0;6;False;False;False;b3af0cae5082e3cd427e21527488bf6344323879b30ca5757ea3b16cbe46bb28;0.8337566257446333;0.7090353587204629;0.8498564698222174;0.6957641707975996
True;False;True;True;False;False;True;False;False;True;True;0;False;False;False;True;0;True;False;False;False;0;False;True;False;False;False;0;18;False;0;False;0;6;True;False;False;fa4372afb01369ea99959a17555fd1831640f76ff226d7b47dafe853ccdc965c;0.8670756223725872;0.7476190774985715;0.8596609645170924;0.711974369841146
False;False;False;True;True;False;False;False;False;False;True;0;True;False;False;True;0;False;False;False;True;0;True;True;False;False;False;0;6;False;0;True;0;6;True;False;False;b6bd91ed71a45e1bfa013f6013a080a9668a073e895e932855a60ab4d16130a0;0.48593805422091;0.3692595152701701;0.6997740912273378;0.5681387410491002
False;False;False;False;True;False;True;True;False;False;True;0;False;False;False;True;0;False;False;False;False;0;True;False;False;False;False;0;6;False;0;False;0;6;False;False;True;63cca465dab428e4a061566b4ec70c5d536e2ee0f1665c312dc89b5a9e555b7b;0.4877123453007343;0.3703948114796108;0.6943890683407766;0.5604596069352886
False;False;True;True;False;False;False;True;False;False;True;0;True;False;False;True;0;False;True;False;False;0;False;True;False;False;True;0;6;False;0;True;0;6;False;False;False;9845aed03f4adbee216abbb31c167ec0e11b7855b685994990867e503bf11a83;0.8216510279839929;0.680100267019741;0.807754917146508;0.6440302869608988
True;False;False;True;True;False;True;True;False;False;True;0;False;False;False;True;0;True;False;False;False;0;False;True;False;False;True;0;6;False;0;False;0;6;False;False;False;3dcc6416544786fc97bae75a87fc73b579701f8bfd6bcde25132e8228e983b61;0.7196560602497182;0.5536879337216224;0.8907894984968436;0.7250255009805032
False;False;False;True;True;False;True;True;False;False;True;0;False;False;False;True;0;False;True;False;False;0;False;True;False;False;False;0;6;False;0;True;0;6;True;False;False;79e37544f7ced8a4bb2ab7fc75fd292fc70d0a63001c4da3ae893836ce180b28;0.7972227677705238;0.6404576179233086;0.9262684357640262;0.778634825623993
True;False;True;True;False;False;True;True;False;False;True;0;False;False;False;True;0;True;False;False;False;0;False;True;False;False;False;0;18;False;0;False;0;6;False;False;True;54a812ddfeba19ada324ffaf9e7872a1c11cc3ffd2f53aff82440d19aee2a3b1;0.95107685264596;0.8622208361442534;0.8255238471905934;0.6680136409551777
True;False;False;True;True;False;False;True;False;False;True;0;True;False;False;False;0;False;True;False;False;0;False;True;False;True;False;0;18;False;0;False;0;6;False;False;True;04011866aaa735cf76cfee18ec8923b23b6640412ae6eadaaa543e4692a17b05;0.848564113253617;0.69984878038789;0.9065633222509014;0.7424805967214321
False;False;False;True;True;False;True;False;False;False;True;0;False;False;False;False;0;False;False;True;True;0;False;True;False;True;True;0;18;False;0;True;0;6;False;False;False;dfe860b3e5629b34642c88f808d0fcd2660ad88232783fdd05e7b33ab2cfa463;0.7522177158200045;0.5888498795309793;0.8984798553925045;0.7307363796908183
True;False;False;True;True;False;True;False;False;True;True;0;False;False;False;False;0;False;False;False;False;0;True;True;False;True;True;0;18;False;0;False;0;6;False;False;False;e82de971e70aff3333fd6b3a3131d249fc0e33deef500067a0b9f98c223a33e4;0.1336002778257876;0.0840561227230399;0.333035516640886;0.28714071910564365
False;False;True;False;False;False;True;True;False;False;False;0;False;False;False;False;0;True;False;False;False;0;False;False;False;True;False;0;0;False;0;False;0;6;False;False;True;d2550b05efaade198cc6669229d30a8dfcf99c1103b5c8098f864ebd5d1ed8c5;0.6622629293663257;0.5143965524157944;0.8030852488282179;0.6297388477813219
False;False;False;False;True;False;True;False;False;True;False;0;False;False;False;False;0;False;False;False;False;0;True;False;False;True;False;0;0;False;0;False;0;6;True;False;False;385652685527991d9164c13e478f8c0d41d02b79ad61b67d22175525072791d5;0.1083146656811662;0.0677562735802207;0.33413038843056303;0.28502829709692007
False;False;False;True;True;False;False;False;False;False;True;0;True;False;False;True;0;False;False;True;True;0;False;True;False;False;False;0;18;False;0;True;0;6;False;False;True;70e8ea8c1a82699face1219a2ee6c20c726ded8f7025ccc188ff1c9f1ba1d63e;0.7761401706475622;0.615213198210528;0.9082448399205247;0.7434869307112394
False;False;True;True;False;False;True;False;False;False;False;0;False;False;False;True;0;True;False;False;True;0;False;True;False;False;False;0;0;False;0;True;0;6;True;False;False;d71dea768f20b322b6a0acc72fee0336b5e3333c2a97dc4c44d5e26308a8fc86;0.604283566417784;0.4589583267137082;0.8300201458802776;0.6601429056992983
True;False;True;True;False;False;True;False;False;True;True;0;False;False;False;True;0;False;True;False;False;0;False;True;False;False;False;0;24;False;0;False;0;6;True;False;False;773c731319dabbe3771c540f446cff2368d3b8b6f422f5d8898eca8036ada33b;0.8852100609472386;0.7704070358463364;0.8498383829984987;0.6888566599153926
False;False;False;True;True;False;True;False;False;True;True;0;False;False;False;False;0;False;False;True;False;0;False;True;False;True;False;0;18;False;0;True;0;6;True;False;False;0af6040ed01bc959682b2266ecc566c2708723d5a179ef6a1de31e385e50e9e4;0.7073349851041771;0.5454911937829907;0.901750019895844;0.7385367510490524
True;False;False;True;True;False;False;False;False;True;True;0;True;False;False;False;0;True;False;False;False;0;False;True;False;True;False;0;18;False;0;False;0;6;True;False;False;812687171cab957b157573a54d499c2705fee3b14e8037186ab62a0f3488c818;0.7363776191738407;0.5734285136890931;0.9143702538804399;0.7561380647643299
False;False;False;True;True;False;False;False;False;False;True;0;True;False;False;False;0;False;False;False;True;0;True;True;False;True;True;0;24;False;0;True;0;6;False;False;False;fe1837036ac05c3c9d098b544f61dd684436d2395840f99da0edaf492061bf9e;0.1448244194510934;0.0891694356443664;0.3281551957720427;0.285739818011005
True;False;True;True;False;False;False;False;False;True;True;0;True;False;False;False;0;False;False;True;False;0;False;True;False;True;False;0;24;False;0;False;0;6;False;False;True;fcef5865f2a7cb0288e914d7d56bd0c5c7b44a1a66430acc0ca6eb2982885d87;0.8862305358892154;0.7724492422043366;0.8434370411678821;0.682253079456077
True;False;False;True;True;False;True;False;False;True;True;0;False;False;False;False;0;False;False;True;False;0;False;True;False;True;True;0;6;False;0;False;0;6;False;False;False;4a2dd9dd28cf20ba9aa46db6c889277be138a7fcf5290725df541a20c87f2191;0.6638642566094842;0.4975392387882549;0.9062046896477961;0.7436898740449134
False;False;False;False;True;False;False;True;False;False;True;0;True;False;False;True;0;False;False;True;False;0;False;False;False;False;False;0;18;False;0;False;0;6;False;False;True;ac8f90fd34f84417e71a875f4b0aad1629e32a06883d1bcd7a307e955272cc1c;0.8295326577386536;0.6830676553803411;0.9024452644895283;0.7390115045983985
False;False;False;False;True;False;True;True;False;False;False;0;False;False;False;False;0;False;False;False;False;0;True;False;False;True;False;0;0;False;0;False;0;6;False;False;True;742e44986a4dbd047758798d776a4127bd75b585b6f783209a1afc2d78c62468;0.1036756759992746;0.0630735049607837;0.3116547226524906;0.2618307728813428
True;False;False;True;True;False;True;True;False;False;False;0;False;False;False;False;0;False;True;False;False;0;False;True;False;True;False;0;0;False;0;False;0;6;True;False;False;b0621d7b343e15da0bcef831f47d918efebdf051e46fadcef8849798ce7009c0;0.533369212166118;0.4081843679662938;0.8154774206878354;0.6532188588535943
True;False;True;True;False;False;True;False;False;False;True;0;False;False;False;True;0;True;False;False;True;0;False;True;False;False;False;0;24;False;0;False;0;6;True;False;False;207d0d288d51f391cbe789734bbec0c94af999437ae2e0a7d86b2652278c9e34;0.9011760059353904;0.777770572956807;0.8656360711888337;0.7008326025345643
False;False;False;True;True;False;True;True;False;False;True;0;False;False;False;False;0;False;True;False;False;0;False;True;False;True;False;0;24;False;0;True;0;6;False;False;True;a9f39d2096cb767dac78e23eec5c1bcff8dcd2c0e41d557d8264d9f83d23c612;0.7928330853926814;0.63300316321647;0.8601252720157581;0.6726067603322325
False;False;True;False;False;False;True;False;False;True;True;0;False;False;False;False;0;False;True;False;False;0;False;False;False;True;False;0;6;False;0;False;0;6;True;False;False;570b313f150dd5ff35390b679f6e2fcfcc6d87bfaa42a4fc35d4258de339a78b;0.7291271720468956;0.5932460481327617;0.8347560686857625;0.6815039562711679
False;False;False;False;True;False;True;False;False;True;True;0;False;False;False;True;0;True;False;False;False;0;False;False;False;False;False;0;6;False;0;False;0;6;False;False;True;61245aa765ec183c2956232b91b237e776417f3782cfe04e7f356126b69089ff;0.6754360488751606;0.5076977612221405;0.9107292809022741;0.7471798136841654
False;False;True;False;False;False;False;False;False;False;False;0;True;False;False;True;0;True;False;False;True;0;False;False;False;False;False;0;0;False;0;False;0;6;True;False;False;c2af952b7fcda428cee8525579803af13ca1496d70d5a4924bbdbd4a6c724c4a;0.6056221214660443;0.4600238409461609;0.8364478055057396;0.6676222723837266
False;False;True;False;False;False;True;True;False;False;True;0;False;False;False;True;0;False;False;True;False;0;False;False;False;False;True;0;18;False;0;False;0;6;False;False;False;93656f9b9ad69f4351f1762f1a656e754b1333938f71c4a9e98950f825356618;0.9036800457716984;0.7911030866692835;0.8163746019573302;0.6535092761191151
True;False;True;True;False;False;False;False;False;True;True;0;True;False;False;False;0;False;False;False;False;0;True;True;False;True;False;0;24;False;0;False;0;6;True;False;False;6368b40f5eca574b2d08fd328375e7cdcc4d6849f3c29dc52b9582bd7ea7f3e7;0.1719591775232491;0.1330762597741749;0.3150847139476752;0.29426319887776275
False;False;True;True;False;False;True;False;False;False;True;0;False;False;False;True;0;True;False;False;True;0;False;True;False;False;False;0;24;False;0;True;0;6;False;False;True;68deac5df7814b4ec082551aef172c2d9cea341325875fc10076e1891560a7d4;0.8151951388739206;0.6619191402909748;0.8125830990326937;0.6320121799143563
True;False;True;True;False;False;False;False;False;False;True;0;True;False;False;True;0;False;False;True;True;0;False;True;False;False;False;0;18;False;0;False;0;6;False;False;True;fa62b9e3f8ecd384a91798f619747ccd2a247447c9c731152050b8e0fe405223;0.8884126061508165;0.7594879806332528;0.8797467028515057;0.7256726717721944
False;False;False;True;True;False;True;True;False;False;False;0;False;False;False;False;0;True;False;False;False;0;False;True;False;True;False;0;0;False;0;True;0;6;False;False;True;5ab4dc98d7d1b11a9503a0718d8f20f901e99773dd5bb8c499c83168d6afae1a;0.5422823995014379;0.4147965154430211;0.8169149486726363;0.6515940723098723
True;False;True;True;False;False;False;False;False;False;True;0;True;False;False;True;0;False;True;False;True;0;False;True;False;False;False;0;18;False;0;False;0;6;True;False;False;3adc3e8d4bbe9839feb19e719569848aae34127bedbcd6353220d95f177b5a48;0.8835185257080724;0.7535394871241108;0.8822850701833818;0.7297726597487455
False;False;False;False;True;False;False;False;False;False;True;0;True;False;False;False;0;False;False;True;True;0;False;False;False;True;True;0;18;False;0;False;0;6;False;False;False;c737737150092a7be6ef3bc3c262677af2060f51fd29e157323c0f8cee4bff70;0.760873190179094;0.6059552315726048;0.9013584454820426;0.7436030486609243
False;False;False;True;True;False;False;False;False;True;True;0;True;False;False;False;0;False;False;True;False;0;False;True;False;True;True;0;6;False;0;True;0;6;False;False;False;8703daa1f04ceac4f999aa05744be952ddee1fd925decff1c8842b08d9cb3dff;0.7168423561041243;0.5522923993411106;0.9259917433521078;0.7755118617329166
False;False;True;True;False;False;True;True;False;False;False;0;False;False;False;True;0;False;False;False;False;0;True;True;False;False;False;0;0;False;0;True;0;6;True;False;False;6b59b6dad8c442c29761c61f2747b69d2ed5fecbf2f1eebaa5dbcbb71704dc4f;0.4653740696412063;0.3523565248393838;0.639773494464101;0.5002282150855683
False;False;True;True;False;False;True;False;False;True;True;0;False;False;False;True;0;False;False;True;False;0;False;True;False;False;True;0;24;False;0;True;0;6;False;False;False;363d34a76899392e5b37568f26828f80029b12647ce5d85b51ac3a1f67f51204;0.7750852748612752;0.6410627976741405;0.7756854465709637;0.6086337763746966
False;False;False;True;True;False;True;False;False;False;True;0;False;False;False;True;0;False;False;False;True;0;True;True;False;False;True;0;18;False;0;True;0;6;False;False;False;0d9be676511cc388ad2c2b47334a1a467163b1ed20d5a62378d6629db147d34c;0.4892584685999609;0.3742194390810233;0.6830618380822205;0.5483597772946986
True;False;False;True;True;False;False;False;False;True;True;0;True;False;False;False;0;False;False;False;False;0;True;True;False;True;False;0;6;False;0;False;0;6;True;False;False;853eb19488f1f28ed5d6b76326c20f41a3ab837875ef3dc0db47799ee6d1c465;0.1406119507516701;0.0830248359154561;0.3480303868574787;0.30043005817117924
False;False;False;False;True;False;True;False;False;True;True;0;False;False;False;True;0;False;False;False;False;0;True;False;False;False;False;0;24;False;0;False;0;6;False;False;True;c2df56dcc17fdcb6e1baba0270e6e90e7f7a55a1cef53f4787f2cb9a43faf82b;0.4627067120251403;0.3534555302275593;0.6881138170130908;0.5584133942959963
True;False;False;True;True;False;False;False;False;False;True;0;True;False;False;False;0;False;False;False;True;0;True;True;False;True;False;0;18;False;0;False;0;6;False;False;True;a5cc50079a6a0390429ad8f2d371e6e9c87c1070244cdd70bbcb99d92412416b;0.150981780534346;0.0952542894055297;0.34507779506651776;0.3068155646651507
False;False;True;True;False;False;True;False;False;True;True;0;False;False;False;True;0;True;False;False;False;0;False;True;False;False;False;0;24;False;0;True;0;6;False;False;True;7a90e3edb3e282a148780d0b9ea7d289d555db0ffda6fda38ada56090ce506da;0.8062079171418362;0.674771249762021;0.7872884325865175;0.6195568665763774
True;False;True;True;False;False;True;True;False;False;True;0;False;False;False;True;0;False;True;False;False;0;False;True;False;False;False;0;6;False;0;False;0;6;True;False;False;df3f7a57d93a467b90e93d5bc174d7a9cc0309d10be92b7dceb6127c38e33113;0.7997760267378116;0.6562465478163653;0.8233084076198894;0.6597492058063468
False;False;False;True;True;False;True;False;False;False;True;0;False;False;False;True;0;True;False;False;True;0;False;True;False;False;False;0;24;False;0;True;0;6;True;False;False;6127911495b4aee6a2b4db858a91c294c48cb589f93beb4a4d89397583dcb700;0.7437512074954392;0.5796363970591286;0.8814313073960384;0.7007855137503319
False;False;True;False;False;False;True;False;False;True;False;0;False;False;False;True;0;True;False;False;False;0;False;False;False;False;False;0;0;False;0;False;0;6;True;False;False;c1a433acb48c125eb9bf6b9b537494ad8f7412d2f42b8da308ead622e998a6ac;0.6174764191734389;0.483653413174341;0.8043360545328541;0.6435807121263761
False;False;False;True;True;False;True;False;False;True;True;0;False;False;False;False;0;False;True;False;False;0;False;True;False;True;False;0;24;False;0;True;0;6;False;False;True;71f8ac7d1d8921332cad666946c8f1b948dad0e4b91dc6b34ad5dfbbcf9a98fd;0.6973571686874882;0.5338041556682646;0.884969932571623;0.7079592170423444
False;False;False;False;True;False;True;False;False;False;False;0;False;False;False;True;0;False;False;True;True;0;False;False;False;False;False;0;0;False;0;False;0;6;True;False;False;8d823ae1f5ab5bb5b3715b8e6e1827782f084b79b16ae643985bbd0b7b96c4af;0.5323469814210866;0.4101367413540515;0.8205453102365734;0.6607040742106552
False;False;True;True;False;False;True;False;False;False;True;0;False;False;False;False;0;False;True;False;True;0;False;True;False;True;False;0;6;False;0;True;0;6;True;False;False;b92888fee98e46748fc120aac5c909e6240ccd5e32b95af98449c94243a15ab0;0.7599357630590263;0.6060228394327957;0.8430115106548057;0.6806053819943533
False;False;False;False;True;False;True;False;False;False;True;0;False;False;False;True;0;False;False;False;True;0;True;False;False;False;True;0;24;False;0;False;0;6;False;False;False;a26df7225efd6377336b8c1751f1551e578d73f1a6ccfa55bd3cbbd644882821;0.4780962791187151;0.3703582167401363;0.6652241419133791;0.5330186251445361
True;False;False;True;True;False;False;False;False;True;True;0;True;False;False;False;0;False;False;False;False;0;True;True;False;True;False;0;18;False;0;False;0;6;False;False;True;dda939709fc9632fe99194a55d57bd338523374867660e6e628deb085f8eec2e;0.1417293726354367;0.0892410702759224;0.3415423560124336;0.29556721222433985
False;False;False;False;True;False;True;False;False;False;False;0;False;False;False;True;0;False;False;True;True;0;False;False;False;False;False;0;0;False;0;False;0;6;False;False;True;cead097ad71c90ed496e29a1d5aeebec3328a15102ef7758f63b71bfbb248392;0.5333035652839839;0.4109361738759713;0.8176859657769886;0.6574396468442716
False;False;False;False;True;False;True;True;False;False;True;0;False;False;False;False;0;True;False;False;False;0;False;False;False;True;True;0;6;False;0;False;0;6;False;False;False;68720d6db5acf246edb96c91849c9ea5e504842fd282f8c92dd142bcf2c388f5;0.7144751948475323;0.5492760557491022;0.8887087864417447;0.7241537796839371
False;False;False;True;True;False;True;False;False;False;False;0;False;False;False;False;0;False;False;False;True;0;True;True;False;True;False;0;0;False;0;True;0;6;False;False;True;66782d46340b01cecc38dc332dbba1507bdce450d15e55a7144672aff76b89c2;0.100427008209979;0.0624465557320716;0.3125474134221705;0.26982463995012435
False;False;True;True;False;False;False;False;False;True;True;0;True;False;False;False;0;True;False;False;False;0;False;True;False;True;True;0;6;False;0;True;0;6;False;False;False;93ae6598d095ca04984891fa32f61809a3f8abd6f3cac308068a77ddb2d8015b;0.7559398329740681;0.6167798424001755;0.8171157949848254;0.6627736726819579
False;False;False;False;True;False;True;True;False;False;True;0;False;False;False;True;0;False;True;False;False;0;False;False;False;False;True;0;24;False;0;False;0;6;False;False;False;97b23ded50dfeb189523ac5fb2ce7aac61f67809d942793374ef04a1e8f671c8;0.8044119196163806;0.6596219995462287;0.8741983195778917;0.700308059343367
False;False;False;False;True;False;True;False;False;False;False;0;False;False;False;True;0;False;False;False;True;0;True;False;False;False;False;0;0;False;0;False;0;6;True;False;False;b3f8cdde3b3534fa4ddd6c73feeb932e90de127c38bc09974805c0b546afb590;0.3710110803186605;0.2845939424178955;0.6516403603805201;0.5234485407409901
False;False;False;False;True;False;True;False;False;False;True;0;False;False;False;False;0;False;True;False;True;0;False;False;False;True;False;0;6;False;0;False;0;6;True;False;False;1c189c4f2ffda9b041443ccde767544c2dd5825292580bc427aa3eac5fd556e8;0.6838836718998397;0.5166174954868187;0.9004733245570075;0.7361436562759848
False;False;False;True;True;False;False;False;False;True;False;0;True;False;False;True;0;False;False;False;False;0;True;True;False;False;False;0;0;False;0;True;0;6;False;False;True;c3c25344040e1400cce35ae033d1347ffe99a494cdc516094ad675b8b7d14ac4;0.3562910771519619;0.2737765286519444;0.6475086200590158;0.5251094540196148
False;False;True;False;False;False;False;False;False;False;True;0;True;False;False;False;0;False;False;False;True;0;True;False;False;True;True;0;18;False;0;False;0;6;False;False;False;77dc033a6de8049474d62a39b2bd62a76e21379fcf8faceb43e19feee00b7667;0.1620633270527245;0.1176732159686455;0.3122615278285938;0.2940198500406949
True;False;True;True;False;False;True;False;False;True;True;0;False;False;False;False;0;False;True;False;False;0;False;True;False;True;True;0;18;False;0;False;0;6;False;False;False;40ab161a52858c919f0a9813bfcf762403ffed8d726ba4513035e3c2d9a3a1d7;0.8417327034039949;0.719455530990005;0.8467818998419743;0.697554110021969
False;False;True;True;False;False;False;False;False;False;True;0;True;False;False;False;0;False;True;False;True;0;False;True;False;True;False;0;24;False;0;True;0;6;True;False;False;be71dbedb2aa3425fcb109f2cb1c48ea0234c6e3df1ad63a5df1ee82b337eb4f;0.8147444371622831;0.6609129574501343;0.8136858406352391;0.6317983289062549
False;False;True;True;False;False;False;True;False;False;False;0;True;False;False;False;0;True;False;False;False;0;False;True;False;True;True;0;0;False;0;True;0;6;False;False;False;83d89c5b6ec2083ddf5f1f0ac37a0329b36c929597027fab1105d3b30465008c;0.6345649187238186;0.49188560794932;0.7813767109677002;0.6111701018702578
False;False;False;False;True;False;False;False;False;False;True;0;True;False;False;True;0;True;False;False;True;0;False;False;False;False;True;0;24;False;0;False;0;6;False;False;False;66837179692d7ca0201777a26340688748add4d824fb41603e4d250229d03900;0.7513805640244868;0.6004616128288848;0.8804761124794969;0.7094138709108508
False;False;False;False;True;False;False;False;False;False;True;0;True;False;False;False;0;False;True;False;True;0;False;False;False;True;False;0;18;False;0;False;0;6;False;False;True;1b721502bede617b46ef759f21ad17757809cd15537bb1da3131522b0ded4d02;0.7864639779388006;0.6332078642633486;0.9109520554837723;0.7547399765116312
False;False;False;False;True;False;True;True;False;False;True;0;False;False;False;True;0;False;False;False;False;0;True;False;False;False;True;0;18;False;0;False;0;6;False;False;False;715750cc993d2829998c1d16b18dc64908e303873e07e590e42f79fbe8a852cb;0.5162313099807934;0.4016057191317801;0.6756145908405312;0.5430058703651207
False;False;True;False;False;False;False;False;False;True;False;0;True;False;False;False;0;False;True;False;False;0;False;False;False;True;False;0;0;False;0;False;0;6;False;False;True;0aba3a1a04015100716c74b299c3b5e26bb40474b85cf0aa94b238199bab730b;0.6216401385424978;0.4869020468667848;0.8013586447505727;0.638170414915708
False;False;False;True;True;False;False;True;False;False;True;0;True;False;False;True;0;True;False;False;False;0;False;True;False;False;True;0;18;False;0;True;0;6;False;False;False;e1f7a470c5934df5c4bef634e4ee294b269a4a7162d225764a98d503d610690b;0.7912105159553482;0.6357657518457323;0.8787258577163762;0.7065803889443191
False;False;False;False;True;False;False;True;False;False;True;0;True;False;False;True;0;False;False;False;False;0;True;False;False;False;False;0;18;False;0;False;0;6;False;False;True;69f17613feb928978a136e331dc1f14d109bca152afd69ff0505ea8d46272c35;0.5079851891008714;0.401252098523551;0.6665214935838957;0.5421548764713441
False;False;False;True;True;False;True;True;False;False;False;0;False;False;False;False;0;False;True;False;False;0;False;True;False;True;True;0;0;False;0;True;0;6;False;False;False;8fd5f18c33d0b6cde9ae7d90d8129d293db679d4d73a2d3027c5ba474d07ca1d;0.5276634154777411;0.4005965793179008;0.8078130275225003;0.6422048634805319
False;False;False;False;True;False;True;False;False;True;True;0;False;False;False;False;0;False;False;True;False;0;False;False;False;True;True;0;18;False;0;False;0;6;False;False;False;27735d5e5766aa3cc9545dabb48038abfa8df48cccd1e51445b04306dd2a3c04;0.7085198189266979;0.5492922418544608;0.8997283731273709;0.7379385154886169
False;False;True;True;False;False;True;False;False;False;True;0;False;False;False;True;0;False;False;False;True;0;True;True;False;False;True;0;18;False;0;True;0;6;False;False;False;839a9125e3e6f58d29b9455275c18db00ebbadb4f177cf022c692321577f78c6;0.5180992562919282;0.4029425416693286;0.6190251116209228;0.4899187142221863
False;False;True;False;False;False;True;False;False;True;True;0;False;False;False;False;0;False;True;False;False;0;False;False;False;True;False;0;24;False;0;False;0;6;False;False;True;21d0c7810ae297e7cfc0bcace8189f5c06b70362d9eda10314a4e5746b9ed6af;0.8829654224303796;0.7674047785671247;0.8496289460717539;0.6870187027005266
True;False;False;True;True;False;True;False;False;False;False;0;False;False;False;False;0;False;False;True;True;0;False;True;False;True;False;0;0;False;0;False;0;6;False;False;True;1094afc115613073194a46cb1f04124adf7539585686955b2063ebf04307880b;0.5341843390957829;0.4122785233479243;0.8176064364179592;0.657965663291632
False;False;True;True;False;False;False;True;False;False;True;0;True;False;False;False;0;False;False;False;False;0;True;True;False;True;True;0;18;False;0;True;0;6;False;False;False;112e3be187eae8fadc0df161f903b7a4fa3c1449755b5f39948054bdb2469c1d;0.1689332511635429;0.1236148986000773;0.2748699818470647;0.2514811234403437
True;False;False;True;True;False;True;False;False;True;True;0;False;False;False;False;0;True;False;False;False;0;False;True;False;True;False;0;18;False;0;False;0;6;True;False;False;f972e90ac4dd08ea388a4652b6fbe30e1d40c41a10b4a3b673c5015e429badac;0.7349835150461895;0.5722781234749856;0.9131478141483703;0.7545836376945904
False;False;False;False;True;False;True;True;False;False;False;0;False;False;False;False;0;False;False;True;False;0;False;False;False;True;False;0;0;False;0;False;0;6;False;False;True;b48d41f50e00bd7eef7869e86a606bff57b662cb03a47126eb1557b9acf38068;0.5352878015989716;0.4098299236778943;0.8137836398034841;0.650938321193475
False;False;True;True;False;False;False;False;False;True;True;0;True;False;False;False;0;False;True;False;False;0;False;True;False;True;False;0;18;False;0;True;0;6;False;False;True;0f23acb6c9a3e0bc72cb785482d37b59469664b1a0cc1750d9373ecfaa647ee5;0.8108678526562914;0.6803055266374585;0.8001540475225624;0.6439091531730963
True;False;True;True;False;False;True;False;False;True;True;0;False;False;False;True;0;True;False;False;False;0;False;True;False;False;False;0;6;False;0;False;0;6;True;False;False;1dac96c65a35d319ad11bf04084c4a257bc5e856c5aa8a76a9a7ddbc706f4600;0.7260097905671102;0.5890889415933138;0.8307567137910649;0.6802175929313581
False;False;True;True;False;False;True;True;False;False;True;0;False;False;False;False;0;True;False;False;False;0;False;True;False;True;False;0;18;False;0;True;0;6;False;False;True;f43ff3e5da53a14c2ef8bf419e70aef860e6a1c7ec373391e6f3738df7f909dc;0.8870779080023066;0.7683667257564003;0.7796005967947258;0.620323550041943
False;False;True;False;False;False;False;True;False;False;True;0;True;False;False;True;0;False;False;False;False;0;True;False;False;False;False;0;6;False;0;False;0;6;True;False;False;8eb1d19565138d9270bc305048662534319058d810cb80cc1d0b97ed90dd4970;0.5205912657227193;0.4138147085306921;0.6209446066310819;0.49832214472730624
False;False;False;False;True;False;False;False;False;True;True;0;True;False;False;False;0;False;False;True;False;0;False;False;False;True;True;0;24;False;0;False;0;6;False;False;False;f5f41d15c6d3e7bcd44f29f2efdcca78c791487311d5a8bfb0e940a7dcba64c7;0.7052437259051625;0.5471349021599342;0.8910452761017199;0.7229970479510469
False;False;False;True;True;False;True;False;False;True;True;0;False;False;False;True;0;True;False;False;False;0;False;True;False;False;True;0;24;False;0;True;0;6;False;False;False;fbe88e95b14e3f0640aed7554450a602c7a9f2ac0f6f0c0d000ebfebaa54c2c9;0.6756486634590364;0.5139991382837538;0.8749074062693005;0.6968926116910636
True;False;False;True;True;False;True;False;False;True;True;0;False;False;False;True;0;False;False;False;False;0;True;True;False;False;False;0;18;False;0;False;0;6;False;False;True;794a556ad5d202c0eb6a0e5f7be1b46e91a6c04212a13c5228beed81db537ea4;0.477485099593642;0.3654637194198547;0.702949932552027;0.5744125187183753
True;False;False;True;True;False;True;False;False;False;False;0;False;False;False;True;0;False;False;False;True;0;True;True;False;False;False;0;0;False;0;False;0;6;False;False;True;f301befaabed48b058967bce4f90b84da3b9d87b788d5fd700bd95e5448e23c6;0.365503426419912;0.2810478266956149;0.6429834576159591;0.5166966758399184
True;False;True;True;False;False;False;False;False;False;True;0;True;False;False;True;0;False;False;True;True;0;False;True;False;False;False;0;18;False;0;False;0;6;True;False;False;81e14e4b8b5dd82871fbf9f258e7f1f19b096a41165d733aee88b509b6930a78;0.8852793734593027;0.7550733947968536;0.8842582996791177;0.7320474048444741
True;False;True;True;False;False;True;False;False;False;False;0;False;False;False;True;0;False;True;False;True;0;False;True;False;False;False;0;0;False;0;False;0;6;False;False;True;0b87e488f7aa6f1c4c32722051b9c4dbd1234f8bb8b48edab1320aeb9974795b;0.6063814639722094;0.4613173061130647;0.8327832906349286;0.6639151575726422
False;False;True;False;False;False;True;False;False;True;True;0;False;False;False;True;0;True;False;False;False;0;False;False;False;False;False;0;6;False;0;False;0;6;True;False;False;e58927bb7829dd29e603e257009a47b534e9e5e7dc816796671f09e2dd27fc7d;0.72709874535123;0.5914242678417688;0.8343628208336878;0.6816415652334121
True;False;True;True;False;False;True;True;False;False;True;0;False;False;False;True;0;False;False;True;False;0;False;True;False;False;True;0;6;False;0;False;0;6;False;False;False;fd968c440de49243ec1602a19cb1ab9b42b3bec3e8af03593cbba10b6e0260ef;0.7797865838133299;0.6334397600007025;0.8098057490151962;0.6440837417423034
False;False;False;True;True;False;False;False;False;False;True;0;True;False;False;False;0;False;False;True;True;0;False;True;False;True;True;0;6;False;0;True;0;6;False;False;False;ad3236c11a1bca89e98da4b8ea5804c7746e9b957b6ca9ec15bc398c3cad846d;0.7317302310336952;0.5677462644893431;0.9120372645347989;0.7512522576315174
False;False;True;True;False;False;False;False;False;True;True;0;True;False;False;False;0;True;False;False;False;0;False;True;False;True;False;0;24;False;0;True;0;6;True;False;False;030362bbc78dfffc7bd8301977af5903ab83e44debc5e8337125decba4d53541;0.8039096782421586;0.6727180963295036;0.7863363091896041;0.6182894400997359
False;False;False;False;True;False;False;False;False;True;False;0;True;False;False;True;0;False;False;False;False;0;True;False;False;False;False;0;0;False;0;False;0;6;False;False;True;94b43550df1d7f5b6e83d8a3d52a81099693a3077f843a0613dff7c5d991534d;0.3514972042042455;0.2699800012345059;0.6459705353694194;0.5258784969726317
False;False;True;True;False;False;False;False;False;True;True;0;True;False;False;False;0;False;False;True;False;0;False;True;False;True;False;0;6;False;0;True;0;6;True;False;False;abacb3510aee05063ed4ebd256bd2ce5c66a21b497dac169162978b55602c8de;0.7777547625356217;0.6411341715166292;0.8292777725389548;0.6776134070942139
True;False;True;True;False;False;False;False;False;True;True;0;True;False;False;True;0;False;False;False;False;0;True;True;False;False;True;0;6;False;0;False;0;6;False;False;False;8a5bc73da88d84d4177fb4b8996a3449298b9bd1204e9ef456d1630fa7a61773;0.4529199654796284;0.3581704669914527;0.604682386668727;0.4913562431616555
True;False;False;True;True;False;False;False;False;False;True;0;True;False;False;True;0;True;False;False;True;0;False;True;False;False;False;0;24;False;0;False;0;6;False;False;True;2cc76d6f46de36e1d8b6b086337c1f240dfdc2e049bc713cc4fd9e9564f2027a;0.7910836855661676;0.6383444397148412;0.8972309671160891;0.7298508142570113
False;False;True;False;False;False;True;False;False;True;True;0;False;False;False;False;0;False;False;True;False;0;False;False;False;True;True;0;24;False;0;False;0;6;False;False;False;67bc1a4641f4e21ac11ce3b42f3b099abab6259c6135053daf5b12f2eaffc1e3;0.8490267412569353;0.7273518936417479;0.8410729863978087;0.67746154496287
True;False;True;True;False;False;True;False;False;True;True;0;False;False;False;False;0;True;False;False;False;0;False;True;False;True;True;0;6;False;0;False;0;6;False;False;False;7a92e58d91c23f17c07e969bee38b27872bdc9aa08e38e274c5877421e94be1a;0.7077960357598427;0.5686146328101883;0.8190585699174203;0.6649922020962582
False;False;True;True;False;False;False;False;False;False;True;0;True;False;False;False;0;False;False;True;True;0;False;True;False;True;False;0;18;False;0;True;0;6;True;False;False;b755ad9fd8dbf829ef4cafc352c012b8f8abe8b2928189d0af25f33ca74af373;0.8162536433308832;0.6692326447903306;0.835093555039407;0.6731880174038489
True;False;False;True;True;False;True;True;False;False;True;0;False;False;False;False;0;False;True;False;False;0;False;True;False;True;False;0;18;False;0;False;0;6;False;False;True;b41410f9f5c75201550ed8b93335347093b03a9129b962b63b89133424557b0d;0.8470148596107718;0.6980241242770953;0.9066784626651335;0.7424170352100062
True;False;True;True;False;False;False;False;False;False;True;0;True;False;False;False;0;False;False;True;True;0;False;True;False;True;True;0;18;False;0;False;0;6;False;False;False;7bba7ee59ef7bb5379f83f457e8b09fedaf17a4f345166de8b603ea7723039a7;0.8587357993037839;0.724851723137769;0.8686180531741178;0.71654031231014
False;False;False;True;True;False;True;False;False;True;True;0;False;False;False;True;0;True;False;False;False;0;False;True;False;False;False;0;18;False;0;True;0;6;False;False;True;28ac6ce00e690665ee6fc0253d401083ad3004ceaa85b9087ff89964fc47a81f;0.7103897655903865;0.5478935071720876;0.8995263455347933;0.7349397406584242
False;False;True;False;False;False;False;True;False;False;True;0;True;False;False;False;0;False;True;False;False;0;False;False;False;True;True;0;18;False;0;False;0;6;False;False;False;127b969509d273a745cd11d160f50a3ce762ec6147bf47313f91d4b06f736f98;0.9091471485670016;0.7991362932234498;0.815403064932922;0.6507172059222933
True;False;True;True;False;False;True;False;False;True;False;0;False;False;False;False;0;False;True;False;False;0;False;True;False;True;False;0;0;False;0;False;0;6;True;False;False;4f5d3373a84c7a07b2581c242af411e1cebb1b2e896f7783ce6e7a45a06cb9b4;0.6189247479976725;0.4856361892151564;0.8035125123799441;0.6436040520937144
True;False;True;True;False;False;False;False;False;True;True;0;True;False;False;False;0;False;False;False;False;0;True;True;False;True;False;0;18;False;0;False;0;6;True;False;False;6b09b25fceac80e7f7b299f287ed7be4ec7f7098b7fd9d285409139555e6577c;0.1740051567174523;0.1337029632656227;0.3238025012757615;0.3009809145091783
False;False;True;True;False;False;True;False;False;True;True;0;False;False;False;False;0;False;True;False;False;0;False;True;False;True;True;0;6;False;0;True;0;6;False;False;False;a84eced8fe5f408afaf79d2df68d7a8f0ea23192a9d55ddf5a238c192580ec36;0.7568500598232942;0.6183845628486894;0.8167557687962838;0.6628673117968201
False;False;False;False;True;False;False;True;False;False;True;0;True;False;False;True;0;True;False;False;False;0;False;False;False;False;False;0;6;False;0;False;0;6;False;False;True;4a5ae0b6d8dd9f448815dd08d8f8cc11aa2afa01add261109d645469e3fb9c46;0.7311847415983049;0.5678400349060795;0.8959457285655753;0.7341024417978448
False;False;True;True;False;False;False;False;False;False;True;0;True;False;False;False;0;False;False;False;True;0;True;True;False;True;False;0;18;False;0;True;0;6;True;False;False;c4fcbbd7e266a977e3c935dc557b2309eedad5000d32dc36dc0da299b1d043b8;0.1726855348628437;0.1234518542951228;0.32047716706791246;0.2966126821854997
True;False;True;True;False;False;False;True;False;False;True;0;True;False;False;False;0;False;False;True;False;0;False;True;False;True;False;0;24;False;0;False;0;6;False;False;True;23dca2920ddf92d96bf9ee488bab810312b9f0e8ec0e30ea42ab95aa1d4ab286;0.99617111318703;0.976530400842457;0.8166421214091543;0.645673623336718
True;False;False;True;True;False;False;True;False;False;True;0;True;False;False;False;0;False;False;True;False;0;False;True;False;True;False;0;18;False;0;False;0;6;False;False;True;998ad08db638286c5a650525093d4ef0c745daf2586fec8eed042e26df7e333e;0.8465862030232006;0.6986466814996019;0.9071614828692504;0.7438324577360705
False;False;True;False;False;False;True;False;False;True;True;0;False;False;False;True;0;False;False;False;False;0;True;False;False;False;False;0;18;False;0;False;0;6;False;False;True;0c4787500cb049f40e1c39e3f249519acedcc75137db07c8fcc1191178fcecf9;0.5401207918497754;0.4406720159392914;0.6380593832232629;0.5205745506979766
True;False;True;True;False;False;False;False;False;False;True;0;True;False;False;True;0;False;False;True;True;0;False;True;False;False;False;0;24;False;0;False;0;6;True;False;False;eb5a3274a786add8ba9d890144471616fc74e62495668e01edfa4a406ed32767;0.90112443636567;0.7769892217142588;0.8653840656054976;0.6995318333008876
True;False;True;True;False;False;True;False;False;False;True;0;False;False;False;False;0;True;False;False;True;0;False;True;False;True;False;0;24;False;0;False;0;6;False;False;True;b8839d70320d4e9dfa71983bea2a19d49df6b2fff340da6b971ef1c00ddbb53e;0.9092690039250624;0.7865852330142453;0.8621261864807463;0.6952771661620232
False;False;True;False;False;False;True;False;False;True;True;0;False;False;False;True;0;True;False;False;False;0;False;False;False;False;False;0;24;False;0;False;0;6;False;False;True;bfae8cd1ad5c0567df2dd5e1baddc78aff2768607efe6d213af6271c205c654e;0.8797209165137803;0.7643700959114619;0.8493125184048608;0.6866745960358476
False;False;True;False;False;False;False;True;False;False;False;0;True;False;False;False;0;False;True;False;False;0;False;False;False;True;False;0;0;False;0;False;0;6;True;False;False;887f3a8ec9bb1086819c445f5cf5896d6d34bfc912d337bfd0bd711dec993371;0.6586400791840067;0.5111260957782499;0.8067703442741471;0.6344642716471101
False;False;True;True;False;False;True;False;False;True;True;0;False;False;False;False;0;False;False;False;False;0;True;True;False;True;False;0;24;False;0;True;0;6;True;False;False;2b18d1858d9317e708678707fd36c27aa70779870c3097d01a275e4026aed8b3;0.1629810000419956;0.1213165026202478;0.2970261969116982;0.2709577225019701
False;False;True;True;False;False;True;False;False;False;True;0;False;False;False;False;0;False;False;True;True;0;False;True;False;True;False;0;6;False;0;True;0;6;False;False;True;e57a40a5acafc92f72a970beb0cd0617251977317023a47a007b154388a84629;0.7627962508271852;0.6083750206925951;0.8403868712966732;0.6761523768755207
True;False;True;True;False;False;True;True;False;False;True;0;False;False;False;False;0;False;True;False;False;0;False;True;False;True;False;0;24;False;0;False;0;6;True;False;False;cd7a51c95114dc6dc3917415952e077d50890a463d8014cc745f1ec5559f2520;0.9944482213027328;0.973094131611154;0.8243649992799892;0.6555544702534297
True;False;True;True;False;False;False;False;False;False;False;0;True;False;False;True;0;False;True;False;True;0;False;True;False;False;False;0;0;False;0;False;0;6;False;False;True;b02692efc50ee1932facb7bb6a291b9f4887c09f90f8fe695c851b9a349161f4;0.6074247956217771;0.4620076037472794;0.8333302363392311;0.6641707254356751
False;False;True;False;False;False;False;True;False;False;True;0;True;False;False;True;0;True;False;False;False;0;False;False;False;False;True;0;24;False;0;False;0;6;False;False;False;ce36597e1737323d5f504aaad94ee0f8e92780c7231b01bd19cabcb618fb8fce;0.9415713662384664;0.8520779349526914;0.8048389333554488;0.6265473703822503
False;False;True;False;False;False;False;False;False;True;True;0;True;False;False;False;0;False;False;False;False;0;True;False;False;True;False;0;18;False;0;False;0;6;False;False;True;6ab089b037bc5499f9a4ee5cbb61cd3ed6fff7040e304a46dcf2ee14249fbc59;0.1671907003805564;0.1285485836637143;0.3156134895252719;0.2943284681651445
True;False;False;True;True;False;True;True;False;False;False;0;False;False;False;True;0;False;False;False;False;0;True;True;False;False;True;0;0;False;0;False;0;6;False;False;False;388aeec45e93b66368ebd616e9bf728e400c54dc7abc361b437a2faabaffad0e;0.3681607347335159;0.2767644095756996;0.637605421904323;0.5077803772979361
True;False;True;True;False;False;True;True;False;False;True;0;False;False;False;False;0;False;False;True;False;0;False;True;False;True;False;0;6;False;0;False;0;6;False;False;True;317bdde29cbb32a3181621f3f69e96cff97037e2ab7f46c8f7043edb2343ef32;0.8061070671035353;0.6631207747171138;0.818945928464412;0.6535878166415277
False;False;True;False;False;False;False;True;False;False;True;0;True;False;False;True;0;False;False;True;False;0;False;False;False;False;False;0;24;False;0;False;0;6;True;False;False;6837437fd4f4160f179a9a9358fa4375c52819fc924a74cd404f2b47b8d7535a;0.9755902546236094;0.9206240111799386;0.8232063823370782;0.6498291750562869
False;False;True;False;False;False;True;False;False;True;False;0;False;False;False;False;0;False;True;False;False;0;False;False;False;True;False;0;0;False;0;False;0;6;True;False;False;b5507fc8454a49a7bca06768423ae07d189af0f52a7d01f6f4b1662c988e190e;0.6188190322323496;0.4846810970483046;0.8043600397414372;0.6435021487167064
True;False;True;True;False;False;False;False;False;False;True;0;True;False;False;True;0;False;True;False;True;0;False;True;False;False;False;0;6;False;0;False;0;6;False;False;True;b0622491775c7cc1e47273aba41c1df42641852657859105f6868600dfa2486a;0.7142668721669584;0.5618830359871881;0.8382659012254831;0.6745562907310754
True;False;False;True;True;False;True;True;False;False;False;0;False;False;False;True;0;False;True;False;False;0;False;True;False;False;False;0;0;False;0;False;0;6;True;False;False;8d14750c36d3f7e2075a8556cec37961016d6a0f3dc88641ef74e562a08f7495;0.5325161563842399;0.4079770452414271;0.8163274538923898;0.6547934712563266
False;False;True;True;False;False;True;False;False;False;True;0;False;False;False;False;0;False;False;False;True;0;True;True;False;True;False;0;24;False;0;True;0;6;True;False;False;289f0dde14971be4fc63590b2c1602372029958579dff0bcd2684e23d495ca07;0.1636143674623806;0.1131906768430703;0.3042645165076006;0.2809541260298774
True;False;True;True;False;False;False;False;False;True;True;0;True;False;False;False;0;False;False;True;False;0;False;True;False;True;False;0;6;False;0;False;0;6;True;False;False;665dd71ff8e7987e999141258e8fa548f7ac8975b4ab1e40704949b1261f2a15;0.7267778340804995;0.588798850432852;0.8310742555373809;0.6790033155214876
False;False;False;True;True;False;True;False;False;False;True;0;False;False;False;False;0;False;True;False;True;0;False;True;False;True;False;0;18;False;0;True;0;6;True;False;False;bba90ba2d6d7dd98b9371d9d88070e170bc36dd2acd5558850c3e5cbbc5c7366;0.7710038642079129;0.6091647931908776;0.9095131948449595;0.7461470863224219
False;False;False;False;True;False;False;False;False;True;True;0;True;False;False;False;0;False;False;True;False;0;False;False;False;True;False;0;6;False;0;False;0;6;False;False;True;3db311b963c53b5fe08060d0e3e79c04dbbf5b61324ba3fb16564714604458da;0.6753848932833888;0.507519915905144;0.9112719623092208;0.7473090509119534
False;False;True;True;False;False;True;True;False;False;False;0;False;False;False;False;0;True;False;False;False;0;False;True;False;True;True;0;0;False;0;True;0;6;False;False;False;3a0d59b58ecad7e29669404d49bba88caff07d670ec4504a7ccb153ec1010a65;0.63388143021035;0.4909392643529445;0.7816689634529495;0.6099360858407215
False;False;True;True;False;False;False;False;False;False;True;0;True;False;False;True;0;False;False;False;True;0;True;True;False;False;False;0;6;False;0;True;0;6;True;False;False;d909fb2633be9a8a0b246b17a166a1bdd3ba91eb91e25186ec140ec9d3584394;0.4939346187328391;0.3816064153865515;0.6309509697930296;0.5061602299756106
True;False;True;True;False;False;True;True;False;False;True;0;False;False;False;False;0;False;True;False;False;0;False;True;False;True;True;0;18;False;0;False;0;6;False;False;False;d983923d8bb80c87af83c57627a3053d3e3cfb45d3d51ec30bf117775d4c62a6;0.918936745607824;0.8163952717521212;0.8160407344026709;0.658922785234637
True;False;False;True;True;False;False;False;False;True;True;0;True;False;False;True;0;False;True;False;False;0;False;True;False;False;False;0;6;False;0;False;0;6;False;False;True;ae6af925e0900d30574851434841eec349b38a5e72401d93e19d78ba2048c30c;0.6789503159951152;0.5125102280265442;0.9136731216402815;0.7514526182396319
True;False;True;True;False;False;True;True;False;False;False;0;False;False;False;False;0;False;True;False;False;0;False;True;False;True;False;0;0;False;0;False;0;6;False;False;True;3ea2c2cce62ce5f08c4092c6f184498dab2541cd4a0e3a0b6db4690639237d03;0.6647512081545154;0.5171677448370025;0.8050068638456932;0.631348161988001
True;False;True;True;False;False;True;False;False;True;True;0;False;False;False;False;0;False;True;False;False;0;False;True;False;True;False;0;6;False;0;False;0;6;False;False;True;9169e6b1d07772b081de640b6706418ca87270a2f9d252625b2dd685cd52ce47;0.7336217144067767;0.5958198584821013;0.8291856102532413;0.6758125107715532
True;False;False;True;True;False;True;True;False;False;True;0;False;False;False;True;0;True;False;False;False;0;False;True;False;False;False;0;24;False;0;False;0;6;True;False;False;c4074c0987329db8f063465daf3aa58e99d3f765cd3104414ed27c33930635ae;0.8418294572745006;0.7010132791198981;0.8923914611835135;0.7267457655352348
False;False;True;True;False;False;True;True;False;False;True;0;False;False;False;True;0;False;False;True;False;0;False;True;False;False;True;0;6;False;0;True;0;6;False;False;False;353d851c54130a49bc5cf8be3577f7446287334ddce44dbe2f47e2a91c04e761;0.8250716368702848;0.6834232296970504;0.8135041284921779;0.6502952548239496
False;False;True;True;False;False;True;False;False;True;True;0;False;False;False;False;0;False;False;True;False;0;False;True;False;True;True;0;24;False;0;True;0;6;False;False;False;1fc9e9fe3a561bac1581b7fe2fd39c08d4709d36d9bf6906f205ef0fc8144381;0.7790373909693862;0.6452756869369705;0.7794165047987186;0.6116528590458162
False;False;True;False;False;False;False;False;False;False;True;0;True;False;False;False;0;False;False;True;True;0;False;False;False;True;False;0;18;False;0;False;0;6;False;False;True;07c3ad2192ed2554ed61d769f4f679f34ba4a4894690049675f82bdb8c34b180;0.8762032497806161;0.7452374483970736;0.8773914588647302;0.7197779835010412
True;False;True;True;False;False;True;True;False;False;True;0;False;False;False;False;0;False;False;False;False;0;True;True;False;True;True;0;18;False;0;False;0;6;False;False;False;da541062bae6a085f7196ecc1532d6a869ca7a7306188c19cafd0c60fd7fd640;0.1628532679252579;0.1169841934135364;0.28088158599170404;0.25978670560942513
False;False;True;True;False;False;True;False;False;True;True;0;False;False;False;False;0;False;True;False;False;0;False;True;False;True;True;0;24;False;0;True;0;6;False;False;False;5f60c7d4b7d0967c4b1734abb564d6541f6b5c36f4da6628b1b88f51db99ab97;0.7757543881725794;0.6426271131460356;0.7763820228371001;0.6104130906978701
True;False;False;True;True;False;True;False;False;True;False;0;False;False;False;True;0;False;False;False;False;0;True;True;False;False;False;0;0;False;0;False;0;6;False;False;True;f3cf4077d544bec4951c2921ba1b9d8cab2682bf05d66d407764cc6f0117b7f8;0.3654019123688159;0.2813646147723676;0.6625044048503037;0.5394399374074882
False;False;True;False;False;False;False;True;False;False;False;0;True;False;False;True;0;True;False;False;False;0;False;False;False;False;True;0;0;False;0;False;0;6;False;False;False;19cceec9d20c47e8d9388b62775b298761d443a2e712c470ce7f4af4795a1826;0.6357247650420721;0.4930244033103281;0.7882695569079201;0.617436579033199
False;False;False;True;True;False;False;False;False;True;True;0;True;False;False;True;0;False;True;False;False;0;False;True;False;False;False;0;24;False;0;True;0;6;False;False;True;635aea817061293a32e529ef641a2a0cfb9fe0b4190c7ff4960f376560c87bd7;0.6948356960997237;0.5308943619654052;0.8834599178808117;0.7054657944452317
False;False;False;True;True;False;True;False;False;True;True;0;False;False;False;False;0;False;False;False;False;0;True;True;False;True;False;0;6;False;0;True;0;6;False;False;True;e6a8fda7d4b12f7d1abcfc4347e812628b89d69912a551a01a067135a8b25b05;0.1497051748612107;0.0927078749677894;0.35069269867230446;0.310854255573977
True;False;True;True;False;False;True;False;False;False;True;0;False;False;False;True;0;False;False;True;True;0;False;True;False;False;False;0;18;False;0;False;0;6;True;False;False;b12706a46c0684de6e9f5c09a9530ab66bffa773f49eb7789fd0e2e3aa381c09;0.8812208809362165;0.7506154082683971;0.8821328321509136;0.7304134704011218
False;False;True;True;False;False;False;False;False;False;True;0;True;False;False;False;0;False;True;False;True;0;False;True;False;True;False;0;18;False;0;True;0;6;True;False;False;2333a18994e7c4fc82446f5197997e72ece58ed50b7911b7da3d21da03f0ad8f;0.8166083718874791;0.6697201974737014;0.8347277800898298;0.6732394166200935
False;False;False;False;True;False;False;False;False;True;True;0;True;False;False;False;0;True;False;False;False;0;False;False;False;True;True;0;18;False;0;False;0;6;False;False;False;d830ca2e6bcc881322dc9716eb941a19218019df0f4aed73baa65afb8ebfcec1;0.7110827565303488;0.5508630597727545;0.9006131925172695;0.7386212356589432
False;False;True;True;False;False;True;False;False;True;True;0;False;False;False;True;0;False;True;False;False;0;False;True;False;False;False;0;18;False;0;True;0;6;False;False;True;9018c8bda0b408ab638726fc90aacaef557815d678cfed68ce1524a4d5007e9c;0.8052572348571861;0.6752230782497473;0.8028885447303277;0.6481666913090296
True;False;True;True;False;False;True;False;False;True;True;0;False;False;False;False;0;True;False;False;False;0;False;True;False;True;False;0;24;False;0;False;0;6;True;False;False;d24cac391e709fb195be7d0d1ffbfb07fa77b29d9c12193aee0c7f590d916bcd;0.8882879614699413;0.7744409574188368;0.8499972956138218;0.6896102860750496
False;False;True;False;False;False;False;False;False;True;True;0;True;False;False;True;0;False;False;True;False;0;False;False;False;False;False;0;18;False;0;False;0;6;False;False;True;36409855586faacc4442ff8f04a4bebb7ce6a9f9e1d02b462a68b535da97cd2b;0.8626688631319499;0.7419546730413037;0.8582182317645651;0.7058447252656738
False;False;False;False;True;False;False;True;False;False;False;0;True;False;False;False;0;False;True;False;False;0;False;False;False;True;True;0;0;False;0;False;0;6;False;False;False;29f859743a41d23b5360d4c981930eecf94bb160036c4c0953295d1192203123;0.5207936875996143;0.3970104009348085;0.8039489983735505;0.6414186617544779
False;False;True;True;False;False;False;True;False;False;True;0;True;False;False;False;0;False;True;False;False;0;False;True;False;True;True;0;24;False;0;True;0;6;False;False;False;becb63e42fca44ca1583be059f08f80cbebab422e61fb0378d62d02a48359158;0.8662832321855134;0.7340924899397875;0.7480842821950207;0.5667299780284876
False;False;True;True;False;False;False;False;False;True;False;0;True;False;False;True;0;False;True;False;False;0;False;True;False;False;True;0;0;False;0;True;0;6;False;False;False;42fe466a150aa340f9cdec41d34a415ca7d287f5b7ab365fdd1ac37f0549e81b;0.5930475982308585;0.464569046223438;0.7687296829772435;0.6100017170025929
False;False;True;False;False;False;True;True;False;False;True;0;False;False;False;False;0;True;False;False;False;0;False;False;False;True;True;0;18;False;0;False;0;6;False;False;False;4630655a7ebbf0bad9f27fc0b118a035665cd656d77a4cedbd2431349a26a54b;0.905267094907887;0.7937512698263209;0.8170532710593014;0.6544412591475223
True;False;True;True;False;False;True;False;False;False;True;0;False;False;False;False;0;False;False;False;True;0;True;True;False;True;False;0;24;False;0;False;0;6;True;False;False;a2544009fe3cb50f987322322f7bf4c88e345cdc0a455cafd9b61be2612835ff;0.1671313688091986;0.118447587977937;0.3148938853776942;0.29827083473304267
False;False;False;True;True;False;False;True;False;False;True;0;True;False;False;True;0;False;False;False;False;0;True;True;False;False;False;0;18;False;0;True;0;6;False;False;True;655d80542f3385d7c406ec245fc309dbc70bca1bce13e306b2e6cd2214bda9e0;0.5065530331281572;0.3984212358486138;0.6611705738460347;0.5319185711416716
False;False;False;True;True;False;False;True;False;False;False;0;True;False;False;True;0;True;False;False;False;0;False;True;False;False;True;0;0;False;0;True;0;6;False;False;False;91e2f229b4b306835260a39c258636b748eeac7fa61e7d52b27d6c1bad82a471;0.5266136156962041;0.4007901179145943;0.8064434507460914;0.6407829965949918
False;False;False;False;True;False;True;True;False;False;True;0;False;False;False;True;0;True;False;False;False;0;False;False;False;False;False;0;18;False;0;False;0;6;False;False;True;c5273f5b394a9432eeba9bf1ef0461db8a035fa6741193ca319cd49034a9c7f2;0.8275360313110853;0.6806439565435786;0.9006690860486207;0.7368892646298705
False;False;True;True;False;False;True;True;False;False;True;0;False;False;False;False;0;False;False;True;False;0;False;True;False;True;False;0;24;False;0;True;0;6;False;False;True;78d063a3a8fcc031e627ef880b2ed80c499c41a971bca1e4e7acf4a1da04005c;0.9015635057371776;0.7804425174204089;0.7616930658895007;0.5824063931136647
False;False;False;False;True;False;False;True;False;False;True;0;True;False;False;True;0;False;False;True;False;0;False;False;False;False;False;0;18;False;0;False;0;6;True;False;False;8a1a7965cc6c38629803925e24e90eb0d718efe0c6ab85387284ed65f6e9f537;0.8243676503505287;0.6767944897310937;0.9046741565710736;0.74234656878369
True;False;True;True;False;False;True;False;False;True;True;0;False;False;False;False;0;False;True;False;False;0;False;True;False;True;True;0;24;False;0;False;0;6;False;False;False;7252cf4d92fcb37d83acde3717e9517645242350adaf0d57868115b3cae931e1;0.8574653028561319;0.737459829925951;0.8374230473336696;0.6770766321150795
False;False;False;True;True;False;False;False;False;True;False;0;True;False;False;False;0;False;False;True;False;0;False;True;False;True;True;0;0;False;0;True;0;6;False;False;False;ce31fdfcab816e2a3786d5eb7962a1b146323974b7ccfe9e51138a2238350a0f;0.5229864856536042;0.3940530533718732;0.8307538872151324;0.6684611280330759
False;False;False;False;True;False;False;True;False;False;False;0;True;False;False;True;0;False;False;True;False;0;False;False;False;False;False;0;0;False;0;False;0;6;True;False;False;e923f80de55ea94b6100e6d02561665435233eb80eae4ee7d13aa2b97cdb70c2;0.5338675027561615;0.4088953219926591;0.8180178113345766;0.6560155523734092
False;False;True;True;False;False;True;False;False;True;True;0;False;False;False;False;0;True;False;False;False;0;False;True;False;True;False;0;6;False;0;True;0;6;True;False;False;e990d86eca1791e44d96a91e5a45db928f9c1d6ab3eda14172f71d3e97c0321a;0.7778666305454554;0.6411178369087893;0.8291963869426853;0.6780776391783355
False;False;True;False;False;False;True;False;False;True;True;0;False;False;False;False;0;True;False;False;False;0;False;False;False;True;False;0;18;False;0;False;0;6;False;False;True;5998b9945c85eba7f08eaeae5f9df9e9cb7976d47e7eb3f9ff7a20c35e80a6d4;0.8649783096487007;0.7435890692579853;0.8590023826736564;0.7063523129553912
False;False;False;True;True;False;False;True;False;False;True;0;True;False;False;False;0;True;False;False;False;0;False;True;False;True;False;0;6;False;0;True;0;6;True;False;False;0fc7d353114d576b1f9cf51b15d0d67dea2aded9cb5aa6c9b421a39a7619f537;0.7986541176421981;0.6411169248671725;0.9260550294071578;0.7778483439514229
False;False;False;False;True;False;False;False;False;True;True;0;True;False;False;False;0;False;True;False;False;0;False;False;False;True;False;0;24;False;0;False;0;6;True;False;False;1b0426cd33750d5ac74d40d4271d545319581c79630cf8386230073dfb4bcf13;0.7214567385868809;0.5630760026981483;0.9016393820362817;0.7380946873437506
False;False;True;False;False;False;False;False;False;True;True;0;True;False;False;False;0;True;False;False;False;0;False;False;False;True;False;0;18;False;0;False;0;6;True;False;False;1ec05aaa2fd3ee9672c8a2cb1f6e1c191b33bbd6008f0d6dce6eb4ec3654b812;0.8614518637259128;0.7402419959824386;0.8608840668625931;0.7093458510023034
False;False;True;False;False;False;False;False;False;True;True;0;True;False;False;False;0;False;False;True;False;0;False;False;False;True;False;0;24;False;0;False;0;6;True;False;False;5dca15b21312cc443fbe4fcc0bf290d7856852e6f2ceb09e8e94f125b484ee47;0.8744941312867048;0.7582903346857336;0.8495165538377342;0.6874515262803527
False;False;False;False;True;False;True;True;False;False;True;0;False;False;False;True;0;False;False;False;False;0;True;False;False;False;False;0;24;False;0;False;0;6;False;False;True;0b2f13b2236f57fbdb22a31585865d0d124e38224a007121ad5bf72fb28b17e2;0.5234258523528493;0.415646323650913;0.6669469431386024;0.5354143703215255
False;False;False;False;True;False;False;True;False;False;True;0;True;False;False;True;0;False;False;True;False;0;False;False;False;False;False;0;6;False;0;False;0;6;False;False;True;2be718decfbff89574a40b55c52e163b526103bdf42cadfea1ebf4af79f04af8;0.7314140820279363;0.5672586771486934;0.8981778903289784;0.7363292467990165
False;False;False;False;True;False;True;True;False;False;False;0;False;False;False;False;0;False;True;False;False;0;False;False;False;True;False;0;0;False;0;False;0;6;False;False;True;170078f5ed57c05c110b634a311a33c8e888bff2df040886ea0b73aa4d09149b;0.5358716335253813;0.4101256011051554;0.813454966917129;0.6506499246357762
True;False;False;True;True;False;True;False;False;True;False;0;False;False;False;False;0;False;True;False;False;0;False;True;False;True;True;0;0;False;0;False;0;6;False;False;False;89c9f316cf4bd683d5ed212f76871b28ec3257683d1d6f80b32e3aa648837d49;0.5171210230874619;0.3898251210347879;0.8290224363914761;0.6696769820703051
False;False;False;True;True;False;False;False;False;False;False;0;True;False;False;False;0;True;False;False;True;0;False;True;False;True;False;0;0;False;0;True;0;6;False;False;True;9996615ce8a392d9fb7e8ccf38e7b6a07f6c0cfb227bb3170894b3f624c60d60;0.5412703022709828;0.4169085852176696;0.818379909710498;0.6541457793194819
False;False;False;False;True;False;False;True;False;False;False;0;True;False;False;False;0;False;False;False;False;0;True;False;False;True;True;0;0;False;0;False;0;6;False;False;False;1695e280a8a57843a76393728b96250970ede75266d10942e7c42824b00bc598;0.1013791848481915;0.0619095155184595;0.30801909049207415;0.25914688527506213
False;False;False;False;True;False;False;True;False;False;False;0;True;False;False;True;0;False;True;False;False;0;False;False;False;False;True;0;0;False;0;False;0;6;False;False;False;2da1d5a66e70edbe742ddf46bbbcf529feb16122179b90fa581494160470081e;0.5232926898715727;0.399542103409605;0.8036885920352957;0.6420796232886138
False;False;True;True;False;False;False;False;False;False;False;0;True;False;False;False;0;False;True;False;True;0;False;True;False;True;True;0;0;False;0;True;0;6;False;False;False;76e40d72b9325e876083f6da7512419ba4d73a1aa6def64cf9c3e2211d7d088d;0.5845632907295;0.443442327993687;0.8117564682210857;0.6418820213752924
True;False;True;True;False;False;False;False;False;False;True;0;True;False;False;False;0;True;False;False;True;0;False;True;False;True;True;0;24;False;0;False;0;6;False;False;False;97d327d91fe9a0584b76a1dda5b66dd6c1a80653b748d5516a2ee6da11af5e2a;0.8719178240015517;0.7411494074269704;0.8487416860838177;0.6781012708756026
True;False;False;True;True;False;True;True;False;False;True;0;False;False;False;True;0;False;False;True;False;0;False;True;False;False;False;0;6;False;0;False;0;6;True;False;False;8b4728fc11fcc2f2f754666782cc036440da96b06cfca88808134f7726141ce0;0.7343060309624179;0.567471972049604;0.9040657640411193;0.745253804670634
False;False;False;True;True;False;False;True;False;False;True;0;True;False;False;False;0;False;True;False;False;0;False;True;False;True;True;0;18;False;0;True;0;6;False;False;False;f03a7752562b49671c45eba89e2c9c1166d03cc96d42646e270821e2a1f3a39c;0.7923706622644152;0.6357375494915527;0.8804478350713028;0.7083207898671822
False;False;True;False;False;False;False;False;False;True;False;0;True;False;False;False;0;False;False;True;False;0;False;False;False;True;False;0;0;False;0;False;0;6;True;False;False;df35700f7e4de98c3aa347a4b1aa3b0210bb64d1f590f960fd4e6ddb9670b2b4;0.6190956271486179;0.4842175238626323;0.8051898680413825;0.6440445841837527
False;False;True;True;False;False;True;False;False;False;True;0;False;False;False;False;0;True;False;False;True;0;False;True;False;True;False;0;18;False;0;True;0;6;False;False;True;10d28d0fd5fd5ad75ca45273f4fc1926885b5d3184a290a69a38a0a3db64b791;0.8175061956073251;0.6704831673559664;0.8322920407069543;0.6707819129323556
False;False;True;False;False;False;False;False;False;True;False;0;True;False;False;False;0;False;False;True;False;0;False;False;False;True;True;0;0;False;0;False;0;6;False;False;False;05b4a26132f27dfde04ae45be498d623ba32ba65229737f800c938498bc7689c;0.6015260542548388;0.4681511388334133;0.7895252497761006;0.6279897848725001
True;False;False;True;True;False;False;True;False;False;True;0;True;False;False;False;0;False;True;False;False;0;False;True;False;True;True;0;24;False;0;False;0;6;False;False;False;7ad3918d2ed16bf4615b8eb451467fd443a829d730391773a80e8e21b5211708;0.8188502809878319;0.6732364873218213;0.8774480302175476;0.7030584263132046
True;False;False;True;True;False;True;False;False;False;True;0;False;False;False;True;0;False;False;False;True;0;True;True;False;False;False;0;24;False;0;False;0;6;True;False;False;54542f5804faf2c4d1769dd6e1b001fe10abc8932847f60fa8529f6e841cd156;0.5102611221000293;0.399715228618385;0.6936942522668246;0.56356341889351
True;False;False;True;True;False;False;False;False;True;True;0;True;False;False;False;0;False;False;True;False;0;False;True;False;True;False;0;24;False;0;False;0;6;False;False;True;9f3b5d1dfc6675ee8d1688ecbcdf53506040036465710382b25c711d449ec39d;0.7373825917863489;0.578263163370142;0.9041435269862254;0.7394724910332212
True;False;True;True;False;False;False;False;False;True;False;0;True;False;False;False;0;True;False;False;False;0;False;True;False;True;False;0;0;False;0;False;0;6;True;False;False;6db060de8ef554ec8f1f121f4aefcd075d9e4734afbcd352db9daa5a00eee5b3;0.6191442894948191;0.485621678508258;0.8041487617202002;0.644054990414445
False;False;True;False;False;False;True;True;False;False;True;0;False;False;False;True;0;False;False;False;False;0;True;False;False;False;False;0;18;False;0;False;0;6;True;False;False;a62f9cbbc1933858afb8ee2d9c9c1df625cec88c9f08a281ee4578319dd2dab6;0.6068279941379977;0.4955314434350805;0.6308834196293497;0.5077807101360897
False;False;True;True;False;False;True;False;False;False;True;0;False;False;False;False;0;False;False;True;True;0;False;True;False;True;True;0;24;False;0;True;0;6;False;False;False;e532b6ada24ead0e38ae69b72f4aed7670a3db74e49ae167a2a2f6eb3424fc0c;0.7887261374438898;0.6340792185662923;0.8046809978352705;0.6230405983438689
False;False;True;True;False;False;True;False;False;True;False;0;False;False;False;False;0;False;False;False;False;0;True;True;False;True;False;0;0;False;0;True;0;6;False;False;True;0ead3585ffc2dd5c5898461e08a6b0f6d15b9e1b36ea1fb6dc100cf1761fae41;0.1463215089688194;0.0980783726771716;0.3201625282444572;0.2729117478918458
True;False;False;True;True;False;True;False;False;True;True;0;False;False;False;False;0;False;False;True;False;0;False;True;False;True;True;0;18;False;0;False;0;6;False;False;False;1bb08b550cf21a9d089b68f4ffdc392591cba18444a3e0601fae7c059feed9e4;0.7177323832054731;0.556879844493869;0.9029234823979853;0.7417664817473854
True;False;False;True;True;False;True;True;False;False;False;0;False;False;False;True;0;False;False;True;False;0;False;True;False;False;False;0;0;False;0;False;0;6;False;False;True;3e084b55e249188f1c10034817a41a8e87024f651dfd639289a9387077cd3e85;0.5345066322071848;0.4095228181802576;0.8137268543037829;0.6511437648411976
False;False;True;False;False;False;False;False;False;False;True;0;True;False;False;False;0;False;False;False;True;0;True;False;False;True;False;0;18;False;0;False;0;6;False;False;True;ece62945fb745de06a4245fa7dad9f6cc01ecda3bb69a6ea3b9a7fe42c41ac7f;0.165136915347942;0.1170961984506151;0.31854782689535405;0.29764975816922273
True;False;False;True;True;False;False;False;False;False;True;0;True;False;False;True;0;False;False;False;True;0;True;True;False;False;True;0;24;False;0;False;0;6;False;False;False;dd4544f345de8a515a1d4d590167a010afc6e3e7aaf8131731d5ab1a62792ce1;0.4712798854160993;0.3669773903312781;0.653132123100213;0.523657465838668
True;False;False;True;True;False;True;True;False;False;True;0;False;False;False;False;0;False;False;False;False;0;True;True;False;True;False;0;24;False;0;False;0;6;False;False;True;9622811711b8809bdeedfd2e2a2f6e25d3137a0f06eb2deb8da3c7a9f3e1463f;0.1548335866115853;0.0987076518501293;0.3266497338087201;0.28621385070707417
False;False;False;False;True;False;True;False;False;False;True;0;False;False;False;True;0;True;False;False;True;0;False;False;False;False;False;0;24;False;0;False;0;6;False;False;True;810cc7969fd5cfe6e12e433beb4f3f4a41fc65a99eb625e5467609c07bd11814;0.7773132903220791;0.6285702250955295;0.8936099850140776;0.7286272003164188
False;False;True;True;False;False;True;False;False;True;True;0;False;False;False;True;0;True;False;False;False;0;False;True;False;False;True;0;18;False;0;True;0;6;False;False;False;5d8f7e4546d1aa49462f3fdffaccc3c976049889eab262ebefd2481f90a89769;0.7811436022049791;0.6483878825282782;0.7940213507929061;0.6374469308684052
False;False;True;False;False;False;True;False;False;False;True;0;False;False;False;False;0;True;False;False;True;0;False;False;False;True;False;0;18;False;0;False;0;6;False;False;True;f9b751d84fe934568fec0e00d0fcf5ec8035cc532c3bbc05d6a9f976abb361ea;0.8750149962484844;0.743793812205417;0.8768633038304098;0.7194421743415887
False;False;False;True;True;False;False;True;False;False;True;0;True;False;False;True;0;False;True;False;False;0;False;True;False;False;False;0;18;False;0;True;0;6;True;False;False;1badc0deaf68406adbf54d277fb5976467965cff8225f727f4881258255787eb;0.8111264238396135;0.6564617554736134;0.8928587222543669;0.7250140499209042
False;False;True;True;False;False;False;False;False;False;True;0;True;False;False;False;0;False;True;False;True;0;False;True;False;True;True;0;24;False;0;True;0;6;False;False;False;3fb99385eba64b3be87b4b951f63d48ba417f81766f52561e0ed0e85533cb842;0.7865442792071025;0.6314430466551533;0.7992299794787423;0.614851746176613
False;False;True;True;False;False;True;False;False;False;True;0;False;False;False;True;0;False;True;False;True;0;False;True;False;False;False;0;18;False;0;True;0;6;False;False;True;0b4d14c4604dce225f78dc6d4f3dd94a8628fa8ba7582b4a5464e3f42740b9bb;0.8131320583618892;0.6671849868623687;0.8322930920684538;0.6716746385883781
True;False;True;True;False;False;True;False;False;True;True;0;False;False;False;True;0;False;False;True;False;0;False;True;False;False;False;0;24;False;0;False;0;6;True;False;False;2f489221b873400b4f5a3ea6e5f36bf5eea9ff906cab3de3ba83219816672abe;0.8867779960879905;0.7728958832077224;0.8500678753134526;0.6900312435468752
True;False;False;True;True;False;False;False;False;True;False;0;True;False;False;True;0;False;False;False;False;0;True;True;False;False;False;0;0;False;0;False;0;6;True;False;False;4bec5346c1ea3822f0ff5a48a240f5c07f9bf48fcdce65d0e5558c49714466cb;0.3573804715835271;0.2751618136652939;0.654355279545052;0.534145179473741
False;False;False;True;True;False;True;False;False;True;True;0;False;False;False;False;0;False;False;True;False;0;False;True;False;True;True;0;24;False;0;True;0;6;False;False;False;6c5a0db4f58f5f36ace370f05ec4c17e52d51b8fca115d841845a1fd80edaa93;0.6764215783498583;0.5132066159947337;0.8765381074077168;0.6991386673417207
False;False;False;False;True;False;False;False;False;False;True;0;True;False;False;False;0;True;False;False;True;0;False;False;False;True;False;0;24;False;0;False;0;6;True;False;False;ac1258852867dea88ffc27fb87bf4fce4ea37cf9c1392b823c32850b8ac64853;0.7716633854146885;0.6219121367467758;0.8946409603394697;0.7303996406110459
False;False;False;False;True;False;False;False;False;False;False;0;True;False;False;True;0;True;False;False;True;0;False;False;False;False;False;0;0;False;0;False;0;6;True;False;False;a1dbaab65c325ec28baa233ef3719c9db29e3c1f8e96effdab3b4b8b57d536b2;0.5316149592993518;0.4095292515844702;0.8199949701113125;0.6607916481676122
False;False;False;True;True;False;True;True;False;False;True;0;False;False;False;False;0;True;False;False;False;0;False;True;False;True;False;0;18;False;0;True;0;6;True;False;False;8651c13bcf436da3f0ef2ebe019cb6c9c5afedeb10c2b2f475382ca96b239fd8;0.8108040519868499;0.6556812688642206;0.8940479012287313;0.7266165206810163
False;False;True;False;False;False;False;False;False;True;True;0;True;False;False;True;0;False;False;True;False;0;False;False;False;False;False;0;6;False;0;False;0;6;False;False;True;2c499a158c73ad23a5a39755fc278d30790c604dbe946a88077c53da2e45584f;0.7300873135693159;0.5942142930729125;0.8324524100504147;0.6773835413291732
False;False;True;True;False;False;True;True;False;False;False;0;False;False;False;False;0;False;True;False;False;0;False;True;False;True;False;0;0;False;0;True;0;6;True;False;False;f5dc0fbf2e0f844d1acdf9544ae4b340cfaaa1369b0015ef53cf06078b7d9fc8;0.6545012716128501;0.5089260872480196;0.7989048952103446;0.6255715916908535
False;False;False;False;True;False;False;False;False;False;True;0;True;False;False;True;0;False;True;False;True;0;False;False;False;False;False;0;24;False;0;False;0;6;True;False;False;8edf1e2dc909c7a23d1a6271e40250bab5368da3ea875af1fd81f849121643fe;0.7693733785869473;0.6199420995079314;0.8933537988526395;0.7289508324757465
False;False;False;True;True;False;True;False;False;False;True;0;False;False;False;True;0;True;False;False;True;0;False;True;False;False;True;0;6;False;0;True;0;6;False;False;False;f96e52000140d81b828c7b32f1a70cbc5223f5cac247b20cffd187209a44cfed;0.7331630878299988;0.5686827769095548;0.9116642749346582;0.7489725601079114
True;False;False;True;True;False;False;False;False;True;True;0;True;False;False;True;0;False;False;True;False;0;False;True;False;False;True;0;6;False;0;False;0;6;False;False;False;b91bd77bbffd3b08b0b48ee78737b5b3b8cb744f5260572e83a63e35711920fc;0.6607653920282679;0.4947676301264981;0.9047846946767198;0.7405209521012298
False;False;False;False;True;False;False;False;False;True;True;0;True;False;False;True;0;True;False;False;False;0;False;False;False;False;True;0;6;False;0;False;0;6;False;False;False;4cb01e46c1049c2c77e3ff2c2fd552a223421c3b2182690468a3bc9d184fcb1a;0.6570475975049127;0.4912748441111227;0.9005486167507922;0.7356864033723751
True;False;True;True;False;False;False;False;False;True;True;0;True;False;False;True;0;False;False;True;False;0;False;True;False;False;False;0;18;False;0;False;0;6;True;False;False;8a023fbc6f1f2505f7c2ddeb1cd791b9580877754d7dfd09ede6384127b2186b;0.8687178215428317;0.748722878323557;0.8591984411181955;0.7101745776285779
False;False;False;False;True;False;False;True;False;False;False;0;True;False;False;True;0;True;False;False;False;0;False;False;False;False;True;0;0;False;0;False;0;6;False;False;False;e8cd44fb296ec5558945ae71f7b58cdb9d01215363cccf29b7889c99b63fd389;0.5202792255096341;0.397344120786541;0.8029368472010778;0.6405414655308275
False;False;True;False;False;False;True;False;False;True;True;0;False;False;False;False;0;False;True;False;False;0;False;False;False;True;True;0;24;False;0;False;0;6;False;False;False;830508660fda07a6fdc0b3c85bf163ecce4e8529f83543778a290a4f6059e1c8;0.8488188526041879;0.7259874382414072;0.8398673599068408;0.6761512233472519
True;False;True;True;False;False;False;True;False;False;True;0;True;False;False;True;0;False;False;False;False;0;True;True;False;False;False;0;24;False;0;False;0;6;True;False;False;69cc148be8be9f351d012a4384aabfccf61ede5aa9da2babd89386ac29b87f77;0.612005755985066;0.512315546290379;0.5965392129573802;0.47333356893924466
False;False;True;False;False;False;True;True;False;False;True;0;False;False;False;False;0;False;False;True;False;0;False;False;False;True;True;0;18;False;0;False;0;6;False;False;False;e7e20a2f6e9901f0dd68a8e5e6a6cbedfe6da5d1dd3d923774159fa6a97309a6;0.9058402949256272;0.7935461371851277;0.8189009465832924;0.6568408473179116
True;False;False;True;True;False;False;False;False;False;True;0;True;False;False;False;0;False;False;False;True;0;True;True;False;True;False;0;24;False;0;False;0;6;True;False;False;82845786892b2edab9f8ff72588264d239044f5f7ec36cda34600d4f86de985f;0.1532733019856776;0.0934816829112014;0.34499738187661927;0.3029769709572256
False;False;True;True;False;False;True;True;False;False;True;0;False;False;False;True;0;False;False;True;False;0;False;True;False;False;False;0;18;False;0;True;0;6;False;False;True;f0779ba2c6d5eb28143d5d60313fe38fac554cde1a0d8b0fb0b55f9912c93d0d;0.8841691359102978;0.7658753200596558;0.779892078045519;0.6207023268579872
False;False;True;True;False;False;False;False;False;False;False;0;True;False;False;False;0;False;True;False;True;0;False;True;False;True;False;0;0;False;0;True;0;6;True;False;False;6f8a309daab026a515e89be2a9ca7eb9433377d49852ec0c7824182b23bfcdfd;0.6065828788585795;0.4604976000320672;0.8308388759756387;0.66027207170228
False;False;True;False;False;False;True;False;False;False;False;0;False;False;False;True;0;False;False;True;True;0;False;False;False;False;False;0;0;False;0;False;0;6;False;False;True;b7d8b0601f84336eece2d6ee18c535ed01ec4b261f8c09420134753d922c6af5;0.606983947208702;0.4609413716122265;0.8324967248515139;0.6623931173429903
False;False;True;False;False;False;False;True;False;False;True;0;True;False;False;True;0;False;False;True;False;0;False;False;False;False;False;0;24;False;0;False;0;6;False;False;True;c7f561974bc2ac3e38a97b067caa3ba1060a3c9a38c93446ba4d0046205e8bbf;0.9778856903218308;0.9260828644321965;0.8171638908656836;0.6421423359188738
False;False;False;True;True;False;True;False;False;False;True;0;False;False;False;False;0;True;False;False;True;0;False;True;False;True;False;0;24;False;0;True;0;6;False;False;True;3d36e54c5863e5b98020892fc17cd6b74eb083885f567b251705d79cf448e4ef;0.7510122773416592;0.586088316444072;0.8795870939023002;0.6965163900239606
True;False;False;True;True;False;True;True;False;False;True;0;False;False;False;True;0;False;False;False;False;0;True;True;False;False;False;0;24;False;0;False;0;6;False;False;True;65979b09a4ae73fcbea892645cb1fab2ee22a825c8c133f50880ac9ae8bed63e;0.5352263499775959;0.4245442940439795;0.6731586767746786;0.5388577016474543
False;False;True;False;False;False;False;True;False;False;True;0;True;False;False;False;0;False;True;False;False;0;False;False;False;True;True;0;6;False;0;False;0;6;False;False;False;72d2d5eec6cd92b393082da1c8ae3ef6296335947f8df0f156fb1891f14e61d9;0.7756595503864664;0.6324630202228505;0.8068662776212926;0.6406249086120696
True;False;False;True;True;False;True;True;False;False;True;0;False;False;False;False;0;False;True;False;False;0;False;True;False;True;False;0;24;False;0;False;0;6;False;False;True;e4902f9cedf487b6327428a66474e95eabee7c0dd44392da1c54fc1feadb7ed6;0.8516026390869171;0.7101086322089246;0.8905138496037548;0.7220745361674576
True;False;False;True;True;False;True;True;False;False;True;0;False;False;False;False;0;True;False;False;False;0;False;True;False;True;False;0;18;False;0;False;0;6;False;False;True;23c8f0c956d6f66ff3978806331a78f3a8dbd585351f4a7e6804303794351a0c;0.8467170267945995;0.6978626512831781;0.9066226861514897;0.7423454455716301
False;False;False;True;True;False;True;True;False;False;True;0;False;False;False;False;0;False;False;True;False;0;False;True;False;True;False;0;18;False;0;True;0;6;True;False;False;f306ca4a4f1908dcdb7aa93039bf4a81366a8b17a2760bd9dc4bcbf5da88f49f;0.8106068279780233;0.6553422695171467;0.8944458827358014;0.7272930804184619
False;False;False;True;True;False;False;False;False;False;True;0;True;False;False;True;0;False;True;False;True;0;False;True;False;False;True;0;18;False;0;True;0;6;False;False;False;ea9e15097d82ca65157a01f147a3b752330c8cb151f57b96ab3e61101c2f1193;0.7526390704717804;0.5898550250709812;0.8937688460845804;0.7249526080643955
True;False;True;True;False;False;False;False;False;True;True;0;True;False;False;False;0;True;False;False;False;0;False;True;False;True;True;0;6;False;0;False;0;6;False;False;False;d69fd263f273a19658659547a34a49942173f7a4c8490ed2251825d9baf38b87;0.7073252517027036;0.5681466164174924;0.8205838480674024;0.6659952914953902
False;False;False;False;True;False;True;True;False;False;True;0;False;False;False;False;0;True;False;False;False;0;False;False;False;True;True;0;24;False;0;False;0;6;False;False;False;49b2e420e59aac429dbf460a5814461a2b645eb20f2387363951e5bdf6ebda57;0.8058100705363882;0.6604835811988925;0.8762424422655624;0.7040159599553703
True;False;True;True;False;False;True;False;False;True;False;0;False;False;False;False;0;False;True;False;False;0;False;True;False;True;True;0;0;False;0;False;0;6;False;False;False;cd5f0844e445d6ab574976706eb2929d22072940c7433eab15c9894501181460;0.5975925001661198;0.4657958957739559;0.7850570579639329;0.6237566008026066
