slice_timing_correction/ref_slice/middle;distorsion_correction;signal_modeling/temporal_noise_autocorrelation/FAST;slice_timing_correction;signal_modeling/temporal_noise_autocorrelation/AR1;spatial_normalization/algorithm/linear;motion_correction_realignment/register_to/mean;signal_modeling/hrf/temporal_derivs;spatial_normalization/algorithm/DARTEL;signal_modeling/hrf/canonical;signal_modeling/nuisance_regressors;spatial_normalization/bias_regularisation/extremely_light;motion_correction_realignment/register_to/first;spatial_normalization/bias_regularisation;spatial_normalization/template/MNI152_nonlinear;coregistration/source_target/func_on_anat;spatial_normalization/bias_regularisation/light;coregistration/cost_function/entropy_correlation_coefficient;coregistration/cost_function/normalised_mutual_information;coregistration/cost_function/mutual_information;signal_modeling/hrf/temporal_dispersion_derivs;spatial_normalization/bias_regularisation/very_light;coregistration/cost_function/normalised_cross_correlation;slice_timing_correction/ref_slice;signal_modeling/nuisance_regressors/comp_cor;coregistration/source_target/anat_on_func;spatial_normalization/interpolation/nearest_neighbour;spatial_normalization/bias_regularisation/heavy;signal_modeling/nuisance_regressors/motion;spatial_normalization/template/MNI152_linear;spatial_normalization/bias_regularisation/medium;slice_timing_correction/ref_slice/first;spatial_normalization/bias_fwhm;spatial_smoothing/fwhm;spatial_normalization/interpolation/trilinear;spatial_normalization/template/MNI305;spatial_normalization/interpolation/bspline;id;pearson_from_ref;spearman_from_ref;pearson_from_mean;spearman_from_mean
False;False;True;False;False;False;True;True;False;False;True;0;False;False;False;False;0;False;False;False;False;0;True;False;False;True;True;0;18;False;0;False;0;6;False;False;False;d73e0359ec51c3b847656b8f2bc157b083dae2057d53a4f43909202cad6551b7;0.1601299908628211;0.1135774300020566;0.28996922125987956;0.2611088821240174
True;False;True;True;False;False;False;True;False;False;True;0;True;False;False;True;0;False;False;True;False;0;False;True;False;False;False;0;24;False;0;False;0;6;True;False;False;850e4d92a370900eede8982155772f1ba014ab468eef7c55976bcc207dd19ff3;0.9921083657979038;0.9621056861355836;0.8168382198121166;0.6474516488848518
False;False;True;True;False;False;False;True;False;False;True;0;True;False;False;True;0;True;False;False;False;0;False;True;False;False;False;0;24;False;0;True;0;6;True;False;False;84c27a9d96a41f520b1de0bf3ef88093bcf9761b45e45efa195b0f16e989e3b8;0.8974794963956164;0.7756936442573958;0.7587224043809684;0.5795232094954121
False;False;True;True;False;False;True;False;False;False;False;0;False;False;False;True;0;False;False;False;True;0;True;True;False;False;False;0;0;False;0;True;0;6;True;False;False;0c7beba1bec8f4ff1c5ebff7e2af248230c4ce91c277751ff035fe2b84549194;0.4174285017061168;0.3102603591633239;0.6595117929881177;0.5227792650427825
True;False;False;True;True;False;True;True;False;False;True;0;False;False;False;False;0;True;False;False;False;0;False;True;False;True;False;0;24;False;0;False;0;6;False;False;True;bd680f4a5114da7b91609bc9ea47b7323842816ba6343500c37d9e15d8cb6f6a;0.8513208942773167;0.7097034226299054;0.8778949702199232;0.7067999784669065
False;False;True;True;False;False;False;False;False;True;False;0;True;False;False;False;0;False;True;False;False;0;False;True;False;True;False;0;0;False;0;True;0;6;True;False;False;5e45d48fd8f51054004b526f637b058b012d8347df6b379b7c290f2f1510c2a1;0.6145806465604783;0.4846038818896219;0.7949146881841381;0.6364039128977748
False;False;False;True;True;False;True;False;False;False;False;0;False;False;False;False;0;True;False;False;True;0;False;True;False;True;True;0;0;False;0;True;0;6;False;False;False;edff2ab1ef5565f4e9b1eea8c7247419318afe52c40700982fa2a001dd1ac68e;0.524638797707083;0.4030854357258064;0.8161699399309634;0.6526599357876393
False;False;True;True;False;False;False;False;False;False;True;0;True;False;False;True;0;False;True;False;True;0;False;True;False;False;False;0;6;False;0;True;0;6;True;False;False;1e84206efabac4b27fa318b5c63826857515016fdcee8fb0aaabefa8cfb414c5;0.7583722573259514;0.6041385432015473;0.8431092839974557;0.6822270631526615
True;False;False;True;True;False;True;False;False;False;True;0;False;False;False;False;0;False;False;False;True;0;True;True;False;True;True;0;24;False;0;False;0;6;False;False;False;65249358b716d0e236e4b9b958145dc2137d380bd674c5891cff2f7bdb6f263b;0.139546984456631;0.0849421841365151;0.3430248550881644;0.30017490043691575
True;False;False;True;True;False;True;False;False;True;True;0;False;False;False;True;0;False;True;False;False;0;False;True;False;False;False;0;6;False;0;False;0;6;False;False;True;6f9e1875cc254e45700f674311e609ff7528ecd6ea9515e0ddb51794f6dbae7e;0.6797674328497564;0.5127159051688804;0.9086395109743554;0.7455243020611535
False;False;False;False;True;False;True;False;False;True;True;0;False;False;False;True;0;False;False;False;False;0;True;False;False;False;False;0;6;False;0;False;0;6;True;False;False;f01db2ff3fb49b55456ad5c164fdaacb3d4f72743216ac33eca11b62119be2ce;0.4539631297357316;0.336552572829958;0.7147362390817348;0.5810779448808939
False;False;True;False;False;False;True;False;False;True;True;0;False;False;False;False;0;False;False;False;False;0;True;False;False;True;False;0;24;False;0;False;0;6;True;False;False;2f0e7ad8253c445ff3da78b9247c711ad87c3d315a75924cc7dca7616f201149;0.1674036321452699;0.129073756091179;0.3243496030735925;0.3001803181394254
False;False;True;True;False;False;True;True;False;False;True;0;False;False;False;True;0;True;False;False;False;0;False;True;False;False;False;0;18;False;0;True;0;6;True;False;False;5336d87a4417494fbb99aaad53443c506030dca9fd77ca17a0903296591ea043;0.8802503052440745;0.7612673230156302;0.7812947062347239;0.6232598233824332
False;False;False;True;True;False;False;False;False;False;False;0;True;False;False;False;0;False;False;False;True;0;True;True;False;True;True;0;0;False;0;True;0;6;False;False;False;b7061a9df796bb82f41788fb5917a224038f02bf357f84e7dec72e16081f22b7;0.0984485741074244;0.062468297568897;0.3252921919718924;0.27749310231982915
False;False;True;False;False;False;True;True;False;False;True;0;False;False;False;False;0;True;False;False;False;0;False;False;False;True;False;0;6;False;0;False;0;6;True;False;False;ecd6f686116ff16f49aa664cc5bee558b9cdf6e93c05308cabb9f0c8a70f3f5c;0.7988481864108361;0.6606941718606305;0.8214877499510153;0.6597001855358453
True;False;False;True;True;False;False;False;False;False;True;0;True;False;False;False;0;True;False;False;True;0;False;True;False;True;False;0;6;False;0;False;0;6;False;False;True;8a4709269a1982174652a20cbc65958984de19fcda912e49591d4c50f85015a8;0.6926207536829369;0.5236789179806822;0.8989993083319732;0.7344888813561709
False;False;False;True;True;False;True;True;False;False;True;0;False;False;False;False;0;True;False;False;False;0;False;True;False;True;True;0;6;False;0;True;0;6;False;False;False;a58d7b04eece20f11a0881537fee9370edef0f4a3a0078e34c017140b4ea68aa;0.779988608308933;0.6225503869055137;0.9045933094194849;0.7495525644905469
False;False;False;True;True;False;False;False;False;True;True;0;True;False;False;False;0;False;False;True;False;0;False;True;False;True;False;0;18;False;0;True;0;6;False;False;True;0266b3232982f82a5805d77c2e660b1d24f7074577e05102f062d08dcda0de03;0.7134410837324175;0.5506645611173225;0.8917243783182732;0.7230650536060768
False;False;True;False;False;False;False;True;False;False;True;0;True;False;False;True;0;True;False;False;False;0;False;False;False;False;False;0;18;False;0;False;0;6;False;False;True;7be92b93b9f316ba6c9e633abe79bdb4983cc2a6f094d51e48d53db3dba884a6;0.941060646800458;0.8452791649004223;0.8194255254350804;0.6562007406835175
False;False;False;False;True;False;True;False;False;False;False;0;False;False;False;True;0;True;False;False;True;0;False;False;False;False;True;0;0;False;0;False;0;6;False;False;False;cb445b23bd743f2eb435319d69c69b82684c52ca4fb6209f61dba5672c4a7d2d;0.5204890257474335;0.4002290918388669;0.8172031102326304;0.6553334119736589
False;False;False;True;True;False;True;False;False;True;True;0;False;False;False;True;0;False;False;True;False;0;False;True;False;False;False;0;24;False;0;True;0;6;True;False;False;b1eae33dabea5786fe0e2e32e100cc71926b4d05481fe2bf187d018ca17e9b5f;0.6911238792018453;0.5269968168780881;0.8780085675790981;0.7003007215738245
False;False;True;False;False;False;False;False;False;False;True;0;True;False;False;True;0;False;True;False;True;0;False;False;False;False;True;0;18;False;0;False;0;6;False;False;False;74a3b67a3dad630393bdfb71487aff30d2bfc8ad50cae92059692b81197ae696;0.8442327876067967;0.7095327378792956;0.8551519037943089;0.6947380584978616
False;False;True;False;False;False;True;False;False;True;False;0;False;False;False;False;0;False;True;False;False;0;False;False;False;True;False;0;0;False;0;False;0;6;False;False;True;053a250342b01fed2cf9285c9636250fd65d72efc96b809cbb01fe01e6c70de3;0.6216833406646467;0.4869760653389672;0.8079207079031874;0.6448590221845343
False;False;True;False;False;False;True;False;False;True;True;0;False;False;False;True;0;False;True;False;False;0;False;False;False;False;True;0;24;False;0;False;0;6;False;False;False;45ab19560b58adc905612281443232c468fce2fa6c051e5391373b1d617ee9a2;0.8470001433446505;0.7258383109425424;0.8304720477503909;0.6650533962114411
False;False;False;True;True;False;True;True;False;False;True;0;False;False;False;True;0;True;False;False;False;0;False;True;False;False;True;0;18;False;0;True;0;6;False;False;False;204864d765f4ab917958405915f862c7d6853a887b6d3e9995f240fb7335faca;0.7894045879414846;0.6332441641655172;0.8702487405555743;0.6969924949643631
False;False;True;True;False;False;False;False;False;False;False;0;True;False;False;False;0;True;False;False;True;0;False;True;False;True;False;0;0;False;0;True;0;6;False;False;True;0684fc36a34b15b2207e279359d87410742460f885bdaf80fd108a8f49fc2b6b;0.6079400086927234;0.4611914908099261;0.8357064071338003;0.6657164074227228
False;False;False;False;True;False;True;True;False;False;True;0;False;False;False;False;0;False;True;False;False;0;False;False;False;True;False;0;6;False;0;False;0;6;False;False;True;0ef5d6d7837e36c2cb55154f02b7b80de1846b1321a4ccd292e07638d7124e9a;0.7357136045160172;0.5709578627733678;0.89219300843655;0.7296688791783812
False;False;True;True;False;False;False;False;False;True;True;0;True;False;False;False;0;False;False;False;False;0;True;True;False;True;False;0;6;False;0;True;0;6;False;False;True;f5931229acb539b750bce1203d0d22d8e04bfb46274d9ee9a66000049bf2b26b;0.1670679304232514;0.1219406795610985;0.32793854057413613;0.2989970277207676
False;False;True;True;False;False;False;False;False;False;True;0;True;False;False;False;0;False;True;False;True;0;False;True;False;True;False;0;6;False;0;True;0;6;True;False;False;0097ae61b909f10d98ac36c0540e8dac9fb11c68cfe99ff91e88e0d3a35f7970;0.7605742492336272;0.6062409987592454;0.8434570021033835;0.681878281456329
False;False;False;True;True;False;False;False;False;False;True;0;True;False;False;False;0;False;False;False;True;0;True;True;False;True;False;0;18;False;0;True;0;6;False;False;True;7c6abc5e7c2b21cfcc0c17d5dc8250a768245eaf743062f7a04430c197f39d59;0.1531012005609878;0.0970748992695442;0.3596001479416815;0.3184756500915694
False;False;True;False;False;False;True;False;False;True;True;0;False;False;False;True;0;True;False;False;False;0;False;False;False;False;True;0;18;False;0;False;0;6;False;False;False;c79d78410a8de8e08f275ef67c65ec95bbc20bb6ba1cb79d5ffae9295cdd686d;0.8348081807481701;0.7102084625656798;0.8433553957787311;0.6869738537799392
False;False;False;True;True;False;True;False;False;True;True;0;False;False;False;False;0;False;False;False;False;0;True;True;False;True;True;0;6;False;0;True;0;6;False;False;False;5526045f0bf19b1afc677c1f79c228bc3276a7eaa8b52091ef2d65ed187bde17;0.1467116281159634;0.0910049474646939;0.36058595570354285;0.3177080213159741
True;False;True;True;False;False;True;False;False;False;False;0;False;False;False;False;0;False;True;False;True;0;False;True;False;True;False;0;0;False;0;False;0;6;True;False;False;b780bc4f610bb9c70a4e17fbe65ae3d835751bb3991c830de0ca27f3812f3281;0.6069723979802597;0.4619925651992541;0.8449443254760307;0.6788802656172513
False;False;True;True;False;False;False;True;False;False;False;0;True;False;False;True;0;True;False;False;False;0;False;True;False;False;False;0;0;False;0;True;0;6;True;False;False;1856a5c7995b9e96041ecb95ec05830d82ad4b28c0fbc6c9ff02eac11df39c4c;0.6526240095978374;0.5079492750107589;0.8056969291322922;0.6336346187515607
False;False;False;False;True;False;True;False;False;True;True;0;False;False;False;False;0;True;False;False;False;0;False;False;False;True;False;0;18;False;0;False;0;6;False;False;True;1385b5e3271fdce38cd0a3631cd2dfebe84a8d5de60a23c1f62ec4cfa3775135;0.7312514766455588;0.5704041561159021;0.8990092091018642;0.7351212243685571
True;False;False;True;True;False;False;True;False;False;True;0;True;False;False;True;0;True;False;False;False;0;False;True;False;False;False;0;18;False;0;False;0;6;False;False;True;c7287019945ce16f07fee07b3bd774e5cf70110df0ba3887da3c567149738fab;0.8451003979174841;0.6979195971891355;0.8951012896020962;0.7291836334728281
False;False;False;False;True;False;False;False;False;False;True;0;True;False;False;True;0;True;False;False;True;0;False;False;False;False;True;0;6;False;0;False;0;6;False;False;False;a38d5ab6708363f7c1d4b1583253e0ca744f3d5f0a3c036c7a35275fe7f74e35;0.6660698493907737;0.5028197469041995;0.8807715825531763;0.7123292157162329
True;False;False;True;True;False;True;False;False;True;False;0;False;False;False;True;0;True;False;False;False;0;False;True;False;False;True;0;0;False;0;False;0;6;False;False;False;438bbffcbd6d025d6f5274f7af9c747da58afd53d0b5c26fc6e6ac8d9068f885;0.5174621482140688;0.3924399301481582;0.8354371229228725;0.6762256357324464
True;False;False;True;True;False;True;False;False;True;True;0;False;False;False;False;0;False;False;False;False;0;True;True;False;True;False;0;18;False;0;False;0;6;True;False;False;d1801f5800280122d0be3058df945145a886f37b572d3c60e9e63e9853ba4955;0.1430676730115126;0.0903495903958217;0.3576870727400424;0.3069404790529862
True;False;True;True;False;False;True;False;False;True;True;0;False;False;False;False;0;True;False;False;False;0;False;True;False;True;False;0;24;False;0;False;0;6;False;False;True;8e16be7ad72cd887069accf736000008534df96c984047026cb3cb487707daca;0.8925658426031193;0.7788183175695237;0.8414009598874542;0.6804618664556416
True;False;True;True;False;False;True;True;False;False;True;0;False;False;False;True;0;False;False;False;False;0;True;True;False;False;False;0;24;False;0;False;0;6;True;False;False;84927de93fd894965dc4a0c6809586226265d7d700a477cf92dc727427d626b3;0.6393929883407546;0.5357081046498453;0.6183499810868576;0.4911348978282448
True;False;True;True;False;False;True;False;False;False;True;0;False;False;False;True;0;True;False;False;True;0;False;True;False;False;False;0;18;False;0;False;0;6;True;False;False;c2c7ac69bfd4e67de93c7f8734ded4bb480e4049f4fb3da49f5cc126458b28dd;0.8805651473415459;0.7500172229324631;0.8788518071423804;0.7269876605506637
True;False;False;True;True;False;True;False;False;True;True;0;False;False;False;False;0;False;False;True;False;0;False;True;False;True;False;0;6;False;0;False;0;6;True;False;False;d61118bfd5c7a5ff761be277c0b69e3bf6aa51a4b41741815893b3a1efddcd7e;0.67654493334248;0.5084691724047226;0.9100461792111347;0.7469219729444762
False;False;False;False;True;False;False;False;False;False;True;0;True;False;False;True;0;False;True;False;True;0;False;False;False;False;True;0;24;False;0;False;0;6;False;False;False;c5935e701f3b7b14951b12575bc7bd4d2a5920e4e4d36a83a855be2c5af2ebec;0.7514882033270518;0.6014702003480512;0.8672224600084053;0.6956836501532833
False;False;True;False;False;False;False;True;False;False;True;0;True;False;False;False;0;True;False;False;False;0;False;False;False;True;True;0;6;False;0;False;0;6;False;False;False;337e0a46dc645d66f6a2e01b30a4945cf4881e9499db4c5e4c7f70d66f757758;0.7758408035223311;0.6330997792424449;0.8063366878170214;0.6420652466117126
False;False;True;False;False;False;True;False;False;True;False;0;False;False;False;True;0;True;False;False;False;0;False;False;False;False;False;0;0;False;0;False;0;6;False;False;True;99b50cbe9e4d34d2b43db83d9a39692306c023a7717298ac7b3afa4512c35618;0.6196188474118814;0.4857141262848346;0.8075851753171887;0.645187622660819
False;False;False;True;True;False;False;False;False;True;True;0;True;False;False;True;0;False;False;True;False;0;False;True;False;False;False;0;18;False;0;True;0;6;False;False;True;bf8f8650c653f518df06060cce26a58c3207721dcca00a6cde7ff5940ee526ce;0.7127569455047522;0.5502277316676903;0.8927979926856472;0.7246352959118437
False;False;True;False;False;False;True;True;False;False;True;0;False;False;False;True;0;False;False;True;False;0;False;False;False;False;False;0;18;False;0;False;0;6;False;False;True;dbf4ee88885176d8bf7eaed2ab2fdd31497343f05a12d1583666265f6f7f2f15;0.9365720626348426;0.8375657255252579;0.8206214745737785;0.658691302549292
True;False;True;True;False;False;True;True;False;False;False;0;False;False;False;True;0;True;False;False;False;0;False;True;False;False;False;0;0;False;0;False;0;6;True;False;False;e0cd7ce487117e6315ebdbd4b9126c80848e5b68d8143f1f6ce538e5bb79eef9;0.6591302654182903;0.512450109288652;0.8160465617176151;0.644979811840357
False;False;False;False;True;False;False;False;False;True;True;0;True;False;False;False;0;True;False;False;False;0;False;False;False;True;True;0;6;False;0;False;0;6;False;False;False;3de409149d0c1fabad8219ee961eaac00108546a0ec34bb9f8694d963803bfbf;0.6584678648390306;0.4914799179577797;0.8954052228484392;0.7288467881727182
False;False;False;False;True;False;False;True;False;False;False;0;True;False;False;True;0;False;True;False;False;0;False;False;False;False;False;0;0;False;0;False;0;6;False;False;True;2feadda983f8487dee344d2bf3faf6bebc917be18de2a3eea1f87f33ab1246e9;0.5345301033445508;0.4095751344363632;0.8237778336550869;0.6619871691025236
False;False;False;False;True;False;True;True;False;False;False;0;False;False;False;True;0;True;False;False;False;0;False;False;False;False;False;0;0;False;0;False;0;6;True;False;False;0ecccc79b1a80c870cfa6c4d507e3c9fad625312e6e019b304e131bd27caf081;0.5317070094265198;0.4067175015687305;0.8252240367955255;0.6635036165592708
False;False;False;False;True;False;True;True;False;False;True;0;False;False;False;True;0;True;False;False;False;0;False;False;False;False;True;0;24;False;0;False;0;6;False;False;False;9d92b5d42f9ef1a06e6e17ed3e113952128def000080432dc18aee81b9b85993;0.8051385490247049;0.6605857197668793;0.860416003184372;0.6856182507360009
True;False;True;True;False;False;True;True;False;False;True;0;False;False;False;True;0;False;True;False;False;0;False;True;False;False;True;0;24;False;0;False;0;6;False;False;False;660d7e7c6248ee5c2db9942d4c2b5999ce1f7917b303e84e82cd3da68c93d7ce;0.9562271648634812;0.8797056694135701;0.7993407799492089;0.6252897799317544
False;False;False;True;True;False;False;False;False;True;True;0;True;False;False;True;0;True;False;False;False;0;False;True;False;False;False;0;18;False;0;True;0;6;False;False;True;79d52b9be3ce6ffd3ee6c027c9c00eac8b6d6a897fa37d006be8229f16554a83;0.7127022702471004;0.5495612741984665;0.8909587950597845;0.7221847315208035
False;False;True;True;False;False;False;True;False;False;True;0;True;False;False;False;0;False;False;True;False;0;False;True;False;True;True;0;6;False;0;True;0;6;False;False;False;4150776ee5b0cefb02ae31b164f05b914db69ff0823a10fc2e80d7528a918769;0.8261066301215856;0.6841399069427996;0.8104717102335713;0.6490124637770425
False;False;True;False;False;False;True;False;False;False;True;0;False;False;False;False;0;False;False;True;True;0;False;False;False;True;True;0;18;False;0;False;0;6;False;False;False;9532dc4d33ee78a632a4bb876d002ae69300144faf1b1741e717335964c01b69;0.8430087915249315;0.7074915186036382;0.8618495233722735;0.7035673461914822
False;False;True;True;False;False;False;False;False;True;True;0;True;False;False;False;0;True;False;False;False;0;False;True;False;True;True;0;24;False;0;True;0;6;False;False;False;f4a6f538479b5da57ad5dd41831b043fb74849e6c842698027fc0e741316f523;0.7752790866186364;0.6416986060513347;0.7687423500685618;0.6005904042680544
False;False;True;False;False;False;False;False;False;True;True;0;True;False;False;False;0;False;False;False;False;0;True;False;False;True;True;0;24;False;0;False;0;6;False;False;False;6c17a85c3d2651adf3ef27dba90157979875cda3e68fef529b38de39360a6ee4;0.1610928964238776;0.1229824504888851;0.3149818442007256;0.29107408248636985
False;False;True;False;False;False;False;True;False;False;True;0;True;False;False;True;0;False;False;True;False;0;False;False;False;False;False;0;6;False;0;False;0;6;True;False;False;56910a237fc00969ada7e7c26264a68fff2038bad2ab77b1a5a097b7dbdd20a4;0.7974078041335768;0.6587405553042707;0.8233506908896896;0.6619212317120471
True;False;False;True;True;False;False;False;False;True;False;0;True;False;False;False;0;False;False;True;False;0;False;True;False;True;False;0;0;False;0;False;0;6;True;False;False;cabb3c90854073e6fe17dce15c0cb26dfe9c29e5a891a51b4ff667e43fa54471;0.5277443836402861;0.4012936090536029;0.8468586670100706;0.6891141475334641
False;False;True;False;False;False;True;True;False;False;True;0;False;False;False;True;0;False;False;False;False;0;True;False;False;False;True;0;6;False;0;False;0;6;False;False;False;cfd7a8409419cd37d819f16614dc6b6015ee574c2c0fd619d4b2399f15500700;0.5231282137502569;0.4121855488653023;0.6222532619194565;0.49575519418254
True;False;False;True;True;False;True;False;False;True;True;0;False;False;False;True;0;True;False;False;False;0;False;True;False;False;True;0;18;False;0;False;0;6;False;False;False;fc028e86e34aa90d24a206a4609884006637e7beb8774cd4ee98010b826d9840;0.7183825320360168;0.560123376213664;0.8919780163459909;0.7288744537867481
False;False;False;True;True;False;True;False;False;False;False;0;False;False;False;False;0;True;False;False;True;0;False;True;False;True;False;0;0;False;0;True;0;6;True;False;False;b438d7087b9f52da153517247f0d61048914f336921fe9bd4d8f1c73cbd08b63;0.5386959995193695;0.4150889864881074;0.8296720161865948;0.667224960294308
True;False;True;True;False;False;False;True;False;False;True;0;True;False;False;True;0;False;False;True;False;0;False;True;False;False;True;0;18;False;0;False;0;6;False;False;False;c77f73fc02afd5b43793ea225286a784281e8d497a1b73fd4ed7bfe2a1c5adee;0.9209151208745352;0.8176726045030348;0.8083414752256526;0.6473533124757602
False;False;True;True;False;False;True;True;False;False;True;0;False;False;False;True;0;False;True;False;False;0;False;True;False;False;True;0;6;False;0;True;0;6;False;False;False;4eebfaedf4a06082f4a133b6cfaf00776c9b250775d51e1e0e61bf7f316018ee;0.8222638917703459;0.6810445843828781;0.8080009503900549;0.6443864467918411
False;False;True;True;False;False;True;False;False;True;False;0;False;False;False;False;0;False;False;True;False;0;False;True;False;True;True;0;0;False;0;True;0;6;False;False;False;0c86cc262abb623243e44d6bc66ce2effe2aa0e7dbe20421be47f73150cabeb1;0.5976069494674885;0.4680109792609957;0.7791212457825849;0.6197606191371935
False;False;False;False;True;False;False;False;False;True;True;0;True;False;False;True;0;False;False;False;False;0;True;False;False;False;True;0;6;False;0;False;0;6;False;False;False;3c1b724bd9109b92400ee9e8b29a7b902b8eaeec2534e75fb1763de38db6e9cf;0.4236984180060155;0.3140369038326321;0.6792171662867298;0.549632476141447
True;False;True;True;False;False;True;False;False;True;True;0;False;False;False;True;0;False;False;True;False;0;False;True;False;False;True;0;6;False;0;False;0;6;False;False;False;83e877a65a7590c84388cfb1aac9214e63429b22372e2a91fafd3a6a063859fc;0.708940829015;0.5687606898086652;0.8185520155310891;0.664235985798657
False;False;False;True;True;False;False;False;False;False;True;0;True;False;False;True;0;False;False;False;True;0;True;True;False;False;True;0;24;False;0;True;0;6;False;False;False;9fcd10b89f1636957b99ab3e4594a52ba61275feeafb8cd6e25dca14d02dfa19;0.4509002342748066;0.340340640243555;0.6382938417636514;0.5003443567225886
False;False;False;True;True;False;False;False;False;False;True;0;True;False;False;False;0;False;True;False;True;0;False;True;False;True;False;0;6;False;0;True;0;6;True;False;False;65b45c743143603f29ff2cf23bd726f8519b705b3734731970a2c601533f2bd2;0.7500563358017991;0.583917425828667;0.9194237473586915;0.7621150065769021
False;False;True;False;False;False;False;False;False;False;False;0;True;False;False;False;0;False;True;False;True;0;False;False;False;True;True;0;0;False;0;False;0;6;False;False;False;04bc8324a4f99aabb8debb6ce77708e51b0031578263309e15bd5c084e140d55;0.5869495108187701;0.4436129333173005;0.8263518066484192;0.6581017947251758
False;False;False;True;True;False;True;False;False;False;True;0;False;False;False;False;0;False;False;False;True;0;True;True;False;True;False;0;24;False;0;True;0;6;True;False;False;8aed2eca4cbcd7a1526cc33e46f44560c3c53a01b22e6383ccf6900cfabaacaf;0.1488397630931635;0.0894558077817578;0.35165225797592237;0.3029952265465937
False;False;False;True;True;False;False;False;False;False;True;0;True;False;False;True;0;True;False;False;True;0;False;True;False;False;False;0;6;False;0;True;0;6;True;False;False;ac36c26ae98c6e794bd42daaa128679d5ec7508d9a77710bb37bcd1cbb17a164;0.7475611931117604;0.5828891641970304;0.9181140448339459;0.7609126251117725
True;False;True;True;False;False;True;True;False;False;True;0;False;False;False;True;0;False;True;False;False;0;False;True;False;False;False;0;24;False;0;False;0;6;False;False;True;33ed5b5116017043ca6e664eec40164fb72cb04d0c7086c2bbce1e54e5c5e858;0.993925522031774;0.9743592721785248;0.8114675090955447;0.6415497594620652
True;False;False;True;True;False;False;False;False;False;True;0;True;False;False;False;0;True;False;False;True;0;False;True;False;True;True;0;24;False;0;False;0;6;False;False;False;522349ea0d0531c7be3e6549be810f5bc19ba0918ea1427166b1795044bed95a;0.7664886194842282;0.611982009417403;0.8750161531850564;0.7009030606099494
False;False;False;False;True;False;True;True;False;False;True;0;False;False;False;True;0;False;False;False;False;0;True;False;False;False;False;0;18;False;0;False;0;6;True;False;False;ddd2a8ef2d95d321521ae8d14f8092c5fe82e0a251d8ef5fda5ddb83adc7f988;0.5371813018904893;0.4229314709909891;0.693795873157078;0.5635819293253941
True;False;False;True;True;False;False;True;False;False;True;0;True;False;False;True;0;False;False;True;False;0;False;True;False;False;True;0;24;False;0;False;0;6;False;False;False;1ead45b6a3eeef090dcc5a9a45c74748dcb1512c4b1b73342c14693addf4bad6;0.8157846953063713;0.6690381760560627;0.8630690033815162;0.6870154655112996
True;False;True;True;False;False;False;False;False;False;True;0;True;False;False;True;0;True;False;False;True;0;False;True;False;False;True;0;24;False;0;False;0;6;False;False;False;6f9389eb0a4899e7e2d9a64e1a4bf01e27fe4d7455db86c181a08bb1beed85f5;0.8701359511276493;0.7403759886617838;0.8396072569467935;0.6680656947134903
True;False;True;True;False;False;False;True;False;False;True;0;True;False;False;True;0;False;False;True;False;0;False;True;False;False;False;0;24;False;0;False;0;6;False;False;True;abda9f73e50b5bd4b8bb58e966b05c2b9a63953b92b5c5924b77a9995c213d16;0.994610695782184;0.9718644378637888;0.8102845697576646;0.6389538306610402
True;False;False;True;True;False;True;False;False;False;True;0;False;False;False;False;0;True;False;False;True;0;False;True;False;True;False;0;6;False;0;False;0;6;True;False;False;af4db0be0cfe8324e124751ba2a72e8790b64feaac8fba39fd97399db398a422;0.6889316213786839;0.5206100015383743;0.9010704833872027;0.7383655871076373
True;False;True;True;False;False;True;True;False;False;True;0;False;False;False;False;0;False;False;False;False;0;True;True;False;True;False;0;24;False;0;False;0;6;False;False;True;291a8d89c3ed1cb890029c0567c39fc9aa0fe3724462c23a1be12f857a31cf5c;0.1692473940371588;0.1250779103529491;0.2885308285381809;0.2612266971524668
False;False;False;False;True;False;True;False;False;False;True;0;False;False;False;True;0;True;False;False;True;0;False;False;False;False;True;0;18;False;0;False;0;6;False;False;False;53b7d360a3add6debd3a7c11c944946387da21d018248128d9123cab9e697ccf;0.7604040202232755;0.6078589831478022;0.889327802967759;0.7275914836380035
False;False;True;True;False;False;False;False;False;True;True;0;True;False;False;False;0;False;True;False;False;0;False;True;False;True;False;0;24;False;0;True;0;6;True;False;False;8261f19a6d45f2c4ac6ad50647ebd34254a10b0624d66d56fa0219c3e36f11cd;0.8039901308793331;0.672825663502304;0.7832474498948229;0.6148123572986833
True;False;True;True;False;False;False;False;False;False;True;0;True;False;False;False;0;False;False;False;True;0;True;True;False;True;False;0;6;False;0;False;0;6;False;False;True;65e8025266bad7a24ddaec6fc1845fb34e99c8fd2f43d6e86b6b7fa1ec81aebd;0.1424120149885202;0.0922500378773171;0.32423871845119023;0.2891010818777608
True;False;False;True;True;False;False;True;False;False;False;0;True;False;False;True;0;True;False;False;False;0;False;True;False;False;False;0;0;False;0;False;0;6;True;False;False;5870217a81d49605f9b3c195a51cd350213b09c924d9af2ed0f05d94e06c2b80;0.5321832127746777;0.4072342496845732;0.8253716667073994;0.6639998167710798
True;False;True;True;False;False;True;False;False;False;True;0;False;False;False;True;0;True;False;False;True;0;False;True;False;False;True;0;6;False;0;False;0;6;False;False;False;1685a0e84b2680b7193bebaafe20d5ea19f8b3903481f3a835976924be509b34;0.6939721062098495;0.5416731863312985;0.8260191057669809;0.6606425732447855
False;False;True;True;False;False;False;False;False;False;True;0;True;False;False;True;0;False;True;False;True;0;False;True;False;False;False;0;24;False;0;True;0;6;True;False;False;49a055116cf9fb69da581df6078736e54404bd3c1987522670aadd35dd966008;0.8123771500149188;0.6586571761004807;0.8112371353302834;0.6306094877825692
True;False;False;True;True;False;True;False;False;False;True;0;False;False;False;False;0;False;False;False;True;0;True;True;False;True;False;0;18;False;0;False;0;6;False;False;True;1a95bada1b79ca8d7449d0fd9c974f3171565f63b1d40c3a1431473c27f35175;0.1470981379509416;0.093123473517071;0.35580317831894775;0.3144523424274867
True;False;True;True;False;False;False;False;False;False;True;0;True;False;False;False;0;True;False;False;True;0;False;True;False;True;False;0;6;False;0;False;0;6;True;False;False;e12123d619dad2b66b81d53b03ce693e2ede0968a52325ac9aa0316c6d7be78c;0.7129172388765033;0.5598099119077963;0.8434435227513422;0.6827683305577219
False;False;False;False;True;False;False;True;False;False;True;0;True;False;False;False;0;False;False;True;False;0;False;False;False;True;True;0;6;False;0;False;0;6;False;False;False;69ff00cb33c1ac7b5a814a7da1e1c04f80a0b3acfcb937a294fa190a83a1364e;0.7111934032628068;0.5463829791593706;0.879999116068484;0.7147471191324903
False;False;True;True;False;False;False;False;False;True;True;0;True;False;False;True;0;False;True;False;False;0;False;True;False;False;True;0;24;False;0;True;0;6;False;False;False;bc86a81099b2c4a6fe8fbaeceb354fda9059a3f1e4284c3365aa981ade54685c;0.7704877159338944;0.6382542050785964;0.7624877337897566;0.5938433387534038
True;False;False;True;True;False;False;True;False;False;False;0;True;False;False;True;0;False;False;False;False;0;True;True;False;False;False;0;0;False;0;False;0;6;False;False;True;fb197e3c74c4ea4bc5fbab20be2bcf176390d693a6d8893da5ab2050e25c42f0;0.3617467611240073;0.2766901524724859;0.6431979723514665;0.5160601820847074
False;False;True;True;False;False;True;False;False;False;True;0;False;False;False;True;0;False;False;False;True;0;True;True;False;False;False;0;18;False;0;True;0;6;True;False;False;d843b114243a61f26172744eca262e3eda0d824c02168ff44d5b6be311853921;0.5380312494609664;0.4235670052340032;0.6437387649003534;0.5167905420583598
True;False;False;True;True;False;True;False;False;True;True;0;False;False;False;False;0;True;False;False;False;0;False;True;False;True;True;0;18;False;0;False;0;6;False;False;False;6ac28c1bb88c61550189a06fe1e77e7ec444d1cd5355bf5a34c284a912dd71db;0.7190563390702599;0.5600277712919535;0.8934444215445327;0.731347900332149
True;False;True;True;False;False;True;False;False;True;True;0;False;False;False;False;0;False;False;True;False;0;False;True;False;True;True;0;18;False;0;False;0;6;False;False;False;026993fe6c83ab534910835496138af57c128901a3f9b76ec3da38d5e12dd500;0.8417901947248185;0.7189053208399955;0.842644483428476;0.6922323228716253
False;False;True;False;False;False;False;False;False;False;True;0;True;False;False;False;0;False;False;True;True;0;False;False;False;True;False;0;24;False;0;False;0;6;False;False;True;097bca07005890f973864e8bb809e1050b620acd57aa5c02f9f8bd36630f1d76;0.8901507362104751;0.7652145992066407;0.8528858039251768;0.6821572853449583
False;False;False;True;True;False;True;False;False;False;True;0;False;False;False;True;0;True;False;False;True;0;False;True;False;False;False;0;18;False;0;True;0;6;False;False;True;789422ba867e478ce1a24078c722263ab9d638770ca8556625839566f4fb0b50;0.7735223494919153;0.6121471003650264;0.898427653844007;0.7318463485164236
False;False;True;False;False;False;True;False;False;True;True;0;False;False;False;False;0;False;False;True;False;0;False;False;False;True;False;0;6;False;0;False;0;6;True;False;False;343c7a34458579b797352e2dc5011e416a8b60de1144016d7b2fcbf2da8fb245;0.7287872709077305;0.5926444224026779;0.8343825756501801;0.6806101493707505
False;False;False;False;True;False;True;False;False;True;False;0;False;False;False;True;0;True;False;False;False;0;False;False;False;False;True;0;0;False;0;False;0;6;False;False;False;9ee270513e71fbc85366541193a5bf9abdc8f7a06fc7b4277381476df8a7b7e4;0.5170231106712838;0.3921151253262959;0.8355511921535159;0.6763734631997241
True;False;True;True;False;False;False;False;False;True;True;0;True;False;False;True;0;False;False;False;False;0;True;True;False;False;True;0;24;False;0;False;0;6;False;False;False;0a247c3d426e3f41c6eb7296143644375e69efb2aa451debf757ea924b9bd41d;0.5179908130251664;0.4256121804393201;0.595851002750538;0.4795205097158452
False;False;True;False;False;False;False;True;False;False;True;0;True;False;False;False;0;False;False;True;False;0;False;False;False;True;False;0;6;False;0;False;0;6;False;False;True;a8eb99b4fcb3dee2d1b0184980ddedf125b6d4b6fbbe292e981c06bc513bca4d;0.8021353201807646;0.6635827430252027;0.817080593009953;0.6535661208495444
False;False;True;True;False;False;False;True;False;False;False;0;True;False;False;True;0;False;False;True;False;0;False;True;False;False;True;0;0;False;0;True;0;6;False;False;False;48b3b32612aed5c783f6524170c82c2a8235fdd33e464b55d7657a932e5f4b16;0.6334484345390297;0.4896495715595456;0.7891265708839547;0.6178044986405177
True;False;True;True;False;False;False;True;False;False;True;0;True;False;False;False;0;True;False;False;False;0;False;True;False;True;False;0;18;False;0;False;0;6;False;False;True;08b5afad4426ab4137c4b08bd03e678f1d01148768a4c0e0c2e5edbfdd000b8e;0.9587683566478944;0.8736483878142206;0.820444049695957;0.6620003041178675
False;False;False;True;True;False;False;True;False;False;True;0;True;False;False;False;0;True;False;False;False;0;False;True;False;True;False;0;6;False;0;True;0;6;False;False;True;a67b2723d2a2713111484aa93d2a415a0cde8182caeff19ac8ba8a945212dd0a;0.803684342863421;0.6463603832916903;0.9168021920300425;0.7638027604651115
False;False;False;True;True;False;True;True;False;False;True;0;False;False;False;False;0;False;False;False;False;0;True;True;False;True;True;0;6;False;0;True;0;6;False;False;False;9f06f3c6dc6409d944f781fa4e4535995ea3673f5128a1ed299de726af5619c0;0.1610941558800197;0.1013133017016217;0.3516681771238992;0.311218666691628
True;False;True;True;False;False;True;True;False;False;False;0;False;False;False;True;0;True;False;False;False;0;False;True;False;False;True;0;0;False;0;False;0;6;False;False;False;e244d2aed3027de74094619cc0f8eb868b5ddb92b3c533c94455120b8750fd5e;0.6419662996852648;0.4992915146882624;0.7986988351589887;0.6288203853761064
False;False;False;False;True;False;True;False;False;False;True;0;False;False;False;False;0;False;True;False;True;0;False;False;False;True;False;0;18;False;0;False;0;6;True;False;False;bb40bcbecae5abc5a149da87915bf928c12fb9ada923219fe72794ad9eca0a6c;0.7780812687344414;0.6246077024644875;0.9027359109598107;0.7449635127036112
True;False;True;True;False;False;True;True;False;False;False;0;False;False;False;False;0;False;False;True;False;0;False;True;False;True;False;0;0;False;0;False;0;6;True;False;False;3987a91af02dac2a0e3bc83c96199c7eb2946f1bec1668bf9ba8246474948df8;0.6615316853100199;0.5138906443444936;0.8174062889143624;0.6458262851481494
True;False;True;True;False;False;True;False;False;False;True;0;False;False;False;True;0;True;False;False;True;0;False;True;False;False;False;0;18;False;0;False;0;6;False;False;True;5335bcd46272cbbd52abfadcec84b47e8c62426d28b6886d11ba14330dd22dd7;0.8844104512915785;0.7551105663765194;0.874159163134454;0.7205580989883342
True;False;False;True;True;False;False;False;False;False;True;0;True;False;False;True;0;False;False;False;True;0;True;True;False;False;True;0;18;False;0;False;0;6;False;False;False;afa1340a31e1997b199144868959eaa9a0e5b57444a1b2bad524e74b0f19bafe;0.4829714480865168;0.3758665501013205;0.6722872878544692;0.5477801066141492
True;False;True;True;False;False;False;False;False;True;False;0;True;False;False;False;0;False;False;True;False;0;False;True;False;True;True;0;0;False;0;False;0;6;False;False;False;a2d17331c83e47682f24da6d543920a6258546c00eba883a99fd7a051964cb95;0.6014498239209047;0.4693896473193534;0.794103871825703;0.6345487700288088
False;False;False;True;True;False;False;False;False;False;False;0;True;False;False;True;0;True;False;False;True;0;False;True;False;False;True;0;0;False;0;True;0;6;False;False;False;6f4409fd2ec803bcbb6febbd2a33057b3d3b90e01d3a381dd73cbb4dec3ee2f3;0.5251789679196592;0.4038044190901034;0.8153352445774854;0.651414986449662
True;False;False;True;True;False;True;True;False;False;True;0;False;False;False;True;0;True;False;False;False;0;False;True;False;False;False;0;18;False;0;False;0;6;True;False;False;b152fa5e0565c571ad7f59c9e11144989b45d38773f184090a1406336da4895a;0.8366589900263892;0.687927393820025;0.8976369610133824;0.7325612667783319
False;False;True;False;False;False;True;False;False;True;False;0;False;False;False;True;0;False;True;False;False;0;False;False;False;False;False;0;0;False;0;False;0;6;True;False;False;12cc6991f2b55ac11c33d2df829af2b4fed77bd48aa0315d2277497d1d9b0b55;0.61778051457149;0.4836008494332527;0.8118536704806092;0.6510393679987664
False;False;True;False;False;False;True;False;False;False;True;0;False;False;False;False;0;True;False;False;True;0;False;False;False;True;False;0;6;False;0;False;0;6;False;False;True;518d1c9c8635f4f561935d4d186fc9b4db7b576efc9131e0d6fa59db24e642d4;0.716030838245776;0.5680173621814992;0.838701330543174;0.6779060541242009
False;False;True;True;False;False;False;False;False;False;True;0;True;False;False;True;0;False;False;True;True;0;False;True;False;False;False;0;6;False;0;True;0;6;False;False;True;df97cd0f2055e320d10ad58d24c2fa77571bf39b4a52b8ef2aa79ce3c30d5664;0.7620567212938033;0.6080257041991958;0.8416539946749737;0.6785161635670155
False;False;True;True;False;False;False;True;False;False;True;0;True;False;False;False;0;False;True;False;False;0;False;True;False;True;False;0;18;False;0;True;0;6;False;False;True;cbbe49bd7e0d7fb2dd864da257874583eb5ce5d6d0b78f6ca8a1a51f5edffa35;0.8913234948225297;0.7735905270626229;0.7745502139105739;0.6145336029227707
False;False;False;False;True;False;True;False;False;False;True;0;False;False;False;False;0;False;False;False;True;0;True;False;False;True;True;0;6;False;0;False;0;6;False;False;False;74fdd74d40006c1eda3210f09233f4a1419d039e6c7c96896718d87bf699a563;0.1297386888058909;0.0723158352586037;0.3423006870889997;0.2888502731576799
False;False;False;False;True;False;False;False;False;False;True;0;True;False;False;False;0;False;False;False;True;0;True;False;False;True;False;0;18;False;0;False;0;6;False;False;True;f68ab3f87c18660601dc5aa76461f53c5d42fad321db49d9b6523e18bc9b4ec2;0.1488704848300857;0.0927608865432532;0.35500926408349714;0.3101004963774803
False;False;False;True;True;False;True;False;False;False;True;0;False;False;False;True;0;False;False;True;True;0;False;True;False;False;False;0;24;False;0;True;0;6;True;False;False;d540e9c4f76d55f44dfe062417bb4a87403a965701e1e755a90d8926b27f1b29;0.7448337756976547;0.5798186795102158;0.8730758655863442;0.6899851426415022
True;False;False;True;True;False;False;False;False;False;False;0;True;False;False;False;0;False;False;False;True;0;True;True;False;True;False;0;0;False;0;False;0;6;True;False;False;53b7060790877483007e68570869b5362a32160af8b42d45c6c637a06962a85c;0.1034138981936233;0.0635982648135123;0.33864300572076356;0.2900749386110321
False;False;True;False;False;False;False;False;False;True;True;0;True;False;False;True;0;True;False;False;False;0;False;False;False;False;True;0;24;False;0;False;0;6;False;False;False;1a3779a8c2ba02f3bfaa0e5a21e38f57aadc8c6134922315b060a688c4195080;0.8440982034295341;0.7232336574246204;0.8261989014967935;0.660994373708323
False;False;False;True;True;False;False;False;False;False;True;0;True;False;False;True;0;False;False;True;True;0;False;True;False;False;False;0;24;False;0;True;0;6;False;False;True;75ba25ef8930385240134e2606dcebb780aa32856370a69dbb391f3e40e2b60e;0.748101621468174;0.5841238876647278;0.8690057158676487;0.6836935605205663
True;False;False;True;True;False;False;True;False;False;True;0;True;False;False;False;0;True;False;False;False;0;False;True;False;True;False;0;6;False;0;False;0;6;False;False;True;c56555369c9de9b627eba2b851cf08121f73506d213320372cc6d796e39f800b;0.73883758198013;0.5726074054653886;0.8958645252283793;0.7347476188159872
False;False;False;False;True;False;True;False;False;True;True;0;False;False;False;True;0;False;True;False;False;0;False;False;False;False;False;0;24;False;0;False;0;6;True;False;False;b5725cc4b5bd4b9b60bfd1a446941cb95221fc9a28f1de6a195b448698d4b3d7;0.7210499607938965;0.5630314654690354;0.8921461217101541;0.727128733497141
False;False;True;True;False;False;True;True;False;False;True;0;False;False;False;False;0;False;False;False;False;0;True;True;False;True;True;0;6;False;0;True;0;6;False;False;False;27027690d8bf22e39cc2870ea6d096e82f39852d04fd800cb0853d8b4a21f6e7;0.1667016610849064;0.1121125807562457;0.29989810638469777;0.2684940997899128
True;False;True;True;False;False;True;False;False;False;True;0;False;False;False;True;0;False;False;True;True;0;False;True;False;False;True;0;6;False;0;False;0;6;False;False;False;dd0883023133e2850601ee8f9e58f7c6d86333b357eebdf2d5dfb7b6c0617b0e;0.6927942531821306;0.5392974766364754;0.8276976339291229;0.6629190049642028
False;False;False;False;True;False;False;False;False;True;True;0;True;False;False;False;0;False;False;True;False;0;False;False;False;True;False;0;18;False;0;False;0;6;False;False;True;a34935c87c3fe0f700a18c1894570f016ec391cd217084b3247776e670c73e54;0.7309673022822258;0.5699013935077165;0.8998320387321854;0.7363097690644039
False;False;False;False;True;False;True;False;False;False;False;0;False;False;False;False;0;True;False;False;True;0;False;False;False;True;True;0;0;False;0;False;0;6;False;False;False;0d9f2fc31e448688849a25ced17a3f99206481be7abfc4a2bab04975522c7983;0.519944653897488;0.3993323394718167;0.8173977365451912;0.656660238513059
False;False;True;False;False;False;True;False;False;True;True;0;False;False;False;True;0;True;False;False;False;0;False;False;False;False;False;0;18;False;0;False;0;6;True;False;False;783120e74cff835e20cef2fc02de2ad07e5d0f9c9d591ade3e77cb5bc4929c6f;0.8587433255302771;0.7374411537989045;0.857731418858729;0.7053097488555701
True;False;True;True;False;False;False;True;False;False;True;0;True;False;False;False;0;False;True;False;False;0;False;True;False;True;False;0;24;False;0;False;0;6;False;False;True;2575281c126fc2c65f3042681817de355db462ff678917dc7f5efe6be1527195;0.9985150038928;0.9820372788661352;0.8090666492665788;0.6379928008046136
True;False;True;True;False;False;True;False;False;True;True;0;False;False;False;True;0;False;True;False;False;0;False;True;False;False;True;0;24;False;0;False;0;6;False;False;False;2e14575792407b527a1930b72db47bb7d2b4537ff525139b522561acaa6ee2f6;0.8551587055562725;0.7355680918465808;0.8280402224515038;0.6653452453366215
False;False;True;False;False;False;False;True;False;False;True;0;True;False;False;False;0;False;False;False;False;0;True;False;False;True;True;0;18;False;0;False;0;6;False;False;False;c4dbd4c0b37d541c0773e77e3750bc8d8a16363b174e7d055967ce9133298984;0.1696156116347699;0.1236686973161074;0.2952340374702479;0.265868050987109
False;False;True;False;False;False;False;False;False;False;True;0;True;False;False;False;0;False;False;False;True;0;True;False;False;True;False;0;24;False;0;False;0;6;False;False;True;8c0d624c28f8af773bc4f5ced08d55d54824ba7751c4ad6180437e80afd95a39;0.1609103190931447;0.113553121592285;0.31905864918354565;0.2955356742938985
True;False;False;True;True;False;False;False;False;False;True;0;True;False;False;False;0;False;False;False;True;0;True;True;False;True;False;0;6;False;0;False;0;6;True;False;False;0fb33d06a63c3419249379c3acda069fc98d00a7330b6bc6bf4b56ca8cb18a68;0.1422935591934349;0.0843335044275126;0.3596839806506056;0.3109687241745725
False;False;True;False;False;False;False;False;False;True;True;0;True;False;False;False;0;False;False;False;False;0;True;False;False;True;False;0;24;False;0;False;0;6;False;False;True;359380e221abea34e0ae341737c8e313265fb5c2d668f461af441ae3cd482d37;0.164064446110792;0.1264641036163553;0.31982909033830365;0.29554004455369964
False;False;False;False;True;False;False;False;False;False;False;0;True;False;False;False;0;False;False;True;True;0;False;False;False;True;False;0;0;False;0;False;0;6;False;False;True;14644ce4b3d9924e1e85ef24808527ed523cd2274c651814dd4d5590b86dac58;0.5346990999139523;0.4124451502136382;0.8280306067470989;0.6683592865887269
True;False;True;True;False;False;True;False;False;False;True;0;False;False;False;False;0;False;False;True;True;0;False;True;False;True;False;0;18;False;0;False;0;6;False;False;True;68139e04217e1e67d9ff5abfde237745ecee012c8b60ef8f48f526d117dd6fdf;0.8865491686659516;0.7562002913942029;0.8746680807055629;0.7204538912202361
True;False;True;True;False;False;False;True;False;False;True;0;True;False;False;True;0;False;False;False;False;0;True;True;False;False;False;0;18;False;0;False;0;6;True;False;False;bc5b2602dbb6d72fa9f3e806ead7dd6d3f68ce99b5888457c2404047c974cec3;0.5963078810012841;0.4891578960181761;0.6168981108588275;0.4979601779038193
True;False;True;True;False;False;True;True;False;False;False;0;False;False;False;False;0;False;True;False;False;0;False;True;False;True;True;0;0;False;0;False;0;6;False;False;False;8af1cf5f4c122602f588240fc7362007fa08daeca0b66e120ca889952ed1e81b;0.640287296405685;0.4961445712051047;0.7974624356913761;0.6268760563386104
True;False;False;True;True;False;True;False;False;True;True;0;False;False;False;True;0;True;False;False;False;0;False;True;False;False;True;0;6;False;0;False;0;6;False;False;False;1f57ac2e64c073c14e502e5e97013689af54fce9a7e83b110b753c065f1abc2c;0.6644081834581392;0.4992547274309979;0.8983266070137246;0.7347915721271271
False;False;True;False;False;False;False;False;False;False;False;0;True;False;False;True;0;True;False;False;True;0;False;False;False;False;False;0;0;False;0;False;0;6;False;False;True;198a8b67e311c0772d7676b89e0ea566f14e73dc7f9fb42cba4451036e76765c;0.6071642367202397;0.4611948322228136;0.840960707084404;0.6725475512901685
False;False;False;False;True;False;True;True;False;False;True;0;False;False;False;False;0;False;False;False;False;0;True;False;False;True;False;0;24;False;0;False;0;6;False;False;True;92c20df5572f18f7800dfbdc9e13c83db0d70f29680322645b34c00de093a46f;0.1515102601088361;0.0950913754719363;0.3345249120956095;0.2889107273302402
False;False;True;False;False;False;False;False;False;True;True;0;True;False;False;True;0;False;True;False;False;0;False;False;False;False;False;0;18;False;0;False;0;6;True;False;False;c6ef5ce3207ff0603cdac4a852266bf51619596c4cf92b2b9bbb6e2ad4faefc2;0.859258598976582;0.737779855949138;0.8555665014807233;0.7027868263853145
False;False;True;True;False;False;True;False;False;True;False;0;False;False;False;True;0;False;False;False;False;0;True;True;False;False;True;0;0;False;0;True;0;6;False;False;False;efabab0d166696787a44c4ce7504d68cbab410cde6a47105922c3d21054d11f3;0.4111703386923449;0.3159617904484788;0.6084191279709387;0.48040648722867507
False;False;False;False;True;False;True;True;False;False;False;0;False;False;False;True;0;False;True;False;False;0;False;False;False;False;True;0;0;False;0;False;0;6;False;False;False;653cf96d978dc7d4c0ea56b561ec1ee001484d35135ad8fb5744867d0ce9aad1;0.5232504772930134;0.3987100811354983;0.8143295875856649;0.6513577866603302
False;False;False;False;True;False;False;True;False;False;True;0;True;False;False;False;0;False;False;False;False;0;True;False;False;True;False;0;24;False;0;False;0;6;False;False;True;c2df8103cbf799b0c34aba42bebd269e2341c4b0f0c75a4192eb0f5beae2cc3e;0.1550324942114576;0.0971063649371933;0.33675863995357774;0.29094810436186513
False;False;False;True;True;False;True;False;False;True;True;0;False;False;False;False;0;False;False;True;False;0;False;True;False;True;False;0;18;False;0;True;0;6;False;False;True;a5e3e5f1d70168a47ee53009d2efecfcc62beedeae3883c7946b853e04f6fc4c;0.7116901011186247;0.5493259666029255;0.8916346558919417;0.7236774517259912
True;False;True;True;False;False;False;False;False;True;True;0;True;False;False;False;0;False;False;False;False;0;True;True;False;True;False;0;24;False;0;False;0;6;False;False;True;346ca07903a39e6577c4b95f5da98eba3b5752109abd0aa50881a05ba324338c;0.1661497918669567;0.1280504689021372;0.3221231212214645;0.295931924541128
False;False;True;False;False;False;False;False;False;False;True;0;True;False;False;True;0;True;False;False;True;0;False;False;False;False;False;0;24;False;0;False;0;6;True;False;False;d8a12be17fe8c3cf335edc420dbccb512de48085fc6ed789ea2f6056eda72f78;0.8851229083583465;0.7609235734158459;0.8561703217234676;0.6885594924587386
False;False;False;True;True;False;False;False;False;True;False;0;True;False;False;False;0;False;False;False;False;0;True;True;False;True;False;0;0;False;0;True;0;6;False;False;True;a667d6c2eb7595ef1804395eaef35ac867de424b33436115884d4968961f252c;0.1096233623217788;0.0684130264057274;0.3506353231125584;0.2962975720352659
False;False;False;True;True;False;True;False;False;False;True;0;False;False;False;False;0;False;True;False;True;0;False;True;False;True;False;0;6;False;0;True;0;6;False;False;True;9709b9665278aefa0dd22bdcd7e824c43c4da238d9d2d24c194b875c2b7bfa6b;0.7560495107747179;0.5906010418962765;0.9191265546692033;0.759963229919082
True;False;True;True;False;False;True;False;False;True;False;0;False;False;False;False;0;False;False;True;False;0;False;True;False;True;False;0;0;False;0;False;0;6;True;False;False;704b5ed230c99ecb9d166b7d6f04e7460729e3dbca4ef511e8448491c930279d;0.6191861691344627;0.4853164453829271;0.8109360618646386;0.6511947465147865
False;False;True;True;False;False;True;False;False;True;True;0;False;False;False;True;0;False;False;False;False;0;True;True;False;False;False;0;24;False;0;True;0;6;True;False;False;0905226678bd32d62887eb84a96181bc3ad431b21e04f72228f3be110efef261;0.5220343509128206;0.4212511563042346;0.5963657886788619;0.4726035167965993
False;False;False;True;True;False;False;True;False;False;True;0;True;False;False;False;0;False;False;True;False;0;False;True;False;True;False;0;6;False;0;True;0;6;False;False;True;68cc784185f8b1ec57b4d6a03300074280eff53850fdc20a44bed65018522e29;0.802679038694926;0.6454955353642008;0.9169988281764105;0.7644690657964381
False;False;False;False;True;False;False;False;False;False;False;0;True;False;False;False;0;True;False;False;True;0;False;False;False;True;False;0;0;False;0;False;0;6;False;False;True;aa2068f38ea0a2016c5f7f60765acba7066664c9a9db3becb220917af3401a69;0.5353615543050025;0.4125828207306047;0.8281375801053539;0.6681893892096605
True;False;True;True;False;False;False;False;False;False;False;0;True;False;False;False;0;False;False;False;True;0;True;True;False;True;True;0;0;False;0;False;0;6;False;False;False;8cb7eaea933da04cdb878e2c8fa0661276613178d5631e5bb60e28e5cf777ba0;0.1298845914662699;0.0823375282824539;0.33756321713421183;0.29032118399470924
True;False;False;True;True;False;True;False;False;False;False;0;False;False;False;False;0;True;False;False;True;0;False;True;False;True;True;0;0;False;0;False;0;6;False;False;False;2b8049774395928ac8b7107406d1476ed73c7e2742997a10a952426de576c910;0.5198242219066997;0.3992184308791419;0.8171366242722489;0.6571702022793733
True;False;True;True;False;False;True;True;False;False;True;0;False;False;False;False;0;False;False;False;False;0;True;True;False;True;False;0;6;False;0;False;0;6;False;False;True;6dd9c0499119a7fccea997d266a9eeaaf1f9dbfbca3d8d7197aee8d2cf9f1cd3;0.1526369917532553;0.0972470900631616;0.29947365111946705;0.2611722002975101
False;False;False;True;True;False;True;False;False;False;True;0;False;False;False;False;0;False;False;True;True;0;False;True;False;True;False;0;24;False;0;True;0;6;True;False;False;d006ee9c3c814781f2718af5abbec5bf64e96a2990b80558159d88796bc356e5;0.7456918310995996;0.5812249277863735;0.8732347067465824;0.6896000748208821
False;False;True;True;False;False;True;False;False;True;False;0;False;False;False;True;0;False;True;False;False;0;False;True;False;False;True;0;0;False;0;True;0;6;False;False;False;b8375971b2192cd935fb6eb1448583b6cb271541d74993283033b0c2771b4969;0.5949786555816554;0.4666725702631181;0.7771108609154452;0.618921520761015
True;False;True;True;False;False;True;True;False;False;False;0;False;False;False;False;0;False;False;True;False;0;False;True;False;True;False;0;0;False;0;False;0;6;False;False;True;c0188090c932bebff5cd507b10916ce139df294983c4c73a527199474016b3c2;0.6638491503353545;0.5165793783015279;0.8131025691840486;0.6408786921272632
False;False;False;True;True;False;False;False;False;False;True;0;True;False;False;False;0;False;False;True;True;0;False;True;False;True;False;0;24;False;0;True;0;6;False;False;True;ffe10b7745d67d596b2904e042203020408d2b47f82c904a6880cfd6781588ec;0.748965897581292;0.584549146790729;0.8680167827958483;0.6819711051771379
True;False;True;True;False;False;True;False;False;False;True;0;False;False;False;False;0;True;False;False;True;0;False;True;False;True;False;0;18;False;0;False;0;6;True;False;False;0e7b99448d3646d7e291ee82b015c173a9d6c4914a612323a4ce07fdd2d1d8a3;0.8831898192734132;0.7530863428773761;0.8791294930125474;0.7271587200846075
False;False;False;False;True;False;False;False;False;False;True;0;True;False;False;True;0;False;False;False;True;0;True;False;False;False;False;0;18;False;0;False;0;6;False;False;True;37dd92ca7ddadf95a5a17a767eb40f0d37e2a28fdb6e0aa30f937eb168687346;0.4799404734957299;0.3766340885213083;0.6737420613712929;0.5536580318416388
False;False;False;True;True;False;True;True;False;False;True;0;False;False;False;False;0;True;False;False;False;0;False;True;False;True;True;0;18;False;0;True;0;6;False;False;False;fc4d440393fd34fd9d8253939e54a5ad31a3bcafe3285f8552dbc913d698f3fa;0.7896500822516123;0.6322640936138815;0.8716268348142912;0.6971050770967734
False;False;True;False;False;False;True;True;False;False;False;0;False;False;False;False;0;False;False;True;False;0;False;False;False;True;False;0;0;False;0;False;0;6;True;False;False;54340e01372ad25084857fa91c9396828861136dd8f037b3ae681dbb9f0db9c6;0.6594127350324304;0.5114993188851655;0.8154902445435197;0.6439683228591716
True;False;True;True;False;False;True;True;False;False;True;0;False;False;False;False;0;False;False;True;False;0;False;True;False;True;True;0;24;False;0;False;0;6;False;False;False;9f8f07ea4136864476cdce09d40d559cbf51f9989f052d65444220eaed6b65be;0.9584653519002252;0.8825112213726014;0.8012391354709191;0.6319950013082529
False;False;False;False;True;False;False;False;False;False;True;0;True;False;False;False;0;False;False;True;True;0;False;False;False;True;True;0;6;False;0;False;0;6;False;False;False;def1be95e3807ddd0ab8128b5d95471bc7aa7c610c70f437ce61582c6f9ced01;0.667095279195466;0.5025660026757498;0.8831707012188916;0.7151233162777926
False;False;True;True;False;False;True;False;False;False;True;0;False;False;False;False;0;False;True;False;True;0;False;True;False;True;False;0;24;False;0;True;0;6;False;False;True;fa302cc866133ce3bf28e2cbb7d97e282bc1da4cc6d97c29f18917b7a43969a3;0.818525893445927;0.6650939093274717;0.8107547805640825;0.6302301582772805
False;False;True;False;False;False;True;False;False;False;True;0;False;False;False;True;0;True;False;False;True;0;False;False;False;False;False;0;18;False;0;False;0;6;False;False;True;ea033ed1e64787a507bf1b94b64aa6d8675551114120d01b39f3796bc31c787c;0.8714276249747956;0.7410516038879765;0.8725490123294658;0.7154717439510773
False;False;False;True;True;False;False;False;False;False;True;0;True;False;False;False;0;False;False;False;True;0;True;True;False;True;False;0;6;False;0;True;0;6;True;False;False;f4af186fe8fb7659e90bcbb159a07376b39a3e64e75e7dae695c69bafbf137a9;0.1586369052567914;0.0969731413270194;0.3702222614836732;0.3260481919402148
False;False;True;False;False;False;False;False;False;True;True;0;True;False;False;False;0;False;True;False;False;0;False;False;False;True;False;0;6;False;0;False;0;6;False;False;True;304cd0fddc9349bb21c3ca97467e9494e45fc0ca8288e97b09bd5c496ec83c9f;0.7327852897345324;0.5963964570753724;0.8307206282921793;0.6750867086713817
False;False;False;False;True;False;False;False;False;True;True;0;True;False;False;False;0;True;False;False;False;0;False;False;False;True;False;0;18;False;0;False;0;6;True;False;False;41c73a31713eca57e703c1f55fee5b8e85f47a9dbddb8d51794514ff6c858805;0.7257818928381048;0.5641318562815352;0.9009921281338268;0.7379577854692989
False;False;True;True;False;False;False;False;False;False;True;0;True;False;False;False;0;False;False;True;True;0;False;True;False;True;False;0;24;False;0;True;0;6;True;False;False;97ed6aa23dace3d750f806a894953b7c59c6270bc58e22d7299163e630a3e1dc;0.8145639073252945;0.6607882542911977;0.8121779382191482;0.6303846509068421
False;False;False;False;True;False;True;False;False;True;True;0;False;False;False;True;0;False;False;True;False;0;False;False;False;False;False;0;6;False;0;False;0;6;True;False;False;e14a7ce7389e277e47fe15c09603e78af3ef2e196062ae5e06e613d136e30d9b;0.671076460193847;0.501929032981443;0.9064999216812938;0.7414603614106031
False;False;False;False;True;False;True;True;False;False;False;0;False;False;False;True;0;True;False;False;False;0;False;False;False;False;False;0;0;False;0;False;0;6;False;False;True;fa0e52eff8b34a07bace49aa8198ab92bc6014df0cf0f6ef49606442fa87c6eb;0.5338598130247051;0.4087226512492912;0.8230116864308755;0.660745590815366
False;False;False;False;True;False;False;False;False;False;True;0;True;False;False;True;0;False;False;False;True;0;True;False;False;False;True;0;6;False;0;False;0;6;False;False;False;03d65239c43d6f38ae1183eed6815dc7396f76f5d33d48c1345bb1afbd1cf16c;0.4310381928102554;0.322461130604502;0.6673722614931252;0.5369149074238744
False;False;False;False;True;False;True;False;False;True;False;0;False;False;False;False;0;False;True;False;False;0;False;False;False;True;True;0;0;False;0;False;0;6;False;False;False;d355593309eab4cccfabfdc9e283daa2ed21a83f323d3daa08d4550af68f7e9c;0.5166290956414478;0.3894984360366704;0.835452402065296;0.6766501700938496
False;False;True;False;False;False;True;True;False;False;True;0;False;False;False;False;0;False;True;False;False;0;False;False;False;True;False;0;18;False;0;False;0;6;False;False;True;f374ec7a3147f574db04da71dc55debc1bac094aaa849fee496cc75c9081efda;0.9400325500842164;0.8409721278131517;0.8203955885872435;0.6578804640579068
False;False;True;True;False;False;False;False;False;True;False;0;True;False;False;False;0;False;False;True;False;0;False;True;False;True;False;0;0;False;0;True;0;6;False;False;True;34dcdfd0604b74bee240c9926a520bb709aeb92e00b36d6b6f2d3af565d06ab7;0.6164498466546493;0.4864395014140049;0.7924362544276202;0.6326614109925708
False;False;False;True;True;False;True;True;False;False;True;0;False;False;False;False;0;False;False;False;False;0;True;True;False;True;True;0;18;False;0;True;0;6;False;False;False;bc5a81e59c85ac7d66067af38439c7d3181fff6874c982e8d02570073329d4f9;0.1526321920133842;0.0983887688548967;0.3414817446503983;0.29748480646561937
False;False;True;False;False;False;True;True;False;False;False;0;False;False;False;True;0;False;False;True;False;0;False;False;False;False;True;0;0;False;0;False;0;6;False;False;False;c14004818267a59497902049203dfdfc5d22998875231a51af792379aeea6700;0.6390473078783436;0.4939010564143927;0.7958169365853215;0.6246816643442624
True;False;True;True;False;False;False;False;False;False;False;0;True;False;False;False;0;True;False;False;True;0;False;True;False;True;True;0;0;False;0;False;0;6;False;False;False;6516b0edbcb0641b29fcea8ba8690cd08d2df1820a29003e77975eb08d71c20a;0.5886982606183354;0.4459960131227339;0.827055996762467;0.6606586606912098
True;False;True;True;False;False;True;False;False;True;False;0;False;False;False;True;0;False;False;True;False;0;False;True;False;False;True;0;0;False;0;False;0;6;False;False;False;ccae13fa79bdc1261f92201bc4c826f8a1d403716624b911711bd8dd0f49c8ae;0.5994216360892811;0.4664720102056638;0.7911057399152972;0.629443309574342
True;False;True;True;False;False;True;False;False;False;True;0;False;False;False;False;0;False;True;False;True;0;False;True;False;True;False;0;24;False;0;False;0;6;False;False;True;2a3f25e2b92994170ea3ff9ab4896f20bb7276787cda27e3e589972a6301b073;0.9095575726400074;0.7869741992195025;0.8573128248532108;0.6908078098384898
True;False;False;True;True;False;False;False;False;True;False;0;True;False;False;True;0;False;False;True;False;0;False;True;False;False;False;0;0;False;0;False;0;6;True;False;False;86db466c7ce536675b3fa11b9c3c3c31f165cb1afcab2a4581d94142d473954e;0.5274393700037417;0.4009483913489313;0.8479441054062887;0.6904900244325323
True;False;True;True;False;False;False;False;False;False;False;0;True;False;False;True;0;False;False;False;True;0;True;True;False;False;True;0;0;False;0;False;0;6;False;False;False;df740cfd1af2fa4121bcdf51fcdfd4bdd05334be4f3aae3cac598170f259798d;0.3911518290608212;0.2917450523213338;0.6295533721252852;0.5018475996555046
False;False;True;True;False;False;True;True;False;False;True;0;False;False;False;True;0;False;False;False;False;0;True;True;False;False;False;0;18;False;0;True;0;6;True;False;False;5af5c3ce70310503d1f3c0d8b4a2e4237bf5734042b9986a6f231e84236fa088;0.5869673003585213;0.4746211293552423;0.6069498236990037;0.48548258828584645
False;False;True;True;False;False;False;False;False;False;True;0;True;False;False;True;0;True;False;False;True;0;False;True;False;False;False;0;24;False;0;True;0;6;True;False;False;e50b03a9ba050ff852334ee275940e894631f5419eb6965b8da643ca99d9852b;0.8125771233004521;0.6596751412577525;0.8110229255168712;0.630456934858032
False;False;False;True;True;False;False;True;False;False;True;0;True;False;False;False;0;False;False;False;False;0;True;True;False;True;True;0;24;False;0;True;0;6;False;False;False;112081cad5bc706f72f8947ffd9f5399fe61da4e3a599b0954aeb0755898a31e;0.1525340120989883;0.0964569782296216;0.327584622665188;0.2797454643985075
True;False;False;True;True;False;True;False;False;False;True;0;False;False;False;False;0;False;False;False;True;0;True;True;False;True;True;0;18;False;0;False;0;6;False;False;False;a0690b7faada861ba79db16f08e37632ee01dace99f8530f9cd0d936c69de385;0.1411861547304261;0.0884178842593822;0.3492451992766854;0.307527574672012
False;False;True;False;False;False;True;False;False;True;True;0;False;False;False;True;0;False;True;False;False;0;False;False;False;False;False;0;24;False;0;False;0;6;False;False;True;879087be7ab4a28a4b9ba32e412284be70e108bb9cfbf41ae8f27f2f43e5b6cf;0.8780196774427605;0.762376756025668;0.8430627074071733;0.6797435975365957
False;False;True;False;False;False;True;False;False;True;False;0;False;False;False;True;0;False;True;False;False;0;False;False;False;False;False;0;0;False;0;False;0;6;False;False;True;80e5dbab00d3951b73504d0eaee69bb44b404eb86c6760ec4c8a322e26baec41;0.6192745734107257;0.4856168424984936;0.8079321960589181;0.6459557260397576
True;False;False;True;True;False;False;False;False;False;False;0;True;False;False;False;0;True;False;False;True;0;False;True;False;True;False;0;0;False;0;False;0;6;True;False;False;e9d76bd888cfecfbc6e23a92cfa6173c96b52b12d64af819756be5b20e1a32b3;0.5333753359805017;0.4114955187547933;0.8305355847564898;0.6724945966881349
False;False;True;False;False;False;False;True;False;False;True;0;True;False;False;True;0;True;False;False;False;0;False;False;False;False;True;0;18;False;0;False;0;6;False;False;False;335498e3ca528094862ff81f88610ecf1d8b2c637abeaa2a9bf123b659d356e8;0.9089584646523686;0.7996720932719471;0.8081638561393114;0.6434385846895044
False;False;False;False;True;False;True;False;False;False;True;0;False;False;False;True;0;False;False;False;True;0;True;False;False;False;False;0;18;False;0;False;0;6;False;False;True;821e9dce6da334e459ac809751de192ea15d08f221b92ee163bf4320d10aa6da;0.5000172485717664;0.3909909193838292;0.693453142037275;0.5683986408293253
False;False;False;True;True;False;True;True;False;False;True;0;False;False;False;True;0;True;False;False;False;0;False;True;False;False;True;0;6;False;0;True;0;6;False;False;False;0ca5a3b51aec17d30c853d5590b1279bb6920b7c97768279667466c82e26f772;0.7800111782777541;0.6223052287648203;0.903121496561905;0.7471473630480678
False;False;True;True;False;False;False;False;False;True;True;0;True;False;False;False;0;False;True;False;False;0;False;True;False;True;True;0;6;False;0;True;0;6;False;False;False;6a11c9c59391e9a720ef86e6c83af8f629415541400c4ab8edfa2f3a0cecdf85;0.7562589185708158;0.6171060216861115;0.8127390531992378;0.6577987632737701
False;False;False;True;True;False;True;True;False;False;False;0;False;False;False;False;0;False;True;False;False;0;False;True;False;True;False;0;0;False;0;True;0;6;False;False;True;38066b7a582bc34674ee0ce324c881adf39a86fc5f16006177d59336dd0d983a;0.5423219581529469;0.4147478124536763;0.8266329218759629;0.66195841650186
True;False;False;True;True;False;False;True;False;False;True;0;True;False;False;True;0;False;False;True;False;0;False;True;False;False;False;0;18;False;0;False;0;6;True;False;False;1868845e5e8d80c07d77f91f690483cb434fabfe6e4c2157e411b11f8bc597b4;0.8402349113807888;0.6918644116512039;0.9001556432718693;0.7358269118086903
False;False;False;True;True;False;False;False;False;True;True;0;True;False;False;True;0;False;False;True;False;0;False;True;False;False;False;0;24;False;0;True;0;6;True;False;False;6f93d49eeb87e8557356e384d650085bd9f4af059ce542491eed1597d31cca65;0.6916001067430857;0.5273850549644044;0.8782217375194287;0.6990272059210281
False;False;True;False;False;False;True;False;False;True;True;0;False;False;False;True;0;False;False;False;False;0;True;False;False;False;True;0;6;False;0;False;0;6;False;False;False;5814e5da77ac2b9862925c5dc8eaa58c5eb41ae9609ec241d0feb2f1ab1cc809;0.4666514683974845;0.3663277376071519;0.6256084761836976;0.5045743008501677
False;False;True;False;False;False;False;False;False;False;True;0;True;False;False;True;0;False;False;False;True;0;True;False;False;False;False;0;18;False;0;False;0;6;True;False;False;6c942a21bfb8df71bc7dca9a96d8304ba75aa621c3a7fe5b8071e4e70d7d2260;0.5421947786779221;0.4360183855241966;0.6523946436366106;0.5298506176730207
False;False;False;False;True;False;False;False;False;False;True;0;True;False;False;True;0;False;False;True;True;0;False;False;False;False;True;0;18;False;0;False;0;6;False;False;False;ce5ea86e15ed04715c269054adf46dfb76c0d341d3ad9d32ea693a25e770346f;0.7596454714538979;0.6049519692415645;0.8897104439932906;0.7269714468979914
False;False;False;True;True;False;True;False;False;True;False;0;False;False;False;False;0;True;False;False;False;0;False;True;False;True;False;0;0;False;0;True;0;6;False;False;True;858d42cf4187ca50143e241a2f6525fba6eaeb97a2990ccb83d0ba43ab81cb5d;0.5351376542186917;0.4073740955836238;0.8452736254790466;0.6843362602896201
False;False;False;True;True;False;True;False;False;False;False;0;False;False;False;True;0;False;True;False;True;0;False;True;False;False;False;0;0;False;0;True;0;6;False;False;True;44f799123c0fb04fdbd505dbe24182de078c919cd1a266543c9c25964f3babb9;0.5384208995792356;0.4155747731547089;0.8271583530560882;0.6647408326686867
True;False;False;True;True;False;False;False;False;True;True;0;True;False;False;False;0;False;True;False;False;0;False;True;False;True;True;0;18;False;0;False;0;6;False;False;False;6fbd0ebc9f887e880a83fb4f40ce2c8c9dc8c7f807c63ec5a09d49e5407f7b79;0.7210987904487244;0.5615698508672613;0.8937806009854273;0.7307587230451098
True;False;True;True;False;False;True;True;False;False;False;0;False;False;False;False;0;False;True;False;False;0;False;True;False;True;False;0;0;False;0;False;0;6;True;False;False;63247a82f6dd930cdd5e9ce51c9d2b986d18bb99796283b7823d64a4dbc66e41;0.6609103900780438;0.5136482482661082;0.8164079709906265;0.6450852845631548
True;False;False;True;True;False;False;True;False;False;True;0;True;False;False;False;0;False;True;False;False;0;False;True;False;True;True;0;6;False;0;False;0;6;False;False;False;460b863e22c924199ee891a0beaaf54d194482f1a281d930f188566d489bad9f;0.7183963361188273;0.5510563321814139;0.8847372455354905;0.7190636667875576
False;False;False;False;True;False;False;True;False;False;False;0;True;False;False;True;0;True;False;False;False;0;False;False;False;False;False;0;0;False;0;False;0;6;False;False;True;00fcd5f1d62dda97980a7181a73be65bfd43988827059254160d5375d30e7664;0.5343336152208527;0.4090307206857688;0.8232897282727677;0.6611658263897086
True;False;True;True;False;False;True;False;False;False;False;0;False;False;False;False;0;False;False;False;True;0;True;True;False;True;True;0;0;False;0;False;0;6;False;False;False;c84ff7ed7a08739abb9bd1d8e98b4c4e704545b7d21b464567df57aad5664b67;0.1269934857912815;0.0770721683481674;0.3361511434161891;0.2895220712395787
False;False;True;False;False;False;True;True;False;False;True;0;False;False;False;False;0;False;True;False;False;0;False;False;False;True;False;0;24;False;0;False;0;6;True;False;False;8921968efbc3dadcce67fa22aeb65f0c901c74cbb28f668ae703d92a8897855d;0.9781741513327;0.9270311085619156;0.8172689573230258;0.6450456402539468
False;False;False;False;True;False;False;False;False;True;True;0;True;False;False;True;0;False;False;True;False;0;False;False;False;False;True;0;18;False;0;False;0;6;False;False;False;8fb626c6e0db804de93d6fa922de49f488163ef7662f2664e134751cacaac63e;0.7089951540122051;0.5493501068740917;0.8886166254767418;0.7229482479879987
False;False;True;True;False;False;False;True;False;False;True;0;True;False;False;True;0;False;True;False;False;0;False;True;False;False;False;0;18;False;0;True;0;6;False;False;True;3c305385ec9638fe24438d718fb23c7abc69f3eea12d9d5cc34aee4e230e72d3;0.887624980529103;0.7695575872160046;0.7744519211474907;0.6143674957282114
False;False;False;False;True;False;True;False;False;False;True;0;False;False;False;True;0;False;True;False;True;0;False;False;False;False;False;0;18;False;0;False;0;6;True;False;False;8ee227c0c1b565e25582d5626466ca4c0ae5a5ae673b8592199342e272cd4ea5;0.7762988775593519;0.6229327604374292;0.9033542151949882;0.7468516607887355
False;False;False;False;True;False;False;False;False;False;True;0;True;False;False;True;0;False;False;True;True;0;False;False;False;False;True;0;24;False;0;False;0;6;False;False;False;d95609a8b45e6a24f1f73e987a1067b2c83a65565823549586c7621f82d9845f;0.749819427454196;0.5970651060312137;0.8687841259250888;0.6951594287219065
False;False;False;False;True;False;False;False;False;True;True;0;True;False;False;True;0;False;False;True;False;0;False;False;False;False;False;0;18;False;0;False;0;6;True;False;False;a88ece3949a75d78631a2042b015de18e3e57d4b0a05394950c64bb7cd427410;0.7251088296790116;0.5635501831222619;0.9023185161871664;0.739707718951204
True;False;False;True;True;False;False;False;False;True;False;0;True;False;False;True;0;False;True;False;False;0;False;True;False;False;False;0;0;False;0;False;0;6;True;False;False;e84e02d5e95df0cc945ee38cd7351f16d413842d8adcebdae441cd2d558d1802;0.5262775718598257;0.3992186649775988;0.8461148528234391;0.6880482201943764
False;False;False;True;True;False;True;True;False;False;True;0;False;False;False;True;0;False;True;False;False;0;False;True;False;False;False;0;6;False;0;True;0;6;False;False;True;030d9ff3dcc1d66145d39301b6fe3ca61d8734098715dbabb548b95c47a38c71;0.8008738339756211;0.6446690731211967;0.9166752870906557;0.765344881336163
False;False;False;False;True;False;False;False;False;True;True;0;True;False;False;False;0;False;False;False;False;0;True;False;False;True;True;0;24;False;0;False;0;6;False;False;False;57ae330e56bda57f8260296c4dfd5784a930d413e9cb8d8372b6d64680d4244e;0.1358451727036924;0.0786446896662029;0.34324160288391287;0.29012687376109536
False;False;False;False;True;False;False;True;False;False;True;0;True;False;False;False;0;True;False;False;False;0;False;False;False;True;False;0;6;False;0;False;0;6;False;False;True;b859fa83292ce97e325cadd7bc9cb1b8ddf504cc50c11485b24c050c3aa7fe1f;0.7332556170061173;0.568528440101092;0.8915629510124956;0.7288522588571685
False;False;True;False;False;False;True;False;False;False;True;0;False;False;False;False;0;False;False;True;True;0;False;False;False;True;True;0;24;False;0;False;0;6;False;False;False;1a1f745fbd3f47fc95f176ae0939cd4ebbfb4acc5c7e0304b34898992f5c391a;0.8585288931043654;0.7258011220961815;0.8429269888642374;0.6701791146378049
False;False;False;False;True;False;False;True;False;False;False;0;True;False;False;True;0;False;False;True;False;0;False;False;False;False;False;0;0;False;0;False;0;6;False;False;True;90d0493adafb66a5e67665901fa221e35dee3bed5ac89e9c625477a934511efd;0.5353480657933252;0.4101483239397759;0.8255214025031777;0.6636875908953047
False;False;True;True;False;False;True;False;False;False;True;0;False;False;False;False;0;False;False;False;True;0;True;True;False;True;True;0;24;False;0;True;0;6;False;False;False;389c1e4afb68837587d0ef5b243aeec31a8e0b6a30771dba4da73e17f9927843;0.1522080263339499;0.1046975673518729;0.3032407961255905;0.2772817658300258
False;False;False;False;True;False;True;True;False;False;True;0;False;False;False;True;0;False;False;False;False;0;True;False;False;False;True;0;6;False;0;False;0;6;False;False;False;41969ce3a70975035fa58f2fc5ff1a4771072fcea61fa5ff16f0775432eee90a;0.4775311265113516;0.3619215811424341;0.6833063222047524;0.5493729157514351
False;False;False;True;True;False;False;False;False;False;True;0;True;False;False;True;0;False;False;True;True;0;False;True;False;False;True;0;6;False;0;True;0;6;False;False;False;00c237e09c76a0eb9111e4bf61e757f0a04f9c87dcaf931f854232e892e92bbd;0.7299031487299887;0.5668270226016043;0.9042072310638003;0.740715045457955
True;False;True;True;False;False;False;False;False;True;True;0;True;False;False;False;0;False;True;False;False;0;False;True;False;True;False;0;18;False;0;False;0;6;True;False;False;ab50ef4c79c203bdb1b3497a1c33b767303a508deff0d86521a38c83675a9bc1;0.8702593804909682;0.7504431036212799;0.8538620992617073;0.7042448885310483
True;False;False;True;True;False;False;True;False;False;False;0;True;False;False;False;0;False;False;True;False;0;False;True;False;True;True;0;0;False;0;False;0;6;False;False;False;f45bf0c2135cc82c4eb6e1f2d8ff1f612bccf2f310be3a2cecbc009fd8511cc0;0.5230884324220572;0.3977642039619254;0.8147883145135134;0.6526239513741445
True;False;False;True;True;False;False;True;False;False;True;0;True;False;False;True;0;False;True;False;False;0;False;True;False;False;False;0;6;False;0;False;0;6;True;False;False;146188dadd24b1549582a221d3358b94e501d79777ee306ce9c04e4be70efbc9;0.7316017768163028;0.5660538717144553;0.8969068366074925;0.7381183476859099
False;False;True;False;False;False;False;True;False;False;False;0;True;False;False;True;0;True;False;False;False;0;False;False;False;False;False;0;0;False;0;False;0;6;False;False;True;bf9782a680e1046706c97288e6b1a2c09af767d39eb1c72498c2902a78508fc1;0.6599072005085971;0.512970066446104;0.8099780859342003;0.6373935927298553
False;False;True;True;False;False;True;True;False;False;True;0;False;False;False;False;0;False;True;False;False;0;False;True;False;True;False;0;6;False;0;True;0;6;False;False;True;c5ec548d0b5ff1b7b993f7a99edbd41183bd4e8376473c458f8bf54a7b9131c6;0.8545843435054172;0.7176320538776799;0.8221886209771706;0.6617387440518027
True;False;False;True;True;False;False;False;False;True;True;0;True;False;False;False;0;False;True;False;False;0;False;True;False;True;False;0;18;False;0;False;0;6;False;False;True;c6e647d1a544ee9167af069d21ad2ff4cae9a97137c4e2d08fe450da9ac34f23;0.7434915226203017;0.5806983368164628;0.9036138965703798;0.7406274252173709
False;False;True;False;False;False;True;True;False;False;False;0;False;False;False;True;0;True;False;False;False;0;False;False;False;False;False;0;0;False;0;False;0;6;True;False;False;ae374ba7399b10688393cb97c9a014e5c30fcae1169056e926232ad181bacece;0.657027077642819;0.5099273061260848;0.8141140767838781;0.6428133147284032
False;False;True;False;False;False;True;True;False;False;True;0;False;False;False;False;0;False;True;False;False;0;False;False;False;True;True;0;24;False;0;False;0;6;False;False;False;ee50a270ef9e15775e666a740fded904034e80b4454ae57ef84582b6d0ec0b73;0.9435361386293444;0.8566002997947764;0.8000423241393738;0.6243966864723732
False;False;True;False;False;False;True;False;False;True;True;0;False;False;False;False;0;True;False;False;False;0;False;False;False;True;True;0;18;False;0;False;0;6;False;False;False;b3af0cae5082e3cd427e21527488bf6344323879b30ca5757ea3b16cbe46bb28;0.8337566257446333;0.7090353587204629;0.8435035823102135;0.6881918057647742
False;False;False;False;True;False;True;False;False;False;False;0;False;False;False;False;0;False;False;False;True;0;True;False;False;True;False;0;0;False;0;False;0;6;False;False;True;eea931abdd868892bfbe34ddb90e39e5ab2e04015f57e0bfb308bce5d740bc91;0.0984131579707012;0.059658784759273;0.3297777007681448;0.2819465969435531
False;False;False;False;True;False;True;False;False;True;True;0;False;False;False;True;0;False;False;True;False;0;False;False;False;False;True;0;24;False;0;False;0;6;False;False;False;1e83ab5066244b70726e8da4b596ae72aca47356d428a433ecba2cba61bd6777;0.7033564512232509;0.5446125263516385;0.8781256052291815;0.7071032504906279
True;False;True;True;False;False;True;True;False;False;False;0;False;False;False;False;0;False;False;True;False;0;False;True;False;True;True;0;0;False;0;False;0;6;False;False;False;fa963c163d9d768f01cb0c5bc4490a06b89bb4e6ab4aff1c31f0c8405ae2b3c1;0.6425052803827207;0.4975522919612514;0.7991021554574907;0.6299513640126321
False;False;True;False;False;False;True;True;False;False;True;0;False;False;False;False;0;True;False;False;False;0;False;False;False;True;False;0;18;False;0;False;0;6;True;False;False;4822f90ed8bce06331675eea32d837b19dfde13ffe0181b51492235f11dd17ec;0.9335963648067483;0.8326787645198949;0.825312336641136;0.6643067297612291
True;False;False;True;True;False;True;True;False;False;True;0;False;False;False;False;0;False;False;True;False;0;False;True;False;True;False;0;6;False;0;False;0;6;False;False;True;ab4c7b6f5d715fafb6a8d6e80e5842329da4473d106af5ca6b9ec9afce20c64d;0.7396963073311185;0.5738731258348896;0.8967463505655111;0.736514218785508
False;False;True;False;False;False;True;False;False;False;True;0;False;False;False;True;0;False;True;False;True;0;False;False;False;False;False;0;18;False;0;False;0;6;False;False;True;97c77a3878fc80c0c7c226dc485f9aa0d2b892e3c6d58e76640f6c4bb5c3e79d;0.8701754413033004;0.7396596360638208;0.8729655329606657;0.7159009911016649
True;False;True;True;False;False;True;True;False;False;True;0;False;False;False;False;0;False;False;False;False;0;True;True;False;True;False;0;24;False;0;False;0;6;True;False;False;e5ac254487e62803335c5974c4713859c2a168632d0e1bfe66efb6065a7be164;0.1759486859948081;0.1310218658907524;0.2958930789302814;0.2679619807928127
False;False;False;True;True;False;False;False;False;False;False;0;True;False;False;False;0;False;False;False;True;0;True;True;False;True;False;0;0;False;0;True;0;6;True;False;False;e6e9dc802e46d06edf257a8db31d2114d527a424bad741544bacff21e8b656ef;0.1063030795721664;0.0663008195088316;0.3387090881975443;0.2887989628422382
True;False;True;True;False;False;False;False;False;False;True;0;True;False;False;False;0;False;False;False;True;0;True;True;False;True;False;0;24;False;0;False;0;6;True;False;False;f2fb833ac32dc299503a0b30361e23b6149c3e504ccf6738a840b3e5e55f867b;0.170040292179072;0.1202562513547374;0.33060928670941964;0.30602283661276525
True;False;False;True;True;False;False;True;False;False;True;0;True;False;False;False;0;False;True;False;False;0;False;True;False;True;False;0;18;False;0;False;0;6;False;False;True;04011866aaa735cf76cfee18ec8923b23b6640412ae6eadaaa543e4692a17b05;0.848564113253617;0.69984878038789;0.8957532746383726;0.7288657383372764
False;False;False;True;True;False;True;False;False;False;True;0;False;False;False;False;0;False;False;True;True;0;False;True;False;True;True;0;18;False;0;True;0;6;False;False;False;dfe860b3e5629b34642c88f808d0fcd2660ad88232783fdd05e7b33ab2cfa463;0.7522177158200045;0.5888498795309793;0.8890103703101455;0.7189492524719342
False;False;True;False;False;False;False;True;False;False;True;0;True;False;False;True;0;True;False;False;False;0;False;False;False;False;False;0;6;False;0;False;0;6;False;False;True;07ab88232afdf079729eb9be4cc92b509d3a77b7b77fd97c3f773a05d50ceab7;0.8006201020928367;0.6622790081839214;0.8157667754906378;0.6526979734074365
False;False;True;False;False;False;True;False;False;True;True;0;False;False;False;True;0;False;False;True;False;0;False;False;False;False;False;0;24;False;0;False;0;6;True;False;False;a9ceb8b8fd7566767bfbae7b900a2a4995805294dd0c08e6cffb648fc6c49a91;0.8780275633191538;0.7621204091217516;0.8474583292128487;0.6857914587534713
True;False;False;True;True;False;True;False;False;True;True;0;False;False;False;False;0;False;False;False;False;0;True;True;False;True;True;0;18;False;0;False;0;6;False;False;False;e82de971e70aff3333fd6b3a3131d249fc0e33deef500067a0b9f98c223a33e4;0.1336002778257876;0.0840561227230399;0.3465465195304879;0.29730552551961453
False;False;True;False;False;False;True;True;False;False;False;0;False;False;False;False;0;True;False;False;False;0;False;False;False;True;False;0;0;False;0;False;0;6;False;False;True;d2550b05efaade198cc6669229d30a8dfcf99c1103b5c8098f864ebd5d1ed8c5;0.6622629293663257;0.5143965524157944;0.8105043043620236;0.6381076790562837
False;False;True;False;False;False;True;False;False;False;False;0;False;False;False;False;0;True;False;False;True;0;False;False;False;True;False;0;0;False;0;False;0;6;True;False;False;b33c7a0cbf37684ddd1479e6a25c5ce4c15d257c22d622c5700d39ed340d0734;0.607115595873608;0.4616389478679171;0.8450893056398733;0.6776558193831479
False;False;False;False;True;False;True;False;False;True;False;0;False;False;False;False;0;False;False;False;False;0;True;False;False;True;False;0;0;False;0;False;0;6;True;False;False;385652685527991d9164c13e478f8c0d41d02b79ad61b67d22175525072791d5;0.1083146656811662;0.0677562735802207;0.3512135086434485;0.29819166243567347
True;False;True;True;False;False;True;False;False;False;True;0;False;False;False;True;0;False;True;False;True;0;False;True;False;False;False;0;18;False;0;False;0;6;True;False;False;cb0f90cc5a86dc4ac528363e39e7d43b05a450520a984ee2e5a667fa5fd382bf;0.8803019219646644;0.7504590850050916;0.8795010490526949;0.7273930765883538
False;False;False;True;True;False;False;False;False;False;True;0;True;False;False;True;0;False;False;True;True;0;False;True;False;False;False;0;18;False;0;True;0;6;False;False;True;70e8ea8c1a82699face1219a2ee6c20c726ded8f7025ccc188ff1c9f1ba1d63e;0.7761401706475622;0.615213198210528;0.8999177438372307;0.7326904920451836
False;False;True;True;False;False;True;False;False;False;True;0;False;False;False;True;0;True;False;False;True;0;False;True;False;False;False;0;24;False;0;True;0;6;True;False;False;81f5eb0b9a3c2a5922e82d903467f054123d89cd0d0a73ad4f602d20ea6a8178;0.812156176284935;0.6594691527205779;0.8139465577993679;0.6340562330876172
True;False;True;True;False;False;True;False;False;True;True;0;False;False;False;True;0;False;True;False;False;0;False;True;False;False;False;0;24;False;0;False;0;6;True;False;False;773c731319dabbe3771c540f446cff2368d3b8b6f422f5d8898eca8036ada33b;0.8852100609472386;0.7704070358463364;0.8448469946158268;0.6835704637351646
False;False;False;True;True;False;True;False;False;True;True;0;False;False;False;False;0;False;False;True;False;0;False;True;False;True;False;0;18;False;0;True;0;6;True;False;False;0af6040ed01bc959682b2266ecc566c2708723d5a179ef6a1de31e385e50e9e4;0.7073349851041771;0.5454911937829907;0.8937061150972645;0.7273560917046219
False;False;True;False;False;False;False;False;False;False;False;0;True;False;False;True;0;False;False;False;True;0;True;False;False;False;False;0;0;False;0;False;0;6;True;False;False;7bcc049197b6889e1b3ff91cd7eb6d337de66be58b2c253f10844a4160f0ad6a;0.4020460262189075;0.3005351275351227;0.6490977991410273;0.5175248633803464
True;False;True;True;False;False;False;False;False;True;True;0;True;False;False;False;0;False;False;True;False;0;False;True;False;True;False;0;24;False;0;False;0;6;False;False;True;fcef5865f2a7cb0288e914d7d56bd0c5c7b44a1a66430acc0ca6eb2982885d87;0.8862305358892154;0.7724492422043366;0.8379483603563003;0.6766065216370251
True;False;False;True;True;False;True;True;False;False;True;0;False;False;False;True;0;False;False;False;False;0;True;True;False;False;True;0;24;False;0;False;0;6;False;False;False;18b9fc4b0aaad868c85c212be117abc7b6f8c87ae0385cfcf076d9906298f792;0.5214360916661638;0.4072589911156878;0.6591152638297165;0.5207264213097852
True;False;False;True;True;False;False;False;False;True;True;0;True;False;False;False;0;False;True;False;False;0;False;True;False;True;False;0;18;False;0;False;0;6;True;False;False;11d71adbc3c6090887a5b1e8669ca54f3d9e09aea3c5dc84cab71cbc559d3ef8;0.7363846804616249;0.5732172140316404;0.9046749473593364;0.74247975155784
False;False;True;True;False;False;True;False;False;True;True;0;False;False;False;True;0;False;False;False;False;0;True;True;False;False;False;0;6;False;0;True;0;6;False;False;True;d01f253e4cb0192071ab8b016cf02e3e4ccd3a77f74ca007f212af9aabb757ed;0.5148235195912134;0.4102728448735913;0.634052923713785;0.5139146474810481
False;False;False;True;True;False;True;True;False;False;True;0;False;False;False;False;0;True;False;False;False;0;False;True;False;True;False;0;24;False;0;True;0;6;True;False;False;dece43fa68dca76ac6398aa37dedbd2fdd7f05fa26de3713cc3fdfffdad8442a;0.7876899354594705;0.6280227479330168;0.8526309690968713;0.6646022119326254
True;False;True;True;False;False;True;False;False;True;True;0;False;False;False;True;0;True;False;False;False;0;False;True;False;False;False;0;18;False;0;False;0;6;False;False;True;faa66e85d6828f82a7445ab49eeb3cac7af2d1df738194a4251249fea2e2c24a;0.8705419510138833;0.7517038313640881;0.8521476141695613;0.7029288652825351
False;False;False;False;True;False;True;True;False;False;False;0;False;False;False;False;0;False;False;False;False;0;True;False;False;True;False;0;0;False;0;False;0;6;False;False;True;742e44986a4dbd047758798d776a4127bd75b585b6f783209a1afc2d78c62468;0.1036756759992746;0.0630735049607837;0.3294626475970009;0.27532570266337814
True;False;False;True;True;False;True;True;False;False;False;0;False;False;False;False;0;False;True;False;False;0;False;True;False;True;False;0;0;False;0;False;0;6;True;False;False;b0621d7b343e15da0bcef831f47d918efebdf051e46fadcef8849798ce7009c0;0.533369212166118;0.4081843679662938;0.8254271732428063;0.6638459309291194
False;False;False;False;True;False;True;False;False;True;True;0;False;False;False;False;0;False;True;False;False;0;False;False;False;True;False;0;18;False;0;False;0;6;False;False;True;46c2269910dfe0934441663fe204b97bd838e073053afe0ebdad5d45daa08a99;0.7314030273152643;0.570527982561006;0.8990618143098397;0.7352517492850812
False;False;False;False;True;False;True;False;False;True;True;0;False;False;False;True;0;True;False;False;False;0;False;False;False;False;False;0;6;False;0;False;0;6;False;False;True;61245aa765ec183c2956232b91b237e776417f3782cfe04e7f356126b69089ff;0.6754360488751606;0.5076977612221405;0.9046161522854953;0.7397383433808504
False;False;True;False;False;False;False;False;False;False;False;0;True;False;False;True;0;True;False;False;True;0;False;False;False;False;False;0;0;False;0;False;0;6;True;False;False;c2af952b7fcda428cee8525579803af13ca1496d70d5a4924bbdbd4a6c724c4a;0.6056221214660443;0.4600238409461609;0.8449140477566507;0.6778093348982847
False;False;True;False;False;False;True;False;False;True;False;0;False;False;False;False;0;True;False;False;False;0;False;False;False;True;False;0;0;False;0;False;0;6;True;False;False;6246915101cb4312f76f24f42a2bde489d9b2eee9143304bff6c8e7d094629bc;0.618897504464383;0.4847242099598112;0.8111534017743818;0.6503724592800311
False;False;True;False;False;False;True;True;False;False;True;0;False;False;False;True;0;False;False;True;False;0;False;False;False;False;True;0;18;False;0;False;0;6;False;False;False;93656f9b9ad69f4351f1762f1a656e754b1333938f71c4a9e98950f825356618;0.9036800457716984;0.7911030866692835;0.8093824599670089;0.6460330934023492
True;False;True;True;False;False;False;False;False;True;False;0;True;False;False;True;0;False;False;False;False;0;True;True;False;False;True;0;0;False;0;False;0;6;False;False;False;50883625989cced7218a700cb5a74578a884cac6fbe654fd8fce88229f80f537;0.3963454601454568;0.3056707282937748;0.6002785312325728;0.47865367743978576
False;False;True;False;False;False;False;False;False;True;True;0;True;False;False;False;0;False;False;False;False;0;True;False;False;True;False;0;24;False;0;False;0;6;True;False;False;33a472b81e57b67e5104dd97836ea543dd48fa43faa02c64628a7ade3fab573b;0.1698415358367387;0.1314478431316596;0.32627377954777187;0.3006441242745222
False;False;True;False;False;False;False;False;False;True;True;0;True;False;False;False;0;False;True;False;False;0;False;False;False;True;True;0;6;False;0;False;0;6;False;False;False;b2582ca393a012159017246176eb64a2b95506db1b16b31698631a044b15a8a5;0.7079195917018379;0.5694377419326793;0.8192437264412438;0.6619313586377601
True;False;True;True;False;False;False;False;False;False;True;0;True;False;False;True;0;False;False;True;True;0;False;True;False;False;False;0;18;False;0;False;0;6;False;False;True;fa62b9e3f8ecd384a91798f619747ccd2a247447c9c731152050b8e0fe405223;0.8884126061508165;0.7594879806332528;0.8762016352409674;0.7219073610410172
False;False;False;True;True;False;True;True;False;False;False;0;False;False;False;False;0;True;False;False;False;0;False;True;False;True;False;0;0;False;0;True;0;6;False;False;True;5ab4dc98d7d1b11a9503a0718d8f20f901e99773dd5bb8c499c83168d6afae1a;0.5422823995014379;0.4147965154430211;0.8265973695576321;0.6619730609814541
True;False;True;True;False;False;False;False;False;False;True;0;True;False;False;True;0;False;True;False;True;0;False;True;False;False;False;0;18;False;0;False;0;6;True;False;False;3adc3e8d4bbe9839feb19e719569848aae34127bedbcd6353220d95f177b5a48;0.8835185257080724;0.7535394871241108;0.8790330039201003;0.7265258876494529
False;False;False;False;True;False;False;False;False;False;True;0;True;False;False;False;0;True;False;False;True;0;False;False;False;True;False;0;24;False;0;False;0;6;False;False;True;62c57e1d5a9fe702ff20e60e1747c2ecc6d5a95e26ddcffb0f42f639af6700d3;0.7774782898888507;0.6275139278799833;0.8810750206161836;0.711378897941734
False;False;False;False;True;False;False;False;False;False;True;0;True;False;False;False;0;False;False;True;True;0;False;False;False;True;True;0;18;False;0;False;0;6;False;False;False;c737737150092a7be6ef3bc3c262677af2060f51fd29e157323c0f8cee4bff70;0.760873190179094;0.6059552315726048;0.890138717201498;0.7296548333598473
False;False;True;False;False;False;True;False;False;False;True;0;False;False;False;True;0;False;True;False;True;0;False;False;False;False;True;0;24;False;0;False;0;6;False;False;False;f23628be7902ce6d929ecdc709eacac9f009f42a2626c37758d820c166bde03e;0.8580644281342139;0.7265814781984993;0.8407752534768141;0.6653916592345274
True;False;True;True;False;False;True;False;False;True;True;0;False;False;False;False;0;False;False;True;False;0;False;True;False;True;False;0;18;False;0;False;0;6;True;False;False;705cebb9e8ec8dc6693689bd1e60aa09efc3fa33f6ed2a237e2189a8da98942d;0.8683020762802692;0.7489329757626182;0.8554584664633396;0.7070240367132803
False;False;False;True;True;False;True;True;False;False;True;0;False;False;False;True;0;False;False;True;False;0;False;True;False;False;False;0;24;False;0;True;0;6;False;False;True;f27bb448f3ffc25b4a25f0110d50c3e4b99aa8bd4eb2275181553aa6cf3a16fc;0.7900045272425802;0.630771904516244;0.8493373384612137;0.6607849259344111
False;False;False;True;True;False;True;False;False;False;True;0;False;False;False;True;0;False;True;False;True;0;False;True;False;False;False;0;6;False;0;True;0;6;False;False;True;e9369f292955df54c9488f3609fe62306c13f3e8d318c9d3d170c58d82e0c00f;0.7524238164252267;0.5879334518089631;0.9188964414053334;0.760096501478201
False;False;False;True;True;False;True;True;False;False;True;0;False;False;False;False;0;True;False;False;False;0;False;True;False;True;True;0;24;False;0;True;0;6;False;False;False;09b89acb416b12c16c3b38e02e26f1936a3f7dcf207aa27068f881d3dbe29124;0.765435971897374;0.6021489090379969;0.838289213974479;0.6467002325443232
False;False;True;False;False;False;False;True;False;False;True;0;True;False;False;False;0;False;False;False;False;0;True;False;False;True;False;0;6;False;0;False;0;6;False;False;True;fe62d6ed16492861fd1432b4c6a65b357dc9d43bef85a7e8314ff9b5dfa66f2a;0.1512469459027614;0.0974649142950667;0.30033846229640754;0.26061915464891944
False;False;False;False;True;False;True;False;False;True;True;0;False;False;False;True;0;False;False;False;False;0;True;False;False;False;False;0;24;False;0;False;0;6;False;False;True;c2df56dcc17fdcb6e1baba0270e6e90e7f7a55a1cef53f4787f2cb9a43faf82b;0.4627067120251403;0.3534555302275593;0.6845039036356457;0.553340268230924
True;False;False;True;True;False;False;False;False;False;True;0;True;False;False;False;0;False;False;False;True;0;True;True;False;True;False;0;18;False;0;False;0;6;False;False;True;a5cc50079a6a0390429ad8f2d371e6e9c87c1070244cdd70bbcb99d92412416b;0.150981780534346;0.0952542894055297;0.35914280168633334;0.31731528833359934
False;False;True;True;False;False;True;False;False;True;True;0;False;False;False;True;0;True;False;False;False;0;False;True;False;False;False;0;24;False;0;True;0;6;False;False;True;7a90e3edb3e282a148780d0b9ea7d289d555db0ffda6fda38ada56090ce506da;0.8062079171418362;0.674771249762021;0.7844394136880425;0.6163070861571682
True;False;True;True;False;False;True;True;False;False;True;0;False;False;False;True;0;False;True;False;False;0;False;True;False;False;False;0;6;False;0;False;0;6;True;False;False;df3f7a57d93a467b90e93d5bc174d7a9cc0309d10be92b7dceb6127c38e33113;0.7997760267378116;0.6562465478163653;0.8227431634208798;0.6601939394719966
False;False;False;True;True;False;True;False;False;False;True;0;False;False;False;True;0;True;False;False;True;0;False;True;False;False;False;0;24;False;0;True;0;6;True;False;False;6127911495b4aee6a2b4db858a91c294c48cb589f93beb4a4d89397583dcb700;0.7437512074954392;0.5796363970591286;0.8721268680538014;0.6897036851952243
False;False;True;False;False;False;True;False;False;True;False;0;False;False;False;True;0;True;False;False;False;0;False;False;False;False;False;0;0;False;0;False;0;6;True;False;False;c1a433acb48c125eb9bf6b9b537494ad8f7412d2f42b8da308ead622e998a6ac;0.6174764191734389;0.483653413174341;0.8111538265526402;0.6506702182759918
False;False;True;False;False;False;False;True;False;False;True;0;True;False;False;True;0;False;False;False;False;0;True;False;False;False;True;0;18;False;0;False;0;6;False;False;False;5569c9697f159263f91def245c796f38777a30916e43e6a712e45ab9cd07761d;0.5630922015963113;0.4548692867883214;0.595003866816845;0.4739996374104961
True;False;False;True;True;False;False;False;False;False;True;0;True;False;False;False;0;False;True;False;True;0;False;True;False;True;True;0;24;False;0;False;0;6;False;False;False;fac29f7db17871c4d52ec8572dba815ff3127ac5c542b943425896e361b8ebf1;0.7675377941515352;0.6139909059454488;0.8757131235226719;0.7010498567042643
False;False;True;True;False;False;False;True;False;False;True;0;True;False;False;False;0;False;False;False;False;0;True;True;False;True;True;0;6;False;0;True;0;6;False;False;False;8d586b738359d9e003fa28b37720067b1c487b30108c639d70101efb4f1c54d8;0.1721447565959853;0.1187700318622553;0.30219707430139264;0.2697968104696973
False;False;True;True;False;False;False;False;False;False;False;0;True;False;False;False;0;True;False;False;True;0;False;True;False;True;True;0;0;False;0;True;0;6;False;False;False;ff2a6cd454aa776e922e9d456e3a4e45155f54c8f3638f6bfbad2aedd1e7402a;0.5866317458513802;0.4452106229445121;0.8201713656560808;0.6526236652455046
True;False;False;True;True;False;True;False;False;True;True;0;False;False;False;True;0;True;False;False;False;0;False;True;False;False;False;0;6;False;0;False;0;6;False;False;True;7b21c66defff5ad9dc4508275fb4d1b05227ea037f0e5c7aea9b253cc115e814;0.6800899089820476;0.5131351702470534;0.9081076475698707;0.7446140246232826
False;False;False;True;True;False;True;False;False;True;True;0;False;False;False;False;0;False;True;False;False;0;False;True;False;True;False;0;24;False;0;True;0;6;False;False;True;71f8ac7d1d8921332cad666946c8f1b948dad0e4b91dc6b34ad5dfbbcf9a98fd;0.6973571686874882;0.5338041556682646;0.8755743371676229;0.6958841210890064
True;False;False;True;True;False;False;True;False;False;True;0;True;False;False;True;0;False;False;True;False;0;False;True;False;False;False;0;6;False;0;False;0;6;False;False;True;c6da64e68ab8952752177d9fb39749e913df6575b35dd008baefb2db403225c1;0.736955601129789;0.5718579531359986;0.8967103372756029;0.73642436655661
False;False;False;False;True;False;True;False;False;False;False;0;False;False;False;True;0;False;False;True;True;0;False;False;False;False;False;0;0;False;0;False;0;6;True;False;False;8d823ae1f5ab5bb5b3715b8e6e1827782f084b79b16ae643985bbd0b7b96c4af;0.5323469814210866;0.4101367413540515;0.8301322841664523;0.6710553585028474
False;False;False;False;True;False;False;False;False;False;True;0;True;False;False;False;0;False;False;False;True;0;True;False;False;True;False;0;18;False;0;False;0;6;True;False;False;ce9c7473ba82db08ba5d7b90b1cfd1588845f912c324885916883d9ad861c7f2;0.1536500504648319;0.0966433749637012;0.3612473399831686;0.31485263864774116
False;False;False;True;True;False;True;True;False;False;True;0;False;False;False;True;0;False;False;False;False;0;True;True;False;False;True;0;24;False;0;True;0;6;False;False;False;517fad76f61e43be9b40c526f5d106ff333819716297ed6d90f0fdf87b46f597;0.4932731064173297;0.3754093094513347;0.6404104507761458;0.4948906641965513
False;False;True;True;False;False;True;False;False;False;True;0;False;False;False;False;0;False;True;False;True;0;False;True;False;True;False;0;6;False;0;True;0;6;True;False;False;b92888fee98e46748fc120aac5c909e6240ccd5e32b95af98449c94243a15ab0;0.7599357630590263;0.6060228394327957;0.8433824505478318;0.6823503951917272
False;False;False;False;True;False;True;False;False;False;True;0;False;False;False;True;0;False;False;False;True;0;True;False;False;False;True;0;24;False;0;False;0;6;False;False;False;a26df7225efd6377336b8c1751f1551e578d73f1a6ccfa55bd3cbbd644882821;0.4780962791187151;0.3703582167401363;0.6625094868410204;0.529886313183531
False;False;True;True;False;False;True;False;False;True;True;0;False;False;False;False;0;False;False;False;False;0;True;True;False;True;True;0;6;False;0;True;0;6;False;False;False;82f4f6f5ccaad88b6fc9941b49dcbcee9c3d0af5e259a407f2e26e9010e03cb2;0.1624094431867533;0.1173917398612364;0.32131487503405687;0.29488526690532146
True;False;False;True;True;False;False;False;False;True;True;0;True;False;False;False;0;False;False;False;False;0;True;True;False;True;False;0;18;False;0;False;0;6;False;False;True;dda939709fc9632fe99194a55d57bd338523374867660e6e628deb085f8eec2e;0.1417293726354367;0.0892410702759224;0.35525338812663626;0.30590330377159003
False;False;False;False;True;False;True;False;False;False;False;0;False;False;False;True;0;False;False;True;True;0;False;False;False;False;False;0;0;False;0;False;0;6;False;False;True;cead097ad71c90ed496e29a1d5aeebec3328a15102ef7758f63b71bfbb248392;0.5333035652839839;0.4109361738759713;0.8270843040094094;0.6674742420736639
True;False;True;True;False;False;False;False;False;True;True;0;True;False;False;False;0;True;False;False;False;0;False;True;False;True;False;0;18;False;0;False;0;6;False;False;True;320b7b615ecfa3cb3918a1c71065aa6a7b186c1994cf99967b2fb86d6c0a169a;0.8744541001282551;0.7550977783114191;0.8507373181128074;0.7000807518817748
False;False;False;False;True;False;False;False;False;False;True;0;True;False;False;False;0;False;False;False;True;0;True;False;False;True;False;0;24;False;0;False;0;6;True;False;False;f90f7471236583cf7ca63a94605bef0ed50bffab470de9e42c00e4f4ec69f645;0.1500105663038541;0.0896320922175184;0.3532409669135144;0.3048493842811954
False;False;True;False;False;False;True;True;False;False;True;0;False;False;False;False;0;True;False;False;False;0;False;False;False;True;False;0;6;False;0;False;0;6;False;False;True;ddb6c0eb05ead39a2dcbc6d48819c366a2d851d18f833a89187366e303fb88bd;0.8039478751779642;0.6655201771780788;0.816275354071524;0.6527677315998655
False;False;False;True;True;False;False;False;False;False;True;0;True;False;False;True;0;False;False;True;True;0;False;True;False;False;True;0;18;False;0;True;0;6;False;False;False;27bebe95def04e9bbe88e650b41d1ddf7e240499600cbf526a4f5cf8f0a4c7b3;0.7517369593578219;0.5881679460745948;0.8860924633298352;0.71440775580634
False;False;False;True;True;False;True;False;False;False;False;0;False;False;False;False;0;False;False;False;True;0;True;True;False;True;False;0;0;False;0;True;0;6;False;False;True;66782d46340b01cecc38dc332dbba1507bdce450d15e55a7144672aff76b89c2;0.100427008209979;0.0624465557320716;0.33014471408749757;0.28238822596876534
False;False;False;False;True;False;True;False;False;False;False;0;False;False;False;True;0;False;False;False;True;0;True;False;False;False;False;0;0;False;0;False;0;6;True;False;False;b3f8cdde3b3534fa4ddd6c73feeb932e90de127c38bc09974805c0b546afb590;0.3710110803186605;0.2845939424178955;0.6623459174844488;0.5324197079019772
False;False;True;True;False;False;False;False;False;True;True;0;True;False;False;True;0;False;False;True;False;0;False;True;False;False;False;0;18;False;0;True;0;6;False;False;True;b101d0c391b0e72fc4657780e4a495a8050285d6f1f4adb4f1bfc988ed570d3d;0.8081563422173361;0.6781875064386945;0.7988962815276057;0.641827530620496
True;False;True;True;False;False;False;False;False;True;True;0;True;False;False;True;0;False;False;True;False;0;False;True;False;False;False;0;18;False;0;False;0;6;False;False;True;2536947e4059898f55d13f405afccc5ced1bf3144b5e3ff39facdfa42d489ddf;0.8715554425647138;0.7526985733178666;0.8514356020284152;0.7009868856278413
False;False;True;True;False;False;False;False;False;True;True;0;True;False;False;False;0;True;False;False;False;0;False;True;False;True;False;0;6;False;0;True;0;6;True;False;False;d78416c92fc4811f8e7ca40c799564dc1618469d649b148094b70fe89390cc26;0.7778569432235989;0.6410198004449976;0.8278597654205191;0.6760888269044786
True;False;True;True;False;False;True;True;False;False;True;0;False;False;False;False;0;False;True;False;False;0;False;True;False;True;False;0;6;False;0;False;0;6;False;False;True;46ef159e0f764067c303150434a08763ebdcf4f16ed84cd89461986a19503c60;0.807733393612154;0.664327818978236;0.8175277271427046;0.6530883386579551
False;False;False;True;True;False;False;False;False;True;False;0;True;False;False;True;0;False;False;False;False;0;True;True;False;False;False;0;0;False;0;True;0;6;False;False;True;c3c25344040e1400cce35ae033d1347ffe99a494cdc516094ad675b8b7d14ac4;0.3562910771519619;0.2737765286519444;0.6565372328832241;0.5322184467766535
False;False;True;False;False;False;False;False;False;False;True;0;True;False;False;False;0;False;False;False;True;0;True;False;False;True;True;0;18;False;0;False;0;6;False;False;False;77dc033a6de8049474d62a39b2bd62a76e21379fcf8faceb43e19feee00b7667;0.1620633270527245;0.1176732159686455;0.3257345722732925;0.30149469818039804
True;False;True;True;False;False;False;True;False;False;False;0;True;False;False;True;0;False;False;False;False;0;True;True;False;False;True;0;0;False;0;False;0;6;False;False;False;2576bee3e63c17f9a9eae6e38d96f747e61322f12e3ed34a3af3d0e90b51805d;0.4343576306091671;0.3283139097786981;0.6156364733366689;0.4834274075067656
False;False;False;False;True;False;True;True;False;False;True;0;False;False;False;False;0;False;False;False;False;0;True;False;False;True;False;0;6;False;0;False;0;6;False;False;True;cc5747a7052c9f5dddab56bc6ebfdde38138c60d32b0116d0a1780e8a170a0a3;0.1441865890644938;0.0847794301259277;0.3415569769396162;0.2921986268423244
False;False;True;True;False;False;False;True;False;False;True;0;True;False;False;True;0;False;True;False;False;0;False;True;False;False;True;0;24;False;0;True;0;6;False;False;False;0453b441746d20c897ce72a17b962c2e8bc4c3e607d6866ef36dd77380e75c96;0.8639886812501041;0.7324103811718811;0.7388452355292613;0.5586003663245092
False;False;False;True;True;False;True;False;False;False;False;0;False;False;False;True;0;False;False;False;True;0;True;True;False;False;False;0;0;False;0;True;0;6;True;False;False;d0ed79ead8b3b4c50c0a386b3f46c2d2b2a92e437dcdea30ef4913a57c77d975;0.3753452423139866;0.2884675648519801;0.6619798661587839;0.5295205416116772
False;False;True;False;False;False;True;True;False;False;False;0;False;False;False;True;0;False;True;False;False;0;False;False;False;False;False;0;0;False;0;False;0;6;True;False;False;1091e8efb4acc265e71b89034e465d19ec504386de6720fc1298bb1876b7dcdb;0.6575129571118631;0.5106785998795076;0.8149918621139199;0.6443085159962354
False;False;False;False;True;False;True;True;False;False;True;0;False;False;False;True;0;False;False;False;False;0;True;False;False;False;True;0;18;False;0;False;0;6;False;False;False;715750cc993d2829998c1d16b18dc64908e303873e07e590e42f79fbe8a852cb;0.5162313099807934;0.4016057191317801;0.6736355757368223;0.5407674941878353
False;False;False;False;True;False;True;False;False;True;False;0;False;False;False;False;0;False;False;False;False;0;True;False;False;True;False;0;0;False;0;False;0;6;False;False;True;6d74c30e553f35043e4e3c8a00b6fb8fe43d6fc39af64181823c564e82a8e4e0;0.1046509852726784;0.0641392998688331;0.3455987060014218;0.29274799209845614
False;False;False;False;True;False;False;True;False;False;True;0;True;False;False;True;0;False;False;False;False;0;True;False;False;False;False;0;18;False;0;False;0;6;False;False;True;69f17613feb928978a136e331dc1f14d109bca152afd69ff0505ea8d46272c35;0.5079851891008714;0.401252098523551;0.6643283932809453;0.5395178712569713
True;False;False;True;True;False;True;False;False;True;True;0;False;False;False;False;0;False;False;True;False;0;False;True;False;True;True;0;24;False;0;False;0;6;False;False;False;3165f5b3300ae0e267d282144e9481e5d33ca05539e7b3e68de4f57b0b922938;0.7156414513632673;0.5562334228911427;0.8831164261136234;0.7137740809590858
True;False;True;True;False;False;True;False;False;True;True;0;False;False;False;True;0;False;True;False;False;0;False;True;False;False;True;0;18;False;0;False;0;6;False;False;False;d8763feb088dccde5243216a2e856d942b00e050429e14f534add44190e5e8b4;0.8402762287966924;0.7191021462999413;0.840535677979434;0.688976075107954
False;False;False;False;True;False;True;False;False;False;False;0;False;False;False;False;0;False;True;False;True;0;False;False;False;True;False;0;0;False;0;False;0;6;False;False;True;d09b212d261a27ef72cf9f050ecd2b5792fd77636b8aab584614658b0bb52cd4;0.5350471227594906;0.4123096262772131;0.8271377858036589;0.6670756711251616
False;False;False;True;True;False;True;True;False;False;False;0;False;False;False;False;0;False;True;False;False;0;False;True;False;True;True;0;0;False;0;True;0;6;False;False;False;8fd5f18c33d0b6cde9ae7d90d8129d293db679d4d73a2d3027c5ba474d07ca1d;0.5276634154777411;0.4005965793179008;0.8165260986974296;0.651445069871907
False;False;False;False;True;False;True;False;False;True;True;0;False;False;False;False;0;False;False;True;False;0;False;False;False;True;True;0;18;False;0;False;0;6;False;False;False;27735d5e5766aa3cc9545dabb48038abfa8df48cccd1e51445b04306dd2a3c04;0.7085198189266979;0.5492922418544608;0.8889926354713625;0.724366467630203
True;False;False;True;True;False;False;True;False;False;True;0;True;False;False;False;0;False;True;False;False;0;False;True;False;True;False;0;24;False;0;False;0;6;False;False;True;fd302f70f7d847d16d62217ca6a954774995f92495b680328397d4a930cd6c68;0.8485181392349875;0.7061644812875185;0.875040399766835;0.7019065248960982
False;False;True;True;False;False;False;False;False;False;True;0;True;False;False;False;0;False;True;False;True;0;False;True;False;True;True;0;6;False;0;True;0;6;False;False;False;2233bf1a099ea00052c45c23ddffb5195c0e8b908ab2be5e13ebcaf9dd3c204f;0.7386635625480915;0.5855653980821937;0.8270652897355925;0.6622501059343188
False;False;True;False;False;False;True;False;False;True;True;0;False;False;False;False;0;False;True;False;False;0;False;False;False;True;False;0;24;False;0;False;0;6;False;False;True;21d0c7810ae297e7cfc0bcace8189f5c06b70362d9eda10314a4e5746b9ed6af;0.8829654224303796;0.7674047785671247;0.8435995898517096;0.6801018921427902
False;False;False;False;True;False;False;False;False;True;True;0;True;False;False;False;0;False;False;False;False;0;True;False;False;True;False;0;18;False;0;False;0;6;True;False;False;064656e1b4f291fd2e0080b36a3b72f5984d22d21e0e67e0f436f4086c587ea5;0.1444567764640206;0.0909338269478591;0.357777760414987;0.305267751405949
False;False;True;True;False;False;False;True;False;False;True;0;True;False;False;False;0;False;False;False;False;0;True;True;False;True;True;0;18;False;0;True;0;6;False;False;False;112e3be187eae8fadc0df161f903b7a4fa3c1449755b5f39948054bdb2469c1d;0.1689332511635429;0.1236148986000773;0.28727623334844604;0.25870465332162484
False;False;True;False;False;False;True;False;False;True;False;0;False;False;False;False;0;False;True;False;False;0;False;False;False;True;True;0;0;False;0;False;0;6;False;False;False;d88a9cd74349bd41424cd4faaafbf671a2aa19a26080e4d7a358c8d9c773f1b1;0.5975011422696375;0.4650044582787058;0.791411133058315;0.6291375762243844
False;False;False;False;True;False;False;False;False;False;True;0;True;False;False;True;0;False;False;False;True;0;True;False;False;False;False;0;24;False;0;False;0;6;False;False;True;330d1c1a00e0c4d2f502654ee06a8e59edbf04f7f53f82b8dc651f2c6b4c81ea;0.4678805596256196;0.3682150752316403;0.6520686129082277;0.5283321631264799
True;False;True;True;False;False;False;False;False;True;False;0;True;False;False;True;0;False;False;False;False;0;True;True;False;False;False;0;0;False;0;False;0;6;True;False;False;234bfb3ad509ab79e286d6f32bb361542a0b2a686df6ae49c6dd2ad28cd3234e;0.4108645796360698;0.3172537175055741;0.6208996138536766;0.49488518409050036
False;False;True;False;False;False;True;False;False;True;True;0;False;False;False;True;0;False;False;False;False;0;True;False;False;False;False;0;18;False;0;False;0;6;True;False;False;41998dcf4e59e0cf02e768dfb6215807db32899e28f592cb3e0ec688ba03d16d;0.5500319193525854;0.4494773448649695;0.6504164327688027;0.5313648701835575
False;False;False;False;True;False;True;True;False;False;False;0;False;False;False;False;0;False;False;True;False;0;False;False;False;True;False;0;0;False;0;False;0;6;False;False;True;b48d41f50e00bd7eef7869e86a606bff57b662cb03a47126eb1557b9acf38068;0.5352878015989716;0.4098299236778943;0.8235715630213445;0.6614421504415009
False;False;False;False;True;False;False;True;False;False;True;0;True;False;False;False;0;True;False;False;False;0;False;False;False;True;False;0;24;False;0;False;0;6;True;False;False;90b57473bfb160204a56d07830f2ea2aa3c8e5118f08a8cc4a647690b7797148;0.8254783179651185;0.6854882470754686;0.8738047463799387;0.7038112760083152
True;False;False;True;True;False;True;False;False;False;False;0;False;False;False;True;0;False;True;False;True;0;False;True;False;False;False;0;0;False;0;False;0;6;True;False;False;fe99da47da97a07e3e3798f760b331d2fbb573f8b17af74ac13fe0d97bbc5edf;0.5317319721049402;0.4100578277441223;0.8302744819225937;0.6728152204229494
True;False;False;True;True;False;True;False;False;False;True;0;False;False;False;False;0;False;True;False;True;0;False;True;False;True;False;0;6;False;0;False;0;6;False;False;True;2b2c6f6a031d5e90a22e67b112b16dbc44127878082558fdebce62bb30f13702;0.6945904766365286;0.5257506732094297;0.8997092079380774;0.7355387003648529
False;False;False;False;True;False;False;False;False;True;True;0;True;False;False;True;0;False;True;False;False;0;False;False;False;False;False;0;6;False;0;False;0;6;True;False;False;964ecfe267d78e1dd68a0d62a71421a2fd69c4c1b89bf6bb0c3f40a86c107dc5;0.6689487094442663;0.5008761807127291;0.9048353946691594;0.7399060068389061
False;False;False;True;True;False;True;False;False;False;True;0;False;False;False;False;0;True;False;False;True;0;False;True;False;True;False;0;18;False;0;True;0;6;True;False;False;587001df4cd1d9c2b85cb969103065aef2c3691c83c28e422592c626401cf92a;0.7710577348189901;0.6092710191394639;0.9015575736402626;0.7356579286479955
False;False;True;False;False;False;False;True;False;False;True;0;True;False;False;True;0;False;False;True;False;0;False;False;False;False;True;0;18;False;0;False;0;6;False;False;False;ebcf90cf62c71c9486d6079c36e41c09fafe12530af05a26aabf02de870f9e0d;0.907320274023744;0.7964340717243515;0.8085073551085544;0.6425751769259934
False;False;True;True;False;False;True;False;False;True;True;0;False;False;False;True;0;True;False;False;False;0;False;True;False;False;False;0;18;False;0;True;0;6;True;False;False;d9f11120474799d52d8862d943501f640aa9d07a34b695496d87a2a0d2bcdc82;0.8035841102655122;0.6729742560060936;0.8035192939019672;0.6486928343275028
True;False;True;True;False;False;True;False;False;True;True;0;False;False;False;True;0;True;False;False;False;0;False;True;False;False;False;0;6;False;0;False;0;6;True;False;False;1dac96c65a35d319ad11bf04084c4a257bc5e856c5aa8a76a9a7ddbc706f4600;0.7260097905671102;0.5890889415933138;0.8305952488987289;0.680220121815057
False;False;True;True;False;False;True;True;False;False;True;0;False;False;False;False;0;True;False;False;False;0;False;True;False;True;False;0;18;False;0;True;0;6;False;False;True;f43ff3e5da53a14c2ef8bf419e70aef860e6a1c7ec373391e6f3738df7f909dc;0.8870779080023066;0.7683667257564003;0.7766278585166908;0.6174572448860031
False;False;False;False;True;False;True;False;False;False;False;0;False;False;False;False;0;False;True;False;True;0;False;False;False;True;False;0;0;False;0;False;0;6;True;False;False;a9823f722ddef99d84405b3e15e100f300ed8a47051b04cd7a8f39dece6e3ca0;0.5326725609399595;0.4103424085943359;0.8296472485191835;0.6706333902613447
False;False;True;False;False;False;False;True;False;False;True;0;True;False;False;True;0;False;False;False;False;0;True;False;False;False;False;0;6;False;0;False;0;6;True;False;False;8eb1d19565138d9270bc305048662534319058d810cb80cc1d0b97ed90dd4970;0.5205912657227193;0.4138147085306921;0.6232543687928842;0.4993144503423679
False;False;False;False;True;False;True;False;False;False;True;0;False;False;False;True;0;False;False;True;True;0;False;False;False;False;False;0;18;False;0;False;0;6;True;False;False;4cecaf64841f082a50b9c9eefefcbab735c2cb1f5dd3ded676c66b98ec5e9273;0.7771016305638586;0.6230026910988964;0.9031042143979712;0.7458207021772346
True;False;False;True;True;False;True;True;False;False;False;0;False;False;False;True;0;False;True;False;False;0;False;True;False;False;True;0;0;False;0;False;0;6;False;False;False;9455938a7edb79d810921025ad87dcc04043e3132aef7c03d767a6354659e913;0.5233358222758088;0.3989214034257191;0.8143509216079939;0.6517878725535613
True;False;False;True;True;False;True;False;False;True;True;0;False;False;False;True;0;False;False;False;False;0;True;True;False;False;False;0;18;False;0;False;0;6;False;False;True;794a556ad5d202c0eb6a0e5f7be1b46e91a6c04212a13c5228beed81db537ea4;0.477485099593642;0.3654637194198547;0.7007849765848587;0.5707845190474445
False;False;True;True;False;False;True;True;False;False;False;0;False;False;False;True;0;True;False;False;False;0;False;True;False;False;False;0;0;False;0;True;0;6;True;False;False;51e35030e5583f689c1820acd8dc589f7d6c4e2015d03abfd0630262ff403534;0.6526695041540711;0.5077428223422567;0.8057685669641856;0.6335655780210038
True;False;False;True;True;False;True;False;False;False;False;0;False;False;False;True;0;False;False;False;True;0;True;True;False;False;False;0;0;False;0;False;0;6;False;False;True;f301befaabed48b058967bce4f90b84da3b9d87b788d5fd700bd95e5448e23c6;0.365503426419912;0.2810478266956149;0.65375532320148;0.5254819919234421
False;False;False;True;True;False;False;True;False;False;True;0;True;False;False;False;0;False;False;False;False;0;True;True;False;True;False;0;24;False;0;True;0;6;True;False;False;4c50c151a64033519936316dbcdeef7787d07e5f7506c0e052977f4327460b65;0.1588113363019822;0.0987089809255424;0.33799056511698256;0.2872703768936685
False;False;False;True;True;False;True;True;False;False;True;0;False;False;False;False;0;False;False;False;False;0;True;True;False;True;False;0;24;False;0;True;0;6;False;False;True;0966799f924034fc695ee183c2e12aeadbdd768123223cf222ee22f36d1538ea;0.1504266367700273;0.0936112768380606;0.3302778994901947;0.28340125246553205
False;False;True;True;False;False;True;False;False;False;True;0;False;False;False;True;0;False;False;False;True;0;True;True;False;False;False;0;24;False;0;True;0;6;False;False;True;b91762019573650e45a9dea0dec8b9ea452d137132e22698f093758a3ce1ad59;0.5218535825684457;0.40492405839192;0.6100717041431103;0.4728373276093815
False;False;True;False;False;False;True;False;False;True;True;0;False;False;False;True;0;True;False;False;False;0;False;False;False;False;False;0;24;False;0;False;0;6;True;False;False;69e4324ed70f4a9e297ff5771a198c90f376fae5cf451df57e646060a9a414b2;0.8774004922408601;0.7614868927994946;0.8471623514459834;0.6849772955423077
False;False;False;True;True;False;False;False;False;False;False;0;True;False;False;False;0;False;True;False;True;0;False;True;False;True;False;0;0;False;0;True;0;6;True;False;False;8d6b2eadb5deb3788f153d75175ddfa155d5ecf25c07f72f32eb6f3205046e49;0.5392099870032233;0.4154480772504378;0.8300954568414971;0.6678703067072581
False;False;True;False;False;False;False;False;False;True;True;0;True;False;False;True;0;False;True;False;False;0;False;False;False;False;False;0;18;False;0;False;0;6;False;False;True;58a4ac96fa69f6861fd00f896d6af7c7a3930cd50531f4a099c5f4fb18025cda;0.8624476469652079;0.7414120972855428;0.8519590172842771;0.6975746146133791
False;False;False;False;True;False;True;False;False;True;True;0;False;False;False;False;0;False;False;True;False;0;False;False;False;True;False;0;6;False;0;False;0;6;True;False;False;5c2f67aa03771b97377a926a2b9effa23ea470f8145cc074c61e041f58905afb;0.6717926125759255;0.5027924041799838;0.9064874446877773;0.7411889426727535
False;False;True;False;False;False;False;True;False;False;True;0;True;False;False;True;0;False;False;True;False;0;False;False;False;False;True;0;24;False;0;False;0;6;False;False;False;f577383156758aa5d7742c8787659e7216735bbb3860c170e467e9d717191a70;0.9400707261467256;0.8499794296835863;0.7968969666247809;0.6179987487275623
False;False;False;True;True;False;False;False;False;False;False;0;True;False;False;True;0;False;False;True;True;0;False;True;False;False;False;0;0;False;0;True;0;6;True;False;False;09624b95226af9f2b923991800034952429ea6b84558f932255baee93ca63340;0.5392514098751131;0.4157995505586534;0.8322868765727428;0.670526935965571
False;False;True;True;False;False;True;True;False;False;True;0;False;False;False;True;0;False;True;False;False;0;False;True;False;False;False;0;6;False;0;True;0;6;False;False;True;9d9e038d0da73f382aba1f35ddc11d901ff9566ed61399caff64418b221ed41b;0.8503130276535489;0.7138586362550772;0.8218962738252432;0.6616547889346311
False;False;True;True;False;False;False;False;False;True;True;0;True;False;False;False;0;True;False;False;False;0;False;True;False;True;False;0;24;False;0;True;0;6;True;False;False;030362bbc78dfffc7bd8301977af5903ab83e44debc5e8337125decba4d53541;0.8039096782421586;0.6727180963295036;0.7836600728569738;0.6151283736807266
False;False;True;False;False;False;True;False;False;True;False;0;False;False;False;True;0;False;False;True;False;0;False;False;False;False;False;0;0;False;0;False;0;6;True;False;False;5775afd5f1aaf4d643ddcca96ef2b134327fa20ee78cea4e1a8beefcc07851c4;0.6186120721883814;0.4840742929784719;0.8118179429301968;0.6508670742725283
False;False;False;False;True;False;False;False;False;True;False;0;True;False;False;True;0;False;False;False;False;0;True;False;False;False;False;0;0;False;0;False;0;6;False;False;True;94b43550df1d7f5b6e83d8a3d52a81099693a3077f843a0613dff7c5d991534d;0.3514972042042455;0.2699800012345059;0.6548068370180482;0.5326989072451637
True;False;False;True;True;False;True;False;False;False;True;0;False;False;False;False;0;False;False;True;True;0;False;True;False;True;False;0;18;False;0;False;0;6;False;False;True;10e1ef0b2393662580c2875bb8ade719578ea444357d96f0c709e74638938bad;0.7989069553851071;0.6426739558843008;0.9080776202514765;0.7485438967019296
True;False;True;True;False;False;False;False;False;True;True;0;True;False;False;True;0;False;False;False;False;0;True;True;False;False;True;0;6;False;0;False;0;6;False;False;False;8a5bc73da88d84d4177fb4b8996a3449298b9bd1204e9ef456d1630fa7a61773;0.4529199654796284;0.3581704669914527;0.6085498666799796;0.4935900857946522
False;False;True;True;False;False;False;False;False;True;True;0;True;False;False;False;0;False;True;False;False;0;False;True;False;True;False;0;6;False;0;True;0;6;True;False;False;313f741fa1a781b599d3db20da94b7e914928d5b5579950a49e6f178249f7843;0.7781006707450179;0.6411549938456022;0.8275099678805894;0.6756131166674095
True;False;False;True;True;False;False;False;False;False;True;0;True;False;False;True;0;True;False;False;True;0;False;True;False;False;False;0;24;False;0;False;0;6;False;False;True;2cc76d6f46de36e1d8b6b086337c1f240dfdc2e049bc713cc4fd9e9564f2027a;0.7910836855661676;0.6383444397148412;0.8860219017945136;0.7159232769220694
True;False;True;True;False;False;False;False;False;True;True;0;True;False;False;True;0;False;True;False;False;0;False;True;False;False;False;0;6;False;0;False;0;6;False;False;True;2010b7da97aece84232d1d3132799d0047f8360dfa510785e136e04038898f43;0.7295263338828787;0.5915354385426111;0.8280054424924691;0.674674909876255
False;False;False;False;True;False;False;False;False;False;False;0;True;False;False;False;0;True;False;False;True;0;False;False;False;True;True;0;0;False;0;False;0;6;False;False;False;49c0bb17e4d4f6e0dbd8d01cac09f73a8ca3a50b4b359e8ab51f5f3259b1789e;0.5215083512738109;0.4004458283010429;0.8185967048266916;0.6581935937422335
True;False;True;True;False;False;True;False;False;True;True;0;False;False;False;False;0;True;False;False;False;0;False;True;False;True;True;0;6;False;0;False;0;6;False;False;False;7a92e58d91c23f17c07e969bee38b27872bdc9aa08e38e274c5877421e94be1a;0.7077960357598427;0.5686146328101883;0.8171818018733007;0.6637433717901094
False;False;True;True;False;False;False;False;False;False;True;0;True;False;False;False;0;False;False;True;True;0;False;True;False;True;False;0;18;False;0;True;0;6;True;False;False;b755ad9fd8dbf829ef4cafc352c012b8f8abe8b2928189d0af25f33ca74af373;0.8162536433308832;0.6692326447903306;0.8339991884697728;0.6723986541949106
True;False;True;True;False;False;False;False;False;False;True;0;True;False;False;False;0;False;False;True;True;0;False;True;False;True;True;0;18;False;0;False;0;6;False;False;False;7bba7ee59ef7bb5379f83f457e8b09fedaf17a4f345166de8b603ea7723039a7;0.8587357993037839;0.724851723137769;0.8633038288880718;0.7109353355771046
False;False;True;False;False;False;False;True;False;False;True;0;True;False;False;False;0;False;True;False;False;0;False;False;False;True;True;0;18;False;0;False;0;6;False;False;False;127b969509d273a745cd11d160f50a3ce762ec6147bf47313f91d4b06f736f98;0.9091471485670016;0.7991362932234498;0.8078972591856264;0.642739072579939
False;False;True;True;False;False;True;True;False;False;False;0;False;False;False;True;0;False;False;True;False;0;False;True;False;False;False;0;0;False;0;True;0;6;True;False;False;0bee021c811cea7909ff042eb15af09db9ff5b816b92b04e874f40ac7e077ac2;0.6544255646685522;0.50888408170899;0.8071342046926474;0.6346081690508868
True;False;True;True;False;False;False;True;False;False;True;0;True;False;False;False;0;True;False;False;False;0;False;True;False;True;False;0;18;False;0;False;0;6;True;False;False;d0f45da0202babf22f2fd78c0d0f11658e51b065209e47d3bacc2b27aa341951;0.9528650283035076;0.8652517099486753;0.8257214947113192;0.6687870994088557
False;False;True;False;False;False;True;False;False;True;True;0;False;False;False;False;0;False;False;True;False;0;False;False;False;True;False;0;24;False;0;False;0;6;False;False;True;a4885cd3eb15edea408ee7a96b26ef989e1e2e54791ce4cc2e9c51d9e92164d3;0.8810622296930785;0.7660086883206272;0.8435299344992863;0.6804059381956038
True;False;True;True;False;False;True;False;False;True;False;0;False;False;False;False;0;False;True;False;False;0;False;True;False;True;False;0;0;False;0;False;0;6;True;False;False;4f5d3373a84c7a07b2581c242af411e1cebb1b2e896f7783ce6e7a45a06cb9b4;0.6189247479976725;0.4856361892151564;0.8104516505956925;0.6507141696811726
False;False;False;False;True;False;False;True;False;False;True;0;True;False;False;False;0;False;True;False;False;0;False;False;False;True;False;0;6;False;0;False;0;6;True;False;False;284cbf169c0862efd1204c9a8d243a110a8b16c9f56a4a1780533d522f562ec1;0.728246400172811;0.5624891767378591;0.8931237712490165;0.7322481857512976
False;False;True;True;False;False;True;False;False;True;True;0;False;False;False;False;0;False;True;False;False;0;False;True;False;True;True;0;6;False;0;True;0;6;False;False;False;a84eced8fe5f408afaf79d2df68d7a8f0ea23192a9d55ddf5a238c192580ec36;0.7568500598232942;0.6183845628486894;0.8137977729081913;0.6600522981872168
False;False;False;False;True;False;False;True;False;False;True;0;True;False;False;True;0;True;False;False;False;0;False;False;False;False;False;0;6;False;0;False;0;6;False;False;True;4a5ae0b6d8dd9f448815dd08d8f8cc11aa2afa01add261109d645469e3fb9c46;0.7311847415983049;0.5678400349060795;0.890104201108039;0.7277375122871134
False;False;True;True;False;False;False;False;False;False;True;0;True;False;False;False;0;False;False;False;True;0;True;True;False;True;False;0;18;False;0;True;0;6;True;False;False;c4fcbbd7e266a977e3c935dc557b2309eedad5000d32dc36dc0da299b1d043b8;0.1726855348628437;0.1234518542951228;0.3337163699037395;0.3032254878083152
False;False;False;False;True;False;True;False;False;True;True;0;False;False;False;True;0;False;False;True;False;0;False;False;False;False;True;0;18;False;0;False;0;6;False;False;False;95e4da8c3f96911978cd9744c35e4d453a22d2aee606041f67dabc943288da64;0.7058258340435687;0.5460246487432523;0.8869797401979346;0.722472228402172
False;False;True;True;False;False;False;False;False;False;True;0;True;False;False;True;0;True;False;False;True;0;False;True;False;False;False;0;6;False;0;True;0;6;True;False;False;024cb68d834b4193f2a790cf4b7ec1c6f1f750693fafb0cffce3291f6c775adf;0.7581623805729393;0.6044605382931932;0.8426115662780631;0.6818051781880339
False;False;True;False;False;False;True;False;False;True;True;0;False;False;False;True;0;False;False;False;False;0;True;False;False;False;False;0;18;False;0;False;0;6;False;False;True;0c4787500cb049f40e1c39e3f249519acedcc75137db07c8fcc1191178fcecf9;0.5401207918497754;0.4406720159392914;0.6403939606731199;0.5217456928335656
False;False;False;True;True;False;False;True;False;False;True;0;True;False;False;False;0;False;True;False;False;0;False;True;False;True;True;0;24;False;0;True;0;6;False;False;False;2a567044cde14883915a744877afa3f13b8e83ebe70c79b8b67e0d1fc0fd5c42;0.7647952929627464;0.6022529604541703;0.8344298531597664;0.6429449594376282
False;False;False;True;True;False;False;False;False;True;True;0;True;False;False;False;0;True;False;False;False;0;False;True;False;True;False;0;24;False;0;True;0;6;False;False;True;74613f98aa2e09851a6792e02c5279a8ac8c52cad7145c65793de56fe808eec7;0.6969618942917537;0.5328077437943572;0.8747696408475376;0.694134440487492
False;False;True;False;False;False;True;False;False;True;True;0;False;False;False;True;0;True;False;False;False;0;False;False;False;False;False;0;24;False;0;False;0;6;False;False;True;bfae8cd1ad5c0567df2dd5e1baddc78aff2768607efe6d213af6271c205c654e;0.8797209165137803;0.7643700959114619;0.843335313494118;0.6798201972689949
False;False;True;False;False;False;False;True;False;False;False;0;True;False;False;False;0;False;True;False;False;0;False;False;False;True;False;0;0;False;0;False;0;6;True;False;False;887f3a8ec9bb1086819c445f5cf5896d6d34bfc912d337bfd0bd711dec993371;0.6586400791840067;0.5111260957782499;0.8144007801860127;0.6432329641681905
True;False;True;True;False;False;True;True;False;False;True;0;False;False;False;False;0;False;True;False;False;0;False;True;False;True;False;0;24;False;0;False;0;6;True;False;False;cd7a51c95114dc6dc3917415952e077d50890a463d8014cc745f1ec5559f2520;0.9944482213027328;0.973094131611154;0.8177855362347176;0.6493595749825921
False;False;True;False;False;False;False;False;False;False;False;0;True;False;False;True;0;False;False;False;True;0;True;False;False;False;True;0;0;False;0;False;0;6;False;False;False;ed55c60aa2c51022baf4fa85371c78da1d5b4902e16e74895dceb2504b7c7b5e;0.3908089370399335;0.2915361277941861;0.629390053799841;0.5013322716151284
True;False;True;True;False;False;False;False;False;False;False;0;True;False;False;True;0;False;True;False;True;0;False;True;False;False;False;0;0;False;0;False;0;6;False;False;True;b02692efc50ee1932facb7bb6a291b9f4887c09f90f8fe695c851b9a349161f4;0.6074247956217771;0.4620076037472794;0.8416299513106086;0.6741207973334508
True;False;True;True;False;False;False;True;False;False;True;0;True;False;False;False;0;False;False;False;False;0;True;True;False;True;False;0;18;False;0;False;0;6;False;False;True;f77958a1973e5b3ccf0fa410625f93023f3d0d2f630416dc3bb14c27e7017f3c;0.1726891939273449;0.1252545007158404;0.3008102628770186;0.2696702073455104
True;False;True;True;False;False;False;False;False;False;True;0;True;False;False;False;0;False;False;True;True;0;False;True;False;True;False;0;6;False;0;False;0;6;False;False;True;51ef560bd7bd41af45ceb9b4d7af22c15aa604b1122877a8f606129e8f1ec0ed;0.7156297147416517;0.5635532616716962;0.8396638160840628;0.6778407676151341
False;False;True;False;False;False;False;True;False;False;True;0;True;False;False;True;0;True;False;False;False;0;False;False;False;False;True;0;24;False;0;False;0;6;False;False;False;ce36597e1737323d5f504aaad94ee0f8e92780c7231b01bd19cabcb618fb8fce;0.9415713662384664;0.8520779349526914;0.7959283365435139;0.6180338470520214
True;False;False;True;True;False;False;False;False;True;True;0;True;False;False;True;0;True;False;False;False;0;False;True;False;False;False;0;24;False;0;False;0;6;False;False;True;f92e82811ac20b17d36479673b8905a5b0f0c5f078901da5b315ff92361cfc88;0.7362519217172929;0.5773348307498776;0.8924290354488913;0.7244825057570662
False;False;False;False;True;False;True;False;False;False;True;0;False;False;False;True;0;False;True;False;True;0;False;False;False;False;False;0;18;False;0;False;0;6;False;False;True;6a5d27873b158b961b2d9b1eb9c82946fe378f8916aa253c838c7748fdb4a9e3;0.7812751162327859;0.6294292559766304;0.9011994439206278;0.7433511653312289
False;False;True;False;False;False;True;False;False;False;True;0;False;False;False;False;0;True;False;False;True;0;False;False;False;True;False;0;24;False;0;False;0;6;True;False;False;c3afdac9bcfc6244cfc2571c24242d1e21ed9401203fd58c9eaf1e94cfd8ff16;0.8896237040094735;0.7651044131006667;0.8597409221942768;0.6922543371185723
True;False;False;True;True;False;True;True;False;False;False;0;False;False;False;True;0;False;False;False;False;0;True;True;False;False;True;0;0;False;0;False;0;6;False;False;False;388aeec45e93b66368ebd616e9bf728e400c54dc7abc361b437a2faabaffad0e;0.3681607347335159;0.2767644095756996;0.6484459865058921;0.5166823459914255
False;False;True;False;False;False;False;False;False;False;True;0;True;False;False;False;0;True;False;False;True;0;False;False;False;True;False;0;18;False;0;False;0;6;True;False;False;54c04b68a14d698eb7c708f158615a70b3a3d2463a8cbd8b50f497ae3a00cb9e;0.8733400532995795;0.7424502353991345;0.8781157408961822;0.7219892114127168
False;False;True;False;False;False;False;True;False;False;True;0;True;False;False;True;0;False;False;True;False;0;False;False;False;False;False;0;24;False;0;False;0;6;True;False;False;6837437fd4f4160f179a9a9358fa4375c52819fc924a74cd404f2b47b8d7535a;0.9755902546236094;0.9206240111799386;0.8161052126733802;0.6426576889894565
False;False;True;False;False;False;True;False;False;True;False;0;False;False;False;False;0;False;True;False;False;0;False;False;False;True;False;0;0;False;0;False;0;6;True;False;False;b5507fc8454a49a7bca06768423ae07d189af0f52a7d01f6f4b1662c988e190e;0.6188190322323496;0.4846810970483046;0.8111730236534712;0.6505114250510751
True;False;False;True;True;False;True;True;False;False;False;0;False;False;False;True;0;False;True;False;False;0;False;True;False;False;False;0;0;False;0;False;0;6;True;False;False;8d14750c36d3f7e2075a8556cec37961016d6a0f3dc88641ef74e562a08f7495;0.5325161563842399;0.4079770452414271;0.8262976594399082;0.6653767825756469
False;False;True;True;False;False;True;False;False;True;True;0;False;False;False;False;0;False;False;True;False;0;False;True;False;True;False;0;18;False;0;True;0;6;False;False;True;ba627dfdd52d0df4aed1df281fe6662374735397d53e44a16e7cf28828ec140f;0.8079369759661017;0.6775306789669254;0.8009027578647574;0.6451305023352187
False;False;True;True;False;False;True;False;False;False;True;0;False;False;False;True;0;False;False;True;True;0;False;True;False;False;False;0;24;False;0;True;0;6;False;False;True;ab26398b454666ce62aa1f9af4fc913bd23521399be918a58505cbc29752e6ef;0.8154814883566547;0.6622232155007929;0.8106728814105326;0.6301753611300146
False;False;True;False;False;False;True;False;False;True;True;0;False;False;False;True;0;False;False;True;False;0;False;False;False;False;False;0;6;False;0;False;0;6;True;False;False;8efa32a734abf70eccc00c18cc3b4e497a2c5f44d434ebfcbde4845d95db217f;0.7278682301521309;0.5920593395925453;0.8343157692139402;0.6810919591989907
True;False;True;True;False;False;False;False;False;True;True;0;True;False;False;False;0;False;False;True;False;0;False;True;False;True;False;0;6;False;0;False;0;6;True;False;False;665dd71ff8e7987e999141258e8fa548f7ac8975b4ab1e40704949b1261f2a15;0.7267778340804995;0.588798850432852;0.8308799342332774;0.6791158579720687
False;False;True;True;False;False;False;False;False;False;True;0;True;False;False;True;0;False;False;True;True;0;False;True;False;False;False;0;18;False;0;True;0;6;True;False;False;052be3f3ddcf42c5ad37084838feed488a4fa720ac890a10bc70de1b6d77f28b;0.815572063036237;0.6688675785143483;0.8352451798918278;0.6740131727251502
False;False;False;True;True;False;True;False;False;False;True;0;False;False;False;False;0;False;True;False;True;0;False;True;False;True;False;0;18;False;0;True;0;6;True;False;False;bba90ba2d6d7dd98b9371d9d88070e170bc36dd2acd5558850c3e5cbbc5c7366;0.7710038642079129;0.6091647931908776;0.9015444404555283;0.7357448689222268
True;False;True;True;False;False;True;False;False;False;False;0;False;False;False;False;0;True;False;False;True;0;False;True;False;True;False;0;0;False;0;False;0;6;False;False;True;eef9e749fc1d82db9770875f19460061b721b75d23c62f51e26f351b5ccba341;0.6091374700625519;0.4633940301527214;0.8407121089557597;0.6734215685298249
False;False;False;False;True;False;False;False;False;True;True;0;True;False;False;False;0;False;False;True;False;0;False;False;False;True;False;0;6;False;0;False;0;6;False;False;True;3db311b963c53b5fe08060d0e3e79c04dbbf5b61324ba3fb16564714604458da;0.6753848932833888;0.507519915905144;0.9051760384471563;0.7399032219219072
False;False;True;True;False;False;True;False;False;False;False;0;False;False;False;True;0;False;False;True;True;0;False;True;False;False;False;0;0;False;0;True;0;6;True;False;False;8ab9ec0d2d75b58d2d5785f76b0e51807bc92e6cbcbeb9c0c914e6bfc4aaa4e8;0.6056608109437022;0.4596661196987911;0.8395162747508634;0.6707521439813178
True;False;True;True;False;False;True;True;False;False;True;0;False;False;False;False;0;False;True;False;False;0;False;True;False;True;True;0;18;False;0;False;0;6;False;False;False;d983923d8bb80c87af83c57627a3053d3e3cfb45d3d51ec30bf117775d4c62a6;0.918936745607824;0.8163952717521212;0.8091917056157749;0.6519131944283518
True;False;True;True;False;False;False;True;False;False;True;0;True;False;False;False;0;True;False;False;False;0;False;True;False;True;False;0;6;False;0;False;0;6;True;False;False;5831146186018fd3933f72943bc63d8cf4327627e317879f1f559f3803369495;0.8019822516972697;0.6578815598305784;0.8237074132697527;0.6609394796326664
True;False;True;True;False;False;True;True;False;False;False;0;False;False;False;False;0;False;True;False;False;0;False;True;False;True;False;0;0;False;0;False;0;6;False;False;True;3ea2c2cce62ce5f08c4092c6f184498dab2541cd4a0e3a0b6db4690639237d03;0.6647512081545154;0.5171677448370025;0.8124143621705022;0.6397586661872492
True;False;False;True;True;False;False;True;False;False;True;0;True;False;False;True;0;False;True;False;False;0;False;True;False;False;False;0;18;False;0;False;0;6;False;False;True;4217b73e728d336d452df6739976df449cb5ebaaf50da4bfe14a77e5d26da29a;0.8443482685262085;0.6973043956938398;0.8952550694037111;0.7290709362978247
True;False;True;True;False;False;True;False;False;True;True;0;False;False;False;False;0;False;True;False;False;0;False;True;False;True;False;0;6;False;0;False;0;6;False;False;True;9169e6b1d07772b081de640b6706418ca87270a2f9d252625b2dd685cd52ce47;0.7336217144067767;0.5958198584821013;0.8286890052783588;0.6755931833414911
True;False;False;True;True;False;True;True;False;False;True;0;False;False;False;True;0;True;False;False;False;0;False;True;False;False;False;0;24;False;0;False;0;6;True;False;False;c4074c0987329db8f063465daf3aa58e99d3f765cd3104414ed27c33930635ae;0.8418294572745006;0.7010132791198981;0.8801848925505474;0.7117392350621256
False;False;False;True;True;False;True;False;False;True;True;0;False;False;False;True;0;False;False;True;False;0;False;True;False;False;False;0;18;False;0;True;0;6;False;False;True;0e21f02117104302b9b3e5f2d47192e0403afc2ee6e87969a308b66629df9e9c;0.7103761724492126;0.5480652223578618;0.891529905686524;0.7237190412624044
False;False;True;False;False;False;False;False;False;False;True;0;True;False;False;False;0;False;False;True;True;0;False;False;False;True;False;0;18;False;0;False;0;6;False;False;True;07c3ad2192ed2554ed61d769f4f679f34ba4a4894690049675f82bdb8c34b180;0.8762032497806161;0.7452374483970736;0.8732794328262838;0.7150469330252684
True;False;False;True;True;False;True;False;False;True;False;0;False;False;False;True;0;False;False;False;False;0;True;True;False;False;False;0;0;False;0;False;0;6;False;False;True;f3cf4077d544bec4951c2921ba1b9d8cab2682bf05d66d407764cc6f0117b7f8;0.3654019123688159;0.2813646147723676;0.6713066437217061;0.5463132810887981
True;False;True;True;False;False;True;True;False;False;True;0;False;False;False;True;0;True;False;False;False;0;False;True;False;False;True;0;24;False;0;False;0;6;False;False;False;14b7ca53b2edb22a716c59fcbc26e1b2ee69a1c380007896bd193a9e8fcbb628;0.9574477075432546;0.8819595157417773;0.7990240850635668;0.6266898422089061
True;False;False;True;True;False;True;True;False;False;False;0;False;False;False;True;0;True;False;False;False;0;False;True;False;False;False;0;0;False;0;False;0;6;True;False;False;1e16c5562c6b8e68a599cdcd276e2aa9ce4d3254768836ca88414535ad960e37;0.5318078558916287;0.4067378363202899;0.8252722818471869;0.663435621820553
True;False;True;True;False;False;True;False;False;False;True;0;False;False;False;True;0;False;False;True;True;0;False;True;False;False;False;0;24;False;0;False;0;6;False;False;True;6ef41330817400568daed357344533ef4fd499b5043cce277433bf7c33cd25f9;0.9054492664160524;0.78289883137837;0.8572220596040362;0.6908001048832207
False;False;True;False;False;False;False;True;False;False;False;0;True;False;False;True;0;True;False;False;False;0;False;False;False;False;True;0;0;False;0;False;0;6;False;False;False;19cceec9d20c47e8d9388b62775b298761d443a2e712c470ce7f4af4795a1826;0.6357247650420721;0.4930244033103281;0.7946625912896194;0.6246680462866735
True;False;False;True;True;False;False;False;False;True;True;0;True;False;False;False;0;False;True;False;False;0;False;True;False;True;True;0;24;False;0;False;0;6;False;False;False;274020c232a35dd1f4b4a4c7d3675c752e2a8b430c4afe4974d2f2810c5f5079;0.7161007352774642;0.5584427787691355;0.8833077645803504;0.7139522296351085
True;False;False;True;True;False;True;True;False;False;True;0;False;False;False;False;0;False;False;False;False;0;True;True;False;True;True;0;18;False;0;False;0;6;False;False;False;ea7e0db61b7d98966795de6873bd4eba3bc1cc651d726235c866207ad438df7c;0.1493121204975081;0.0957267804147468;0.340134717209233;0.29408798512436646
False;False;False;True;True;False;False;False;False;True;True;0;True;False;False;True;0;False;True;False;False;0;False;True;False;False;False;0;24;False;0;True;0;6;False;False;True;635aea817061293a32e529ef641a2a0cfb9fe0b4190c7ff4960f376560c87bd7;0.6948356960997237;0.5308943619654052;0.8739206270267683;0.6933850921536753
False;False;True;True;False;False;True;True;False;False;True;0;False;False;False;False;0;True;False;False;False;0;False;True;False;True;True;0;24;False;0;True;0;6;False;False;False;b9e362899aefc2c4419bf8680f4d4619118ce1c619cf08bcbac128410657d650;0.8660426742213436;0.734058927354028;0.7467776150031165;0.5670598563555371
True;False;True;True;False;False;True;False;False;False;True;0;False;False;False;True;0;False;False;True;True;0;False;True;False;False;False;0;18;False;0;False;0;6;True;False;False;b12706a46c0684de6e9f5c09a9530ab66bffa773f49eb7789fd0e2e3aa381c09;0.8812208809362165;0.7506154082683971;0.8791175201496088;0.727386543912411
False;False;False;True;True;False;False;False;False;True;True;0;True;False;False;False;0;False;False;False;False;0;True;True;False;True;True;0;24;False;0;True;0;6;False;False;False;11ef93354085d3cec06e2acabfba63585da2d209b94d1b172f63fd16f10f3772;0.1363122325889595;0.0769742185968449;0.34503542935142983;0.2886957058818925
False;False;True;True;False;False;False;False;False;False;True;0;True;False;False;False;0;False;True;False;True;0;False;True;False;True;False;0;18;False;0;True;0;6;True;False;False;2333a18994e7c4fc82446f5197997e72ece58ed50b7911b7da3d21da03f0ad8f;0.8166083718874791;0.6697201974737014;0.833557664923368;0.6723510583794234
True;False;True;True;False;False;False;False;False;False;True;0;True;False;False;False;0;False;False;False;True;0;True;True;False;True;False;0;24;False;0;False;0;6;False;False;True;44d35435b10119f3f50a962c87ff487778430984fe0ecda140a1a54f808bc748;0.1643969138365149;0.1162016426175741;0.32380579110417784;0.3002148018740434
False;False;False;False;True;False;False;False;False;True;True;0;True;False;False;False;0;True;False;False;False;0;False;False;False;True;True;0;18;False;0;False;0;6;False;False;False;d830ca2e6bcc881322dc9716eb941a19218019df0f4aed73baa65afb8ebfcec1;0.7110827565303488;0.5508630597727545;0.8896145645255241;0.724555046376968
False;False;True;True;False;False;True;False;False;True;True;0;False;False;False;True;0;False;True;False;False;0;False;True;False;False;False;0;18;False;0;True;0;6;False;False;True;9018c8bda0b408ab638726fc90aacaef557815d678cfed68ce1524a4d5007e9c;0.8052572348571861;0.6752230782497473;0.8008258875701707;0.6452903161466628
True;False;True;True;False;False;False;False;False;True;True;0;True;False;False;True;0;False;True;False;False;0;False;True;False;False;False;0;18;False;0;False;0;6;True;False;False;1cb9087a8774da5b993f5e68105f91a2e689b2a69301b73c98499088c11c83b1;0.8674535655208703;0.7476528691164256;0.8535850960871564;0.7037782989964783
False;False;True;False;False;False;False;False;False;True;True;0;True;False;False;True;0;False;False;True;False;0;False;False;False;False;False;0;18;False;0;False;0;6;False;False;True;36409855586faacc4442ff8f04a4bebb7ce6a9f9e1d02b462a68b535da97cd2b;0.8626688631319499;0.7419546730413037;0.8532605311618476;0.6995783043359585
False;False;True;False;False;False;True;False;False;True;False;0;False;False;False;False;0;False;False;False;False;0;True;False;False;True;False;0;0;False;0;False;0;6;True;False;False;9f051cbd84424e7281df26a3a247b03e3a4ff14a5c57dc104ce8a36d2bdf6e4a;0.1487621889589132;0.0990896948441693;0.3464695794196195;0.2943871233496797
True;False;True;True;False;False;True;True;False;False;True;0;False;False;False;True;0;False;False;True;False;0;False;True;False;False;False;0;18;False;0;False;0;6;False;False;True;ec90554f023e15ad9070511883960b00c6a716e88dedb112e896232178f752fb;0.9515128428543966;0.8628770117317497;0.8208661808190595;0.6641218605244299
False;False;True;True;False;False;True;False;False;True;True;0;False;False;False;False;0;True;False;False;False;0;False;True;False;True;False;0;24;False;0;True;0;6;False;False;True;c1a8e9ab7dd2b7035b0a0f104261d31ad27930ac9d571dee67c24fc17a0af67d;0.8089449415510169;0.6772145310939026;0.7845374167916614;0.6162879007112171
False;False;False;False;True;False;False;True;False;False;False;0;True;False;False;False;0;False;True;False;False;0;False;False;False;True;True;0;0;False;0;False;0;6;False;False;False;29f859743a41d23b5360d4c981930eecf94bb160036c4c0953295d1192203123;0.5207936875996143;0.3970104009348085;0.8128412810631666;0.6508244715695034
False;False;True;False;False;False;True;False;False;True;True;0;False;False;False;False;0;False;True;False;False;0;False;False;False;True;True;0;6;False;0;False;0;6;False;False;False;6ce01800c088300b05a96044b586a2eea4a10be74f8b165bca5592d923ad0656;0.7099142142554928;0.5720446758298185;0.8205467971987151;0.6640121527559477
True;False;True;True;False;False;True;False;False;True;True;0;False;False;False;False;0;True;False;False;False;0;False;True;False;True;False;0;6;False;0;False;0;6;True;False;False;e69abb3baa2d79ad5397987030abdee5052412a3221ee5d020de236746945c1b;0.7280767664814606;0.5907504665969898;0.8309428057206324;0.679877698300361
False;False;True;True;False;False;False;False;False;True;False;0;True;False;False;True;0;False;True;False;False;0;False;True;False;False;True;0;0;False;0;True;0;6;False;False;False;42fe466a150aa340f9cdec41d34a415ca7d287f5b7ab365fdd1ac37f0549e81b;0.5930475982308585;0.464569046223438;0.7746990709447499;0.6159390905825287
False;False;True;False;False;False;True;True;False;False;True;0;False;False;False;False;0;True;False;False;False;0;False;False;False;True;True;0;18;False;0;False;0;6;False;False;False;4630655a7ebbf0bad9f27fc0b118a035665cd656d77a4cedbd2431349a26a54b;0.905267094907887;0.7937512698263209;0.8097991973320406;0.646569299735073
True;False;False;True;True;False;False;False;False;True;True;0;True;False;False;False;0;False;False;False;False;0;True;True;False;True;False;0;6;False;0;False;0;6;False;False;True;977f1f5472683279ebe8a0a799b350424695ebdd8e57962c286c8417ca98b58a;0.1369708582990273;0.0799218274865796;0.35758059778358536;0.30721082630648666
False;False;False;True;True;False;False;True;False;False;True;0;True;False;False;True;0;False;False;False;False;0;True;True;False;False;False;0;18;False;0;True;0;6;False;False;True;655d80542f3385d7c406ec245fc309dbc70bca1bce13e306b2e6cd2214bda9e0;0.5065530331281572;0.3984212358486138;0.6606962020587265;0.5306755257318853
False;False;False;False;True;False;True;True;False;False;True;0;False;False;False;True;0;False;False;True;False;0;False;False;False;False;False;0;6;False;0;False;0;6;True;False;False;15953223d54fa28da10802b117e24933b149e79c1341a5f21598108b4bf7744c;0.7291539465261069;0.5635352139809922;0.8946994209566377;0.7344233638799058
False;False;False;True;True;False;False;True;False;False;False;0;True;False;False;True;0;True;False;False;False;0;False;True;False;False;True;0;0;False;0;True;0;6;False;False;False;91e2f229b4b306835260a39c258636b748eeac7fa61e7d52b27d6c1bad82a471;0.5266136156962041;0.4007901179145943;0.8151456952160315;0.650046790509978
False;False;False;False;True;False;True;False;False;False;True;0;False;False;False;True;0;True;False;False;True;0;False;False;False;False;True;0;6;False;0;False;0;6;False;False;False;425f25aa47b96743bef5955cb446ac9ec9859cc921cefe83efd7de66afcc3811;0.6698767220095804;0.5042417059010774;0.8835985339786788;0.713495149398459
False;False;False;False;True;False;True;False;False;False;True;0;False;False;False;False;0;True;False;False;True;0;False;False;False;True;False;0;18;False;0;False;0;6;True;False;False;79fca8ed267322f4fcf6308c855b0892c3d24140b3611675e9a2aa60880ea5a3;0.7781388077367811;0.6246692362190173;0.9027424905032553;0.7449512874134041
False;False;False;True;True;False;True;False;False;False;True;0;False;False;False;True;0;True;False;False;True;0;False;True;False;False;False;0;24;False;0;True;0;6;False;False;True;ea2c8a49b8ab192ad830baf3db44fcb6ef8ae98af45217517d316c02dc4b652c;0.7480778706354929;0.5841046767961169;0.8693664356506081;0.6853673711695222
False;False;True;False;False;False;False;False;False;False;True;0;True;False;False;True;0;False;False;False;True;0;True;False;False;False;False;0;18;False;0;False;0;6;False;False;True;2330b577e891898019b8acd6a0f8439662273e2f5e34f98d83cb0ceab263bd17;0.5324283236756516;0.4274593638623959;0.6412462176439906;0.5180033856693378
False;False;True;False;False;False;False;False;False;True;False;0;True;False;False;False;0;False;True;False;False;0;False;False;False;True;True;0;0;False;0;False;0;6;False;False;False;68387cff55fecd0e586af41e8bf78c86c06388fdc8e1cbf7f30ce71c3a7a6431;0.5968770102800178;0.4644310794390959;0.7910043643172494;0.6284168259929958
False;False;False;True;True;False;True;True;False;False;False;0;False;False;False;True;0;True;False;False;False;0;False;True;False;False;True;0;0;False;0;True;0;6;False;False;False;20c0a09d7f3acf5a088ead165163da0bea77570d869de47a1a926125b892d619;0.5282170909948664;0.403120713532842;0.8167586116224022;0.6507980028083952
False;False;True;True;False;False;True;True;False;False;True;0;False;False;False;False;0;False;False;True;False;0;False;True;False;True;False;0;24;False;0;True;0;6;False;False;True;78d063a3a8fcc031e627ef880b2ed80c499c41a971bca1e4e7acf4a1da04005c;0.9015635057371776;0.7804425174204089;0.757591559025647;0.5789829221789748
False;False;False;True;True;False;True;False;False;False;True;0;False;False;False;True;0;False;False;False;True;0;True;True;False;False;True;0;24;False;0;True;0;6;False;False;False;93fee58fde3c6ffeda94e51264ec9d9e146b90479a8208175010b47db9b52559;0.4681283605666418;0.3530053734896145;0.656991655726316;0.5138956204133537
False;False;False;False;True;False;False;True;False;False;True;0;True;False;False;True;0;False;False;True;False;0;False;False;False;False;False;0;18;False;0;False;0;6;True;False;False;8a1a7965cc6c38629803925e24e90eb0d718efe0c6ab85387284ed65f6e9f537;0.8243676503505287;0.6767944897310937;0.893999468557628;0.7289020528232307
True;False;True;True;False;False;True;False;False;True;True;0;False;False;False;False;0;False;True;False;False;0;False;True;False;True;True;0;24;False;0;False;0;6;False;False;False;7252cf4d92fcb37d83acde3717e9517645242350adaf0d57868115b3cae931e1;0.8574653028561319;0.737459829925951;0.8305008030362132;0.6701869717152644
False;False;True;True;False;False;False;False;False;False;True;0;True;False;False;True;0;False;False;False;True;0;True;True;False;False;False;0;24;False;0;True;0;6;False;False;True;429f333ed746dbdabb53a825a3826bc3a8e47218f7e6c146c8955064c9753a74;0.5005069051652706;0.3877907104236521;0.5901011774311632;0.4571507062581003
False;False;False;True;True;False;False;False;False;True;False;0;True;False;False;False;0;False;False;True;False;0;False;True;False;True;True;0;0;False;0;True;0;6;False;False;False;ce31fdfcab816e2a3786d5eb7962a1b146323974b7ccfe9e51138a2238350a0f;0.5229864856536042;0.3940530533718732;0.8373800798775028;0.6757315700710896
False;False;False;True;True;False;True;False;False;True;True;0;False;False;False;False;0;False;False;True;False;0;False;True;False;True;False;0;6;False;0;True;0;6;False;False;True;7b2cf197774c2d095ea5f98996ddba5a6d87b5ca02d858cc3b07ceec58c17c56;0.7361833844552214;0.5722446662795169;0.9289811977870299;0.7791589026750286
False;False;False;True;True;False;True;False;False;False;True;0;False;False;False;True;0;False;False;False;True;0;True;True;False;False;False;0;18;False;0;True;0;6;False;False;True;b0d2c28901bf6b6488de31d85abab0e0937380729379d79c66aa7c535ac11fab;0.5008910250127511;0.3878208793682952;0.693662132488548;0.5617098623606671
False;False;False;False;True;False;False;True;False;False;False;0;True;False;False;True;0;False;False;True;False;0;False;False;False;False;False;0;0;False;0;False;0;6;True;False;False;e923f80de55ea94b6100e6d02561665435233eb80eae4ee7d13aa2b97cdb70c2;0.5338675027561615;0.4088953219926591;0.8280152623984298;0.6666846171256953
False;False;True;True;False;False;True;False;False;True;True;0;False;False;False;False;0;True;False;False;False;0;False;True;False;True;False;0;6;False;0;True;0;6;True;False;False;e990d86eca1791e44d96a91e5a45db928f9c1d6ab3eda14172f71d3e97c0321a;0.7778666305454554;0.6411178369087893;0.8280051500652938;0.676788648997728
False;False;True;False;False;False;True;False;False;True;True;0;False;False;False;False;0;True;False;False;False;0;False;False;False;True;False;0;18;False;0;False;0;6;False;False;True;5998b9945c85eba7f08eaeae5f9df9e9cb7976d47e7eb3f9ff7a20c35e80a6d4;0.8649783096487007;0.7435890692579853;0.8541261429675535;0.700108603685273
False;False;False;True;True;False;True;False;False;False;False;0;False;False;False;True;0;True;False;False;True;0;False;True;False;False;True;0;0;False;0;True;0;6;False;False;False;d854dc3cb8b5b1e67ba8412d6e9e8062a1782d36fd936bdbcc5c0e0f7ed7d1ef;0.525646200491488;0.4035467305517772;0.8163880043242978;0.6510497919849821
False;False;True;False;False;False;False;False;False;True;True;0;True;False;False;True;0;False;False;False;False;0;True;False;False;False;True;0;18;False;0;False;0;6;False;False;False;fd0c58a4afcd80c75f89f9cf9ce7849962ae71d8b1f5f5e14a05705e2c048349;0.5088330830525448;0.4160060512074002;0.6114803024486535;0.49697821292606115
False;False;False;False;True;False;False;False;False;True;True;0;True;False;False;False;0;False;True;False;False;0;False;False;False;True;False;0;24;False;0;False;0;6;True;False;False;1b0426cd33750d5ac74d40d4271d545319581c79630cf8386230073dfb4bcf13;0.7214567385868809;0.5630760026981483;0.8909938176381392;0.7244519565483037
False;False;True;False;False;False;True;False;False;True;True;0;False;False;False;False;0;False;True;False;False;0;False;False;False;True;True;0;18;False;0;False;0;6;False;False;False;67dd44ce0c6400949301702a5eed3b2ea5c3776637e40f1b1678c0359ae24e2c;0.8340041565441345;0.7099737327676984;0.8430886564089781;0.6887721329228109
False;False;True;False;False;False;False;False;False;True;True;0;True;False;False;False;0;True;False;False;False;0;False;False;False;True;False;0;18;False;0;False;0;6;True;False;False;1ec05aaa2fd3ee9672c8a2cb1f6e1c191b33bbd6008f0d6dce6eb4ec3654b812;0.8614518637259128;0.7402419959824386;0.8561786108553662;0.703268649322117
True;False;False;True;True;False;True;True;False;False;True;0;False;False;False;True;0;False;False;False;False;0;True;True;False;False;False;0;18;False;0;False;0;6;False;False;True;b72d95c3e74cf6706df56d5ffc8dd7c6aba6b3893c8deae60c6f2bb14940f709;0.5404579883712222;0.4257462569269383;0.6904833555325194;0.5589619357628164
True;False;True;True;False;False;False;False;False;False;True;0;True;False;False;False;0;True;False;False;True;0;False;True;False;True;False;0;24;False;0;False;0;6;False;False;True;561cd78397425940adaa27da1350ece557e6902754f67e50af86d219e0537dcb;0.906985134634294;0.7838101971240192;0.8553695567353905;0.6876886772035141
False;False;False;False;True;False;False;True;False;False;True;0;True;False;False;True;0;False;False;True;False;0;False;False;False;False;False;0;6;False;0;False;0;6;False;False;True;2be718decfbff89574a40b55c52e163b526103bdf42cadfea1ebf4af79f04af8;0.7314140820279363;0.5672586771486934;0.8923187709484635;0.7300703367937391
False;False;False;False;True;False;True;True;False;False;False;0;False;False;False;False;0;False;True;False;False;0;False;False;False;True;False;0;0;False;0;False;0;6;False;False;True;170078f5ed57c05c110b634a311a33c8e888bff2df040886ea0b73aa4d09149b;0.5358716335253813;0.4101256011051554;0.8232603905839407;0.6609774074525238
False;False;False;False;True;False;False;False;False;False;True;0;True;False;False;True;0;False;False;False;True;0;True;False;False;False;True;0;24;False;0;False;0;6;False;False;False;bd7179c296472654ca93f893a6f6b0c39275f8e72683366cd517788afd9748fc;0.4600940380098;0.3598917467460323;0.6437242031094141;0.5169322063458417
False;False;True;True;False;False;False;False;False;True;True;0;True;False;False;True;0;False;True;False;False;0;False;True;False;False;False;0;18;False;0;True;0;6;False;False;True;0e938a034aed74ad27c2f4835e8115ac0cfae115d51085a76afa0ad40fb5d011;0.8078091266010482;0.677228305997604;0.797671927531396;0.6400153816065602
True;False;True;True;False;False;True;False;False;False;False;0;False;False;False;True;0;True;False;False;True;0;False;True;False;False;False;0;0;False;0;False;0;6;False;False;True;081ca05e84e64c02c869d65c282006f8617138bfb960025162d679ed2d6aff3d;0.6063878188251225;0.4607895172771529;0.8401768183282952;0.672573186202923
False;False;False;True;True;False;False;False;False;False;False;0;True;False;False;False;0;False;False;False;True;0;True;True;False;True;False;0;0;False;0;True;0;6;False;False;True;60345b82a4dc2ea1cbcaace935c2d10c8ac3f86253cb511c9555c3ef934d9b87;0.1026690857582618;0.0631155441321215;0.3330546548635395;0.2838326522414885
False;False;False;False;True;False;False;True;False;False;False;0;True;False;False;False;0;False;False;False;False;0;True;False;False;True;True;0;0;False;0;False;0;6;False;False;False;1695e280a8a57843a76393728b96250970ede75266d10942e7c42824b00bc598;0.1013791848481915;0.0619095155184595;0.32539541698289953;0.2720558713242087
False;False;True;True;False;False;False;False;False;True;True;0;True;False;False;True;0;False;True;False;False;0;False;True;False;False;True;0;6;False;0;True;0;6;False;False;False;c9f33df4d6ce49ed0f4b608252e19c47351a91a005638cd41c78153c3218a878;0.7520771346332565;0.6136931573396344;0.8079381737236001;0.6512232201415776
True;False;True;True;False;False;False;False;False;False;True;0;True;False;False;False;0;True;False;False;True;0;False;True;False;True;True;0;24;False;0;False;0;6;False;False;False;97d327d91fe9a0584b76a1dda5b66dd6c1a80653b748d5516a2ee6da11af5e2a;0.8719178240015517;0.7411494074269704;0.8420823792291832;0.6718811637329107
True;False;False;True;True;False;True;True;False;False;True;0;False;False;False;True;0;False;False;True;False;0;False;True;False;False;False;0;6;False;0;False;0;6;True;False;False;8b4728fc11fcc2f2f754666782cc036440da96b06cfca88808134f7726141ce0;0.7343060309624179;0.567471972049604;0.8987968730662637;0.7399188836345019
False;False;False;True;True;False;False;False;False;False;True;0;True;False;False;False;0;False;False;False;True;0;True;True;False;True;False;0;24;False;0;True;0;6;True;False;False;e2e45c0e7ad9e7657f26f04277525a0516e8d3c418d41f8b3d296dfbcc209cb2;0.1514816932629568;0.0899360159923213;0.352810135998999;0.30262473704807524
True;False;True;True;False;False;False;True;False;False;True;0;True;False;False;True;0;False;True;False;False;0;False;True;False;False;True;0;24;False;0;False;0;6;False;False;False;a0f0593cd25b376403e53368ccfd92668aae08f5ecdb639136271e6edc073b4b;0.954858669198674;0.877242380446297;0.7920107587509486;0.6176179762017665
False;False;True;True;False;False;True;False;False;False;True;0;False;False;False;False;0;True;False;False;True;0;False;True;False;True;False;0;18;False;0;True;0;6;False;False;True;10d28d0fd5fd5ad75ca45273f4fc1926885b5d3184a290a69a38a0a3db64b791;0.8175061956073251;0.6704831673559664;0.830933330842897;0.6696651847843114
True;False;False;True;True;False;False;True;False;False;True;0;True;False;False;False;0;False;True;False;False;0;False;True;False;True;True;0;24;False;0;False;0;6;False;False;False;7ad3918d2ed16bf4615b8eb451467fd443a829d730391773a80e8e21b5211708;0.8188502809878319;0.6732364873218213;0.863552700246055;0.6868570067768892
False;False;True;True;False;False;False;False;False;True;True;0;True;False;False;False;0;False;False;False;False;0;True;True;False;True;True;0;18;False;0;True;0;6;False;False;False;740ddd387d1bc2bf5280c7d1812d0ee1f32e8044f26eb803bee54949b3cc5734;0.1614946540568418;0.1209776973684757;0.3137265737187607;0.2827053091027722
True;False;True;True;False;False;True;False;False;False;True;0;False;False;False;True;0;False;True;False;True;0;False;True;False;False;False;0;24;False;0;False;0;6;False;False;True;deeca0f50fa91f8068c3f3b56c990a674356b30b642008ce7f6977607c241a76;0.9038096035693206;0.781157202781165;0.8571821946082419;0.6906819452248173
True;False;False;True;True;False;True;True;False;False;False;0;False;False;False;True;0;False;False;False;False;0;True;True;False;False;False;0;0;False;0;False;0;6;True;False;False;ebb2dd7b060ec707bb458be732eedc66856d1e1965af8dedc4827a26c69d9257;0.3801995616056184;0.2916251338591408;0.6668304509405227;0.5363713510935236
False;False;True;True;False;False;False;False;False;True;True;0;True;False;False;True;0;False;False;False;False;0;True;True;False;False;False;0;6;False;0;True;0;6;True;False;False;553c178bbfda8be5a8d844e7e03691c803fa17a9779a8616bc9a0dc6187ce432;0.5029944616983452;0.4021306875371455;0.6247997622221336;0.5085625209589
False;False;True;False;False;False;False;False;False;True;False;0;True;False;False;True;0;True;False;False;False;0;False;False;False;False;True;0;0;False;0;False;0;6;False;False;False;ce0f795423d3884a482ab468585fa1af2429ac3c3512cabaf600303ada8e32ed;0.5979215511123132;0.4654322227380694;0.7923949502853372;0.630932290678205
False;False;False;True;True;False;True;False;False;False;True;0;False;False;False;True;0;False;True;False;True;0;False;True;False;False;False;0;24;False;0;True;0;6;True;False;False;3a5867caf99c1df992bc4f46195eb8878af93ce6a3ee3b7f56c9ac5722d460ad;0.7439537183328924;0.5798041672214309;0.8732145692698273;0.6902367342913919
False;False;True;True;False;False;True;False;False;False;True;0;False;False;False;False;0;False;False;True;True;0;False;True;False;True;True;0;24;False;0;True;0;6;False;False;False;e532b6ada24ead0e38ae69b72f4aed7670a3db74e49ae167a2a2f6eb3424fc0c;0.7887261374438898;0.6340792185662923;0.8008268376226562;0.619780571288408
False;False;True;False;False;False;True;True;False;False;True;0;False;False;False;True;0;False;False;True;False;0;False;False;False;False;False;0;6;False;0;False;0;6;True;False;False;9e35b7dcfb30f077fdd63bc60c32965ec7626ae80d3c9b74b0345a75d7e0a130;0.7975388836289703;0.6600108646482082;0.8217872991777968;0.6604667617290984
False;False;True;True;False;False;True;False;False;True;False;0;False;False;False;False;0;False;False;False;False;0;True;True;False;True;False;0;0;False;0;True;0;6;False;False;True;0ead3585ffc2dd5c5898461e08a6b0f6d15b9e1b36ea1fb6dc100cf1761fae41;0.1463215089688194;0.0980783726771716;0.33642373490099936;0.2840599937413892
True;False;False;True;True;False;True;True;False;False;False;0;False;False;False;False;0;True;False;False;False;0;False;True;False;True;True;0;0;False;0;False;0;6;False;False;False;36b6bf9f3ea2c72e99c696c525595242d0674d406bdffd1f608c150693a091ac;0.5213821316852479;0.3973865587440273;0.8134458576569655;0.6517593153477778
True;False;True;True;False;False;False;False;False;True;True;0;True;False;False;True;0;False;False;True;False;0;False;True;False;False;False;0;24;False;0;False;0;6;True;False;False;5408efba504214dc3305fa0eb359b3f6ae6b1e91c7fd2bd53dd4b1fb45c920e6;0.8827903919702338;0.7673957955586326;0.8425211876989832;0.6803516594509751
False;False;True;False;False;False;False;False;False;True;True;0;True;False;False;True;0;False;True;False;False;0;False;False;False;False;True;0;24;False;0;False;0;6;False;False;False;d3fe0d1cb7a5c29d20ecef454a99881571cb018ffbf34cb5e200589d13858393;0.8409919025489391;0.7182206087116183;0.8226263032958802;0.6552593123609747
False;False;False;False;True;False;False;False;False;True;True;0;True;False;False;False;0;False;False;True;False;0;False;False;False;True;True;0;6;False;0;False;0;6;False;False;False;ff9a28308865589dfc45683fc12ce5919ddc6d0d997682edc294296d82f3b7de;0.658412349022552;0.4915922387777606;0.8949732822104995;0.7289459177204005
True;False;False;True;True;False;True;False;False;True;True;0;False;False;False;False;0;False;False;True;False;0;False;True;False;True;True;0;18;False;0;False;0;6;False;False;False;1bb08b550cf21a9d089b68f4ffdc392591cba18444a3e0601fae7c059feed9e4;0.7177323832054731;0.556879844493869;0.8924788652982096;0.7283764950224004
True;False;False;True;True;False;False;False;False;False;True;0;True;False;False;True;0;False;False;False;True;0;True;True;False;False;True;0;24;False;0;False;0;6;False;False;False;dd4544f345de8a515a1d4d590167a010afc6e3e7aaf8131731d5ab1a62792ce1;0.4712798854160993;0.3669773903312781;0.6513359673570431;0.5210486021925178
False;False;False;False;True;False;True;False;False;False;True;0;False;False;False;True;0;True;False;False;True;0;False;False;False;False;False;0;24;False;0;False;0;6;False;False;True;810cc7969fd5cfe6e12e433beb4f3f4a41fc65a99eb625e5467609c07bd11814;0.7773132903220791;0.6285702250955295;0.8822440487214185;0.7145828316149399
False;False;True;True;False;False;True;False;False;True;True;0;False;False;False;True;0;True;False;False;False;0;False;True;False;False;True;0;18;False;0;True;0;6;False;False;False;5d8f7e4546d1aa49462f3fdffaccc3c976049889eab262ebefd2481f90a89769;0.7811436022049791;0.6483878825282782;0.7908199106498158;0.6339255306015248
True;False;True;True;False;False;False;False;False;True;True;0;True;False;False;True;0;False;False;True;False;0;False;True;False;False;False;0;24;False;0;False;0;6;False;False;True;53c7bdfc3a2370d578fa878e93654855579c4d6d81270c3884ac156d0ca9543a;0.8849325282457108;0.7708919722804264;0.8387123695947454;0.6770043357252176
True;False;True;True;False;False;False;False;False;True;True;0;True;False;False;True;0;True;False;False;False;0;False;True;False;False;False;0;6;False;0;False;0;6;True;False;False;40de60a9979d4dfda8ba551d9c7a7ef1830e6bd78e64684b80017e9fce707374;0.7252738230722994;0.5876057281419125;0.8299998176681933;0.6789898043150492
False;False;True;True;False;False;True;False;False;False;True;0;False;False;False;True;0;False;True;False;True;0;False;True;False;False;False;0;18;False;0;True;0;6;False;False;True;0b4d14c4604dce225f78dc6d4f3dd94a8628fa8ba7582b4a5464e3f42740b9bb;0.8131320583618892;0.6671849868623687;0.8311164475332725;0.6706665187403321
True;False;True;True;False;False;True;False;False;True;True;0;False;False;False;True;0;False;False;True;False;0;False;True;False;False;False;0;24;False;0;False;0;6;True;False;False;2f489221b873400b4f5a3ea6e5f36bf5eea9ff906cab3de3ba83219816672abe;0.8867779960879905;0.7728958832077224;0.8450408300641147;0.6848105146824623
True;False;False;True;True;False;False;False;False;True;False;0;True;False;False;True;0;False;False;False;False;0;True;True;False;False;False;0;0;False;0;False;0;6;True;False;False;4bec5346c1ea3822f0ff5a48a240f5c07f9bf48fcdce65d0e5558c49714466cb;0.3573804715835271;0.2751618136652939;0.6632072962298072;0.5410578847739393
False;False;False;True;True;False;True;False;False;True;True;0;False;False;False;False;0;False;False;True;False;0;False;True;False;True;True;0;24;False;0;True;0;6;False;False;False;6c5a0db4f58f5f36ace370f05ec4c17e52d51b8fca115d841845a1fd80edaa93;0.6764215783498583;0.5132066159947337;0.8660531594178476;0.6863981422283546
True;False;True;True;False;False;False;True;False;False;True;0;True;False;False;True;0;True;False;False;False;0;False;True;False;False;False;0;6;False;0;False;0;6;False;False;True;d62a51506b42ed3fcdc2ab545e074e4378c496ebd65772131d058c9ab855775a;0.8040626925343228;0.6612355371999066;0.8172267946137863;0.6531037906316568
False;False;False;True;True;False;True;True;False;False;True;0;False;False;False;False;0;True;False;False;False;0;False;True;False;True;False;0;18;False;0;True;0;6;True;False;False;8651c13bcf436da3f0ef2ebe019cb6c9c5afedeb10c2b2f475382ca96b239fd8;0.8108040519868499;0.6556812688642206;0.8851115702672927;0.7153265163792025
False;False;True;False;False;False;False;False;False;True;True;0;True;False;False;True;0;False;False;True;False;0;False;False;False;False;False;0;6;False;0;False;0;6;False;False;True;2c499a158c73ad23a5a39755fc278d30790c604dbe946a88077c53da2e45584f;0.7300873135693159;0.5942142930729125;0.8315848262863551;0.6764538544879382
False;False;True;True;False;False;True;False;False;False;False;0;False;False;False;False;0;False;False;False;True;0;True;True;False;True;False;0;0;False;0;True;0;6;True;False;False;6844467c5fc531306a6468607f1d907c5119707ca72eca6fd82911a797bf3b30;0.1422406485715118;0.0895108916199126;0.3524458146184102;0.3013980111442936
True;False;False;True;True;False;False;False;False;True;True;0;True;False;False;True;0;False;False;False;False;0;True;True;False;False;False;0;18;False;0;False;0;6;True;False;False;a168e6fd0456a38e3b4a6676bce0b422ff58cebc27a7adcaa5daeb527bce7d19;0.4663342348991265;0.3570246040619981;0.6919733166955246;0.5652088105195785
False;False;True;False;False;False;False;True;False;False;True;0;True;False;False;True;0;False;True;False;False;0;False;False;False;False;False;0;24;False;0;False;0;6;True;False;False;453b1397263139a33290f6e0bc471a11f318265dc3c6fceb2b3279b3349b0ba4;0.9738678670832596;0.9173209728070016;0.8139262160103465;0.6403874757615853
False;False;False;True;True;False;False;False;False;True;False;0;True;False;False;False;0;False;False;False;False;0;True;True;False;True;True;0;0;False;0;True;0;6;False;False;False;0ca1011f954f2cd3577cc6fda8f7cb0a521121c1b116b002731f07cad5562826;0.1051873592297688;0.0670445739364862;0.3439991728815125;0.2918519381117238
True;False;True;True;False;False;False;False;False;False;False;0;True;False;False;True;0;False;True;False;True;0;False;True;False;False;True;0;0;False;0;False;0;6;False;False;False;1ca0e8841bd423de9b6f9a7236a5b1434ed959d464fd6a4e2377d914be99c1c5;0.588445444332573;0.4463866598313765;0.8239699045254325;0.6578156769333579
False;False;True;True;False;False;True;True;False;False;False;0;False;False;False;False;0;False;True;False;False;0;False;True;False;True;False;0;0;False;0;True;0;6;True;False;False;f5dc0fbf2e0f844d1acdf9544ae4b340cfaaa1369b0015ef53cf06078b7d9fc8;0.6545012716128501;0.5089260872480196;0.8062720387818373;0.6337049086369266
False;False;False;False;True;False;False;False;False;False;True;0;True;False;False;True;0;False;True;False;True;0;False;False;False;False;False;0;24;False;0;False;0;6;True;False;False;8edf1e2dc909c7a23d1a6271e40250bab5368da3ea875af1fd81f849121643fe;0.7693733785869473;0.6199420995079314;0.8821692889152594;0.7150604094611681
True;False;False;True;True;False;True;True;False;False;True;0;False;False;False;True;0;False;False;False;False;0;True;True;False;False;False;0;18;False;0;False;0;6;True;False;False;d579dc431c3c766c1577f98984e2e3c059426bbb5bcd69c9fe91366f370f6a10;0.5489421781370434;0.4321541458965656;0.700325038556874;0.5686725066019105
False;False;False;True;True;False;True;False;False;False;True;0;False;False;False;True;0;True;False;False;True;0;False;True;False;False;True;0;6;False;0;True;0;6;False;False;False;f96e52000140d81b828c7b32f1a70cbc5223f5cac247b20cffd187209a44cfed;0.7331630878299988;0.5686827769095548;0.90557503984136;0.7421662857488335
True;False;True;True;False;False;True;True;False;False;True;0;False;False;False;True;0;False;False;False;False;0;True;True;False;False;True;0;18;False;0;False;0;6;False;False;False;40a83c0d9a3c400abd9211cac3dba496d33ca4ba4290bbbadcbd4d24658cff83;0.5950761769102869;0.4818897186111446;0.6168713303225106;0.4935001085479767
True;False;False;True;True;False;False;False;False;True;True;0;True;False;False;True;0;False;False;True;False;0;False;True;False;False;True;0;6;False;0;False;0;6;False;False;False;b91bd77bbffd3b08b0b48ee78737b5b3b8cb744f5260572e83a63e35711920fc;0.6607653920282679;0.4947676301264981;0.8978894715905951;0.7323039978909293
True;False;True;True;False;False;False;False;False;True;True;0;True;False;False;True;0;False;False;True;False;0;False;True;False;False;False;0;18;False;0;False;0;6;True;False;False;8a023fbc6f1f2505f7c2ddeb1cd791b9580877754d7dfd09ede6384127b2186b;0.8687178215428317;0.748722878323557;0.8552047980821504;0.7053790990949051
False;False;True;True;False;False;True;True;False;False;True;0;False;False;False;False;0;False;True;False;False;0;False;True;False;True;False;0;24;False;0;True;0;6;True;False;False;b08faf78c80819467d5096552f08b8c8c719549eade186a97ad70b060cc68a42;0.8992911846137388;0.7786471942152597;0.762593590322438;0.5850079335393125
False;False;False;False;True;False;False;True;False;False;False;0;True;False;False;True;0;True;False;False;False;0;False;False;False;False;True;0;0;False;0;False;0;6;False;False;False;e8cd44fb296ec5558945ae71f7b58cdb9d01215363cccf29b7889c99b63fd389;0.5202792255096341;0.397344120786541;0.8117518726229122;0.6499454484853918
False;False;True;False;False;False;True;False;False;False;False;0;False;False;False;False;0;False;True;False;True;0;False;False;False;True;False;0;0;False;0;False;0;6;False;False;True;7427f4c769677e9428c4999fa3647bae4f0548265e0d7f45ec4e913f95397fac;0.6090837996957464;0.462420060254366;0.8408629182226725;0.6722068054318167
False;False;True;False;False;False;False;False;False;True;False;0;True;False;False;True;0;False;True;False;False;0;False;False;False;False;False;0;0;False;0;False;0;6;True;False;False;3e3674313916055f412e3d805d9b1f8f9f15102d808440bd590f30bee393649c;0.618064920516404;0.4830149328096838;0.811724064547956;0.6502862381221165
True;False;True;True;False;False;True;False;False;True;True;0;False;False;False;False;0;False;False;False;False;0;True;True;False;True;False;0;6;False;0;False;0;6;False;False;True;3d973ab36aa16fbedb41fa529f88b81c736803f9d035d42ca4d26f3aa35ee626;0.1467839711525205;0.1001460044614332;0.32352366055390497;0.29227446763427145
True;False;True;True;False;False;False;True;False;False;True;0;True;False;False;True;0;False;False;False;False;0;True;True;False;False;False;0;24;False;0;False;0;6;True;False;False;69cc148be8be9f351d012a4384aabfccf61ede5aa9da2babd89386ac29b87f77;0.612005755985066;0.512315546290379;0.5979110473957744;0.47420391129191497
False;False;False;True;True;False;False;True;False;False;False;0;True;False;False;True;0;False;True;False;False;0;False;True;False;False;True;0;0;False;0;True;0;6;False;False;False;938eeef773289ec136eac7712947cbbb294782f88cbbc9a6b41df7fefc6a054e;0.5293894053087789;0.4031114739606591;0.8156839217407442;0.6517327242305879
False;False;True;False;False;False;True;True;False;False;True;0;False;False;False;False;0;False;False;True;False;0;False;False;False;True;True;0;18;False;0;False;0;6;False;False;False;e7e20a2f6e9901f0dd68a8e5e6a6cbedfe6da5d1dd3d923774159fa6a97309a6;0.9058402949256272;0.7935461371851277;0.8115473416006789;0.6489212302727357
False;False;True;True;False;False;True;True;False;False;True;0;False;False;False;True;0;False;False;True;False;0;False;True;False;False;False;0;18;False;0;True;0;6;False;False;True;f0779ba2c6d5eb28143d5d60313fe38fac554cde1a0d8b0fb0b55f9912c93d0d;0.8841691359102978;0.7658753200596558;0.7770071541612958;0.6180190727083695
True;False;True;True;False;False;False;False;False;False;False;0;True;False;False;True;0;False;False;True;True;0;False;True;False;False;False;0;0;False;0;False;0;6;True;False;False;8ade6bceffcf725cb3c661d4b1071bdd294325691012b5716180d820ce7e7d37;0.6073391240176583;0.4623906261647116;0.8475170485466599;0.6814832347070016
False;False;True;False;False;False;True;False;False;False;False;0;False;False;False;True;0;False;False;True;True;0;False;False;False;False;False;0;0;False;0;False;0;6;False;False;True;b7d8b0601f84336eece2d6ee18c535ed01ec4b261f8c09420134753d922c6af5;0.606983947208702;0.4609413716122265;0.8407802266955372;0.6724573184441061
False;False;True;True;False;False;True;False;False;True;True;0;False;False;False;False;0;False;False;False;False;0;True;True;False;True;False;0;24;False;0;True;0;6;False;False;True;07e4de2db1a98580d28936888773233c65f46a607f3220bc9d5f5cec84e1b743;0.1566775617259524;0.1158862542265757;0.3034900202789029;0.27233975076364036
True;False;True;True;False;False;False;False;False;False;True;0;True;False;False;True;0;False;False;False;True;0;True;True;False;False;True;0;24;False;0;False;0;6;False;False;False;d3078fbb849d80f5a90f934415c95495a2659cce926b7a131c0822a26394d88c;0.5338673662349726;0.4293650263734935;0.6125343775649628;0.4837688091607784
False;False;True;True;False;False;True;False;False;True;True;0;False;False;False;False;0;False;False;True;False;0;False;True;False;True;False;0;24;False;0;True;0;6;False;False;True;0a5eff54e5473451aa854a26b6afae7e2cb802e01047eb23a53c98da375de2a3;0.8075705266240877;0.675669608007562;0.7846401979191624;0.6163222432365449
False;False;True;True;False;False;True;False;False;False;False;0;False;False;False;False;0;True;False;False;True;0;False;True;False;True;True;0;0;False;0;True;0;6;False;False;False;525b39da9d2a60344c17f7b76a3a7d450171f587c89f72d181873b3af4cbe5d0;0.5849051764126142;0.4431769748984903;0.819582528775701;0.6516034783588012
True;False;False;True;True;False;True;True;False;False;True;0;False;False;False;True;0;False;False;False;False;0;True;True;False;False;False;0;24;False;0;False;0;6;False;False;True;65979b09a4ae73fcbea892645cb1fab2ee22a825c8c133f50880ac9ae8bed63e;0.5352263499775959;0.4245442940439795;0.6694550117206374;0.5345765235313317
False;False;False;True;True;False;False;False;False;False;False;0;True;False;False;True;0;False;False;False;True;0;True;True;False;False;False;0;0;False;0;True;0;6;False;False;True;d6731e01031821709943dcc9b9a531c70fb58be66046db1de87a2e34a6f19c83;0.3562253670352764;0.2732042280058681;0.6375136823568676;0.5091631314216934
False;False;True;False;False;False;False;True;False;False;True;0;True;False;False;False;0;False;True;False;False;0;False;False;False;True;True;0;6;False;0;False;0;6;False;False;False;72d2d5eec6cd92b393082da1c8ae3ef6296335947f8df0f156fb1891f14e61d9;0.7756595503864664;0.6324630202228505;0.8042337212404964;0.6390087989490082
True;False;True;True;False;False;True;False;False;True;False;0;False;False;False;True;0;True;False;False;False;0;False;True;False;False;True;0;0;False;0;False;0;6;False;False;False;f807231746321a79587ad83895f07051644dd9c7b2c67b9947ea18da9747518c;0.6008649599575117;0.4702281514547235;0.7924927042183794;0.6324957819408861
True;False;False;True;True;False;True;True;False;False;True;0;False;False;False;False;0;False;True;False;False;0;False;True;False;True;False;0;24;False;0;False;0;6;False;False;True;e4902f9cedf487b6327428a66474e95eabee7c0dd44392da1c54fc1feadb7ed6;0.8516026390869171;0.7101086322089246;0.8779428244841836;0.7068035287538773
True;False;False;True;True;False;True;True;False;False;True;0;False;False;False;False;0;True;False;False;False;0;False;True;False;True;False;0;18;False;0;False;0;6;False;False;True;23c8f0c956d6f66ff3978806331a78f3a8dbd585351f4a7e6804303794351a0c;0.8467170267945995;0.6978626512831781;0.8960246247286737;0.7289614013794424
False;False;True;True;False;False;True;True;False;False;True;0;False;False;False;True;0;False;True;False;False;0;False;True;False;False;True;0;18;False;0;True;0;6;False;False;False;d9da52a92f272e67063ad3f4c0f003565c05c9dfaadc4a3abda0083019a404e9;0.8523843587558237;0.7274815294940652;0.7659318556207521;0.6066381446268378
False;False;True;True;False;False;True;False;False;True;True;0;False;False;False;True;0;False;False;True;False;0;False;True;False;False;True;0;18;False;0;True;0;6;False;False;False;d340c0c50c0072f5045c97e28d0dd254aabbd6254959c3f564fd2ddfa7230584;0.777035815938788;0.6439827875073446;0.7881134206332018;0.6318725572076811
False;False;False;True;True;False;True;True;False;False;True;0;False;False;False;False;0;False;False;True;False;0;False;True;False;True;False;0;18;False;0;True;0;6;True;False;False;f306ca4a4f1908dcdb7aa93039bf4a81366a8b17a2760bd9dc4bcbf5da88f49f;0.8106068279780233;0.6553422695171467;0.885547100170002;0.7160403501352199
False;False;False;True;True;False;True;False;False;False;True;0;False;False;False;True;0;False;True;False;True;0;False;True;False;False;False;0;24;False;0;True;0;6;False;False;True;6c3c5f51b7c52793397142c787d04a3d2dd2831f67aacb031ce4619ba23dc29c;0.7473574106723038;0.5839704991414767;0.8699477180162971;0.6861568794687926
False;False;False;True;True;False;False;False;False;True;True;0;True;False;False;False;0;False;False;True;False;0;False;True;False;True;False;0;6;False;0;True;0;6;False;False;True;2a1e8f3ad608486da7eb9f165fa6389c641a895232a3dcc7a9b1cd22741150cf;0.7357016739712176;0.5718769441214809;0.9290470174716461;0.779098254331783
False;False;False;True;True;False;True;False;False;False;True;0;False;False;False;False;0;False;True;False;True;0;False;True;False;True;False;0;24;False;0;True;0;6;False;False;True;094802099a954f021532ac747c687c91a2a7716fb3c0456bf06bb770299e0de7;0.7510822060867837;0.5861338687008855;0.8699630788574967;0.6850189784160168
