slice_timing_correction/ref_slice/middle;distorsion_correction;signal_modeling/temporal_noise_autocorrelation/FAST;slice_timing_correction;signal_modeling/temporal_noise_autocorrelation/AR1;spatial_normalization/algorithm/linear;motion_correction_realignment/register_to/mean;signal_modeling/hrf/temporal_derivs;spatial_normalization/algorithm/DARTEL;signal_modeling/hrf/canonical;signal_modeling/nuisance_regressors;spatial_normalization/bias_regularisation/extremely_light;motion_correction_realignment/register_to/first;spatial_normalization/bias_regularisation;spatial_normalization/template/MNI152_nonlinear;coregistration/source_target/func_on_anat;spatial_normalization/bias_regularisation/light;coregistration/cost_function/entropy_correlation_coefficient;coregistration/cost_function/normalised_mutual_information;coregistration/cost_function/mutual_information;signal_modeling/hrf/temporal_dispersion_derivs;spatial_normalization/bias_regularisation/very_light;coregistration/cost_function/normalised_cross_correlation;slice_timing_correction/ref_slice;signal_modeling/nuisance_regressors/comp_cor;coregistration/source_target/anat_on_func;spatial_normalization/interpolation/nearest_neighbour;spatial_normalization/bias_regularisation/heavy;signal_modeling/nuisance_regressors/motion;spatial_normalization/template/MNI152_linear;spatial_normalization/bias_regularisation/medium;slice_timing_correction/ref_slice/first;spatial_normalization/bias_fwhm;spatial_smoothing/fwhm;spatial_normalization/interpolation/trilinear;spatial_normalization/template/MNI305;spatial_normalization/interpolation/bspline;id;pearson_from_ref;spearman_from_ref;pearson_from_mean;spearman_from_mean
False;False;True;False;False;False;True;True;False;False;True;0;False;False;False;False;0;False;False;False;False;0;True;False;False;True;True;0;18;False;0;False;0;6;False;False;False;d73e0359ec51c3b847656b8f2bc157b083dae2057d53a4f43909202cad6551b7;0.1601299908628211;0.1135774300020566;0.2862027742904286;0.2601094116872836
False;False;True;True;False;False;False;False;False;True;False;0;True;False;False;False;0;False;False;False;False;0;True;True;False;True;False;0;0;False;0;True;0;6;True;False;False;e012bd4d9bab5a18593441c76f48ccc732bca3390703ffad76a4effde31136ac;0.1530438051244195;0.1032194228575597;0.3352266162503524;0.28396966489657743
True;False;True;True;False;False;False;True;False;False;True;0;True;False;False;True;0;False;False;True;False;0;False;True;False;False;False;0;24;False;0;False;0;6;True;False;False;850e4d92a370900eede8982155772f1ba014ab468eef7c55976bcc207dd19ff3;0.9921083657979038;0.9621056861355836;0.8221425446854371;0.6518832582947889
True;False;False;True;True;False;True;True;False;False;True;0;False;False;False;False;0;True;False;False;False;0;False;True;False;True;False;0;24;False;0;False;0;6;False;False;True;bd680f4a5114da7b91609bc9ea47b7323842816ba6343500c37d9e15d8cb6f6a;0.8513208942773167;0.7097034226299054;0.8875914149027813;0.7174306512861227
False;False;True;True;False;False;False;False;False;True;False;0;True;False;False;False;0;False;True;False;False;0;False;True;False;True;False;0;0;False;0;True;0;6;True;False;False;5e45d48fd8f51054004b526f637b058b012d8347df6b379b7c290f2f1510c2a1;0.6145806465604783;0.4846038818896219;0.7866950092074297;0.6276224236685483
False;False;False;True;True;False;True;False;False;False;False;0;False;False;False;False;0;True;False;False;True;0;False;True;False;True;True;0;0;False;0;True;0;6;False;False;False;edff2ab1ef5565f4e9b1eea8c7247419318afe52c40700982fa2a001dd1ac68e;0.524638797707083;0.4030854357258064;0.8057449476893057;0.6428385631807385
False;False;True;True;False;False;False;False;False;False;True;0;True;False;False;True;0;False;True;False;True;0;False;True;False;False;False;0;6;False;0;True;0;6;True;False;False;1e84206efabac4b27fa318b5c63826857515016fdcee8fb0aaabefa8cfb414c5;0.7583722573259514;0.6041385432015473;0.8466823433428183;0.6862376619420706
True;False;False;True;True;False;True;False;False;False;True;0;False;False;False;False;0;False;False;False;True;0;True;True;False;True;True;0;24;False;0;False;0;6;False;False;False;65249358b716d0e236e4b9b958145dc2137d380bd674c5891cff2f7bdb6f263b;0.139546984456631;0.0849421841365151;0.3389168361619457;0.29700216754702896
False;False;True;True;False;False;False;False;False;False;True;0;True;False;False;True;0;False;False;True;True;0;False;True;False;False;True;0;6;False;0;True;0;6;False;False;False;97d89fdb17f75389f69bd5c29cf0c8feef728316f41323de04ddfffdbbe8b904;0.73620084617465;0.5829778015886318;0.8293713403875106;0.6637226897538583
False;False;False;False;True;False;True;False;False;False;True;0;False;False;False;True;0;False;False;True;True;0;False;False;False;False;False;0;6;False;0;False;0;6;False;False;True;09fbdd872a931ffaeb2422e212856182fa02f1b84a666edfe1e21a6d24c00371;0.6865327332322364;0.5203826376853459;0.9018768142792337;0.738080931755504
False;False;True;True;False;False;True;True;False;False;True;0;False;False;False;False;0;False;True;False;False;0;False;True;False;True;False;0;18;False;0;True;0;6;False;False;True;beb8afa67126e0aa717713f6dbdddf3446f0d68dce25d530f34bc102e660f3b0;0.8871590998338796;0.7684106349668449;0.7748541577114187;0.6155652304741008
True;False;False;True;True;False;True;False;False;True;True;0;False;False;False;True;0;False;True;False;False;0;False;True;False;False;False;0;6;False;0;False;0;6;False;False;True;6f9e1875cc254e45700f674311e609ff7528ecd6ea9515e0ddb51794f6dbae7e;0.6797674328497564;0.5127159051688804;0.913377276124992;0.7511614376069335
False;False;False;True;True;False;True;True;False;False;True;0;False;False;False;True;0;False;False;True;False;0;False;True;False;False;False;0;6;False;0;True;0;6;False;False;True;878ef2ae922e21f7d403fd2c29a63ebe1f882d050a67f0906f92b3d1175ef738;0.8021638571544749;0.6455589232481215;0.9248047111936513;0.775664666757755
False;False;True;True;False;False;True;True;False;False;True;0;False;False;False;True;0;True;False;False;False;0;False;True;False;False;False;0;18;False;0;True;0;6;True;False;False;5336d87a4417494fbb99aaad53443c506030dca9fd77ca17a0903296591ea043;0.8802503052440745;0.7612673230156302;0.7793548233313694;0.6211314934382695
False;False;True;False;False;False;True;False;False;False;True;0;False;False;False;False;0;False;False;False;True;0;True;False;False;True;True;0;24;False;0;False;0;6;False;False;False;3c184b94e62e0a40b132d42b3c59df4ff179eb0256444d37c0251182a16006a3;0.1486219424533692;0.1031053830883626;0.3029495299816158;0.2860006232296586
False;False;False;True;True;False;False;False;False;False;False;0;True;False;False;False;0;False;False;False;True;0;True;True;False;True;True;0;0;False;0;True;0;6;False;False;False;b7061a9df796bb82f41788fb5917a224038f02bf357f84e7dec72e16081f22b7;0.0984485741074244;0.062468297568897;0.310891671873899;0.264608987160196
False;False;True;False;False;False;True;True;False;False;True;0;False;False;False;False;0;True;False;False;False;0;False;False;False;True;False;0;6;False;0;False;0;6;True;False;False;ecd6f686116ff16f49aa664cc5bee558b9cdf6e93c05308cabb9f0c8a70f3f5c;0.7988481864108361;0.6606941718606305;0.8258138614010055;0.6635296833554075
False;False;False;False;True;False;False;False;False;True;True;0;True;False;False;False;0;True;False;False;False;0;False;False;False;True;False;0;24;False;0;False;0;6;True;False;False;372b3afc48d30350a8acb9063fe403d1973351c14ab330d8e43ddab50cf79e9a;0.7214376147142408;0.5631729929969421;0.8971269339468305;0.7315317357852807
True;False;False;True;True;False;False;False;False;False;True;0;True;False;False;False;0;True;False;False;True;0;False;True;False;True;False;0;6;False;0;False;0;6;False;False;True;8a4709269a1982174652a20cbc65958984de19fcda912e49591d4c50f85015a8;0.6926207536829369;0.5236789179806822;0.906058845528114;0.7430523567078835
False;False;False;True;True;False;True;True;False;False;True;0;False;False;False;False;0;True;False;False;False;0;False;True;False;True;True;0;6;False;0;True;0;6;False;False;False;a58d7b04eece20f11a0881537fee9370edef0f4a3a0078e34c017140b4ea68aa;0.779988608308933;0.6225503869055137;0.9124398443369447;0.7595852386518346
False;False;False;True;True;False;False;False;False;False;False;0;True;False;False;True;0;False;False;True;True;0;False;True;False;False;False;0;0;False;0;True;0;6;False;False;True;c84c1a4ae4276d9096bbf38202cdcd89ee4ba2bb71d0de076e2caea71fadc359;0.5401133002781342;0.4162683552120727;0.8186091656003156;0.6565466626411937
False;False;True;False;False;False;False;True;False;False;True;0;True;False;False;True;0;True;False;False;False;0;False;False;False;False;False;0;18;False;0;False;0;6;False;False;True;7be92b93b9f316ba6c9e633abe79bdb4983cc2a6f094d51e48d53db3dba884a6;0.941060646800458;0.8452791649004223;0.8216672680677192;0.6585248644444444
False;False;False;True;True;False;False;False;False;True;True;0;True;False;False;True;0;False;False;False;False;0;True;True;False;False;True;0;6;False;0;True;0;6;False;False;False;c3ca49c964655fab28cb2d4600d304b13b58ef1edbbf33ef4a30d475a2a02b8f;0.4638064504206136;0.3516718899397306;0.7025822153425719;0.5768835444042246
False;False;False;True;True;False;False;False;False;True;True;0;True;False;False;True;0;False;False;True;False;0;False;True;False;False;False;0;6;False;0;True;0;6;False;False;True;708dd7fec31c772cf37721435f95c01c48c52cd6d1a4a2bf800a1af5a73c13da;0.7349131844998854;0.5710144072162323;0.9342186656610683;0.7859476122922529
True;False;False;True;True;False;False;False;False;True;True;0;True;False;False;True;0;False;True;False;False;0;False;True;False;False;False;0;24;False;0;False;0;6;True;False;False;69c31e23ecb05f7a7b692631aa1a75f7ec65fd6101e12239f03570fc522bc770;0.7303178127551528;0.5701701895212665;0.8994091762373942;0.7335545681679573
False;False;False;True;True;False;True;False;False;True;True;0;False;False;False;True;0;False;False;True;False;0;False;True;False;False;False;0;24;False;0;True;0;6;True;False;False;b1eae33dabea5786fe0e2e32e100cc71926b4d05481fe2bf187d018ca17e9b5f;0.6911238792018453;0.5269968168780881;0.8808650631676127;0.7037905012687236
False;False;True;False;False;False;True;False;False;True;False;0;False;False;False;False;0;False;True;False;False;0;False;False;False;True;False;0;0;False;0;False;0;6;False;False;True;053a250342b01fed2cf9285c9636250fd65d72efc96b809cbb01fe01e6c70de3;0.6216833406646467;0.4869760653389672;0.8001942722330313;0.6365018000332738
False;False;False;True;True;False;False;True;False;False;True;0;True;False;False;True;0;False;False;True;False;0;False;True;False;False;True;0;6;False;0;True;0;6;False;False;False;6eb651258e96cf2fc25ed07c1059383e3a3afbe40a71f2f132146fcc8aab0083;0.7765511477333249;0.6185699859875267;0.9108669798975111;0.7552541642138242
False;False;False;True;True;False;True;True;False;False;True;0;False;False;False;True;0;True;False;False;False;0;False;True;False;False;True;0;18;False;0;True;0;6;False;False;False;204864d765f4ab917958405915f862c7d6853a887b6d3e9995f240fb7335faca;0.7894045879414846;0.6332441641655172;0.8746126532786266;0.7017720557505235
False;False;True;True;False;False;False;False;False;False;False;0;True;False;False;False;0;True;False;False;True;0;False;True;False;True;False;0;0;False;0;True;0;6;False;False;True;0684fc36a34b15b2207e279359d87410742460f885bdaf80fd108a8f49fc2b6b;0.6079400086927234;0.4611914908099261;0.8290648178718606;0.6585818577497622
False;False;False;False;True;False;True;True;False;False;True;0;False;False;False;False;0;False;True;False;False;0;False;False;False;True;False;0;6;False;0;False;0;6;False;False;True;0ef5d6d7837e36c2cb55154f02b7b80de1846b1321a4ccd292e07638d7124e9a;0.7357136045160172;0.5709578627733678;0.9004108490000076;0.7393428153807059
False;False;False;False;True;False;True;False;False;True;True;0;False;False;False;True;0;False;True;False;False;0;False;False;False;False;False;0;18;False;0;False;0;6;True;False;False;74ca50a25c9a4d9075fbf58188ac2018bb0499037e8cc2c9070577a6bd19bbf6;0.7228026941989295;0.5617086012844321;0.9039277941908538;0.7424513513481235
False;False;False;True;True;False;True;False;False;True;True;0;False;False;False;True;0;False;False;False;False;0;True;True;False;False;False;0;18;False;0;True;0;6;False;False;True;15cbb32efa5f5db467b601cda64b21f57fe54ec77ccc4277f655300482f127e7;0.4630021593652922;0.3508247889482319;0.6950626710755107;0.5627072281644512
False;False;True;False;False;False;False;False;False;False;False;0;True;False;False;True;0;False;False;False;True;0;True;False;False;False;False;0;0;False;0;False;0;6;False;False;True;baaa11570dd1cb62ce8a9e3b12f95c1fc1021f165c6f4b2f8653fbf3175b4cbf;0.394701970051269;0.2944970659339872;0.6340357402645344;0.5036644045964606
True;False;True;True;False;False;False;False;False;False;False;0;True;False;False;False;0;True;False;False;True;0;False;True;False;True;False;0;0;False;0;False;0;6;False;False;True;f04ef681338f874f41d908051953de2251871df7ef7a11739929746c1c9820d2;0.6092169629912019;0.4636487404125868;0.8349451717582718;0.6669283195501304
True;False;True;True;False;False;True;True;False;False;True;0;False;False;False;False;0;False;False;True;False;0;False;True;False;True;True;0;6;False;0;False;0;6;False;False;False;2ac5cad819eca20edc7cae909048afdbd56cae8846cd85d6a972d9d0e4ce2412;0.7796988760160262;0.6327567232061245;0.8130369488228814;0.6488197046596256
False;False;False;True;True;False;False;False;False;False;True;0;True;False;False;False;0;False;False;False;True;0;True;True;False;True;False;0;18;False;0;True;0;6;False;False;True;7c6abc5e7c2b21cfcc0c17d5dc8250a768245eaf743062f7a04430c197f39d59;0.1531012005609878;0.0970748992695442;0.3542762980691479;0.3142866406968979
True;False;True;True;False;False;False;False;False;True;False;0;True;False;False;False;0;True;False;False;False;0;False;True;False;True;True;0;0;False;0;False;0;6;False;False;False;83a37e2585d8a602087385664f30937412fafa09872322488d772eacb05fe465;0.5982388567063819;0.4667571702832964;0.784681844362351;0.6245050500004263
False;False;False;True;True;False;True;False;False;True;True;0;False;False;False;False;0;False;False;False;False;0;True;True;False;True;True;0;6;False;0;True;0;6;False;False;False;5526045f0bf19b1afc677c1f79c228bc3276a7eaa8b52091ef2d65ed187bde17;0.1467116281159634;0.0910049474646939;0.3544450732615235;0.312324307830006
True;False;True;True;False;False;True;False;False;False;False;0;False;False;False;False;0;False;True;False;True;0;False;True;False;True;False;0;0;False;0;False;0;6;True;False;False;b780bc4f610bb9c70a4e17fbe65ae3d835751bb3991c830de0ca27f3812f3281;0.6069723979802597;0.4619925651992541;0.8382435615035061;0.6714753214658108
False;False;False;False;True;False;False;False;False;False;False;0;True;False;False;True;0;False;True;False;True;0;False;False;False;False;True;0;0;False;0;False;0;6;False;False;False;11ae3ff55165cd75a454410bec59b8c2f9deb729c8014dd23de821b3d4d67b39;0.5224941814570812;0.402309592530282;0.8062864848143952;0.6482959100255009
False;False;False;False;True;False;False;False;False;False;True;0;True;False;False;True;0;True;False;False;True;0;False;False;False;False;True;0;6;False;0;False;0;6;False;False;False;a38d5ab6708363f7c1d4b1583253e0ca744f3d5f0a3c036c7a35275fe7f74e35;0.6660698493907737;0.5028197469041995;0.8880523409195744;0.7206254505840471
False;False;True;False;False;False;True;False;False;True;True;0;False;False;False;True;0;True;False;False;False;0;False;False;False;False;True;0;24;False;0;False;0;6;False;False;False;1f2540ee0e84511e13fe7402c8bcd2e109cdca4e18395020b6d835db22754099;0.8498775423782621;0.7272336262255774;0.8351149331861577;0.6698344348207096
True;False;True;True;False;False;True;True;False;False;True;0;False;False;False;False;0;True;False;False;False;0;False;True;False;True;True;0;18;False;0;False;0;6;False;False;False;f1d788c241721702e81200cffd4b84009600c5c028975cd7a79ab67ff69584e2;0.9187232342512144;0.8160727860389251;0.8117883983464509;0.6537709253187397
True;False;False;True;True;False;True;False;False;True;False;0;False;False;False;True;0;True;False;False;False;0;False;True;False;False;True;0;0;False;0;False;0;6;False;False;False;438bbffcbd6d025d6f5274f7af9c747da58afd53d0b5c26fc6e6ac8d9068f885;0.5174621482140688;0.3924399301481582;0.8241405173006118;0.6644629994346225
False;False;False;False;True;False;True;True;False;False;False;0;False;False;False;False;0;False;True;False;False;0;False;False;False;True;False;0;0;False;0;False;0;6;True;False;False;9fb9c4f1f6975095efa4ae7c029dfe2aa301abe03b9cd00137daca53aef592b4;0.5331764868976986;0.4078955960242369;0.8130731840504831;0.6512962397894974
True;False;False;True;True;False;True;False;False;True;True;0;False;False;False;False;0;False;False;False;False;0;True;True;False;True;False;0;18;False;0;False;0;6;True;False;False;d1801f5800280122d0be3058df945145a886f37b572d3c60e9e63e9853ba4955;0.1430676730115126;0.0903495903958217;0.35153239327552693;0.30173034878213545
False;False;False;False;True;False;False;False;False;True;True;0;True;False;False;False;0;False;True;False;False;0;False;False;False;True;False;0;24;False;0;False;0;6;False;False;True;9ffc67e28bd8607e9ecb86eedaccf215fbf62db4726f99d26c6029134944b267;0.7277675004159393;0.5701109093067164;0.8950136755445335;0.7270654037707148
True;False;True;True;False;False;True;True;False;False;True;0;False;False;False;True;0;False;False;False;False;0;True;True;False;False;False;0;24;False;0;False;0;6;True;False;False;84927de93fd894965dc4a0c6809586226265d7d700a477cf92dc727427d626b3;0.6393929883407546;0.5357081046498453;0.6238658783797438;0.4958814772803668
True;False;True;True;False;False;True;False;False;False;True;0;False;False;False;True;0;True;False;False;True;0;False;True;False;False;False;0;18;False;0;False;0;6;True;False;False;c2c7ac69bfd4e67de93c7f8734ded4bb480e4049f4fb3da49f5cc126458b28dd;0.8805651473415459;0.7500172229324631;0.881190103323391;0.7298598962710268
True;False;False;True;True;False;True;False;False;True;True;0;False;False;False;False;0;False;False;True;False;0;False;True;False;True;False;0;6;False;0;False;0;6;True;False;False;d61118bfd5c7a5ff761be277c0b69e3bf6aa51a4b41741815893b3a1efddcd7e;0.67654493334248;0.5084691724047226;0.9147786143562391;0.7524956053727717
False;False;False;False;True;False;False;False;False;False;True;0;True;False;False;True;0;False;True;False;True;0;False;False;False;False;True;0;24;False;0;False;0;6;False;False;False;c5935e701f3b7b14951b12575bc7bd4d2a5920e4e4d36a83a855be2c5af2ebec;0.7514882033270518;0.6014702003480512;0.877159588078657;0.7069602568186399
True;False;True;True;False;False;False;True;False;False;True;0;True;False;False;False;0;True;False;False;False;0;False;True;False;True;False;0;24;False;0;False;0;6;False;False;True;e028958aa583b70012f19dc816a3efb332ad5e762f85b82aad0891ff506404b7;0.9977701644231828;0.9804520241833944;0.81477419757166;0.6427011129220853
True;False;False;True;True;False;True;False;False;False;True;0;False;False;False;False;0;False;False;False;True;0;True;True;False;True;False;0;6;False;0;False;0;6;True;False;False;acc932a4c66f03b1e2863c9f2c8d4d713a6dd6d228378cf28d26fda5df781bcb;0.1399913694048736;0.0828565820794563;0.3506352972394849;0.3029368977636906
False;False;True;False;False;False;True;False;False;True;False;0;False;False;False;True;0;True;False;False;False;0;False;False;False;False;False;0;0;False;0;False;0;6;False;False;True;99b50cbe9e4d34d2b43db83d9a39692306c023a7717298ac7b3afa4512c35618;0.6196188474118814;0.4857141262848346;0.7998215784537581;0.6368522120684165
True;False;False;True;True;False;True;False;False;True;True;0;False;False;False;False;0;False;False;False;False;0;True;True;False;True;True;0;6;False;0;False;0;6;False;False;False;3a4c04b72fd16758e6b9ff77233f1b46487d8452843d70c41d0be76fcbef6d67;0.1314443928178764;0.0764043833561114;0.34338573941822775;0.2930906845420307
False;False;False;True;True;False;False;False;False;True;True;0;True;False;False;True;0;False;False;True;False;0;False;True;False;False;False;0;18;False;0;True;0;6;False;False;True;bf8f8650c653f518df06060cce26a58c3207721dcca00a6cde7ff5940ee526ce;0.7127569455047522;0.5502277316676903;0.8943961863430554;0.7270839306450667
True;False;False;True;True;False;True;False;False;False;True;0;False;False;False;False;0;False;False;True;True;0;False;True;False;True;False;0;6;False;0;False;0;6;True;False;False;af2fff6e29e794b36cfac4ff9525d73de5ff91cbe4d427b3568f72907e39d275;0.6888517733085424;0.520478030835742;0.9085090799896148;0.7474793590237593
False;False;True;False;False;False;True;True;False;False;True;0;False;False;False;True;0;False;False;True;False;0;False;False;False;False;False;0;18;False;0;False;0;6;False;False;True;dbf4ee88885176d8bf7eaed2ab2fdd31497343f05a12d1583666265f6f7f2f15;0.9365720626348426;0.8375657255252579;0.822604093525203;0.6607937561129471
True;False;True;True;False;False;True;True;False;False;False;0;False;False;False;True;0;True;False;False;False;0;False;True;False;False;False;0;0;False;0;False;0;6;True;False;False;e0cd7ce487117e6315ebdbd4b9126c80848e5b68d8143f1f6ce538e5bb79eef9;0.6591302654182903;0.512450109288652;0.8075636160674933;0.6352495542340929
False;False;False;False;True;False;False;False;False;True;True;0;True;False;False;False;0;True;False;False;False;0;False;False;False;True;True;0;6;False;0;False;0;6;False;False;False;3de409149d0c1fabad8219ee961eaac00108546a0ec34bb9f8694d963803bfbf;0.6584678648390306;0.4914799179577797;0.900667406732577;0.7349304088432697
False;False;True;False;False;False;True;False;False;True;False;0;False;False;False;False;0;True;False;False;False;0;False;False;False;True;True;0;0;False;0;False;0;6;False;False;False;b8f84fd7bca73dc9468ae7117d9cbb3e238113afc6a08fd38baccb7038f131d1;0.5970008414370165;0.4637740476970124;0.7847009205632343;0.6216568000733693
False;False;False;False;True;False;True;True;False;False;False;0;False;False;False;True;0;True;False;False;False;0;False;False;False;False;False;0;0;False;0;False;0;6;True;False;False;0ecccc79b1a80c870cfa6c4d507e3c9fad625312e6e019b304e131bd27caf081;0.5317070094265198;0.4067175015687305;0.8128723207661405;0.6510795196697953
False;False;False;False;True;False;True;True;False;False;True;0;False;False;False;True;0;True;False;False;False;0;False;False;False;False;True;0;24;False;0;False;0;6;False;False;False;9d92b5d42f9ef1a06e6e17ed3e113952128def000080432dc18aee81b9b85993;0.8051385490247049;0.6605857197668793;0.8702882808747469;0.6960413785928204
False;False;False;True;True;False;True;False;False;False;True;0;False;False;False;True;0;False;False;False;True;0;True;True;False;False;False;0;24;False;0;True;0;6;False;False;True;f5551236423162707983bf965fd8f68a205e92039f7369572ab96fbe51922437;0.4794054174496389;0.3655048097246579;0.6740444197694161;0.534036366857631
True;False;True;True;False;False;True;True;False;False;True;0;False;False;False;True;0;False;True;False;False;0;False;True;False;False;True;0;24;False;0;False;0;6;False;False;False;660d7e7c6248ee5c2db9942d4c2b5999ce1f7917b303e84e82cd3da68c93d7ce;0.9562271648634812;0.8797056694135701;0.8045927106820671;0.6293437988867043
False;False;False;True;True;False;False;False;False;True;True;0;True;False;False;True;0;True;False;False;False;0;False;True;False;False;False;0;18;False;0;True;0;6;False;False;True;79d52b9be3ce6ffd3ee6c027c9c00eac8b6d6a897fa37d006be8229f16554a83;0.7127022702471004;0.5495612741984665;0.8924020931882718;0.7245549334299807
False;False;True;False;False;False;False;False;False;False;True;0;True;False;False;True;0;False;True;False;True;0;False;False;False;False;False;0;24;False;0;False;0;6;True;False;False;a33c1e112292381994af87ccd200fa23a629d5bfe8a89bd64489e9ca18c44e1a;0.8849137743114626;0.7595137810867911;0.8626252099498137;0.6949176928300838
False;False;False;False;True;False;True;False;False;False;True;0;False;False;False;True;0;False;True;False;True;0;False;False;False;False;True;0;6;False;0;False;0;6;False;False;False;0966d3c0776383e44e7a1eb178c127da2890d3743b9efab106d98d1f521a0613;0.6686707113515641;0.5029624315516112;0.89028439949456;0.72235968691963
False;False;True;True;False;False;True;False;False;True;True;0;False;False;False;False;0;False;False;False;False;0;True;True;False;True;False;0;18;False;0;True;0;6;True;False;False;d0cd740571ace231ca9dd473c5dfd496c1820a7329013643cf41b8a930fe80b1;0.1672958892414527;0.1264569450100126;0.317478426715004;0.28800060396601257
True;False;True;True;False;False;True;False;False;False;True;0;False;False;False;False;0;False;False;False;True;0;True;True;False;True;False;0;18;False;0;False;0;6;True;False;False;cea3a2826a8eaa55aa58eaf5633e7ba33fdd66a246403d312728e7981c4ad65a;0.1690235155506559;0.1224912284131716;0.3339524046154925;0.3136326924864449
False;False;True;False;False;False;True;False;False;False;True;0;False;False;False;False;0;False;False;True;True;0;False;False;False;True;True;0;18;False;0;False;0;6;False;False;False;9532dc4d33ee78a632a4bb876d002ae69300144faf1b1741e717335964c01b69;0.8430087915249315;0.7074915186036382;0.8653354594045479;0.707747150984014
False;False;True;True;False;False;False;False;False;True;True;0;True;False;False;False;0;True;False;False;False;0;False;True;False;True;True;0;24;False;0;True;0;6;False;False;False;f4a6f538479b5da57ad5dd41831b043fb74849e6c842698027fc0e741316f523;0.7752790866186364;0.6416986060513347;0.7681133557003411;0.6004934419710843
True;False;True;True;False;False;False;False;False;False;True;0;True;False;False;False;0;False;True;False;True;0;False;True;False;True;True;0;6;False;0;False;0;6;False;False;False;6a749f4733b31c4546a80216359a31ae989d727af9f73f35606c30c77dfbf4d8;0.6923420829214891;0.542314658347756;0.8308848152273878;0.6667060711889633
False;False;True;False;False;False;False;False;False;True;True;0;True;False;False;False;0;False;False;False;False;0;True;False;False;True;True;0;24;False;0;False;0;6;False;False;False;6c17a85c3d2651adf3ef27dba90157979875cda3e68fef529b38de39360a6ee4;0.1610928964238776;0.1229824504888851;0.31156170757227486;0.29143427975869957
False;False;True;True;False;False;False;False;False;True;False;0;True;False;False;False;0;False;False;True;False;0;False;True;False;True;True;0;0;False;0;True;0;6;False;False;False;8259c474115ef1638278a430ef92872bf1dff16cb8e4d68004aada85b204a55e;0.5969367147245817;0.4681599842808855;0.7707409699322526;0.612073630658403
False;False;True;True;False;False;False;False;False;False;True;0;True;False;False;False;0;False;False;True;True;0;False;True;False;True;False;0;6;False;0;True;0;6;False;False;True;9ac3ed7c86cbee6b09d7abce697b59ea6d88ca851dde0f2d3459a22db771f8d6;0.7630808152413421;0.608559229031875;0.8443219144593703;0.6815896518691302
False;False;True;False;False;False;False;True;False;False;True;0;True;False;False;True;0;False;False;True;False;0;False;False;False;False;False;0;6;False;0;False;0;6;True;False;False;56910a237fc00969ada7e7c26264a68fff2038bad2ab77b1a5a097b7dbdd20a4;0.7974078041335768;0.6587405553042707;0.827860783927859;0.6659220763416094
True;False;True;True;False;False;True;False;False;False;True;0;False;False;False;True;0;False;False;True;True;0;False;True;False;False;False;0;6;False;0;False;0;6;True;False;False;72247a5b229fc68db5ba69cd48312b49c26131fe442922830b3c68756387e7ed;0.7117133018116619;0.559098837155171;0.8469941759643645;0.6861861877818848
False;False;True;False;False;False;True;True;False;False;True;0;False;False;False;True;0;False;False;False;False;0;True;False;False;False;True;0;6;False;0;False;0;6;False;False;False;cfd7a8409419cd37d819f16614dc6b6015ee574c2c0fd619d4b2399f15500700;0.5231282137502569;0.4121855488653023;0.6275593082830656;0.5008277698354586
True;False;False;True;True;False;True;False;False;True;True;0;False;False;False;True;0;True;False;False;False;0;False;True;False;False;True;0;18;False;0;False;0;6;False;False;False;fc028e86e34aa90d24a206a4609884006637e7beb8774cd4ee98010b826d9840;0.7183825320360168;0.560123376213664;0.8950046192279139;0.7324875091678359
False;False;False;True;True;False;True;False;False;False;False;0;False;False;False;False;0;True;False;False;True;0;False;True;False;True;False;0;0;False;0;True;0;6;True;False;False;b438d7087b9f52da153517247f0d61048914f336921fe9bd4d8f1c73cbd08b63;0.5386959995193695;0.4150889864881074;0.8190333780163812;0.6569391684141109
True;False;True;True;False;False;False;True;False;False;True;0;True;False;False;True;0;False;False;True;False;0;False;True;False;False;True;0;18;False;0;False;0;6;False;False;False;c77f73fc02afd5b43793ea225286a784281e8d497a1b73fd4ed7bfe2a1c5adee;0.9209151208745352;0.8176726045030348;0.8110068796206921;0.6498620255502934
False;False;True;True;False;False;True;True;False;False;True;0;False;False;False;True;0;False;True;False;False;0;False;True;False;False;True;0;6;False;0;True;0;6;False;False;False;4eebfaedf4a06082f4a133b6cfaf00776c9b250775d51e1e0e61bf7f316018ee;0.8222638917703459;0.6810445843828781;0.8113687347404127;0.6472845206147568
True;False;False;True;True;False;True;False;False;False;False;0;False;False;False;False;0;False;True;False;True;0;False;True;False;True;False;0;0;False;0;False;0;6;False;False;True;2a67cfbdbce93f4f9cc5bfdf8352013a6b7f37bb1c738e15319f0ae41ebf0098;0.5352213332505604;0.4127701612655809;0.8161663920017131;0.6576638006056493
False;False;False;False;True;False;False;False;False;True;True;0;True;False;False;True;0;False;False;False;False;0;True;False;False;False;True;0;6;False;0;False;0;6;False;False;False;3c1b724bd9109b92400ee9e8b29a7b902b8eaeec2534e75fb1763de38db6e9cf;0.4236984180060155;0.3140369038326321;0.6839328864518313;0.5547137744942052
False;False;False;True;True;False;False;False;False;False;True;0;True;False;False;False;0;True;False;False;True;0;False;True;False;True;False;0;18;False;0;True;0;6;True;False;False;98771e9d1ba7c8061a8a94c8319a4183e4623c5ea9c97273a4ead75acab4457e;0.7732979711014235;0.6113735319788404;0.9062175006938303;0.7411766786430204
True;False;True;True;False;False;True;False;False;True;True;0;False;False;False;True;0;False;False;True;False;0;False;True;False;False;True;0;6;False;0;False;0;6;False;False;False;83e877a65a7590c84388cfb1aac9214e63429b22372e2a91fafd3a6a063859fc;0.708940829015;0.5687606898086652;0.8212653364673711;0.6664020167528921
False;False;False;True;True;False;False;False;False;False;True;0;True;False;False;True;0;False;False;False;True;0;True;True;False;False;True;0;24;False;0;True;0;6;False;False;False;9fcd10b89f1636957b99ab3e4594a52ba61275feeafb8cd6e25dca14d02dfa19;0.4509002342748066;0.340340640243555;0.6451576031255626;0.5076265101590451
False;False;False;False;True;False;False;False;False;True;False;0;True;False;False;True;0;True;False;False;False;0;False;False;False;False;False;0;0;False;0;False;0;6;False;False;True;d68bd32601fe2f6f3092e3877ba0acdb615e0612027f245399e88509442830aa;0.5285422026914306;0.4018949690980716;0.833166783978032;0.6742694672635807
False;False;False;True;True;False;False;False;False;False;True;0;True;False;False;False;0;False;True;False;True;0;False;True;False;True;False;0;6;False;0;True;0;6;True;False;False;65b45c743143603f29ff2cf23bd726f8519b705b3734731970a2c601533f2bd2;0.7500563358017991;0.583917425828667;0.9261199334320118;0.771095805311406
False;False;True;False;False;False;True;False;False;True;True;0;False;False;False;False;0;False;False;True;False;0;False;False;False;True;True;0;18;False;0;False;0;6;False;False;False;079c2054bdfb13967f5a4037cef7b03f5c415cf2055a53e8f7a4ff4302600e82;0.8340499369551985;0.7094269180099468;0.8454832940868008;0.6909619450048867
True;False;True;True;False;False;False;False;False;True;False;0;True;False;False;True;0;True;False;False;False;0;False;True;False;False;True;0;0;False;0;False;0;6;False;False;False;e00213c397e36eb5ce23281ffbf219e6c1446b33f2cdb51b5098c59215c825d4;0.5977776565647163;0.4660656284032221;0.7840670695341492;0.6233048522902555
False;False;True;False;False;False;False;False;False;False;False;0;True;False;False;False;0;False;True;False;True;0;False;False;False;True;True;0;0;False;0;False;0;6;False;False;False;04bc8324a4f99aabb8debb6ce77708e51b0031578263309e15bd5c084e140d55;0.5869495108187701;0.4436129333173005;0.8199121453899693;0.6510709030665386
True;False;True;True;False;False;False;True;False;False;True;0;True;False;False;True;0;False;False;False;False;0;True;True;False;False;False;0;6;False;0;False;0;6;False;False;True;c3257a4276193104b00c44cf08a2638069a750b65d9dbb2bb5d531030bcd6db6;0.5156607366507155;0.4077008590903108;0.6190001774881363;0.49530093641728556
False;False;False;True;True;False;True;False;False;False;True;0;False;False;False;False;0;False;False;False;True;0;True;True;False;True;False;0;24;False;0;True;0;6;True;False;False;8aed2eca4cbcd7a1526cc33e46f44560c3c53a01b22e6383ccf6900cfabaacaf;0.1488397630931635;0.0894558077817578;0.34772525497549983;0.29999891652052446
False;False;False;True;True;False;False;False;False;False;True;0;True;False;False;True;0;True;False;False;True;0;False;True;False;False;False;0;6;False;0;True;0;6;True;False;False;ac36c26ae98c6e794bd42daaa128679d5ec7508d9a77710bb37bcd1cbb17a164;0.7475611931117604;0.5828891641970304;0.9247977039213682;0.7699482864309803
True;False;True;True;False;False;True;True;False;False;True;0;False;False;False;True;0;False;True;False;False;0;False;True;False;False;False;0;24;False;0;False;0;6;False;False;True;33ed5b5116017043ca6e664eec40164fb72cb04d0c7086c2bbce1e54e5c5e858;0.993925522031774;0.9743592721785248;0.8163739068689936;0.6456350613767592
True;False;False;True;True;False;False;False;False;False;True;0;True;False;False;False;0;True;False;False;True;0;False;True;False;True;True;0;24;False;0;False;0;6;False;False;False;522349ea0d0531c7be3e6549be810f5bc19ba0918ea1427166b1795044bed95a;0.7664886194842282;0.611982009417403;0.8846318917285526;0.7121979369819514
False;False;False;False;True;False;True;True;False;False;True;0;False;False;False;True;0;False;False;False;False;0;True;False;False;False;False;0;18;False;0;False;0;6;True;False;False;ddd2a8ef2d95d321521ae8d14f8092c5fe82e0a251d8ef5fda5ddb83adc7f988;0.5371813018904893;0.4229314709909891;0.7002523805829306;0.5699349382207423
True;False;False;True;True;False;False;True;False;False;True;0;True;False;False;True;0;False;False;True;False;0;False;True;False;False;True;0;24;False;0;False;0;6;False;False;False;1ead45b6a3eeef090dcc5a9a45c74748dcb1512c4b1b73342c14693addf4bad6;0.8157846953063713;0.6690381760560627;0.873561151762025;0.6984614260724608
True;False;True;True;False;False;False;True;False;False;True;0;True;False;False;True;0;False;False;True;False;0;False;True;False;False;False;0;24;False;0;False;0;6;False;False;True;abda9f73e50b5bd4b8bb58e966b05c2b9a63953b92b5c5924b77a9995c213d16;0.994610695782184;0.9718644378637888;0.8156244084289053;0.6434263534807939
True;False;False;True;True;False;True;False;False;False;True;0;False;False;False;False;0;True;False;False;True;0;False;True;False;True;False;0;6;False;0;False;0;6;True;False;False;af4db0be0cfe8324e124751ba2a72e8790b64feaac8fba39fd97399db398a422;0.6889316213786839;0.5206100015383743;0.908008501292857;0.7467491976511254
True;False;True;True;False;False;True;True;False;False;True;0;False;False;False;False;0;False;False;False;False;0;True;True;False;True;False;0;24;False;0;False;0;6;False;False;True;291a8d89c3ed1cb890029c0567c39fc9aa0fe3724462c23a1be12f857a31cf5c;0.1692473940371588;0.1250779103529491;0.2865548016001784;0.26220832536362915
False;False;False;False;True;False;True;False;False;False;True;0;False;False;False;True;0;True;False;False;True;0;False;False;False;False;True;0;18;False;0;False;0;6;False;False;False;53b7d360a3add6debd3a7c11c944946387da21d018248128d9123cab9e697ccf;0.7604040202232755;0.6078589831478022;0.895810076286394;0.7352007716786271
False;False;True;True;False;False;False;False;False;True;True;0;True;False;False;False;0;False;True;False;False;0;False;True;False;True;False;0;24;False;0;True;0;6;True;False;False;8261f19a6d45f2c4ac6ad50647ebd34254a10b0624d66d56fa0219c3e36f11cd;0.8039901308793331;0.672825663502304;0.7818420128197023;0.6140821440929073
False;False;True;True;False;False;True;True;False;False;False;0;False;False;False;True;0;False;True;False;False;0;False;True;False;False;True;0;0;False;0;True;0;6;False;False;False;e5168ba3087ae2bd141a1da92419761d246a338518db2f61b5f4c9330f0048c5;0.6347855723619578;0.4927158259524616;0.7815425797423243;0.6088378019698835
True;False;False;True;True;False;False;True;False;False;False;0;True;False;False;True;0;True;False;False;False;0;False;True;False;False;False;0;0;False;0;False;0;6;True;False;False;5870217a81d49605f9b3c195a51cd350213b09c924d9af2ed0f05d94e06c2b80;0.5321832127746777;0.4072342496845732;0.8130538725737969;0.65166703893943
False;False;False;False;True;False;False;True;False;False;True;0;True;False;False;True;0;True;False;False;False;0;False;False;False;False;True;0;6;False;0;False;0;6;False;False;False;9c300d35c447f4177de1df974819841eab7d86a5c09e48101353c93a6eed6d32;0.7100348674911615;0.5471569378573358;0.8867018823058954;0.721993076558639
True;False;False;True;True;False;True;True;False;False;True;0;False;False;False;True;0;False;True;False;False;0;False;True;False;False;False;0;18;False;0;False;0;6;True;False;False;2f953d287af77893e59749b59fb8822eca4d08b97d662107cba085459b95b4fb;0.8366675036449468;0.6880640805296444;0.9052338908221741;0.741737580780407
True;False;True;True;False;False;True;False;False;False;True;0;False;False;False;True;0;True;False;False;True;0;False;True;False;False;True;0;6;False;0;False;0;6;False;False;False;1685a0e84b2680b7193bebaafe20d5ea19f8b3903481f3a835976924be509b34;0.6939721062098495;0.5416731863312985;0.8300914444415559;0.6644717973784922
False;False;False;True;True;False;False;True;False;False;True;0;True;False;False;False;0;False;False;True;False;0;False;True;False;True;False;0;6;False;0;True;0;6;True;False;False;a9ed64c56248f10eb443568ac166b16e6a3c501586489a773566df3969ce6f9c;0.7988527045751048;0.6405888567225224;0.927769569471906;0.7800789276128872
False;False;True;True;False;False;False;False;False;False;True;0;True;False;False;True;0;False;True;False;True;0;False;True;False;False;False;0;24;False;0;True;0;6;True;False;False;49a055116cf9fb69da581df6078736e54404bd3c1987522670aadd35dd966008;0.8123771500149188;0.6586571761004807;0.8130999185195221;0.6325297690230364
True;False;True;True;False;False;False;False;False;False;True;0;True;False;False;False;0;True;False;False;True;0;False;True;False;True;False;0;6;False;0;False;0;6;True;False;False;e12123d619dad2b66b81d53b03ce693e2ede0968a52325ac9aa0316c6d7be78c;0.7129172388765033;0.5598099119077963;0.8477033796742902;0.6867471294699448
False;False;False;False;True;False;False;True;False;False;True;0;True;False;False;False;0;False;False;True;False;0;False;False;False;True;True;0;6;False;0;False;0;6;False;False;False;69ff00cb33c1ac7b5a814a7da1e1c04f80a0b3acfcb937a294fa190a83a1364e;0.7111934032628068;0.5463829791593706;0.8887266109062908;0.7248020047879293
True;False;False;True;True;False;False;False;False;True;True;0;True;False;False;False;0;False;False;True;False;0;False;True;False;True;True;0;24;False;0;False;0;6;False;False;False;cc3ea6fc8b5ba505aeddb8a3f9762e1040a42ee84fdcba849bcfb33cd730c70c;0.7153108052602141;0.5560363545541108;0.88797704201937;0.7194496459906857
False;False;True;True;False;False;False;False;False;False;True;0;True;False;False;True;0;False;False;True;True;0;False;True;False;False;False;0;24;False;0;True;0;6;False;False;True;1dee1f5ed3c55554a68cf4b1035f4e6a2252bc8db9176402b18f5f5eccca3b03;0.8161411658948781;0.6628771642153699;0.8114020822865383;0.6291846729587707
False;False;True;False;False;False;True;False;False;True;False;0;False;False;False;False;0;False;False;False;False;0;True;False;False;True;True;0;0;False;0;False;0;6;False;False;False;e67d02c887202378a65ecc16d2b395e93c088d8f2c39ad9c64581b1fd958019c;0.1427292857819909;0.094471608484071;0.32763049952044;0.280272454886988
False;False;True;False;False;False;True;True;False;False;True;0;False;False;False;True;0;False;True;False;False;0;False;False;False;False;True;0;6;False;0;False;0;6;False;False;False;6181deb32a72403494a070d075b035002906e0849f41c30ec0420d2f3f2e3b38;0.772781973018214;0.6331242808115827;0.8074526472114465;0.6427696973226897
False;False;True;True;False;False;False;False;False;True;True;0;True;False;False;True;0;False;True;False;False;0;False;True;False;False;True;0;24;False;0;True;0;6;False;False;False;bc86a81099b2c4a6fe8fbaeceb354fda9059a3f1e4284c3365aa981ade54685c;0.7704877159338944;0.6382542050785964;0.7618745580571504;0.593860263035902
False;False;False;True;True;False;True;False;False;True;False;0;False;False;False;False;0;False;False;False;False;0;True;True;False;True;False;0;0;False;0;True;0;6;False;False;True;9c057b7d06f8d6baf6a24c7987d89e0f888576a07347bd2c23cd8193cad760c6;0.107407094139897;0.0673891309995567;0.33325613658133246;0.28052959611565664
False;False;False;True;True;False;True;False;False;True;True;0;False;False;False;False;0;False;True;False;False;0;False;True;False;True;False;0;6;False;0;True;0;6;True;False;False;ff2ffeaa5efd697b52de8872322677fdc6eacda72a361790cac248ab6f222b6c;0.731325297204764;0.5671226143639027;0.9341144727946392;0.7863088730243615
False;False;True;True;False;False;True;False;False;False;True;0;False;False;False;True;0;False;False;False;True;0;True;True;False;False;False;0;18;False;0;True;0;6;True;False;False;d843b114243a61f26172744eca262e3eda0d824c02168ff44d5b6be311853921;0.5380312494609664;0.4235670052340032;0.6451735953263281;0.5187607576374396
False;False;False;True;True;False;False;False;False;False;True;0;True;False;False;True;0;False;False;False;True;0;True;True;False;False;True;0;6;False;0;True;0;6;False;False;False;a7e25863ed64727d2ae06005db60a3d4ff6a21dfcf40537d2337f8d88c10c0eb;0.4733519738183896;0.3564818608336689;0.6910527653134788;0.5585184260415554
False;False;False;True;True;False;False;False;False;False;True;0;True;False;False;True;0;False;False;False;True;0;True;True;False;False;False;0;24;False;0;True;0;6;True;False;False;8cedc1bb5efc91afb2b413f43e114164074c3c95c5ac154704ad43c9dc0b6059;0.4673786231897022;0.3565224996367719;0.6639528873623748;0.5274167839863972
False;False;True;False;False;False;False;True;False;False;False;0;True;False;False;True;0;True;False;False;False;0;False;False;False;False;False;0;0;False;0;False;0;6;True;False;False;d76973327c6be27fabdc66cebdbca9a4cc14995dadd417287f276e7c97e16fc6;0.6567858223875839;0.5095842434797604;0.8053473378240884;0.6330718461611562
True;False;True;True;False;False;True;False;False;True;True;0;False;False;False;False;0;False;False;True;False;0;False;True;False;True;True;0;18;False;0;False;0;6;False;False;False;026993fe6c83ab534910835496138af57c128901a3f9b76ec3da38d5e12dd500;0.8417901947248185;0.7189053208399955;0.8430695720479302;0.6930285953662685
True;False;True;True;False;False;True;False;False;False;True;0;False;False;False;False;0;False;False;False;True;0;True;True;False;True;True;0;18;False;0;False;0;6;False;False;False;9c8916901da85a3b72390cbbeb972867ab230936f9280ecb2609d10b8e54f4e0;0.1552208518388538;0.11122050345808;0.3186408029437766;0.3021483443889281
False;False;True;False;False;False;False;False;False;False;True;0;True;False;False;False;0;False;False;True;True;0;False;False;False;True;False;0;24;False;0;False;0;6;False;False;True;097bca07005890f973864e8bb809e1050b620acd57aa5c02f9f8bd36630f1d76;0.8901507362104751;0.7652145992066407;0.8590447351682967;0.6884764113878663
False;False;False;True;True;False;True;False;False;False;True;0;False;False;False;True;0;True;False;False;True;0;False;True;False;False;False;0;18;False;0;True;0;6;False;False;True;789422ba867e478ce1a24078c722263ab9d638770ca8556625839566f4fb0b50;0.7735223494919153;0.6121471003650264;0.902597886977497;0.7372771627405653
True;False;False;True;True;False;True;False;False;False;True;0;False;False;False;True;0;False;True;False;True;0;False;True;False;False;False;0;18;False;0;False;0;6;True;False;False;d1450c571adbdd1c6bfc0aa48117ee5d569611beaa1418f5ae87770ab1e176da;0.7913044067877087;0.6350578676850708;0.9167700736411228;0.7619361472833339
False;False;False;True;True;False;False;True;False;False;True;0;True;False;False;False;0;False;True;False;False;0;False;True;False;True;True;0;6;False;0;True;0;6;False;False;False;b8a45b248eb02d72299ad94f0157812d047b652829144d7d6d5abb92d541d766;0.7801426649387223;0.6221720689532826;0.9116671530531618;0.7571316329347395
False;False;True;False;False;False;True;False;False;True;True;0;False;False;False;False;0;False;False;True;False;0;False;False;False;True;False;0;6;False;0;False;0;6;True;False;False;343c7a34458579b797352e2dc5011e416a8b60de1144016d7b2fcbf2da8fb245;0.7287872709077305;0.5926444224026779;0.8369119503300009;0.6831658786781435
False;False;True;False;False;False;False;False;False;True;True;0;True;False;False;True;0;False;False;True;False;0;False;False;False;False;False;0;6;False;0;False;0;6;True;False;False;384c8a7abbb11628fff452022bf0ccc915693d2512a9946619e5d1e47be09246;0.72659401374475;0.5907087047706846;0.837379233404815;0.6837568286102056
False;False;False;False;True;False;True;False;False;True;False;0;False;False;False;True;0;True;False;False;False;0;False;False;False;False;True;0;0;False;0;False;0;6;False;False;False;9ee270513e71fbc85366541193a5bf9abdc8f7a06fc7b4277381476df8a7b7e4;0.5170231106712838;0.3921151253262959;0.8243029112922456;0.6646446889684589
True;False;True;True;False;False;False;False;False;False;True;0;True;False;False;False;0;False;False;True;True;0;False;True;False;True;False;0;24;False;0;False;0;6;False;False;True;164b7b983f3d3c73be63b830a79c76239d956638b677998bab4270895b87a693;0.905301954298792;0.782444669859871;0.8608833820630424;0.6933919601801053
True;False;True;True;False;False;True;True;False;False;True;0;False;False;False;True;0;False;False;False;False;0;True;True;False;False;True;0;6;False;0;False;0;6;False;False;False;0b8ca4ced224e3d6bf1cb95d0dd00851dab4c8dba3a81e484df08076eccd2ef5;0.5261226497439953;0.4139966545419153;0.628617182391469;0.5017426113983369
True;False;False;True;True;False;False;True;False;False;True;0;True;False;False;False;0;False;False;True;False;0;False;True;False;True;False;0;6;False;0;False;0;6;True;False;False;112ea782893f795cbcdffdfa082d89957abdfbee2700b0e5259fcfa920460861;0.73352315626085;0.5663382601776612;0.9067648309437386;0.7487928070443338
False;False;True;False;False;False;False;True;False;False;True;0;True;False;False;False;0;False;False;True;False;0;False;False;False;True;False;0;6;False;0;False;0;6;False;False;True;a8eb99b4fcb3dee2d1b0184980ddedf125b6d4b6fbbe292e981c06bc513bca4d;0.8021353201807646;0.6635827430252027;0.8216391262273376;0.6576242988740629
False;False;True;True;False;False;False;True;False;False;False;0;True;False;False;True;0;False;False;True;False;0;False;True;False;False;True;0;0;False;0;True;0;6;False;False;False;48b3b32612aed5c783f6524170c82c2a8235fdd33e464b55d7657a932e5f4b16;0.6334484345390297;0.4896495715595456;0.781234644917677;0.6089910561704374
True;False;True;True;False;False;True;True;False;False;False;0;False;False;False;True;0;True;False;False;False;0;False;True;False;False;True;0;0;False;0;False;0;6;False;False;False;e244d2aed3027de74094619cc0f8eb868b5ddb92b3c533c94455120b8750fd5e;0.6419662996852648;0.4992915146882624;0.7903990589897061;0.6195253291587465
False;False;False;True;True;False;False;True;False;False;True;0;True;False;False;True;0;False;False;True;False;0;False;True;False;False;False;0;6;False;0;True;0;6;True;False;False;c12c677913526f81b54c64ac2c296bd1e90f4166c71504d3f2734fb32a1530ee;0.7980229827234628;0.6403874628395199;0.9284315612284599;0.7813573377166543
True;False;False;True;True;False;False;True;False;False;True;0;True;False;False;True;0;True;False;False;False;0;False;True;False;False;False;0;24;False;0;False;0;6;True;False;False;81fd8b5c5bb5e01e8660dce2d6fddee4e99d2079ab092adb1cc5c87e0cc1fc99;0.8391139721979667;0.6973551072193993;0.887033706224439;0.7183815398922306
False;False;False;False;True;False;True;False;False;False;True;0;False;False;False;False;0;False;True;False;True;0;False;False;False;True;False;0;18;False;0;False;0;6;True;False;False;bb40bcbecae5abc5a149da87915bf928c12fb9ada923219fe72794ad9eca0a6c;0.7780812687344414;0.6246077024644875;0.9093313613530167;0.7530388273151754
False;False;True;False;False;False;False;True;False;False;True;0;True;False;False;False;0;False;True;False;False;0;False;False;False;True;False;0;18;False;0;False;0;6;True;False;False;77cff53d612be5987448790788b488e0ce4d0cbf1fdc245d140974f1e047cd9f;0.9382485678473578;0.8406263730181317;0.8272607272252428;0.6658132176988771
True;False;True;True;False;False;True;True;False;False;False;0;False;False;False;False;0;False;False;True;False;0;False;True;False;True;False;0;0;False;0;False;0;6;True;False;False;3987a91af02dac2a0e3bc83c96199c7eb2946f1bec1668bf9ba8246474948df8;0.6615316853100199;0.5138906443444936;0.8090475367189943;0.6362368494695679
True;False;True;True;False;False;True;False;False;False;True;0;False;False;False;False;0;False;False;False;True;0;True;True;False;True;False;0;24;False;0;False;0;6;False;False;True;94a701d56776deca4f53cde24ee78fd5cabf4711f03404016cccce0284c59cc2;0.1609180410430456;0.1132129370745807;0.3182571789885814;0.2990815932978157
True;False;True;True;False;False;True;True;False;False;True;0;False;False;False;False;0;True;False;False;False;0;False;True;False;True;False;0;24;False;0;False;0;6;False;False;True;84b580d704d4f5760336cefa94fe50f5d61069d8a067bdad053d8a561d45422f;0.9996914080940464;0.9983133613603812;0.8165386204681154;0.6457553524129676
False;False;True;False;False;False;True;False;False;True;True;0;False;False;False;False;0;False;False;False;False;0;True;False;False;True;True;0;24;False;0;False;0;6;False;False;False;ce14c4e1611a13baefd5387926809c4ea29e4998d58bad0709c5f61e359eb633;0.1564313106237676;0.1176884957492468;0.3093540780978255;0.2907843579392573
True;False;True;True;False;False;False;False;False;True;False;0;True;False;False;False;0;False;False;True;False;0;False;True;False;True;True;0;0;False;0;False;0;6;False;False;False;a2d17331c83e47682f24da6d543920a6258546c00eba883a99fd7a051964cb95;0.6014498239209047;0.4693896473193534;0.786947289764143;0.6269388434187497
False;False;False;True;True;False;False;False;False;False;False;0;True;False;False;True;0;True;False;False;True;0;False;True;False;False;True;0;0;False;0;True;0;6;False;False;False;6f4409fd2ec803bcbb6febbd2a33057b3d3b90e01d3a381dd73cbb4dec3ee2f3;0.5251789679196592;0.4038044190901034;0.8050178135393501;0.641741145089003
True;False;False;True;True;False;True;True;False;False;True;0;False;False;False;True;0;True;False;False;False;0;False;True;False;False;False;0;18;False;0;False;0;6;True;False;False;b152fa5e0565c571ad7f59c9e11144989b45d38773f184090a1406336da4895a;0.8366589900263892;0.687927393820025;0.9040644041065601;0.7401654279564647
False;False;True;False;False;False;True;False;False;True;False;0;False;False;False;True;0;False;True;False;False;0;False;False;False;False;False;0;0;False;0;False;0;6;True;False;False;12cc6991f2b55ac11c33d2df829af2b4fed77bd48aa0315d2277497d1d9b0b55;0.61778051457149;0.4836008494332527;0.8042194162749433;0.6426581185431186
False;False;True;False;False;False;True;False;False;False;True;0;False;False;False;False;0;True;False;False;True;0;False;False;False;True;False;0;6;False;0;False;0;6;False;False;True;518d1c9c8635f4f561935d4d186fc9b4db7b576efc9131e0d6fa59db24e642d4;0.716030838245776;0.5680173621814992;0.8429422967000099;0.6822240935995033
False;False;False;True;True;False;True;False;False;False;False;0;False;False;False;True;0;False;True;False;True;0;False;True;False;False;True;0;0;False;0;True;0;6;False;False;False;5ccbeb2c6e848164adc717f1a6b5cce0d66b96904fa7ff3cea5aaa21316e58d9;0.5271636959081459;0.4044394239523616;0.8065746005002745;0.6424144746151457
True;False;True;True;False;False;True;True;False;False;True;0;False;False;False;False;0;False;True;False;False;0;False;True;False;True;True;0;6;False;0;False;0;6;False;False;False;b1c4368d226689ca4deb03684f7cfbea183e17060b3a2ac406f3ac46f81d2e48;0.7795176295490976;0.6327875657814361;0.8100439930093828;0.6454237101600091
False;False;True;True;False;False;False;False;False;False;True;0;True;False;False;True;0;False;False;True;True;0;False;True;False;False;False;0;6;False;0;True;0;6;False;False;True;df97cd0f2055e320d10ad58d24c2fa77571bf39b4a52b8ef2aa79ce3c30d5664;0.7620567212938033;0.6080257041991958;0.8452593251215854;0.6825655894185004
False;False;True;True;False;False;False;True;False;False;True;0;True;False;False;False;0;False;True;False;False;0;False;True;False;True;False;0;18;False;0;True;0;6;False;False;True;cbbe49bd7e0d7fb2dd864da257874583eb5ce5d6d0b78f6ca8a1a51f5edffa35;0.8913234948225297;0.7735905270626229;0.7730458854546222;0.6127273857240592
False;False;False;False;True;False;False;False;False;False;True;0;True;False;False;False;0;False;False;False;True;0;True;False;False;True;False;0;18;False;0;False;0;6;False;False;True;f68ab3f87c18660601dc5aa76461f53c5d42fad321db49d9b6523e18bc9b4ec2;0.1488704848300857;0.0927608865432532;0.34934043211101784;0.3054510623664183
False;False;False;True;True;False;True;False;False;False;True;0;False;False;False;True;0;False;False;True;True;0;False;True;False;False;False;0;24;False;0;True;0;6;True;False;False;d540e9c4f76d55f44dfe062417bb4a87403a965701e1e755a90d8926b27f1b29;0.7448337756976547;0.5798186795102158;0.879546263508486;0.6972802301921234
False;False;False;False;True;False;False;False;False;False;True;0;True;False;False;False;0;True;False;False;True;0;False;False;False;True;True;0;6;False;0;False;0;6;False;False;False;68ec5e773f0667bd69aade558218756721dc89dca231cd0f118fb373bd0def83;0.6677195590175793;0.5030563697389514;0.8908839440379542;0.7237023860888613
False;False;True;True;False;False;False;False;False;True;True;0;True;False;False;False;0;False;True;False;False;0;False;True;False;True;False;0;6;False;0;True;0;6;False;False;True;69841c0325342436fd0e1f670253c9c491075a958f85320ae56134303a898286;0.7829815496176925;0.646517429583361;0.8273051804106534;0.674987497964636
False;False;True;True;False;False;False;False;False;False;False;0;True;False;False;False;0;False;True;False;True;0;False;True;False;True;False;0;0;False;0;True;0;6;False;False;True;d029703bb12762799a0a2cbff06f4829bd2ce5ab741040f83f079e6e31fe601b;0.6077913443794375;0.4609804289471984;0.8282776841545904;0.6581125366646035
True;False;False;True;True;False;False;True;False;False;True;0;True;False;False;False;0;True;False;False;False;0;False;True;False;True;False;0;6;False;0;False;0;6;False;False;True;c56555369c9de9b627eba2b851cf08121f73506d213320372cc6d796e39f800b;0.73883758198013;0.5726074054653886;0.904151127248789;0.744552271457195
False;False;False;False;True;False;True;False;False;True;True;0;False;False;False;True;0;False;True;False;False;0;False;False;False;False;False;0;24;False;0;False;0;6;True;False;False;b5725cc4b5bd4b9b60bfd1a446941cb95221fc9a28f1de6a195b448698d4b3d7;0.7210499607938965;0.5630314654690354;0.8974767707666469;0.7333611948347354
False;False;True;True;False;False;True;True;False;False;True;0;False;False;False;False;0;False;False;False;False;0;True;True;False;True;True;0;6;False;0;True;0;6;False;False;False;27027690d8bf22e39cc2870ea6d096e82f39852d04fd800cb0853d8b4a21f6e7;0.1667016610849064;0.1121125807562457;0.2960790490250845;0.26735632094647377
False;False;True;True;False;False;False;False;False;False;True;0;True;False;False;False;0;False;False;True;True;0;False;True;False;True;True;0;24;False;0;True;0;6;False;False;False;983e148bc7d9cb6fbeda79dbda72354e9d31550c237a85ab6f27236900cb6980;0.788469966635189;0.6345849876042031;0.8002068731282163;0.6195043718897472
False;False;False;False;True;False;False;False;False;True;True;0;True;False;False;False;0;False;False;True;False;0;False;False;False;True;False;0;18;False;0;False;0;6;False;False;True;a34935c87c3fe0f700a18c1894570f016ec391cd217084b3247776e670c73e54;0.7309673022822258;0.5699013935077165;0.9034721287604572;0.7407267239049665
False;False;False;False;True;False;True;False;False;False;False;0;False;False;False;False;0;True;False;False;True;0;False;False;False;True;True;0;0;False;0;False;0;6;False;False;False;0d9f2fc31e448688849a25ced17a3f99206481be7abfc4a2bab04975522c7983;0.519944653897488;0.3993323394718167;0.8069334933292055;0.6470178612172995
False;False;False;True;True;False;False;False;False;False;True;0;True;False;False;False;0;True;False;False;True;0;False;True;False;True;True;0;24;False;0;True;0;6;False;False;False;81d071a97226b847284a57eca10d43a84cb895ae29be20a9a8d8af51b4cd5dc9;0.7261387014030597;0.561043837507355;0.8637120103028502;0.676094505233452
False;False;True;True;False;False;True;False;False;True;True;0;False;False;False;True;0;False;True;False;False;0;False;True;False;False;False;0;24;False;0;True;0;6;False;False;True;e1d59a78e8f319edb6824e8b52e06e470aa40f9fcca68ce79f5b1c037c8d2998;0.8048784501653267;0.6734087916704307;0.782638765249754;0.6151827064381661
True;False;False;True;True;False;True;True;False;False;True;0;False;False;False;True;0;True;False;False;False;0;False;True;False;False;False;0;6;False;0;False;0;6;True;False;False;e2009d7c319c3148e4fe5d163b4c1d1a7a2750e2b5613117eb4653f20d6e151d;0.7329815732557475;0.5675824168128218;0.9055967631107589;0.7484326527394184
False;False;False;False;True;False;True;True;False;False;True;0;False;False;False;True;0;False;False;True;False;0;False;False;False;False;True;0;18;False;0;False;0;6;False;False;False;57d366d9317253a5f3de208758395cfdbe83823d29b78936cc432dc2e1cc24b7;0.8005128085515624;0.6506835401233737;0.8851121385553901;0.718144498756616
False;False;True;False;False;False;False;True;False;False;True;0;True;False;False;False;0;False;False;False;False;0;True;False;False;True;True;0;18;False;0;False;0;6;False;False;False;c4dbd4c0b37d541c0773e77e3750bc8d8a16363b174e7d055967ce9133298984;0.1696156116347699;0.1236686973161074;0.2913018589449808;0.26456392191994366
False;False;True;False;False;False;False;False;False;False;True;0;True;False;False;False;0;False;False;False;True;0;True;False;False;True;False;0;24;False;0;False;0;6;False;False;True;8c0d624c28f8af773bc4f5ced08d55d54824ba7751c4ad6180437e80afd95a39;0.1609103190931447;0.113553121592285;0.31578588300855787;0.2956320927434473
True;False;True;True;False;False;False;False;False;True;False;0;True;False;False;False;0;True;False;False;False;0;False;True;False;True;False;0;0;False;0;False;0;6;False;False;True;79444042f68f2d066a3265f1455b710312a91540d79032119354795b2f881696;0.6215969345533172;0.4875429366014181;0.7999113280639621;0.6375339576339834
False;False;True;False;False;False;True;True;False;False;True;0;False;False;False;False;0;True;False;False;False;0;False;False;False;True;True;0;6;False;0;False;0;6;False;False;False;99cc19f9fe735f41af832b5f29a11c6b9a464acff361c9db8bf5b368f7ffa58d;0.7753441699232708;0.6324039510186401;0.8088190725397433;0.6435756931899751
False;False;True;False;False;False;False;False;False;True;True;0;True;False;False;False;0;False;False;False;False;0;True;False;False;True;False;0;24;False;0;False;0;6;False;False;True;359380e221abea34e0ae341737c8e313265fb5c2d668f461af441ae3cd482d37;0.164064446110792;0.1264641036163553;0.31655874962186326;0.29608277725809157
False;False;True;False;False;False;False;False;False;True;True;0;True;False;False;False;0;True;False;False;False;0;False;False;False;True;False;0;24;False;0;False;0;6;False;False;True;c19e83fa6250b27b41702155700c1b033c09c1884787039d97a477e2f156b745;0.8782448324338791;0.7619827988193619;0.8429451757525165;0.6791836162308399
False;False;False;False;True;False;False;False;False;False;False;0;True;False;False;False;0;False;False;True;True;0;False;False;False;True;False;0;0;False;0;False;0;6;False;False;True;14644ce4b3d9924e1e85ef24808527ed523cd2274c651814dd4d5590b86dac58;0.5346990999139523;0.4124451502136382;0.8173720954547725;0.6584257767697623
True;False;False;True;True;False;False;False;False;True;True;0;True;False;False;True;0;False;True;False;False;0;False;True;False;False;True;0;6;False;0;False;0;6;False;False;False;e44e4fa5144254da4b95619b934782edc9fb92bfcd436c941d933db99ffa896a;0.662369891830851;0.4969393827278811;0.9011451986931552;0.7379742291793213
True;False;True;True;False;False;True;False;False;False;False;0;False;False;False;True;0;False;True;False;True;0;False;True;False;False;False;0;0;False;0;False;0;6;True;False;False;27d70cccbff1792e0719f3bcb1fef845b848905b4d859267591eb285b3c18b0e;0.605816800891367;0.4610414733365956;0.8390345818286994;0.6723785750521113
True;False;False;True;True;False;False;False;False;False;True;0;True;False;False;False;0;False;False;True;True;0;False;True;False;True;False;0;18;False;0;False;0;6;False;False;True;521bf828a55d5b8c7aaf4581aed45af1903eeb698035fc5e3e9107ad9cd1385c;0.8001004850887744;0.6435466102932391;0.9149646668102949;0.7578874079884447
True;False;False;True;True;False;True;True;False;False;True;0;False;False;False;True;0;False;True;False;False;0;False;True;False;False;False;0;6;False;0;False;0;6;False;False;True;1c06e3471f13d96c1049e9838f699d0f3918b30ad146bfc97d6548af696ae27a;0.7375997826839061;0.5725162086780998;0.9043370493283961;0.7454934516518189
True;False;True;True;False;False;False;True;False;False;True;0;True;False;False;True;0;False;False;False;False;0;True;True;False;False;False;0;18;False;0;False;0;6;True;False;False;bc5b2602dbb6d72fa9f3e806ead7dd6d3f68ce99b5888457c2404047c974cec3;0.5963078810012841;0.4891578960181761;0.6196444635855278;0.500664779536179
True;False;True;True;False;False;True;True;False;False;False;0;False;False;False;False;0;False;True;False;False;0;False;True;False;True;True;0;0;False;0;False;0;6;False;False;False;8af1cf5f4c122602f588240fc7362007fa08daeca0b66e120ca889952ed1e81b;0.640287296405685;0.4961445712051047;0.7894889169987734;0.6179627858615385
True;False;False;True;True;False;True;False;False;True;True;0;False;False;False;True;0;True;False;False;False;0;False;True;False;False;True;0;6;False;0;False;0;6;False;False;False;1f57ac2e64c073c14e502e5e97013689af54fce9a7e83b110b753c065f1abc2c;0.6644081834581392;0.4992547274309979;0.9029146042000293;0.7399074378151719
False;False;True;False;False;False;False;False;False;True;True;0;True;False;False;True;0;False;True;False;False;0;False;False;False;False;False;0;18;False;0;False;0;6;True;False;False;c6ef5ce3207ff0603cdac4a852266bf51619596c4cf92b2b9bbb6e2ad4faefc2;0.859258598976582;0.737779855949138;0.8559869294184187;0.7038194034785843
False;False;True;True;False;False;True;False;False;True;False;0;False;False;False;True;0;False;False;False;False;0;True;True;False;False;True;0;0;False;0;True;0;6;False;False;False;efabab0d166696787a44c4ce7504d68cbab410cde6a47105922c3d21054d11f3;0.4111703386923449;0.3159617904484788;0.603120393464341;0.4756074358918772
True;False;False;True;True;False;True;True;False;False;True;0;False;False;False;True;0;False;False;False;False;0;True;True;False;False;False;0;6;False;0;False;0;6;True;False;False;88f437812e316bae6ffb6850153cc9e49ad20645c3d554099a38009513f76594;0.4991613462912745;0.3815021800642263;0.7144435545148967;0.5820508474821438
False;False;True;False;False;False;True;False;False;False;True;0;False;False;False;False;0;False;True;False;True;0;False;False;False;True;False;0;24;False;0;False;0;6;False;False;True;268c3827728be26ff40811d7c1c1e048d921d691c9fc0aa5aa5a55220424313f;0.8942788075575878;0.7691210478456558;0.8610776702759845;0.690964980202422
False;False;False;False;True;False;False;True;False;False;True;0;True;False;False;False;0;False;False;False;False;0;True;False;False;True;False;0;24;False;0;False;0;6;False;False;True;c2df8103cbf799b0c34aba42bebd269e2341c4b0f0c75a4192eb0f5beae2cc3e;0.1550324942114576;0.0971063649371933;0.3337639810806509;0.2889491469103153
False;False;False;True;True;False;True;False;False;True;True;0;False;False;False;False;0;False;False;True;False;0;False;True;False;True;False;0;18;False;0;True;0;6;False;False;True;a5e3e5f1d70168a47ee53009d2efecfcc62beedeae3883c7946b853e04f6fc4c;0.7116901011186247;0.5493259666029255;0.8928854972933574;0.7258447341988624
False;False;True;True;False;False;False;False;False;False;True;0;True;False;False;True;0;False;False;True;True;0;False;True;False;False;True;0;18;False;0;True;0;6;False;False;False;32281bc8511119200991d1af895799df27ab320fa6ea62ec3afac1fc133c4c5b;0.788444899817169;0.638817642565133;0.8153747557318503;0.6505989495344321
True;False;False;True;True;False;False;False;False;True;True;0;True;False;False;True;0;False;False;True;False;0;False;True;False;False;False;0;18;False;0;False;0;6;True;False;False;f05ad3f3d7157afeabcd9212c488fb850e90ba093cf760da888b58ea30e80609;0.7357993549859023;0.572869832574931;0.9100972468101542;0.7498627757723813
False;False;False;False;True;False;True;False;False;False;True;0;False;False;False;True;0;False;False;False;True;0;True;False;False;False;False;0;24;False;0;False;0;6;False;False;True;a0b4102a8d3b76b726831d65729541d799edeec390b531aee80b0e3cb5b16d74;0.490416707078214;0.3853438760373255;0.6816400853922392;0.5537945531833386
False;False;False;True;True;False;True;True;False;False;True;0;False;False;False;False;0;True;False;False;False;0;False;True;False;True;False;0;6;False;0;True;0;6;True;False;False;d76d6badf36c97fc1e27ee59d6cad1a8d2fa1d8e7266a45dd159f2157a5526ab;0.7992443583342915;0.6417711803976476;0.9271539195191358;0.7803449512506725
False;False;True;False;False;False;False;False;False;False;True;0;True;False;False;True;0;True;False;False;True;0;False;False;False;False;True;0;6;False;0;False;0;6;False;False;False;cba85fad6f5704ad7fe73b9e7c70d9c0da7d4f9c5c12a95799ac14e8f2cccb37;0.687733230636221;0.5448205072134654;0.8270824399966776;0.6666412190693111
False;False;False;True;True;False;False;False;False;True;False;0;True;False;False;False;0;False;False;False;False;0;True;True;False;True;False;0;0;False;0;True;0;6;False;False;True;a667d6c2eb7595ef1804395eaef35ac867de424b33436115884d4968961f252c;0.1096233623217788;0.0684130264057274;0.3361754386064722;0.28293467336684863
False;False;False;True;True;False;True;False;False;False;True;0;False;False;False;False;0;False;True;False;True;0;False;True;False;True;False;0;6;False;0;True;0;6;False;False;True;9709b9665278aefa0dd22bdcd7e824c43c4da238d9d2d24c194b875c2b7bfa6b;0.7560495107747179;0.5906010418962765;0.925694982258156;0.7687640607176823
False;False;True;True;False;False;False;True;False;False;True;0;True;False;False;True;0;False;False;False;False;0;True;True;False;False;False;0;6;False;0;True;0;6;True;False;False;5c4ebd5a6bb75486ffaa7aecc4fe1b0568938f924a35ab71ee659b0d88769b96;0.560910218068394;0.4474262881897732;0.6386207169952755;0.5153000964090793
False;False;False;False;True;False;False;True;False;False;True;0;True;False;False;True;0;False;True;False;False;0;False;False;False;False;False;0;18;False;0;False;0;6;False;False;True;82a8d2b064a8675492b9a499b23ac0f25404ae8b2b2e6a9a90407e509de706ad;0.8287799848925478;0.6822137736781136;0.8964887877998841;0.7306639133482556
True;False;True;True;False;False;True;False;False;True;False;0;False;False;False;False;0;False;False;True;False;0;False;True;False;True;False;0;0;False;0;False;0;6;True;False;False;704b5ed230c99ecb9d166b7d6f04e7460729e3dbca4ef511e8448491c930279d;0.6191861691344627;0.4853164453829271;0.8032079702567498;0.6428259392976715
False;False;True;True;False;False;True;False;False;True;True;0;False;False;False;True;0;False;False;False;False;0;True;True;False;False;False;0;24;False;0;True;0;6;True;False;False;0905226678bd32d62887eb84a96181bc3ad431b21e04f72228f3be110efef261;0.5220343509128206;0.4212511563042346;0.5970838191162826;0.4747130818677183
False;False;False;True;True;False;False;True;False;False;True;0;True;False;False;False;0;False;False;True;False;0;False;True;False;True;False;0;6;False;0;True;0;6;False;False;True;68cc784185f8b1ec57b4d6a03300074280eff53850fdc20a44bed65018522e29;0.802679038694926;0.6454955353642008;0.9246838290756335;0.7746136011630939
False;False;False;False;True;False;False;False;False;False;False;0;True;False;False;False;0;True;False;False;True;0;False;False;False;True;False;0;0;False;0;False;0;6;False;False;True;aa2068f38ea0a2016c5f7f60765acba7066664c9a9db3becb220917af3401a69;0.5353615543050025;0.4125828207306047;0.8174528810545971;0.658206356515202
False;False;False;True;True;False;True;False;False;False;False;0;False;False;False;False;0;False;False;True;True;0;False;True;False;True;False;0;0;False;0;True;0;6;True;False;False;8def77f0a0ca63b777589194896fe16bf6de60db513cd3d0edcec89763af1adb;0.5389891737021357;0.4158745584320345;0.8195783679953894;0.6578971501012494
True;False;False;True;True;False;True;False;False;False;False;0;False;False;False;False;0;True;False;False;True;0;False;True;False;True;True;0;0;False;0;False;0;6;False;False;False;2b8049774395928ac8b7107406d1476ed73c7e2742997a10a952426de576c910;0.5198242219066997;0.3992184308791419;0.8066374467444433;0.6475650029543841
False;False;False;False;True;False;False;True;False;False;True;0;True;False;False;True;0;True;False;False;False;0;False;False;False;False;True;0;18;False;0;False;0;6;False;False;False;4a3524089c12a5064cd9d2395b617f6d047391f5ed6dda412cfd5c669d258f4a;0.8049915621743345;0.6560394143962448;0.8852307589745321;0.7176527649803464
True;False;True;True;False;False;True;True;False;False;True;0;False;False;False;False;0;False;False;False;False;0;True;True;False;True;False;0;6;False;0;False;0;6;False;False;True;6dd9c0499119a7fccea997d266a9eeaaf1f9dbfbca3d8d7197aee8d2cf9f1cd3;0.1526369917532553;0.0972470900631616;0.2952578516185435;0.2595052503992674
False;False;True;True;False;False;False;False;False;False;False;0;True;False;False;True;0;True;False;False;True;0;False;True;False;False;False;0;0;False;0;True;0;6;False;False;True;8d9771e13536bf2918f706bf85084c96594b772b39850c68970fcddaaa935d65;0.6058168337038086;0.4599479695216817;0.8281363364762702;0.6587997632040374
False;False;False;True;True;False;True;False;False;False;True;0;False;False;False;False;0;False;False;True;True;0;False;True;False;True;False;0;24;False;0;True;0;6;True;False;False;d006ee9c3c814781f2718af5abbec5bf64e96a2990b80558159d88796bc356e5;0.7456918310995996;0.5812249277863735;0.8797460012856227;0.696876365389252
False;False;True;True;False;False;True;False;False;True;False;0;False;False;False;True;0;False;True;False;False;0;False;True;False;False;True;0;0;False;0;True;0;6;False;False;False;b8375971b2192cd935fb6eb1448583b6cb271541d74993283033b0c2771b4969;0.5949786555816554;0.4666725702631181;0.7692789500356502;0.6106726281890448
True;False;True;True;False;False;True;True;False;False;False;0;False;False;False;False;0;False;False;True;False;0;False;True;False;True;False;0;0;False;0;False;0;6;False;False;True;c0188090c932bebff5cd507b10916ce139df294983c4c73a527199474016b3c2;0.6638491503353545;0.5165793783015279;0.8047089560272552;0.63124966600129
False;False;False;True;True;False;False;False;False;False;True;0;True;False;False;False;0;False;False;True;True;0;False;True;False;True;False;0;24;False;0;True;0;6;False;False;True;ffe10b7745d67d596b2904e042203020408d2b47f82c904a6880cfd6781588ec;0.748965897581292;0.584549146790729;0.8747918240884824;0.689547959509919
True;False;True;True;False;False;False;False;False;True;False;0;True;False;False;False;0;False;False;False;False;0;True;True;False;True;True;0;0;False;0;False;0;6;False;False;False;ab74644f0568416e655ec942b2e3e1946f6c245d38ddd91cf92f8f16c95547e4;0.1406061425180499;0.0934696956399978;0.3226783499311456;0.27359483756881503
False;False;True;False;False;False;True;False;False;False;True;0;False;False;False;False;0;False;False;False;True;0;True;False;False;True;False;0;6;False;0;False;0;6;False;False;True;ac58a95e6c7ed4634727556ba91bd341151bb41949979a0894ceecfc2cf797c9;0.1369410947656775;0.0877899282664737;0.31335039651746094;0.28054831396448454
False;False;False;True;True;False;True;False;False;False;True;0;False;False;False;False;0;False;False;True;True;0;False;True;False;True;False;0;18;False;0;True;0;6;True;False;False;5142c85cb9236bc25edf5b3fff44722edcff9b8b84efa1ef92e438ce528909a1;0.7708255661377139;0.6088665721080032;0.9062212710490366;0.741565299306429
False;False;True;True;False;False;True;True;False;False;False;0;False;False;False;True;0;False;False;False;False;0;True;True;False;False;True;0;0;False;0;True;0;6;False;False;False;418827bc826bb8222cb2427e8ad82f02f763af2b11d6b945adf6ec9513bf10fd;0.4483547565245875;0.33663485296999;0.6227251027859148;0.48306600432584035
True;False;True;True;False;False;False;False;False;True;True;0;True;False;False;False;0;True;False;False;False;0;False;True;False;True;True;0;24;False;0;False;0;6;False;False;False;330993a9fda662389ba53a1b3bd6bbbfdfff376fe6295f47d43d311ba3812a97;0.8526513651350004;0.7309549940580861;0.8288683889725313;0.6673179153239538
True;False;True;True;False;False;True;False;False;False;True;0;False;False;False;False;0;True;False;False;True;0;False;True;False;True;False;0;18;False;0;False;0;6;True;False;False;0e7b99448d3646d7e291ee82b015c173a9d6c4914a612323a4ce07fdd2d1d8a3;0.8831898192734132;0.7530863428773761;0.8815677331881427;0.7300532317554254
False;False;False;False;True;False;False;False;False;False;True;0;True;False;False;True;0;False;False;False;True;0;True;False;False;False;False;0;18;False;0;False;0;6;False;False;True;37dd92ca7ddadf95a5a17a767eb40f0d37e2a28fdb6e0aa30f937eb168687346;0.4799404734957299;0.3766340885213083;0.6798218356279834;0.5598822517506958
False;False;False;False;True;False;True;False;False;False;True;0;False;False;False;False;0;False;False;False;True;0;True;False;False;True;True;0;24;False;0;False;0;6;False;False;False;eccdfbafd73dae304ff8a7f5771044f6b593c6d0d26165cb1fce1442a2f055e7;0.1362382243093585;0.0800881951720024;0.33321653072605645;0.2881273332926826
False;False;True;True;False;False;True;False;False;True;False;0;False;False;False;True;0;False;False;False;False;0;True;True;False;False;False;0;0;False;0;True;0;6;True;False;False;a143060663441b0940951ad0075cf1b7aa6f92b448567686a52ab4186d637642;0.4261820998953854;0.3295772254029055;0.6222035169428305;0.49389272734192274
False;False;False;True;True;False;True;True;False;False;True;0;False;False;False;False;0;True;False;False;False;0;False;True;False;True;True;0;18;False;0;True;0;6;False;False;False;fc4d440393fd34fd9d8253939e54a5ad31a3bcafe3285f8552dbc913d698f3fa;0.7896500822516123;0.6322640936138815;0.8763308179572031;0.7024301765134789
False;False;True;False;False;False;True;True;False;False;False;0;False;False;False;False;0;False;False;True;False;0;False;False;False;True;False;0;0;False;0;False;0;6;True;False;False;54340e01372ad25084857fa91c9396828861136dd8f037b3ae681dbb9f0db9c6;0.6594127350324304;0.5114993188851655;0.807098397469788;0.6342654440325061
False;False;True;True;False;False;False;False;False;True;True;0;True;False;False;False;0;False;False;False;False;0;True;True;False;True;False;0;6;False;0;True;0;6;True;False;False;ca8238dc990805e3c26cc7d9e771d5afabeb20b16294ddf110f36bc9cc19f64a;0.1722940200388407;0.125495300672662;0.32917352993507887;0.3025738040543898
True;False;True;True;False;False;True;True;False;False;True;0;False;False;False;False;0;False;False;True;False;0;False;True;False;True;True;0;24;False;0;False;0;6;False;False;False;9f8f07ea4136864476cdce09d40d559cbf51f9989f052d65444220eaed6b65be;0.9584653519002252;0.8825112213726014;0.806993081763826;0.6366472945999812
False;False;True;True;False;False;True;False;False;True;True;0;False;False;False;False;0;False;True;False;False;0;False;True;False;True;False;0;6;False;0;True;0;6;True;False;False;b4357c2881a921bb14d8b46589381e297f3d187ac98c6b5504c139565f2d2415;0.7778106923572641;0.6409997806397356;0.8295493616550065;0.6788125842216758
False;False;False;False;True;False;False;False;False;False;True;0;True;False;False;False;0;False;False;True;True;0;False;False;False;True;True;0;6;False;0;False;0;6;False;False;False;def1be95e3807ddd0ab8128b5d95471bc7aa7c610c70f437ce61582c6f9ced01;0.667095279195466;0.5025660026757498;0.8906506325112038;0.7239353852899382
True;False;True;True;False;False;True;True;False;False;True;0;False;False;False;False;0;False;False;False;False;0;True;True;False;True;True;0;24;False;0;False;0;6;False;False;False;ca66cc35ae738d5d54aa8ce9e9a1001054151345b7727692ba48fd2205acf0d4;0.1634720683051895;0.1225902739411364;0.2811888575293604;0.2608907382200745
False;False;False;True;True;False;False;True;False;False;True;0;True;False;False;True;0;True;False;False;False;0;False;True;False;False;False;0;24;False;0;True;0;6;True;False;False;78d49b2ea1b311a5eeefa51569da42fdab3a9420c1d573e7116126526349a7db;0.7845393430322972;0.6253722285449244;0.8554098093204544;0.6673515825094347
False;False;True;False;False;False;False;False;False;True;True;0;True;False;False;False;0;False;True;False;False;0;False;False;False;True;False;0;6;False;0;False;0;6;False;False;True;304cd0fddc9349bb21c3ca97467e9494e45fc0ca8288e97b09bd5c496ec83c9f;0.7327852897345324;0.5963964570753724;0.8332285405378964;0.6775734212630031
False;False;False;False;True;False;False;False;False;True;True;0;True;False;False;False;0;True;False;False;False;0;False;False;False;True;False;0;18;False;0;False;0;6;True;False;False;41c73a31713eca57e703c1f55fee5b8e85f47a9dbddb8d51794514ff6c858805;0.7257818928381048;0.5641318562815352;0.9046717630547685;0.742545141332038
False;False;True;True;False;False;False;False;False;False;True;0;True;False;False;False;0;False;False;True;True;0;False;True;False;True;False;0;24;False;0;True;0;6;True;False;False;97ed6aa23dace3d750f806a894953b7c59c6270bc58e22d7299163e630a3e1dc;0.8145639073252945;0.6607882542911977;0.8140792427914549;0.6323787197486226
False;False;False;False;True;False;True;False;False;True;True;0;False;False;False;True;0;False;False;True;False;0;False;False;False;False;False;0;6;False;0;False;0;6;True;False;False;e14a7ce7389e277e47fe15c09603e78af3ef2e196062ae5e06e613d136e30d9b;0.671076460193847;0.501929032981443;0.9112717182669888;0.747029271565635
True;False;True;True;False;False;False;False;False;False;True;0;True;False;False;True;0;False;False;False;True;0;True;True;False;False;False;0;18;False;0;False;0;6;True;False;False;6e426b796c578e4c3d15f3c4761dc28999c493a66ede6231a0325053b5d03700;0.5530452425902945;0.44551266444743;0.6595518886137255;0.5385406396981972
True;False;True;True;False;False;True;True;False;False;True;0;False;False;False;True;0;True;False;False;False;0;False;True;False;False;False;0;6;False;0;False;0;6;False;False;True;b94089574cafe180c984dbf8dbdfafaea6630dd42ded78fc9a2aa022d69b2b91;0.8039840522221285;0.6616500280130924;0.8210731596997093;0.6567240739676019
False;False;True;False;False;False;False;False;False;False;True;0;True;False;False;False;0;False;True;False;True;0;False;False;False;True;True;0;24;False;0;False;0;6;False;False;False;b849d2e74fd2bc372016439a7e1d60c9297fb39959e73e0e9de7f5a69c540894;0.8573301569108366;0.7240618902976109;0.8452126089035541;0.6700373136440111
False;False;False;False;True;False;True;True;False;False;False;0;False;False;False;True;0;True;False;False;False;0;False;False;False;False;False;0;0;False;0;False;0;6;False;False;True;fa0e52eff8b34a07bace49aa8198ab92bc6014df0cf0f6ef49606442fa87c6eb;0.5338598130247051;0.4087226512492912;0.8106079445596076;0.6484017029017218
True;False;False;True;True;False;True;False;False;False;True;0;False;False;False;True;0;True;False;False;True;0;False;True;False;False;True;0;18;False;0;False;0;6;False;False;False;855022962cb484456cc3c3266a7cb91c1ecbe604637b7c3195d82950e6229c4b;0.774386273045052;0.6190052088491736;0.9019364607227681;0.741806683352368
False;False;False;False;True;False;True;False;False;True;False;0;False;False;False;False;0;False;True;False;False;0;False;False;False;True;True;0;0;False;0;False;0;6;False;False;False;d355593309eab4cccfabfdc9e283daa2ed21a83f323d3daa08d4550af68f7e9c;0.5166290956414478;0.3894984360366704;0.8245126641998758;0.6654013027241799
False;False;True;False;False;False;True;True;False;False;True;0;False;False;False;False;0;False;True;False;False;0;False;False;False;True;False;0;18;False;0;False;0;6;False;False;True;f374ec7a3147f574db04da71dc55debc1bac094aaa849fee496cc75c9081efda;0.9400325500842164;0.8409721278131517;0.8223777075468837;0.6600253980233075
False;False;True;False;False;False;False;False;False;False;True;0;True;False;False;False;0;True;False;False;True;0;False;False;False;True;True;0;18;False;0;False;0;6;False;False;False;b4e26555d30f50c15e0107590564fe7081936fb49b7f35997c7ee6c55b7fff6a;0.8469018906884775;0.7122091344977206;0.8641295487462732;0.7052742627136218
False;False;True;True;False;False;False;False;False;True;False;0;True;False;False;False;0;False;False;True;False;0;False;True;False;True;False;0;0;False;0;True;0;6;False;False;True;34dcdfd0604b74bee240c9926a520bb709aeb92e00b36d6b6f2d3af565d06ab7;0.6164498466546493;0.4864395014140049;0.7842409651414157;0.6239659604198993
False;False;False;True;True;False;True;True;False;False;True;0;False;False;False;False;0;False;False;False;False;0;True;True;False;True;True;0;18;False;0;True;0;6;False;False;False;bc5a81e59c85ac7d66067af38439c7d3181fff6874c982e8d02570073329d4f9;0.1526321920133842;0.0983887688548967;0.33700808041878544;0.2940563298718769
False;False;True;True;False;False;True;False;False;False;True;0;False;False;False;False;0;False;False;False;True;0;True;True;False;True;True;0;18;False;0;True;0;6;False;False;False;dda13e080d9ea3d7184ecefc4174ccdc035b25b0bf4649705826e8b0c4e364ff;0.1584186772416607;0.111298247270318;0.3138514817169038;0.2905661167790709
False;False;True;True;False;False;False;False;False;False;True;0;True;False;False;True;0;False;False;False;True;0;True;True;False;False;False;0;18;False;0;True;0;6;False;False;True;ec3f027cfb2fb0658f001efc41553b2084b14db7d14659946df2323cae37dea0;0.5097613293576783;0.4009936810120902;0.616748469953362;0.4948815619742329
False;False;True;False;False;False;True;True;False;False;False;0;False;False;False;True;0;False;False;True;False;0;False;False;False;False;True;0;0;False;0;False;0;6;False;False;False;c14004818267a59497902049203dfdfc5d22998875231a51af792379aeea6700;0.6390473078783436;0.4939010564143927;0.7877492999338759;0.6156938351403997
True;False;True;True;False;False;False;False;False;False;False;0;True;False;False;False;0;True;False;False;True;0;False;True;False;True;True;0;0;False;0;False;0;6;False;False;False;6516b0edbcb0641b29fcea8ba8690cd08d2df1820a29003e77975eb08d71c20a;0.5886982606183354;0.4459960131227339;0.8208509335831135;0.653920440013637
True;False;True;True;False;False;True;False;False;True;False;0;False;False;False;True;0;False;False;True;False;0;False;True;False;False;True;0;0;False;0;False;0;6;False;False;False;ccae13fa79bdc1261f92201bc4c826f8a1d403716624b911711bd8dd0f49c8ae;0.5994216360892811;0.4664720102056638;0.7837246329339417;0.6216424252575672
True;False;True;True;False;False;True;False;False;False;True;0;False;False;False;False;0;False;True;False;True;0;False;True;False;True;False;0;24;False;0;False;0;6;False;False;True;2a3f25e2b92994170ea3ff9ab4896f20bb7276787cda27e3e589972a6301b073;0.9095575726400074;0.7869741992195025;0.8626738607723711;0.6964611108242298
False;False;True;False;False;False;True;False;False;True;True;0;False;False;False;True;0;False;True;False;False;0;False;False;False;False;False;0;24;False;0;False;0;6;True;False;False;6754c5ffcbf5a276be17052f5d887a303d1c35fb7f8850944cbc9210f07bec9b;0.8764060785042935;0.7597397959328521;0.8495841191181587;0.687500785418696
True;False;False;True;True;False;False;False;False;True;True;0;True;False;False;True;0;False;False;False;False;0;True;True;False;False;False;0;24;False;0;False;0;6;True;False;False;5b3d682ad07a8c781e5e9f78ebdf14940cd08ae7561da231dc29023e83c19cea;0.45922778284282;0.3513327255257177;0.6858463165129859;0.5569462198008525
True;False;False;True;True;False;False;False;False;True;False;0;True;False;False;True;0;False;False;True;False;0;False;True;False;False;False;0;0;False;0;False;0;6;True;False;False;86db466c7ce536675b3fa11b9c3c3c31f165cb1afcab2a4581d94142d473954e;0.5274393700037417;0.4009483913489313;0.8368028564814503;0.6787347487862143
True;False;True;True;False;False;False;False;False;False;False;0;True;False;False;True;0;False;False;False;True;0;True;True;False;False;True;0;0;False;0;False;0;6;False;False;False;df740cfd1af2fa4121bcdf51fcdfd4bdd05334be4f3aae3cac598170f259798d;0.3911518290608212;0.2917450523213338;0.6253700319634504;0.49798981772707734
False;False;True;True;False;False;True;True;False;False;True;0;False;False;False;True;0;False;True;False;False;0;False;True;False;False;False;0;6;False;0;True;0;6;True;False;False;d58a69784410bc0e8b837281e7858c3bfc18c91a91b9c98e57365b8b77a80a1f;0.8476657351777112;0.7105472323435121;0.8304228311459314;0.6714089110042146
True;False;False;True;True;False;False;False;False;True;False;0;True;False;False;True;0;False;False;True;False;0;False;True;False;False;True;0;0;False;0;False;0;6;False;False;False;26a24a99906f7ff42fea58a69053815c9964a12eb0ef1e3ae04de90a155b0a57;0.5165041648960935;0.3904681484991786;0.8252089291230957;0.6670400969462342
False;False;True;True;False;False;True;True;False;False;True;0;False;False;False;True;0;False;False;False;False;0;True;True;False;False;False;0;18;False;0;True;0;6;True;False;False;5af5c3ce70310503d1f3c0d8b4a2e4237bf5734042b9986a6f231e84236fa088;0.5869673003585213;0.4746211293552423;0.6078462170517541;0.4863657575794581
False;False;True;True;False;False;False;False;False;False;True;0;True;False;False;True;0;True;False;False;True;0;False;True;False;False;False;0;24;False;0;True;0;6;True;False;False;e50b03a9ba050ff852334ee275940e894631f5419eb6965b8da643ca99d9852b;0.8125771233004521;0.6596751412577525;0.8128212753648161;0.6324153191240892
False;False;False;True;True;False;True;True;False;False;True;0;False;False;False;False;0;False;False;False;False;0;True;True;False;True;False;0;24;False;0;True;0;6;True;False;False;a22e05228a1d934f4cf82e846b0b9eea97fdffe335cbeac7912b75aa8968b13c;0.1560233168415459;0.0969417553989557;0.33454954433813805;0.2859451000327491
False;False;False;True;True;False;False;True;False;False;True;0;True;False;False;False;0;False;False;False;False;0;True;True;False;True;True;0;24;False;0;True;0;6;False;False;False;112081cad5bc706f72f8947ffd9f5399fe61da4e3a599b0954aeb0755898a31e;0.1525340120989883;0.0964569782296216;0.32475903912435766;0.2775915780774037
True;False;False;True;True;False;True;False;False;False;True;0;False;False;False;False;0;False;False;False;True;0;True;True;False;True;True;0;18;False;0;False;0;6;False;False;False;a0690b7faada861ba79db16f08e37632ee01dace99f8530f9cd0d936c69de385;0.1411861547304261;0.0884178842593822;0.3436808758321849;0.3032792527531401
False;False;False;False;True;False;False;False;False;True;True;0;True;False;False;True;0;False;True;False;False;0;False;False;False;False;False;0;24;False;0;False;0;6;False;False;True;060429cab7c9ee0198a88dd2e7dcc3d0e25d94f3c32219a3806927cf2e354f38;0.7246902030116831;0.5668664295318155;0.8942492791251381;0.7264610921076733
True;False;True;True;False;False;False;False;False;False;True;0;True;False;False;True;0;True;False;False;True;0;False;True;False;False;True;0;18;False;0;False;0;6;False;False;False;adbb77a0452b711f1d1529e925b3c15df3f31b2a75e258a47fbb8abbfa72cebc;0.8576592612546784;0.7259669034534292;0.8632506977716529;0.7073401003597377
False;False;True;False;False;False;True;False;False;True;False;0;False;False;False;True;0;False;True;False;False;0;False;False;False;False;False;0;0;False;0;False;0;6;False;False;True;80e5dbab00d3951b73504d0eaee69bb44b404eb86c6760ec4c8a322e26baec41;0.6192745734107257;0.4856168424984936;0.800240298272701;0.6377303820811625
True;False;False;True;True;False;False;False;False;False;False;0;True;False;False;False;0;True;False;False;True;0;False;True;False;True;False;0;0;False;0;False;0;6;True;False;False;e9d76bd888cfecfbc6e23a92cfa6173c96b52b12d64af819756be5b20e1a32b3;0.5333753359805017;0.4114955187547933;0.8198805580779495;0.6622863782558374
False;False;True;False;False;False;False;True;False;False;True;0;True;False;False;True;0;True;False;False;False;0;False;False;False;False;True;0;18;False;0;False;0;6;False;False;False;335498e3ca528094862ff81f88610ecf1d8b2c637abeaa2a9bf123b659d356e8;0.9089584646523686;0.7996720932719471;0.8109029057024604;0.6459507059077865
True;False;False;True;True;False;False;False;False;False;True;0;True;False;False;False;0;False;False;True;True;0;False;True;False;True;True;0;24;False;0;False;0;6;False;False;False;8463d4e451129250536dae34fbd9558252393caf823a111a98b2638e0579f258;0.7665445437886231;0.6114741101855645;0.8849264183758146;0.7139730524167195
True;False;False;True;True;False;False;False;False;False;True;0;True;False;False;False;0;False;False;False;True;0;True;True;False;True;True;0;24;False;0;False;0;6;False;False;False;d6331a07680f37d0e8049e3f09d6d882208e4a2610cce1435e568170d4d9b6b2;0.1461285233320982;0.0911455810187579;0.3421883839145975;0.30049416512037025
False;False;False;False;True;False;True;False;False;False;True;0;False;False;False;True;0;False;False;False;True;0;True;False;False;False;False;0;18;False;0;False;0;6;False;False;True;821e9dce6da334e459ac809751de192ea15d08f221b92ee163bf4320d10aa6da;0.5000172485717664;0.3909909193838292;0.6996504048917015;0.574802275629969
False;False;True;False;False;False;True;True;False;False;False;0;False;False;False;True;0;False;True;False;False;0;False;False;False;False;False;0;0;False;0;False;0;6;False;False;True;32d2db01ee8308cdcb161120ca8019a8d1eccdbb15adcbd0dc554b39b24d5623;0.6596699216535954;0.513458669033407;0.8020983156936924;0.6294772599531974
False;False;True;True;False;False;False;False;False;True;True;0;True;False;False;False;0;False;True;False;False;0;False;True;False;True;True;0;6;False;0;True;0;6;False;False;False;6a11c9c59391e9a720ef86e6c83af8f629415541400c4ab8edfa2f3a0cecdf85;0.7562589185708158;0.6171060216861115;0.8146527025712491;0.6600612471946765
False;False;False;True;True;False;True;False;False;True;False;0;False;False;False;True;0;False;False;False;False;0;True;True;False;False;False;0;0;False;0;True;0;6;False;False;True;0efc4cc0f12724cccc33596a57c00923e8ed4e6f46059b617cca1d8d721e0e87;0.3691608655316438;0.2832877367868112;0.6638928858452763;0.5373461276094389
False;False;False;True;True;False;True;True;False;False;False;0;False;False;False;False;0;False;True;False;False;0;False;True;False;True;False;0;0;False;0;True;0;6;False;False;True;38066b7a582bc34674ee0ce324c881adf39a86fc5f16006177d59336dd0d983a;0.5423219581529469;0.4147478124536763;0.8143497047889542;0.6496118674027769
False;False;False;False;True;False;True;True;False;False;True;0;False;False;False;True;0;True;False;False;False;0;False;False;False;False;False;0;6;False;0;False;0;6;False;False;True;7da0201c1d6f79c89c2044da1daab83e5aa627f3b2fc3d6d7a50bf9285f88993;0.7327453330697493;0.5689062177217106;0.8996288156350528;0.7389915468836193
True;False;False;True;True;False;False;True;False;False;True;0;True;False;False;True;0;False;False;True;False;0;False;True;False;False;False;0;18;False;0;False;0;6;True;False;False;1868845e5e8d80c07d77f91f690483cb434fabfe6e4c2157e411b11f8bc597b4;0.8402349113807888;0.6918644116512039;0.907080212443398;0.7440179890515046
False;False;False;True;True;False;False;False;False;True;True;0;True;False;False;True;0;False;False;True;False;0;False;True;False;False;False;0;24;False;0;True;0;6;True;False;False;6f93d49eeb87e8557356e384d650085bd9f4af059ce542491eed1597d31cca65;0.6916001067430857;0.5273850549644044;0.8814331749073367;0.7029688327295942
False;False;True;False;False;False;False;False;False;False;True;0;True;False;False;True;0;False;False;False;True;0;True;False;False;False;False;0;18;False;0;False;0;6;True;False;False;6c942a21bfb8df71bc7dca9a96d8304ba75aa621c3a7fe5b8071e4e70d7d2260;0.5421947786779221;0.4360183855241966;0.6557766379694596;0.5336541265755227
False;False;False;True;True;False;True;False;False;True;False;0;False;False;False;False;0;True;False;False;False;0;False;True;False;True;False;0;0;False;0;True;0;6;False;False;True;858d42cf4187ca50143e241a2f6525fba6eaeb97a2990ccb83d0ba43ab81cb5d;0.5351376542186917;0.4073740955836238;0.8338405850587511;0.6723576928114401
False;False;False;False;True;False;False;True;False;False;True;0;True;False;False;False;0;True;False;False;False;0;False;False;False;True;True;0;24;False;0;False;0;6;False;False;False;92d470ac8809fec06e0d876ba53802ec3e7f76ce8eba4b2522a51d5207a834b6;0.8023156449246868;0.6554459989408057;0.8690369596428598;0.6932111755994615
False;False;True;False;False;False;False;False;False;True;True;0;True;False;False;True;0;False;False;True;False;0;False;False;False;False;True;0;24;False;0;False;0;6;False;False;False;bf3925978443e2b009f8cb36df58a0fb0b3c4ff2ce23659dc38f3d0b205fe21b;0.8414754767192435;0.7198168855186582;0.8291850030315208;0.6638722986713488
True;False;False;True;True;False;False;True;False;False;True;0;True;False;False;False;0;False;True;False;False;0;False;True;False;True;True;0;6;False;0;False;0;6;False;False;False;460b863e22c924199ee891a0beaaf54d194482f1a281d930f188566d489bad9f;0.7183963361188273;0.5510563321814139;0.8931040139514775;0.7286737297078388
False;False;False;False;True;False;False;True;False;False;False;0;True;False;False;True;0;True;False;False;False;0;False;False;False;False;False;0;0;False;0;False;0;6;False;False;True;00fcd5f1d62dda97980a7181a73be65bfd43988827059254160d5375d30e7664;0.5343336152208527;0.4090307206857688;0.8109112586556136;0.648979678053122
True;False;True;True;False;False;True;False;False;False;False;0;False;False;False;False;0;False;False;False;True;0;True;True;False;True;True;0;0;False;0;False;0;6;False;False;False;c84ff7ed7a08739abb9bd1d8e98b4c4e704545b7d21b464567df57aad5664b67;0.1269934857912815;0.0770721683481674;0.3253127516521378;0.2808120372250501
False;False;False;False;True;False;False;False;False;True;True;0;True;False;False;True;0;False;False;True;False;0;False;False;False;False;True;0;18;False;0;False;0;6;False;False;False;8fb626c6e0db804de93d6fa922de49f488163ef7662f2664e134751cacaac63e;0.7089951540122051;0.5493501068740917;0.8927684157100857;0.7278561527330782
False;False;False;False;True;False;True;False;False;False;True;0;False;False;False;True;0;False;True;False;True;0;False;False;False;False;False;0;18;False;0;False;0;6;True;False;False;8ee227c0c1b565e25582d5626466ca4c0ae5a5ae673b8592199342e272cd4ea5;0.7762988775593519;0.6229327604374292;0.9099876262620988;0.7550551958270172
False;False;False;False;True;False;False;False;False;False;True;0;True;False;False;True;0;False;False;True;True;0;False;False;False;False;True;0;24;False;0;False;0;6;False;False;False;d95609a8b45e6a24f1f73e987a1067b2c83a65565823549586c7621f82d9845f;0.749819427454196;0.5970651060312137;0.8786763570417984;0.7064566728421615
False;False;False;False;True;False;True;True;False;False;True;0;False;False;False;False;0;False;False;True;False;0;False;False;False;True;False;0;18;False;0;False;0;6;False;False;True;858f00d3176daaa2be4584f26dbeee5cb24d2d1442c186148da6f272766cdbcb;0.8291507225700742;0.6819542156803856;0.8974582861363293;0.7304841560321815
False;False;False;True;True;False;True;True;False;False;True;0;False;False;False;True;0;False;True;False;False;0;False;True;False;False;False;0;6;False;0;True;0;6;False;False;True;030d9ff3dcc1d66145d39301b6fe3ca61d8734098715dbabb548b95c47a38c71;0.8008738339756211;0.6446690731211967;0.9242011410455258;0.7753333325370715
True;False;False;True;True;False;True;True;False;False;True;0;False;False;False;True;0;False;False;True;False;0;False;True;False;False;True;0;6;False;0;False;0;6;False;False;False;8c3a2ddf0ad2788088060ed88c51a33ce6e74b53a497d8e0d32e85044bb30b2f;0.718475295866854;0.5506759933404705;0.8938841725790537;0.7303700205141379
False;False;True;False;False;False;True;False;False;False;True;0;False;False;False;False;0;False;False;True;True;0;False;False;False;True;True;0;24;False;0;False;0;6;False;False;False;1a1f745fbd3f47fc95f176ae0939cd4ebbfb4acc5c7e0304b34898992f5c391a;0.8585288931043654;0.7258011220961815;0.8493870190334971;0.6767729552585589
False;False;False;False;True;False;False;True;False;False;False;0;True;False;False;True;0;False;False;True;False;0;False;False;False;False;False;0;0;False;0;False;0;6;False;False;True;90d0493adafb66a5e67665901fa221e35dee3bed5ac89e9c625477a934511efd;0.5353480657933252;0.4101483239397759;0.8132681668415247;0.6515425010455744
True;False;True;True;False;False;True;False;False;False;True;0;False;False;False;True;0;False;False;True;True;0;False;True;False;False;False;0;18;False;0;False;0;6;False;False;True;8958e979378750005e9d880f2829c075e3a0bd645fa76fa77b176ebd89b4f68e;0.8848202941361062;0.75445030291319;0.8769948984809806;0.7239910205568415
False;False;True;True;False;False;True;False;False;False;True;0;False;False;False;False;0;False;False;False;True;0;True;True;False;True;True;0;24;False;0;True;0;6;False;False;False;389c1e4afb68837587d0ef5b243aeec31a8e0b6a30771dba4da73e17f9927843;0.1522080263339499;0.1046975673518729;0.300220754428201;0.2773027977646409
False;False;False;False;True;False;True;True;False;False;True;0;False;False;False;True;0;False;False;False;False;0;True;False;False;False;True;0;6;False;0;False;0;6;False;False;False;41969ce3a70975035fa58f2fc5ff1a4771072fcea61fa5ff16f0775432eee90a;0.4775311265113516;0.3619215811424341;0.6911399166237662;0.5573909489273198
True;False;True;True;False;False;False;False;False;True;True;0;True;False;False;False;0;False;True;False;False;0;False;True;False;True;False;0;18;False;0;False;0;6;True;False;False;ab50ef4c79c203bdb1b3497a1c33b767303a508deff0d86521a38c83675a9bc1;0.8702593804909682;0.7504431036212799;0.8538420797156511;0.7046564719053726
True;False;False;True;True;False;False;True;False;False;False;0;True;False;False;False;0;False;False;True;False;0;False;True;False;True;True;0;0;False;0;False;0;6;False;False;False;f45bf0c2135cc82c4eb6e1f2d8ff1f612bccf2f310be3a2cecbc009fd8511cc0;0.5230884324220572;0.3977642039619254;0.8029240778917736;0.6409727670068179
False;False;False;False;True;False;False;True;False;False;True;0;True;False;False;True;0;False;False;False;False;0;True;False;False;False;False;0;6;False;0;False;0;6;True;False;False;1193f86cb77a48a719b7668a207d4e98b0ed1c97bb1f8b568b167d6054b1b2a0;0.474621855815047;0.3612358917664393;0.6912698090131281;0.561422100855017
False;False;True;False;False;False;False;True;False;False;False;0;True;False;False;True;0;True;False;False;False;0;False;False;False;False;False;0;0;False;0;False;0;6;False;False;True;bf9782a680e1046706c97288e6b1a2c09af767d39eb1c72498c2902a78508fc1;0.6599072005085971;0.512970066446104;0.8014413881468206;0.6277790916885843
True;False;True;True;False;False;True;True;False;False;False;0;False;False;False;True;0;True;False;False;False;0;False;True;False;False;False;0;0;False;0;False;0;6;False;False;True;fcb9eb0a3bf42d2154b8fb885a4e75e6d89ba2b376e66318eac47fe27ab6e9cf;0.6619234396200185;0.5153501302037169;0.803303126920439;0.6296412460470224
True;False;False;True;True;False;False;False;False;True;True;0;True;False;False;False;0;False;True;False;False;0;False;True;False;True;False;0;18;False;0;False;0;6;False;False;True;c6e647d1a544ee9167af069d21ad2ff4cae9a97137c4e2d08fe450da9ac34f23;0.7434915226203017;0.5806983368164628;0.9068947907761233;0.7449529842448143
True;False;False;True;True;False;False;True;False;False;True;0;True;False;False;True;0;False;True;False;False;0;False;True;False;False;True;0;18;False;0;False;0;6;False;False;False;ad2b26a4b82411abfaf9dcf701ae40a8a019cb964f7c6b2e8469b6234e9cc09a;0.8180522720716589;0.6684644308173441;0.8888344346712895;0.7220701918665415
False;False;True;True;False;False;True;False;False;True;False;0;False;False;False;True;0;False;False;True;False;0;False;True;False;False;True;0;0;False;0;True;0;6;False;False;False;ff6068daae2839338ac540d13ac3ccea23a08d7a46b1e42f1cfb211762ebf943;0.5952380424829075;0.4656686763388574;0.7678553824867603;0.6080412918001942
False;False;True;False;False;False;True;True;False;False;False;0;False;False;False;True;0;True;False;False;False;0;False;False;False;False;False;0;0;False;0;False;0;6;True;False;False;ae374ba7399b10688393cb97c9a014e5c30fcae1169056e926232ad181bacece;0.657027077642819;0.5099273061260848;0.8056056087558368;0.6330235095868668
False;False;True;False;False;False;True;True;False;False;True;0;False;False;False;False;0;False;True;False;False;0;False;False;False;True;True;0;24;False;0;False;0;6;False;False;False;ee50a270ef9e15775e666a740fded904034e80b4454ae57ef84582b6d0ec0b73;0.9435361386293444;0.8566002997947764;0.8058830891256009;0.6292852584761056
False;False;True;False;False;False;True;False;False;True;True;0;False;False;False;False;0;True;False;False;False;0;False;False;False;True;True;0;18;False;0;False;0;6;False;False;False;b3af0cae5082e3cd427e21527488bf6344323879b30ca5757ea3b16cbe46bb28;0.8337566257446333;0.7090353587204629;0.8440533948436363;0.689302490160693
True;False;True;True;False;False;True;False;False;True;True;0;False;False;False;True;0;True;False;False;False;0;False;True;False;False;False;0;18;False;0;False;0;6;True;False;False;fa4372afb01369ea99959a17555fd1831640f76ff226d7b47dafe853ccdc965c;0.8670756223725872;0.7476190774985715;0.8553759957045105;0.7073627335486191
False;False;False;False;True;False;True;False;False;True;True;0;False;False;False;True;0;False;False;True;False;0;False;False;False;False;True;0;24;False;0;False;0;6;False;False;False;1e83ab5066244b70726e8da4b596ae72aca47356d428a433ecba2cba61bd6777;0.7033564512232509;0.5446125263516385;0.8836508192544569;0.713056493401724
False;False;False;False;True;False;True;True;False;False;True;0;False;False;False;True;0;False;False;False;False;0;True;False;False;False;False;0;6;False;0;False;0;6;False;False;True;63cca465dab428e4a061566b4ec70c5d536e2ee0f1665c312dc89b5a9e555b7b;0.4877123453007343;0.3703948114796108;0.7012861449196307;0.5665021812282807
True;False;True;True;False;False;True;True;False;False;False;0;False;False;False;False;0;False;False;True;False;0;False;True;False;True;True;0;0;False;0;False;0;6;False;False;False;fa963c163d9d768f01cb0c5bc4490a06b89bb4e6ab4aff1c31f0c8405ae2b3c1;0.6425052803827207;0.4975522919612514;0.791278890534956;0.6211642017128142
False;False;True;False;False;False;True;True;False;False;True;0;False;False;False;False;0;True;False;False;False;0;False;False;False;True;False;0;18;False;0;False;0;6;True;False;False;4822f90ed8bce06331675eea32d837b19dfde13ffe0181b51492235f11dd17ec;0.9335963648067483;0.8326787645198949;0.8272445137652034;0.6664046391283794
False;False;True;True;False;False;False;True;False;False;True;0;True;False;False;True;0;False;True;False;False;0;False;True;False;False;True;0;6;False;0;True;0;6;False;False;False;9845aed03f4adbee216abbb31c167ec0e11b7855b685994990867e503bf11a83;0.8216510279839929;0.680100267019741;0.8083887182386841;0.6450515622679949
True;False;False;True;True;False;True;True;False;False;True;0;False;False;False;False;0;False;False;True;False;0;False;True;False;True;False;0;6;False;0;False;0;6;False;False;True;ab4c7b6f5d715fafb6a8d6e80e5842329da4473d106af5ca6b9ec9afce20c64d;0.7396963073311185;0.5738731258348896;0.9049918295110961;0.7462071243372438
True;False;True;True;False;False;True;True;False;False;True;0;False;False;False;True;0;True;False;False;False;0;False;True;False;False;False;0;18;False;0;False;0;6;False;False;True;54a812ddfeba19ada324ffaf9e7872a1c11cc3ffd2f53aff82440d19aee2a3b1;0.95107685264596;0.8622208361442534;0.8218866710675831;0.6639743590411123
True;False;True;True;False;False;True;True;False;False;True;0;False;False;False;False;0;True;False;False;False;0;False;True;False;True;False;0;18;False;0;False;0;6;False;False;True;ba14c45c3067e174ef851e94a9b3cf21c4e4252553a9e84e9a0a6370375eaa47;0.95520772989765;0.8666449140734138;0.8222287486885475;0.6648604107370425
False;False;False;True;True;False;False;False;False;False;False;0;True;False;False;False;0;False;False;False;True;0;True;True;False;True;False;0;0;False;0;True;0;6;True;False;False;e6e9dc802e46d06edf257a8db31d2114d527a424bad741544bacff21e8b656ef;0.1063030795721664;0.0663008195088316;0.32429071111184093;0.27580555047060146
True;False;True;True;False;False;False;False;False;False;True;0;True;False;False;False;0;False;False;False;True;0;True;True;False;True;False;0;24;False;0;False;0;6;True;False;False;f2fb833ac32dc299503a0b30361e23b6149c3e504ccf6738a840b3e5e55f867b;0.170040292179072;0.1202562513547374;0.3274775048458257;0.30648535175981806
True;False;False;True;True;False;False;True;False;False;True;0;True;False;False;False;0;False;True;False;False;0;False;True;False;True;False;0;18;False;0;False;0;6;False;False;True;04011866aaa735cf76cfee18ec8923b23b6640412ae6eadaaa543e4692a17b05;0.848564113253617;0.69984878038789;0.9025520047797146;0.7368003653208854
False;False;False;True;True;False;True;False;False;False;True;0;False;False;False;False;0;False;False;True;True;0;False;True;False;True;True;0;18;False;0;True;0;6;False;False;False;dfe860b3e5629b34642c88f808d0fcd2660ad88232783fdd05e7b33ab2cfa463;0.7522177158200045;0.5888498795309793;0.8938921468635024;0.7250376478956079
False;False;False;True;True;False;False;False;False;False;True;0;True;False;False;True;0;True;False;False;True;0;False;True;False;False;False;0;18;False;0;True;0;6;True;False;False;4e9c2c352cd31aede13e0c9de0a06a56af57edb418367237e16f623847537ccd;0.7711276353524377;0.6098307429931862;0.904648891344915;0.7407076388886431
False;False;True;False;False;False;True;False;False;True;True;0;False;False;False;True;0;False;False;True;False;0;False;False;False;False;False;0;24;False;0;False;0;6;True;False;False;a9ceb8b8fd7566767bfbae7b900a2a4995805294dd0c08e6cffb648fc6c49a91;0.8780275633191538;0.7621204091217516;0.8499024642476111;0.6886227737838563
True;False;True;True;False;False;True;False;False;False;True;0;False;False;False;False;0;False;False;False;True;0;True;True;False;True;False;0;6;False;0;False;0;6;True;False;False;1a0d8241356986ca075b7620fe15f00a55e41785b3ca0b02663b5efd488ab1ba;0.1441403672946159;0.0954551728727242;0.32140713976464286;0.29082079321600735
False;False;True;True;False;False;True;True;False;False;True;0;False;False;False;False;0;False;False;True;False;0;False;True;False;True;False;0;18;False;0;True;0;6;True;False;False;87501fb6c509967ef342caa48d9c4998b56feb69f6c850ccac2c34fda697c56a;0.8819713170536161;0.7630222052430512;0.7799424570661189;0.6222732159994822
True;False;False;True;True;False;True;False;False;True;True;0;False;False;False;False;0;False;False;False;False;0;True;True;False;True;True;0;18;False;0;False;0;6;False;False;False;e82de971e70aff3333fd6b3a3131d249fc0e33deef500067a0b9f98c223a33e4;0.1336002778257876;0.0840561227230399;0.3404137953377655;0.292362995217862
False;False;True;False;False;False;True;True;False;False;False;0;False;False;False;False;0;True;False;False;False;0;False;False;False;True;False;0;0;False;0;False;0;6;False;False;True;d2550b05efaade198cc6669229d30a8dfcf99c1103b5c8098f864ebd5d1ed8c5;0.6622629293663257;0.5143965524157944;0.8020248004191308;0.6285070930784039
False;False;True;False;False;False;True;False;False;False;False;0;False;False;False;False;0;True;False;False;True;0;False;False;False;True;False;0;0;False;0;False;0;6;True;False;False;b33c7a0cbf37684ddd1479e6a25c5ce4c15d257c22d622c5700d39ed340d0734;0.607115595873608;0.4616389478679171;0.8383719363260806;0.6701814803887138
False;False;False;False;True;False;True;False;False;True;False;0;False;False;False;False;0;False;False;False;False;0;True;False;False;True;False;0;0;False;0;False;0;6;True;False;False;385652685527991d9164c13e478f8c0d41d02b79ad61b67d22175525072791d5;0.1083146656811662;0.0677562735802207;0.33692261250692673;0.28488179839390254
True;False;True;True;False;False;False;False;False;False;True;0;True;False;False;True;0;False;True;False;True;0;False;True;False;False;False;0;6;False;0;False;0;6;True;False;False;1a284909f5a0c4af6dff9fa2d8a788ae0b873e48071a1291520e55073ef1ccbd;0.710857551844319;0.5583258023079121;0.8470453764393757;0.68635023616142
True;False;True;True;False;False;True;False;False;False;True;0;False;False;False;True;0;False;True;False;True;0;False;True;False;False;False;0;18;False;0;False;0;6;True;False;False;cb0f90cc5a86dc4ac528363e39e7d43b05a450520a984ee2e5a667fa5fd382bf;0.8803019219646644;0.7504590850050916;0.8819327695790337;0.7303717730873706
False;False;False;True;True;False;False;False;False;False;True;0;True;False;False;True;0;False;False;True;True;0;False;True;False;False;False;0;18;False;0;True;0;6;False;False;True;70e8ea8c1a82699face1219a2ee6c20c726ded8f7025ccc188ff1c9f1ba1d63e;0.7761401706475622;0.615213198210528;0.9045518498170843;0.7385992244066193
False;False;True;True;False;False;True;False;False;False;True;0;False;False;False;True;0;True;False;False;True;0;False;True;False;False;False;0;24;False;0;True;0;6;True;False;False;81f5eb0b9a3c2a5922e82d903467f054123d89cd0d0a73ad4f602d20ea6a8178;0.812156176284935;0.6594691527205779;0.8154035673614011;0.635805487567245
False;False;True;True;False;False;True;False;False;False;False;0;False;False;False;True;0;True;False;False;True;0;False;True;False;False;False;0;0;False;0;True;0;6;True;False;False;d71dea768f20b322b6a0acc72fee0336b5e3333c2a97dc4c44d5e26308a8fc86;0.604283566417784;0.4589583267137082;0.8319124986979795;0.6630241752815256
True;False;True;True;False;False;True;False;False;True;True;0;False;False;False;True;0;False;True;False;False;0;False;True;False;False;False;0;24;False;0;False;0;6;True;False;False;773c731319dabbe3771c540f446cff2368d3b8b6f422f5d8898eca8036ada33b;0.8852100609472386;0.7704070358463364;0.8468522651298228;0.6859687511462966
False;False;True;False;False;False;False;False;False;False;False;0;True;False;False;True;0;False;False;False;True;0;True;False;False;False;False;0;0;False;0;False;0;6;True;False;False;7bcc049197b6889e1b3ff91cd7eb6d337de66be58b2c253f10844a4160f0ad6a;0.4020460262189075;0.3005351275351227;0.6448564108701783;0.5135067251647143
False;False;False;True;True;False;False;False;False;False;True;0;True;False;False;False;0;False;False;False;True;0;True;True;False;True;True;0;24;False;0;True;0;6;False;False;False;fe1837036ac05c3c9d098b544f61dd684436d2395840f99da0edaf492061bf9e;0.1448244194510934;0.0891694356443664;0.3375625173581181;0.2924136952254366
True;False;True;True;False;False;False;False;False;True;True;0;True;False;False;False;0;False;False;True;False;0;False;True;False;True;False;0;24;False;0;False;0;6;False;False;True;fcef5865f2a7cb0288e914d7d56bd0c5c7b44a1a66430acc0ca6eb2982885d87;0.8862305358892154;0.7724492422043366;0.8401556799782928;0.678946965966057
True;False;False;True;True;False;False;False;False;False;True;0;True;False;False;False;0;False;False;True;True;0;False;True;False;True;False;0;6;False;0;False;0;6;False;False;True;8ddc43ccd99de46131878aca07b940183b5315abf4fa53a1be24e5bb7ec17b5a;0.6914733100457945;0.5229451416537638;0.9060458636817372;0.7435551486824707
True;False;False;True;True;False;True;True;False;False;True;0;False;False;False;True;0;False;False;False;False;0;True;True;False;False;True;0;24;False;0;False;0;6;False;False;False;18b9fc4b0aaad868c85c212be117abc7b6f8c87ae0385cfcf076d9906298f792;0.5214360916661638;0.4072589911156878;0.6676103641186444;0.5289233524510382
True;False;False;True;True;False;False;False;False;True;True;0;True;False;False;False;0;False;True;False;False;0;False;True;False;True;False;0;18;False;0;False;0;6;True;False;False;11d71adbc3c6090887a5b1e8669ca54f3d9e09aea3c5dc84cab71cbc559d3ef8;0.7363846804616249;0.5732172140316404;0.9080202299279311;0.7470079388220093
False;False;True;True;False;False;True;False;False;True;True;0;False;False;False;True;0;False;False;False;False;0;True;True;False;False;False;0;6;False;0;True;0;6;False;False;True;d01f253e4cb0192071ab8b016cf02e3e4ccd3a77f74ca007f212af9aabb757ed;0.5148235195912134;0.4102728448735913;0.6368308893656588;0.5176325450768288
True;False;False;True;True;False;True;False;False;True;True;0;False;False;False;False;0;False;False;True;False;0;False;True;False;True;True;0;6;False;0;False;0;6;False;False;False;4a2dd9dd28cf20ba9aa46db6c889277be138a7fcf5290725df541a20c87f2191;0.6638642566094842;0.4975392387882549;0.9043650781913233;0.7410798136908593
False;False;True;False;False;False;False;False;False;False;True;0;True;False;False;False;0;False;False;False;True;0;True;False;False;True;False;0;24;False;0;False;0;6;True;False;False;289645b74904d53b57bf8de6047f6f0231cdc2b984c7e42e08eb1e9141ca108d;0.1664748448636966;0.1180597921133101;0.32259368792021803;0.3018053258807744
True;False;True;True;False;False;True;False;False;True;True;0;False;False;False;True;0;True;False;False;False;0;False;True;False;False;False;0;18;False;0;False;0;6;False;False;True;faa66e85d6828f82a7445ab49eeb3cac7af2d1df738194a4251249fea2e2c24a;0.8705419510138833;0.7517038313640881;0.8517083299075937;0.7028613481503962
False;False;False;True;True;False;False;True;False;False;True;0;True;False;False;True;0;False;False;False;False;0;True;True;False;False;False;0;24;False;0;True;0;6;True;False;False;5a11e8715ba5145e92f7633ec55a9ac5cbe711df7c1e9dab9a2f05caeaf0a4a9;0.4925643487678023;0.379189681139618;0.6469471874003668;0.5055066691250178
False;False;False;False;True;False;True;False;False;True;True;0;False;False;False;False;0;False;False;False;False;0;True;False;False;True;False;0;24;False;0;False;0;6;False;False;True;d93e080f9c5c43ef17234d2268ea9a20d9aab52e7bac7e21e656dd41bf42efc7;0.1344857309763452;0.0791402626556184;0.3394253703491678;0.28804466887244384
True;False;True;True;False;False;True;False;False;False;True;0;False;False;False;True;0;True;False;False;True;0;False;True;False;False;False;0;24;False;0;False;0;6;True;False;False;207d0d288d51f391cbe789734bbec0c94af999437ae2e0a7d86b2652278c9e34;0.9011760059353904;0.777770572956807;0.866498751010732;0.702329656290669
False;False;True;False;False;False;True;False;False;True;True;0;False;False;False;False;0;False;True;False;False;0;False;False;False;True;False;0;6;False;0;False;0;6;True;False;False;570b313f150dd5ff35390b679f6e2fcfcc6d87bfaa42a4fc35d4258de339a78b;0.7291271720468956;0.5932460481327617;0.8366799192174854;0.6834011319182723
False;False;False;False;True;False;True;False;False;True;True;0;False;False;False;True;0;True;False;False;False;0;False;False;False;False;False;0;6;False;0;False;0;6;False;False;True;61245aa765ec183c2956232b91b237e776417f3782cfe04e7f356126b69089ff;0.6754360488751606;0.5076977612221405;0.9093562814383971;0.745152097760212
False;False;True;False;False;False;True;False;False;True;False;0;False;False;False;False;0;True;False;False;False;0;False;False;False;True;False;0;0;False;0;False;0;6;True;False;False;6246915101cb4312f76f24f42a2bde489d9b2eee9143304bff6c8e7d094629bc;0.618897504464383;0.4847242099598112;0.8034885835156569;0.6420261239086259
False;False;True;False;False;False;True;True;False;False;True;0;False;False;False;True;0;False;False;True;False;0;False;False;False;False;True;0;18;False;0;False;0;6;False;False;False;93656f9b9ad69f4351f1762f1a656e754b1333938f71c4a9e98950f825356618;0.9036800457716984;0.7911030866692835;0.8118958971813792;0.6485301630686907
True;False;True;True;False;False;False;False;False;True;False;0;True;False;False;True;0;False;False;False;False;0;True;True;False;False;True;0;0;False;0;False;0;6;False;False;False;50883625989cced7218a700cb5a74578a884cac6fbe654fd8fce88229f80f537;0.3963454601454568;0.3056707282937748;0.5951099766008592;0.47421874450089246
False;False;True;False;False;False;False;False;False;True;True;0;True;False;False;False;0;False;False;False;False;0;True;False;False;True;False;0;24;False;0;False;0;6;True;False;False;33a472b81e57b67e5104dd97836ea543dd48fa43faa02c64628a7ade3fab573b;0.1698415358367387;0.1314478431316596;0.323093777230306;0.30136628372313
True;False;True;True;False;False;False;False;False;False;True;0;True;False;False;True;0;True;False;False;True;0;False;True;False;False;False;0;6;False;0;False;0;6;True;False;False;756cdc99b45730d5555b6126c3064e1e5e240020794b747148d476f4e6371c16;0.7104926414621197;0.5582198267718529;0.8462019931596861;0.6859025717334893
True;False;True;True;False;False;False;False;False;True;True;0;True;False;False;False;0;False;False;False;False;0;True;True;False;True;False;0;24;False;0;False;0;6;True;False;False;6368b40f5eca574b2d08fd328375e7cdcc4d6849f3c29dc52b9582bd7ea7f3e7;0.1719591775232491;0.1330762597741749;0.325378629924982;0.30194581229707956
False;False;True;True;False;False;True;True;False;False;True;0;False;False;False;False;0;False;True;False;False;0;False;True;False;True;True;0;18;False;0;True;0;6;False;False;False;0eeb8ed3516dad7b4ff436669c1b6eb4d3d5c2b40895592def34894086247e8a;0.8544366807047681;0.7296175280835842;0.7649328225772737;0.6069792684490616
False;False;False;True;True;False;True;True;False;False;False;0;False;False;False;False;0;True;False;False;False;0;False;True;False;True;False;0;0;False;0;True;0;6;False;False;True;5ab4dc98d7d1b11a9503a0718d8f20f901e99773dd5bb8c499c83168d6afae1a;0.5422823995014379;0.4147965154430211;0.814323157221619;0.6496258614613505
False;False;False;True;True;False;True;True;False;False;True;0;False;False;False;True;0;False;True;False;False;0;False;True;False;False;False;0;24;False;0;True;0;6;False;False;True;3738fe0d222392424d795cb97b9e8a9f6bfa33b9c1ca708f230228a7cee92688;0.7887868986138337;0.6301158049108924;0.8559839930046638;0.6681039240019282
True;False;True;True;False;False;False;False;False;False;True;0;True;False;False;True;0;False;True;False;True;0;False;True;False;False;False;0;18;False;0;False;0;6;True;False;False;3adc3e8d4bbe9839feb19e719569848aae34127bedbcd6353220d95f177b5a48;0.8835185257080724;0.7535394871241108;0.8817639468933156;0.7296868836849024
False;False;False;False;True;False;False;False;False;False;True;0;True;False;False;False;0;True;False;False;True;0;False;False;False;True;False;0;24;False;0;False;0;6;False;False;True;62c57e1d5a9fe702ff20e60e1747c2ecc6d5a95e26ddcffb0f42f639af6700d3;0.7774782898888507;0.6275139278799833;0.8905343738989161;0.7225536496505701
False;False;False;True;True;False;False;False;False;True;True;0;True;False;False;True;0;False;False;True;False;0;False;True;False;False;True;0;24;False;0;True;0;6;False;False;False;c3d69a2ab8884b1e4e6d508677ba8729fb3b67c70f7670f71a76a991f478d834;0.6732231954787181;0.5092221610105565;0.8658334880612976;0.6828478423323197
False;False;False;False;True;False;False;False;False;False;True;0;True;False;False;False;0;False;False;True;True;0;False;False;False;True;True;0;18;False;0;False;0;6;False;False;False;c737737150092a7be6ef3bc3c262677af2060f51fd29e157323c0f8cee4bff70;0.760873190179094;0.6059552315726048;0.8975237125891232;0.7386536547559162
False;False;True;False;False;False;True;False;False;False;True;0;False;False;False;True;0;False;True;False;True;0;False;False;False;False;True;0;24;False;0;False;0;6;False;False;False;f23628be7902ce6d929ecdc709eacac9f009f42a2626c37758d820c166bde03e;0.8580644281342139;0.7265814781984993;0.8467769439000021;0.6713426740391717
False;False;False;True;True;False;False;False;False;True;True;0;True;False;False;False;0;False;False;True;False;0;False;True;False;True;True;0;6;False;0;True;0;6;False;False;False;8703daa1f04ceac4f999aa05744be952ddee1fd925decff1c8842b08d9cb3dff;0.7168423561041243;0.5522923993411106;0.9228698265436358;0.7713167286801436
True;False;True;True;False;False;True;False;False;True;True;0;False;False;False;False;0;False;False;True;False;0;False;True;False;True;False;0;18;False;0;False;0;6;True;False;False;705cebb9e8ec8dc6693689bd1e60aa09efc3fa33f6ed2a237e2189a8da98942d;0.8683020762802692;0.7489329757626182;0.8552035287573175;0.7072265257613505
False;False;True;False;False;False;False;False;False;False;True;0;True;False;False;True;0;False;False;True;True;0;False;False;False;False;False;0;18;False;0;False;0;6;True;False;False;0ad8a0a650543f0e50e2fe1372cb7479aaad1df080d32034a76a4a5bf51ceff1;0.8719414065880008;0.7406859053213657;0.8824009636314282;0.727198187141924
False;False;True;True;False;False;True;False;False;True;True;0;False;False;False;True;0;False;False;True;False;0;False;True;False;False;True;0;24;False;0;True;0;6;False;False;False;363d34a76899392e5b37568f26828f80029b12647ce5d85b51ac3a1f67f51204;0.7750852748612752;0.6410627976741405;0.77058488195147;0.6039104473587258
False;False;False;True;True;False;True;False;False;False;True;0;False;False;False;True;0;False;True;False;True;0;False;True;False;False;False;0;6;False;0;True;0;6;False;False;True;e9369f292955df54c9488f3609fe62306c13f3e8d318c9d3d170c58d82e0c00f;0.7524238164252267;0.5879334518089631;0.9255009757243475;0.7691485173124655
False;False;False;True;True;False;True;False;False;False;True;0;False;False;False;True;0;False;False;False;True;0;True;True;False;False;True;0;18;False;0;True;0;6;False;False;False;0d9be676511cc388ad2c2b47334a1a467163b1ed20d5a62378d6629db147d34c;0.4892584685999609;0.3742194390810233;0.6882114815400522;0.553248758178508
True;False;False;True;True;False;False;False;False;True;True;0;True;False;False;False;0;False;False;False;False;0;True;True;False;True;False;0;6;False;0;False;0;6;True;False;False;853eb19488f1f28ed5d6b76326c20f41a3ab837875ef3dc0db47799ee6d1c465;0.1406119507516701;0.0830248359154561;0.3563225258967514;0.306609312979705
False;False;False;True;True;False;True;True;False;False;True;0;False;False;False;False;0;True;False;False;False;0;False;True;False;True;True;0;24;False;0;True;0;6;False;False;False;09b89acb416b12c16c3b38e02e26f1936a3f7dcf207aa27068f881d3dbe29124;0.765435971897374;0.6021489090379969;0.8456152625181523;0.6539632502770278
False;False;True;False;False;False;False;True;False;False;True;0;True;False;False;False;0;False;False;False;False;0;True;False;False;True;False;0;6;False;0;False;0;6;False;False;True;fe62d6ed16492861fd1432b4c6a65b357dc9d43bef85a7e8314ff9b5dfa66f2a;0.1512469459027614;0.0974649142950667;0.296105815483107;0.2588460281293127
False;False;False;False;True;False;True;False;False;True;True;0;False;False;False;True;0;False;False;False;False;0;True;False;False;False;False;0;24;False;0;False;0;6;False;False;True;c2df56dcc17fdcb6e1baba0270e6e90e7f7a55a1cef53f4787f2cb9a43faf82b;0.4627067120251403;0.3534555302275593;0.6897254648530391;0.5586766286291083
True;False;False;True;True;False;False;False;False;False;True;0;True;False;False;False;0;False;False;False;True;0;True;True;False;True;False;0;18;False;0;False;0;6;False;False;True;a5cc50079a6a0390429ad8f2d371e6e9c87c1070244cdd70bbcb99d92412416b;0.150981780534346;0.0952542894055297;0.35351376649783406;0.31287143358777486
True;False;False;True;True;False;False;False;False;True;True;0;True;False;False;False;0;False;True;False;False;0;False;True;False;True;False;0;24;False;0;False;0;6;True;False;False;d3c24dee65e0783d78aa386a31553fe93a00dbdf851b5a8cff37dc04de7d8d1c;0.7324299710238718;0.5727217811127485;0.8998073392634439;0.7345634411032479
True;False;False;True;True;False;False;False;False;True;True;0;True;False;False;True;0;False;False;True;False;0;False;True;False;False;False;0;6;False;0;False;0;6;True;False;False;9ec9e805390142b102b3c264a88e6e11bff043e76e4b73b9c3c8f7e2212ab3fd;0.6748520727389034;0.5071018865945863;0.9156458829886913;0.7539291701352839
False;False;False;True;True;False;True;False;False;False;True;0;False;False;False;True;0;True;False;False;True;0;False;True;False;False;False;0;24;False;0;True;0;6;True;False;False;6127911495b4aee6a2b4db858a91c294c48cb589f93beb4a4d89397583dcb700;0.7437512074954392;0.5796363970591286;0.8785400721606208;0.6968977632890758
False;False;False;False;True;False;False;True;False;False;True;0;True;False;False;True;0;True;False;False;False;0;False;False;False;False;False;0;24;False;0;False;0;6;True;False;False;2a5ccb60f151700333c491bb876ad2a5dd2878d12722aee3de7f6bbb84dfa2f0;0.8229313383022531;0.682747668844368;0.8820160739145695;0.7140520658105518
False;False;True;False;False;False;False;True;False;False;True;0;True;False;False;True;0;False;False;False;False;0;True;False;False;False;True;0;18;False;0;False;0;6;False;False;False;5569c9697f159263f91def245c796f38777a30916e43e6a712e45ab9cd07761d;0.5630922015963113;0.4548692867883214;0.5977320402964496;0.4770634983268645
False;False;True;True;False;False;False;True;False;False;True;0;True;False;False;False;0;False;False;False;False;0;True;True;False;True;True;0;6;False;0;True;0;6;False;False;False;8d586b738359d9e003fa28b37720067b1c487b30108c639d70101efb4f1c54d8;0.1721447565959853;0.1187700318622553;0.2981653755974784;0.26836585596141066
False;False;True;True;False;False;False;False;False;False;False;0;True;False;False;False;0;True;False;False;True;0;False;True;False;True;True;0;0;False;0;True;0;6;False;False;False;ff2a6cd454aa776e922e9d456e3a4e45155f54c8f3638f6bfbad2aedd1e7402a;0.5866317458513802;0.4452106229445121;0.8140269692054135;0.6460502496566626
False;False;True;False;False;False;True;True;False;False;False;0;False;False;False;False;0;False;False;False;False;0;True;False;False;True;False;0;0;False;0;False;0;6;False;False;True;661a3e9991a0a489e9447c04d1e39861d9525c2cbea1ba82ef65f980162ccdb5;0.1402765448085379;0.0872630173584841;0.31091686437849714;0.2563014198899758
True;False;False;True;True;False;True;False;False;True;True;0;False;False;False;True;0;True;False;False;False;0;False;True;False;False;False;0;6;False;0;False;0;6;False;False;True;7b21c66defff5ad9dc4508275fb4d1b05227ea037f0e5c7aea9b253cc115e814;0.6800899089820476;0.5131351702470534;0.9127485461332695;0.750097425111147
True;False;False;True;True;False;False;True;False;False;True;0;True;False;False;True;0;False;False;True;False;0;False;True;False;False;False;0;6;False;0;False;0;6;False;False;True;c6da64e68ab8952752177d9fb39749e913df6575b35dd008baefb2db403225c1;0.736955601129789;0.5718579531359986;0.9050690984198574;0.7464290901681848
False;False;False;False;True;False;True;False;False;False;False;0;False;False;False;True;0;False;False;True;True;0;False;False;False;False;False;0;0;False;0;False;0;6;True;False;False;8d823ae1f5ab5bb5b3715b8e6e1827782f084b79b16ae643985bbd0b7b96c4af;0.5323469814210866;0.4101367413540515;0.8194303007955218;0.660862065732542
False;False;False;False;True;False;False;False;False;False;True;0;True;False;False;False;0;False;False;False;True;0;True;False;False;True;False;0;18;False;0;False;0;6;True;False;False;ce9c7473ba82db08ba5d7b90b1cfd1588845f912c324885916883d9ad861c7f2;0.1536500504648319;0.0966433749637012;0.35569945461347735;0.3103509369815989
False;False;False;True;True;False;True;True;False;False;True;0;False;False;False;True;0;False;False;False;False;0;True;True;False;False;True;0;24;False;0;True;0;6;False;False;False;517fad76f61e43be9b40c526f5d106ff333819716297ed6d90f0fdf87b46f597;0.4932731064173297;0.3754093094513347;0.6477944716233133;0.5020328839822578
False;False;True;True;False;False;True;False;False;False;True;0;False;False;False;False;0;False;True;False;True;0;False;True;False;True;False;0;6;False;0;True;0;6;True;False;False;b92888fee98e46748fc120aac5c909e6240ccd5e32b95af98449c94243a15ab0;0.7599357630590263;0.6060228394327957;0.8468546201653093;0.6862084002497832
False;False;False;False;True;False;True;False;False;False;True;0;False;False;False;True;0;False;False;False;True;0;True;False;False;False;True;0;24;False;0;False;0;6;False;False;False;a26df7225efd6377336b8c1751f1551e578d73f1a6ccfa55bd3cbbd644882821;0.4780962791187151;0.3703582167401363;0.6704323618841018;0.5378496510234717
False;False;True;True;False;False;True;False;False;True;True;0;False;False;False;False;0;False;False;False;False;0;True;True;False;True;True;0;6;False;0;True;0;6;False;False;False;82f4f6f5ccaad88b6fc9941b49dcbcee9c3d0af5e259a407f2e26e9010e03cb2;0.1624094431867533;0.1173917398612364;0.3170411990133062;0.2940321509020204
True;False;False;True;True;False;False;False;False;True;True;0;True;False;False;False;0;False;False;False;False;0;True;True;False;True;False;0;18;False;0;False;0;6;False;False;True;dda939709fc9632fe99194a55d57bd338523374867660e6e628deb085f8eec2e;0.1417293726354367;0.0892410702759224;0.34905813135149366;0.30074753546856225
False;False;True;False;False;False;True;False;False;True;True;0;False;False;False;False;0;False;True;False;False;0;False;False;False;True;False;0;18;False;0;False;0;6;True;False;False;7e08e5da4e36471194f30ce05545f5c5b59be6f29caa7db39e83726791dafa6d;0.8604411192779917;0.7393829121836039;0.8577112240394136;0.7060245853857657
True;False;True;True;False;False;False;False;False;True;True;0;True;False;False;False;0;True;False;False;False;0;False;True;False;True;False;0;18;False;0;False;0;6;False;False;True;320b7b615ecfa3cb3918a1c71065aa6a7b186c1994cf99967b2fb86d6c0a169a;0.8744541001282551;0.7550977783114191;0.8507059212143259;0.7002875165649574
False;False;False;False;True;False;False;False;False;False;True;0;True;False;False;False;0;False;False;False;True;0;True;False;False;True;False;0;24;False;0;False;0;6;True;False;False;f90f7471236583cf7ca63a94605bef0ed50bffab470de9e42c00e4f4ec69f645;0.1500105663038541;0.0896320922175184;0.34921706244742434;0.3016985211292265
False;False;True;False;False;False;True;True;False;False;True;0;False;False;False;False;0;True;False;False;False;0;False;False;False;True;False;0;6;False;0;False;0;6;False;False;True;ddb6c0eb05ead39a2dcbc6d48819c366a2d851d18f833a89187366e303fb88bd;0.8039478751779642;0.6655201771780788;0.8206499367979636;0.6566297481630574
False;False;True;False;False;False;False;False;False;False;True;0;True;False;False;True;0;False;False;False;True;0;True;False;False;False;True;0;6;False;0;False;0;6;False;False;False;95e28aa2b6c15bab3b634addd3618a36995739974f18578c6d845083af03514e;0.4478106837255646;0.3465508740836999;0.6235833218112679;0.49937623732420255
False;False;False;False;True;False;True;True;False;False;True;0;False;False;False;False;0;True;False;False;False;0;False;False;False;True;True;0;6;False;0;False;0;6;False;False;False;68720d6db5acf246edb96c91849c9ea5e504842fd282f8c92dd142bcf2c388f5;0.7144751948475323;0.5492760557491022;0.8900971141351981;0.7264467475417691
True;False;True;True;False;False;False;True;False;False;True;0;True;False;False;False;0;False;True;False;False;0;False;True;False;True;True;0;24;False;0;False;0;6;False;False;False;df1a734ce96602627be9fbe70a32c087ed49679f521a2d437a0a2583107870ed;0.9569657019941296;0.8800451397716398;0.8018810595367835;0.6269385326593984
False;False;False;True;True;False;False;False;False;False;True;0;True;False;False;True;0;False;False;True;True;0;False;True;False;False;True;0;18;False;0;True;0;6;False;False;False;27bebe95def04e9bbe88e650b41d1ddf7e240499600cbf526a4f5cf8f0a4c7b3;0.7517369593578219;0.5881679460745948;0.8913027057775409;0.7205718400276518
False;False;True;True;False;False;False;False;False;True;True;0;True;False;False;False;0;True;False;False;False;0;False;True;False;True;True;0;6;False;0;True;0;6;False;False;False;93ae6598d095ca04984891fa32f61809a3f8abd6f3cac308068a77ddb2d8015b;0.7559398329740681;0.6167798424001755;0.8162356824809681;0.6623774397983422
False;False;False;False;True;False;True;True;False;False;True;0;False;False;False;True;0;False;True;False;False;0;False;False;False;False;True;0;24;False;0;False;0;6;False;False;False;97b23ded50dfeb189523ac5fb2ce7aac61f67809d942793374ef04a1e8f671c8;0.8044119196163806;0.6596219995462287;0.8707583401849044;0.6952699994017303
False;False;False;False;True;False;True;False;False;False;False;0;False;False;False;True;0;False;False;False;True;0;True;False;False;False;False;0;0;False;0;False;0;6;True;False;False;b3f8cdde3b3534fa4ddd6c73feeb932e90de127c38bc09974805c0b546afb590;0.3710110803186605;0.2845939424178955;0.6544192377385779;0.5260989603815368
True;False;True;True;False;False;False;False;False;True;True;0;True;False;False;True;0;False;False;True;False;0;False;True;False;False;False;0;18;False;0;False;0;6;False;False;True;2536947e4059898f55d13f405afccc5ced1bf3144b5e3ff39facdfa42d489ddf;0.8715554425647138;0.7526985733178666;0.851426028493672;0.701294179499271
False;False;True;True;False;False;False;False;False;True;True;0;True;False;False;False;0;True;False;False;False;0;False;True;False;True;False;0;6;False;0;True;0;6;True;False;False;d78416c92fc4811f8e7ca40c799564dc1618469d649b148094b70fe89390cc26;0.7778569432235989;0.6410198004449976;0.8295040932297344;0.6781127765622456
True;False;True;True;False;False;True;True;False;False;True;0;False;False;False;False;0;False;True;False;False;0;False;True;False;True;False;0;6;False;0;False;0;6;False;False;True;46ef159e0f764067c303150434a08763ebdcf4f16ed84cd89461986a19503c60;0.807733393612154;0.664327818978236;0.8218844328150542;0.6568161104693125
False;False;False;False;True;False;True;False;False;False;True;0;False;False;False;False;0;False;True;False;True;0;False;False;False;True;False;0;6;False;0;False;0;6;True;False;False;1c189c4f2ffda9b041443ccde767544c2dd5825292580bc427aa3eac5fd556e8;0.6838836718998397;0.5166174954868187;0.9033934399577813;0.7405236137842629
False;False;True;False;False;False;False;False;False;False;True;0;True;False;False;False;0;False;False;False;True;0;True;False;False;True;True;0;18;False;0;False;0;6;False;False;False;77dc033a6de8049474d62a39b2bd62a76e21379fcf8faceb43e19feee00b7667;0.1620633270527245;0.1176732159686455;0.3207214058672955;0.29983348515237
False;False;True;False;False;False;True;False;False;True;False;0;False;False;False;True;0;True;False;False;False;0;False;False;False;False;True;0;0;False;0;False;0;6;False;False;False;785b0b3ed831f28e20e273484ca9dbf1cfbe1c8ca2827dad200fe18c31fabd22;0.600907823934822;0.4685713906148488;0.7860055774201912;0.6243329762384137
False;False;True;False;False;False;False;False;False;True;False;0;True;False;False;False;0;True;False;False;False;0;False;False;False;True;True;0;0;False;0;False;0;6;False;False;False;f1e8ee2f787c4b65d5bc118b9c9ba67ce91e9db8966a8976104792effe6a11dd;0.5981288349276153;0.4658355302141305;0.7854909288602981;0.6241664936237701
False;False;False;False;True;False;False;True;False;False;True;0;True;False;False;False;0;False;False;True;False;0;False;False;False;True;False;0;18;False;0;False;0;6;True;False;False;49621ae1cc16986f06e1b8df0b3d95c421a6524586d592b61d371ec21f69a485;0.8251014957832299;0.6767707313113502;0.900046945145396;0.7349663169399315
True;False;False;True;True;False;False;False;False;True;True;0;True;False;False;False;0;True;False;False;False;0;False;True;False;True;False;0;24;False;0;False;0;6;False;False;True;19349906410b4fd0f751b46c0f8d203d92350c86602d5c8696036d46527e93cc;0.7386888588974269;0.5793505518177382;0.8987638611562738;0.7315260521387753
False;False;False;False;True;False;True;True;False;False;True;0;False;False;False;False;0;False;False;False;False;0;True;False;False;True;False;0;6;False;0;False;0;6;False;False;True;cc5747a7052c9f5dddab56bc6ebfdde38138c60d32b0116d0a1780e8a170a0a3;0.1441865890644938;0.0847794301259277;0.3365085077530448;0.28781966103004425
False;False;False;True;True;False;True;True;False;False;True;0;False;False;False;True;0;False;False;False;False;0;True;True;False;False;False;0;18;False;0;True;0;6;False;False;True;02152752da657da4af2af356ff8536934748a565e357940676884c2a57902530;0.5265899989327955;0.4139558125654841;0.6860907527756323;0.5526400574224479
False;False;True;True;False;False;False;True;False;False;True;0;True;False;False;True;0;False;True;False;False;0;False;True;False;False;True;0;24;False;0;True;0;6;False;False;False;0453b441746d20c897ce72a17b962c2e8bc4c3e607d6866ef36dd77380e75c96;0.8639886812501041;0.7324103811718811;0.7406138367211625;0.5594987604916739
False;False;False;False;True;False;False;False;False;False;True;0;True;False;False;True;0;True;False;False;True;0;False;False;False;False;True;0;24;False;0;False;0;6;False;False;False;66837179692d7ca0201777a26340688748add4d824fb41603e4d250229d03900;0.7513805640244868;0.6004616128288848;0.8774732275575673;0.7053568956026425
False;False;False;True;True;False;True;False;False;False;False;0;False;False;False;True;0;False;False;False;True;0;True;True;False;False;False;0;0;False;0;True;0;6;True;False;False;d0ed79ead8b3b4c50c0a386b3f46c2d2b2a92e437dcdea30ef4913a57c77d975;0.3753452423139866;0.2884675648519801;0.6541747196154243;0.5232964357414815
False;False;True;False;False;False;True;True;False;False;False;0;False;False;False;True;0;False;True;False;False;0;False;False;False;False;False;0;0;False;0;False;0;6;True;False;False;1091e8efb4acc265e71b89034e465d19ec504386de6720fc1298bb1876b7dcdb;0.6575129571118631;0.5106785998795076;0.8065694493841291;0.6346959150328294
False;False;False;False;True;False;False;False;False;False;True;0;True;False;False;False;0;False;True;False;True;0;False;False;False;True;False;0;18;False;0;False;0;6;False;False;True;1b721502bede617b46ef759f21ad17757809cd15537bb1da3131522b0ded4d02;0.7864639779388006;0.6332078642633486;0.9077560426901734;0.7501497622722205
False;False;True;False;False;False;False;False;False;True;False;0;True;False;False;False;0;False;True;False;False;0;False;False;False;True;False;0;0;False;0;False;0;6;True;False;False;461344e130090cf21007e281d752bcec920aa8dfb36f679f808865a31d966892;0.6188414966735293;0.4847137477414493;0.8035189980913023;0.6422624421324763
False;False;False;False;True;False;True;False;False;True;False;0;False;False;False;False;0;False;False;False;False;0;True;False;False;True;False;0;0;False;0;False;0;6;False;False;True;6d74c30e553f35043e4e3c8a00b6fb8fe43d6fc39af64181823c564e82a8e4e0;0.1046509852726784;0.0641392998688331;0.3311761075639622;0.27940705333326515
True;False;True;True;False;False;False;False;False;True;False;0;True;False;False;True;0;True;False;False;False;0;False;True;False;False;False;0;0;False;0;False;0;6;True;False;False;44a57abdb7a390f523a337f94e2927f976b9cefdef30fc0876f1992483b2cb0b;0.6175692112394848;0.4841286992694254;0.8026880451100361;0.6424390798718778
True;False;False;True;True;False;True;False;False;True;True;0;False;False;False;False;0;False;False;True;False;0;False;True;False;True;True;0;24;False;0;False;0;6;False;False;False;3165f5b3300ae0e267d282144e9481e5d33ca05539e7b3e68de4f57b0b922938;0.7156414513632673;0.5562334228911427;0.8885548610980307;0.7198575980474055
False;False;False;False;True;False;True;False;False;True;True;0;False;False;False;False;0;False;False;True;False;0;False;False;False;True;True;0;18;False;0;False;0;6;False;False;False;27735d5e5766aa3cc9545dabb48038abfa8df48cccd1e51445b04306dd2a3c04;0.7085198189266979;0.5492922418544608;0.8928323030901683;0.7287856909281759
True;False;False;True;True;False;False;True;False;False;True;0;True;False;False;False;0;False;True;False;False;0;False;True;False;True;False;0;24;False;0;False;0;6;False;False;True;fd302f70f7d847d16d62217ca6a954774995f92495b680328397d4a930cd6c68;0.8485181392349875;0.7061644812875185;0.8850137416699903;0.7128443425447099
False;False;True;False;False;False;True;False;False;True;True;0;False;False;False;False;0;False;True;False;False;0;False;False;False;True;False;0;24;False;0;False;0;6;False;False;True;21d0c7810ae297e7cfc0bcace8189f5c06b70362d9eda10314a4e5746b9ed6af;0.8829654224303796;0.7674047785671247;0.8459390842165638;0.6828000175892736
False;False;False;False;True;False;False;False;False;True;True;0;True;False;False;False;0;False;False;False;False;0;True;False;False;True;False;0;18;False;0;False;0;6;True;False;False;064656e1b4f291fd2e0080b36a3b72f5984d22d21e0e67e0f436f4086c587ea5;0.1444567764640206;0.0909338269478591;0.35169199730245204;0.30014397606781734
True;False;False;True;True;False;False;False;False;True;False;0;True;False;False;False;0;False;True;False;False;0;False;True;False;True;True;0;0;False;0;False;0;6;False;False;False;fe34db4beca4a51042e4e17a175775288a3ab870905af8348e54a3e35034bde7;0.5165691964347439;0.3903056351220514;0.8239372739332734;0.665063835130341
True;False;False;True;True;False;True;True;False;False;True;0;False;False;False;False;0;True;False;False;False;0;False;True;False;True;False;0;6;False;0;False;0;6;True;False;False;9fb77bd6f125fc67c8b84914b11b480799eeb7ebd4acd785ddbe0feb54b6f604;0.7352842694174982;0.5689195416374216;0.9065660044533579;0.7490816828506449
True;False;False;True;True;False;True;False;False;False;False;0;False;False;False;False;0;False;False;True;True;0;False;True;False;True;False;0;0;False;0;False;0;6;False;False;True;1094afc115613073194a46cb1f04124adf7539585686955b2063ebf04307880b;0.5341843390957829;0.4122785233479243;0.8163576387235978;0.6580840780440631
False;False;False;False;True;False;False;True;False;False;True;0;True;False;False;True;0;False;False;True;False;0;False;False;False;False;True;0;24;False;0;False;0;6;False;False;False;a3bfe471f4eb1b526e80a2d7c2d24b57cabc410764a79f22e99babfe990ac281;0.800768583567172;0.6533691801528613;0.8693029398185578;0.6938274372763368
True;False;False;True;True;False;False;False;False;True;False;0;True;False;False;False;0;False;True;False;False;0;False;True;False;True;False;0;0;False;0;False;0;6;True;False;False;09e3e34e51c7937e3e15d13877774a2e97fa6120c880f80c2d3c3f154915eaf3;0.5274587836925528;0.3999658142584373;0.8348340062887267;0.6757908122856617
False;False;True;True;False;False;False;True;False;False;True;0;True;False;False;False;0;False;False;False;False;0;True;True;False;True;True;0;18;False;0;True;0;6;False;False;False;112e3be187eae8fadc0df161f903b7a4fa3c1449755b5f39948054bdb2469c1d;0.1689332511635429;0.1236148986000773;0.2835572788337687;0.25741669364172853
False;False;True;False;False;False;True;False;False;True;False;0;False;False;False;False;0;False;True;False;False;0;False;False;False;True;True;0;0;False;0;False;0;6;False;False;False;d88a9cd74349bd41424cd4faaafbf671a2aa19a26080e4d7a358c8d9c773f1b1;0.5975011422696375;0.4650044582787058;0.7842143462005817;0.6214619686633656
False;False;True;True;False;False;False;False;False;True;True;0;True;False;False;True;0;False;False;True;False;0;False;True;False;False;False;0;24;False;0;True;0;6;False;False;True;33476d92cb00314e3a95692d6682376e41da01e40c89ff94e0a7073b0cc3a3ef;0.8047297863362113;0.6731402795483846;0.7805362121636352;0.612245594825566
True;False;False;True;True;False;False;False;False;False;False;0;True;False;False;True;0;False;False;False;True;0;True;True;False;False;True;0;0;False;0;False;0;6;False;False;False;22498e975cf38aea657d3023860d2c4880ae24da45b298006622d8b8d85ca165;0.3490590844868635;0.2677021109590394;0.6223886285409366;0.5011651075278403
True;False;True;True;False;False;False;False;False;True;False;0;True;False;False;True;0;False;False;False;False;0;True;True;False;False;False;0;0;False;0;False;0;6;True;False;False;234bfb3ad509ab79e286d6f32bb361542a0b2a686df6ae49c6dd2ad28cd3234e;0.4108645796360698;0.3172537175055741;0.6158416138617455;0.49036396887878303
False;False;True;False;False;False;True;False;False;True;True;0;False;False;False;True;0;False;False;False;False;0;True;False;False;False;False;0;18;False;0;False;0;6;True;False;False;41998dcf4e59e0cf02e768dfb6215807db32899e28f592cb3e0ec688ba03d16d;0.5500319193525854;0.4494773448649695;0.6513345965790963;0.5332906365798508
False;False;False;False;True;False;True;True;False;False;True;0;False;False;False;False;0;False;False;False;False;0;True;False;False;True;False;0;24;False;0;False;0;6;True;False;False;11d628bc739e3bdd7e686d9afbd597b7f4eabd94bcd6b12464c9aa2a169356e5;0.1569627327605722;0.0984423186887015;0.33808273221992974;0.292140580047329
True;False;False;True;True;False;True;False;False;True;True;0;False;False;False;False;0;True;False;False;False;0;False;True;False;True;False;0;18;False;0;False;0;6;True;False;False;f972e90ac4dd08ea388a4652b6fbe30e1d40c41a10b4a3b673c5015e429badac;0.7349835150461895;0.5722781234749856;0.9072802629551953;0.7463669991869673
False;False;False;False;True;False;True;True;False;False;False;0;False;False;False;False;0;False;False;True;False;0;False;False;False;True;False;0;0;False;0;False;0;6;False;False;True;b48d41f50e00bd7eef7869e86a606bff57b662cb03a47126eb1557b9acf38068;0.5352878015989716;0.4098299236778943;0.8112756943465703;0.6492910777357481
False;False;False;False;True;False;False;True;False;False;True;0;True;False;False;False;0;True;False;False;False;0;False;False;False;True;False;0;24;False;0;False;0;6;True;False;False;90b57473bfb160204a56d07830f2ea2aa3c8e5118f08a8cc4a647690b7797148;0.8254783179651185;0.6854882470754686;0.8841362282086906;0.7151799238507499
True;False;False;True;True;False;True;False;False;False;False;0;False;False;False;True;0;False;True;False;True;0;False;True;False;False;False;0;0;False;0;False;0;6;True;False;False;fe99da47da97a07e3e3798f760b331d2fbb573f8b17af74ac13fe0d97bbc5edf;0.5317319721049402;0.4100578277441223;0.819582061684213;0.6626228219601298
True;False;False;True;True;False;True;False;False;False;True;0;False;False;False;False;0;False;True;False;True;0;False;True;False;True;False;0;6;False;0;False;0;6;False;False;True;2b2c6f6a031d5e90a22e67b112b16dbc44127878082558fdebce62bb30f13702;0.6945904766365286;0.5257506732094297;0.9066482384927157;0.7440057207337007
False;False;False;False;True;False;False;False;False;True;True;0;True;False;False;True;0;False;True;False;False;0;False;False;False;False;False;0;6;False;0;False;0;6;True;False;False;964ecfe267d78e1dd68a0d62a71421a2fd69c4c1b89bf6bb0c3f40a86c107dc5;0.6689487094442663;0.5008761807127291;0.9097207328437168;0.7456868766838229
False;False;True;True;False;False;False;False;False;True;True;0;True;False;False;False;0;False;True;False;False;0;False;True;False;True;False;0;18;False;0;True;0;6;False;False;True;0f23acb6c9a3e0bc72cb785482d37b59469664b1a0cc1750d9373ecfaa647ee5;0.8108678526562914;0.6803055266374585;0.7947017278686067;0.6384825816788353
False;False;True;False;False;False;False;True;False;False;True;0;True;False;False;True;0;False;False;True;False;0;False;False;False;False;True;0;18;False;0;False;0;6;False;False;False;ebcf90cf62c71c9486d6079c36e41c09fafe12530af05a26aabf02de870f9e0d;0.907320274023744;0.7964340717243515;0.8115404768915994;0.6454985174001233
False;False;True;True;False;False;True;False;False;True;True;0;False;False;False;True;0;True;False;False;False;0;False;True;False;False;False;0;18;False;0;True;0;6;True;False;False;d9f11120474799d52d8862d943501f640aa9d07a34b695496d87a2a0d2bcdc82;0.8035841102655122;0.6729742560060936;0.8001762174776481;0.6461014531296924
False;False;False;False;True;False;True;False;False;False;False;0;False;False;False;False;0;False;True;False;True;0;False;False;False;True;False;0;0;False;0;False;0;6;True;False;False;a9823f722ddef99d84405b3e15e100f300ed8a47051b04cd7a8f39dece6e3ca0;0.5326725609399595;0.4103424085943359;0.8189563457463278;0.6604669148918085
False;False;True;False;False;False;False;True;False;False;True;0;True;False;False;True;0;False;True;False;False;0;False;False;False;False;True;0;18;False;0;False;0;6;False;False;False;3a635ad00b4c9d77f1d525f8735fa535feff2595202700707dd1982dfc61543f;0.9067566788186237;0.7962645083977433;0.807798354527684;0.6420158573440649
False;False;True;False;False;False;False;True;False;False;True;0;True;False;False;True;0;False;False;False;False;0;True;False;False;False;False;0;6;False;0;False;0;6;True;False;False;8eb1d19565138d9270bc305048662534319058d810cb80cc1d0b97ed90dd4970;0.5205912657227193;0.4138147085306921;0.6286887412368533;0.5045279428195701
True;False;False;True;True;False;False;True;False;False;True;0;True;False;False;False;0;False;False;False;False;0;True;True;False;True;False;0;24;False;0;False;0;6;True;False;False;5e1101987f8f80358cf03e15963b884dd3c8b058c9536eaad76dd1083f9d4d52;0.1636579635949773;0.1044098843360403;0.3458467021338492;0.3008472722344273
False;False;False;False;True;False;True;False;False;False;True;0;False;False;False;True;0;False;False;True;True;0;False;False;False;False;False;0;18;False;0;False;0;6;True;False;False;4cecaf64841f082a50b9c9eefefcbab735c2cb1f5dd3ded676c66b98ec5e9273;0.7771016305638586;0.6230026910988964;0.9096974887258893;0.7539149730311598
False;False;False;True;True;False;False;True;False;False;True;0;True;False;False;True;0;False;True;False;False;0;False;True;False;False;False;0;6;False;0;True;0;6;False;False;True;01b9c816ffe143badabf992b5f5e585e172ab64b00f6f59a1f56cab9872259c8;0.8009067843851196;0.6442991770462634;0.9233016743184829;0.7728582924685693
False;False;False;True;True;False;True;False;False;True;True;0;False;False;False;True;0;True;False;False;False;0;False;True;False;False;True;0;24;False;0;True;0;6;False;False;False;fbe88e95b14e3f0640aed7554450a602c7a9f2ac0f6f0c0d000ebfebaa54c2c9;0.6756486634590364;0.5139991382837538;0.8676477375814434;0.6877608310639016
True;False;False;True;True;False;True;True;False;False;True;0;False;False;False;True;0;False;False;False;False;0;True;True;False;False;False;0;6;False;0;False;0;6;False;False;True;e1090b94c5ec75bf5678c2a5a58bed534874952c7e725fb4a393becf6bbe70d5;0.491877067891478;0.3762935995595962;0.704694233080836;0.5726159999447666
True;False;False;True;True;False;True;False;False;True;True;0;False;False;False;True;0;False;False;False;False;0;True;True;False;False;False;0;18;False;0;False;0;6;False;False;True;794a556ad5d202c0eb6a0e5f7be1b46e91a6c04212a13c5228beed81db537ea4;0.477485099593642;0.3654637194198547;0.7042228066361588;0.5744699477734513
False;False;True;True;False;False;True;True;False;False;False;0;False;False;False;True;0;True;False;False;False;0;False;True;False;False;False;0;0;False;0;True;0;6;True;False;False;51e35030e5583f689c1820acd8dc589f7d6c4e2015d03abfd0630262ff403534;0.6526695041540711;0.5077428223422567;0.7972812377739754;0.6239630495614557
False;False;True;False;False;False;True;False;False;False;True;0;False;False;False;False;0;True;False;False;True;0;False;False;False;True;True;0;6;False;0;False;0;6;False;False;False;fe776f2af996c8c6adbfba888a2d96a67c8b85b8ab3bb93adab0ca20c7fd486c;0.6919739785728407;0.5472179347871206;0.8314953776310783;0.6699703870366508
True;False;True;True;False;False;False;False;False;False;False;0;True;False;False;True;0;False;True;False;True;0;False;True;False;False;False;0;0;False;0;False;0;6;True;False;False;9968b58333f11519ba1f7b85ecc0c307b7a0620be2a959f07ec54a90c5a901e8;0.606264531276514;0.4617078710180876;0.8391511858898266;0.6725290799871148
True;False;False;True;True;False;True;False;False;False;False;0;False;False;False;True;0;False;False;False;True;0;True;True;False;False;False;0;0;False;0;False;0;6;False;False;True;f301befaabed48b058967bce4f90b84da3b9d87b788d5fd700bd95e5448e23c6;0.365503426419912;0.2810478266956149;0.6458402158182057;0.5194744004477
False;False;False;True;True;False;False;True;False;False;True;0;True;False;False;False;0;False;False;False;False;0;True;True;False;True;False;0;24;False;0;True;0;6;True;False;False;4c50c151a64033519936316dbcdeef7787d07e5f7506c0e052977f4327460b65;0.1588113363019822;0.0987089809255424;0.3353823083095158;0.28541717342871814
False;False;True;False;False;False;False;False;False;False;True;0;True;False;False;False;0;False;False;True;True;0;False;False;False;True;False;0;18;False;0;False;0;6;True;False;False;85cc455b5a7093f87db84c90b27358779201742d9629823bb3d2adc0ab1fbd29;0.8728883802232014;0.7418722411599078;0.8812577007679769;0.725546490088398
True;False;True;True;False;False;True;True;False;False;False;0;False;False;False;False;0;True;False;False;False;0;False;True;False;True;False;0;0;False;0;False;0;6;False;False;True;db282d817fb71850a87b93470aff3f075545f6b3e0438f6a0ad7630003571c3c;0.6645774013479907;0.5171878666353369;0.8038766514613226;0.6303644996560591
False;False;True;True;False;False;True;False;False;False;True;0;False;False;False;True;0;False;False;False;True;0;True;True;False;False;False;0;24;False;0;True;0;6;False;False;True;b91762019573650e45a9dea0dec8b9ea452d137132e22698f093758a3ce1ad59;0.5218535825684457;0.40492405839192;0.6136389911430026;0.4767203472323235
False;False;True;False;False;False;True;False;False;True;True;0;False;False;False;True;0;True;False;False;False;0;False;False;False;False;False;0;24;False;0;False;0;6;True;False;False;69e4324ed70f4a9e297ff5771a198c90f376fae5cf451df57e646060a9a414b2;0.8774004922408601;0.7614868927994946;0.8495373515675105;0.6878419484387656
False;False;True;True;False;False;False;True;False;False;True;0;True;False;False;True;0;False;False;True;False;0;False;True;False;False;True;0;18;False;0;True;0;6;False;False;False;3e402f123a22c8a6df7aa57f581e7a3e190ff5f5b13245b97a7c673a694bdb6e;0.8549991708267873;0.7276002798764661;0.7606265460627974;0.5992031897554135
False;False;False;True;True;False;True;True;False;False;True;0;False;False;False;False;0;False;False;True;False;0;False;True;False;True;False;0;24;False;0;True;0;6;False;False;True;4b997f885451fbd78f1660a2e1ad41a1289d99a5d771b0351fdd03bbd6cc1483;0.7914965172881866;0.6321137783684717;0.8566094787479246;0.667577547145374
False;False;False;True;True;False;False;False;False;False;False;0;True;False;False;False;0;False;True;False;True;0;False;True;False;True;False;0;0;False;0;True;0;6;True;False;False;8d6b2eadb5deb3788f153d75175ddfa155d5ecf25c07f72f32eb6f3205046e49;0.5392099870032233;0.4154480772504378;0.8194673411066868;0.6575793723272683
False;False;True;False;False;False;False;True;False;False;True;0;True;False;False;True;0;False;False;True;False;0;False;False;False;False;True;0;24;False;0;False;0;6;False;False;False;f577383156758aa5d7742c8787659e7216735bbb3860c170e467e9d717191a70;0.9400707261467256;0.8499794296835863;0.8032575302530977;0.623219879848319
False;False;True;True;False;False;False;False;False;False;True;0;True;False;False;False;0;False;False;False;True;0;True;True;False;True;False;0;24;False;0;True;0;6;False;False;True;944af8292d9e866e9b37ed685917ac51560eb578d30cc1ec8cb702c8036af37a;0.1606513994579207;0.1100822578386296;0.30892473415293814;0.28201568161084684
False;False;True;True;False;False;True;True;False;False;True;0;False;False;False;True;0;False;True;False;False;0;False;True;False;False;False;0;6;False;0;True;0;6;False;False;True;9d9e038d0da73f382aba1f35ddc11d901ff9566ed61399caff64418b221ed41b;0.8503130276535489;0.7138586362550772;0.8249043371785955;0.664523188950408
True;False;True;True;False;False;True;True;False;False;True;0;False;False;False;True;0;False;False;True;False;0;False;True;False;False;True;0;6;False;0;False;0;6;False;False;False;fd968c440de49243ec1602a19cb1ab9b42b3bec3e8af03593cbba10b6e0260ef;0.7797865838133299;0.6334397600007025;0.8122951033556536;0.6469568832749707
False;False;False;True;True;False;False;False;False;False;True;0;True;False;False;False;0;False;False;True;True;0;False;True;False;True;True;0;6;False;0;True;0;6;False;False;False;ad3236c11a1bca89e98da4b8ea5804c7746e9b957b6ca9ec15bc398c3cad846d;0.7317302310336952;0.5677462644893431;0.9128445059332471;0.7531801859637033
False;False;False;False;True;False;False;False;False;False;True;0;True;False;False;False;0;False;True;False;True;0;False;False;False;True;False;0;24;False;0;False;0;6;False;False;True;a3499fa20f796e2a8cf28cf80e81bb46d679868da4c52d97fe6221b1ab695647;0.7780136830200117;0.6280727498006299;0.8900108929298546;0.7218430168996924
True;False;False;True;True;False;False;False;False;True;False;0;True;False;False;False;0;True;False;False;False;0;False;True;False;True;False;0;0;False;0;False;0;6;False;False;True;b36ddb00f391c3b92df4708d81a88add9b8b43239423dd9e068cb597b4ffbbc0;0.5308774514008429;0.4036022464553269;0.8339108673576131;0.6748666842706151
False;False;True;False;False;False;True;False;False;True;False;0;False;False;False;True;0;False;False;True;False;0;False;False;False;False;False;0;0;False;0;False;0;6;True;False;False;5775afd5f1aaf4d643ddcca96ef2b134327fa20ee78cea4e1a8beefcc07851c4;0.6186120721883814;0.4840742929784719;0.8041564668895371;0.642420175275267
False;False;False;True;True;False;True;False;False;True;True;0;False;False;False;True;0;True;False;False;False;0;False;True;False;False;False;0;6;False;0;True;0;6;False;False;True;df4bf44bdba339cfe7c467479cde578758b874e6e14733f200543fc836b879c1;0.7348298872150295;0.5708452645501885;0.9324861827008755;0.7835762346351981
True;False;False;True;True;False;True;False;False;False;True;0;False;False;False;False;0;False;False;True;True;0;False;True;False;True;False;0;18;False;0;False;0;6;False;False;True;10e1ef0b2393662580c2875bb8ade719578ea444357d96f0c709e74638938bad;0.7989069553851071;0.6426739558843008;0.9144799918522866;0.7568865724926961
False;False;True;True;False;False;False;False;False;True;True;0;True;False;False;False;0;False;False;True;False;0;False;True;False;True;False;0;6;False;0;True;0;6;True;False;False;abacb3510aee05063ed4ebd256bd2ce5c66a21b497dac169162978b55602c8de;0.7777547625356217;0.6411341715166292;0.8297822656476093;0.6786054552444667
True;False;True;True;False;False;False;False;False;True;True;0;True;False;False;True;0;False;False;False;False;0;True;True;False;False;True;0;6;False;0;False;0;6;False;False;False;8a5bc73da88d84d4177fb4b8996a3449298b9bd1204e9ef456d1630fa7a61773;0.4529199654796284;0.3581704669914527;0.6115460874182637;0.49699858048771656
True;False;False;True;True;False;False;False;False;False;True;0;True;False;False;True;0;True;False;False;True;0;False;True;False;False;False;0;24;False;0;False;0;6;False;False;True;2cc76d6f46de36e1d8b6b086337c1f240dfdc2e049bc713cc4fd9e9564f2027a;0.7910836855661676;0.6383444397148412;0.895135753346138;0.7270829458948501
False;False;False;True;True;False;True;False;False;True;True;0;False;False;False;True;0;False;False;True;False;0;False;True;False;False;False;0;6;False;0;True;0;6;True;False;False;02a80dc0e755c4bc17a4e72677719cc601262c66e9635350f84ddf59bcf2901c;0.7307838944275696;0.5660841422074805;0.9347752615934098;0.7874697033085787
True;False;True;True;False;False;False;False;False;True;True;0;True;False;False;True;0;False;True;False;False;0;False;True;False;False;False;0;6;False;0;False;0;6;False;False;True;2010b7da97aece84232d1d3132799d0047f8360dfa510785e136e04038898f43;0.7295263338828787;0.5915354385426111;0.8304777410157612;0.6769309582395127
False;False;False;True;True;False;True;True;False;False;True;0;False;False;False;True;0;True;False;False;False;0;False;True;False;False;False;0;24;False;0;True;0;6;True;False;False;2322219ef374ca341b69230d7a037301ee4adc0e53db07a31ec782bc06cbe341;0.7856377304664042;0.6265876477857484;0.8588475454067842;0.6719065629458408
True;False;False;True;True;False;False;True;False;False;False;0;True;False;False;True;0;False;False;True;False;0;False;True;False;False;False;0;0;False;0;False;0;6;True;False;False;fb6f08711124e85b7333bb3d39732db5fa6d13c99eee583e371e14a40e8b47f9;0.5341386425713538;0.4092508325874037;0.8159088369883799;0.6546677233831609
False;False;False;False;True;False;False;False;False;False;False;0;True;False;False;False;0;True;False;False;True;0;False;False;False;True;True;0;0;False;0;False;0;6;False;False;False;49c0bb17e4d4f6e0dbd8d01cac09f73a8ca3a50b4b359e8ab51f5f3259b1789e;0.5215083512738109;0.4004458283010429;0.8083113755747273;0.648631287323776
True;False;True;True;False;False;True;False;False;False;True;0;False;False;False;False;0;False;True;False;True;0;False;True;False;True;False;0;18;False;0;False;0;6;True;False;False;aa1a5c5f8ac17444fbced145e64af6c07dcfc7c4c82296996865e6d326f53196;0.8831295786265977;0.7530828605390799;0.8815666559547768;0.7300111761030221
False;False;True;True;False;False;False;False;False;False;True;0;True;False;False;False;0;False;False;True;True;0;False;True;False;True;False;0;18;False;0;True;0;6;True;False;False;b755ad9fd8dbf829ef4cafc352c012b8f8abe8b2928189d0af25f33ca74af373;0.8162536433308832;0.6692326447903306;0.83371052594096;0.6721529389488942
True;False;False;True;True;False;True;True;False;False;True;0;False;False;False;False;0;False;True;False;False;0;False;True;False;True;False;0;18;False;0;False;0;6;False;False;True;b41410f9f5c75201550ed8b93335347093b03a9129b962b63b89133424557b0d;0.8470148596107718;0.6980241242770953;0.9025821442937468;0.736688574998018
True;False;True;True;False;False;False;False;False;False;True;0;True;False;False;True;0;False;False;False;True;0;True;True;False;False;True;0;6;False;0;False;0;6;False;False;False;3c07567c855b57ddd5f39f080fc12ac00fcfe659e25169f89127e3d357ffba5f;0.4503441324765321;0.3471589397900152;0.6250145031136103;0.5018092691691145
False;False;True;False;False;False;False;True;False;False;True;0;True;False;False;False;0;False;True;False;False;0;False;False;False;True;True;0;18;False;0;False;0;6;False;False;False;127b969509d273a745cd11d160f50a3ce762ec6147bf47313f91d4b06f736f98;0.9091471485670016;0.7991362932234498;0.8106913135801818;0.6454610554290806
False;False;True;True;False;False;True;True;False;False;False;0;False;False;False;True;0;False;False;True;False;0;False;True;False;False;False;0;0;False;0;True;0;6;True;False;False;0bee021c811cea7909ff042eb15af09db9ff5b816b92b04e874f40ac7e077ac2;0.6544255646685522;0.50888408170899;0.7987137385547417;0.6249972212514382
False;False;True;False;False;False;True;False;False;True;True;0;False;False;False;False;0;False;False;True;False;0;False;False;False;True;False;0;24;False;0;False;0;6;False;False;True;a4885cd3eb15edea408ee7a96b26ef989e1e2e54791ce4cc2e9c51d9e92164d3;0.8810622296930785;0.7660086883206272;0.8459236779791286;0.6831440132771112
False;False;True;True;False;False;False;False;False;False;False;0;True;False;False;True;0;False;False;True;True;0;False;True;False;False;False;0;0;False;0;True;0;6;False;False;True;874b7e9e9019a9af35854d875f6778a9f20bc1ebfa6522c7a7262a3cf7ce529e;0.6065138343529128;0.4605471229091711;0.8302009748039644;0.659964685055453
True;False;True;True;False;False;True;False;False;True;False;0;False;False;False;False;0;False;True;False;False;0;False;True;False;True;False;0;0;False;0;False;0;6;True;False;False;4f5d3373a84c7a07b2581c242af411e1cebb1b2e896f7783ce6e7a45a06cb9b4;0.6189247479976725;0.4856361892151564;0.802670832981857;0.6423261683021296
False;False;True;True;False;False;False;True;False;False;True;0;True;False;False;False;0;True;False;False;False;0;False;True;False;True;False;0;18;False;0;True;0;6;False;False;True;e89c032e44ec225f8aaf28e9e6117475e2079d8b71a0292939a14a4e6c334440;0.8910417806127064;0.7731049507076576;0.7736963892689934;0.613069885975047
False;False;True;True;False;False;True;False;False;True;False;0;False;False;False;True;0;False;False;False;False;0;True;True;False;False;False;0;0;False;0;True;0;6;False;False;True;8629d7362cc0387006444d0039027aa26c3a5dd396a49cc6af560e0e4679d66f;0.4191700895970868;0.3242909155554954;0.6130705531485755;0.48558420477969977
False;False;False;False;True;False;False;True;False;False;True;0;True;False;False;False;0;False;True;False;False;0;False;False;False;True;False;0;6;False;0;False;0;6;True;False;False;284cbf169c0862efd1204c9a8d243a110a8b16c9f56a4a1780533d522f562ec1;0.728246400172811;0.5624891767378591;0.9013641544117208;0.7419598734613994
True;False;True;True;False;False;False;False;False;True;True;0;True;False;False;False;0;False;False;False;False;0;True;True;False;True;False;0;18;False;0;False;0;6;True;False;False;6b09b25fceac80e7f7b299f287ed7be4ec7f7098b7fd9d285409139555e6577c;0.1740051567174523;0.1337029632656227;0.3326321815112341;0.3072672607072146
False;False;True;True;False;False;False;False;False;False;True;0;True;False;False;False;0;False;False;False;True;0;True;True;False;True;False;0;18;False;0;True;0;6;True;False;False;c4fcbbd7e266a977e3c935dc557b2309eedad5000d32dc36dc0da299b1d043b8;0.1726855348628437;0.1234518542951228;0.3292475384239337;0.30220368594576164
False;False;False;False;True;False;True;False;False;True;True;0;False;False;False;True;0;False;False;True;False;0;False;False;False;False;True;0;18;False;0;False;0;6;False;False;False;95e4da8c3f96911978cd9744c35e4d453a22d2aee606041f67dabc943288da64;0.7058258340435687;0.5460246487432523;0.8906127500837298;0.7266637595057301
True;False;False;True;True;False;False;True;False;False;True;0;True;False;False;False;0;False;False;True;False;0;False;True;False;True;False;0;18;False;0;False;0;6;False;False;True;998ad08db638286c5a650525093d4ef0c745daf2586fec8eed042e26df7e333e;0.8465862030232006;0.6986466814996019;0.9032979457626944;0.7382796814785061
False;False;True;True;False;False;False;False;False;False;True;0;True;False;False;True;0;True;False;False;True;0;False;True;False;False;False;0;6;False;0;True;0;6;True;False;False;024cb68d834b4193f2a790cf4b7ec1c6f1f750693fafb0cffce3291f6c775adf;0.7581623805729393;0.6044605382931932;0.8461212881836961;0.6857928649164211
False;False;True;False;False;False;True;False;False;True;True;0;False;False;False;True;0;False;False;False;False;0;True;False;False;False;False;0;18;False;0;False;0;6;False;False;True;0c4787500cb049f40e1c39e3f249519acedcc75137db07c8fcc1191178fcecf9;0.5401207918497754;0.4406720159392914;0.6413302783763333;0.52371039858098
True;False;True;True;False;False;False;False;False;False;True;0;True;False;False;True;0;False;False;True;True;0;False;True;False;False;False;0;24;False;0;False;0;6;True;False;False;eb5a3274a786add8ba9d890144471616fc74e62495668e01edfa4a406ed32767;0.90112443636567;0.7769892217142588;0.8666526988372959;0.7015595492817182
True;False;True;True;False;False;True;False;False;False;True;0;False;False;False;False;0;True;False;False;True;0;False;True;False;True;False;0;24;False;0;False;0;6;False;False;True;b8839d70320d4e9dfa71983bea2a19d49df6b2fff340da6b971ef1c00ddbb53e;0.9092690039250624;0.7865852330142453;0.8626023205059342;0.6963546820116492
False;False;True;False;False;False;True;False;False;True;True;0;False;False;False;True;0;True;False;False;False;0;False;False;False;False;False;0;24;False;0;False;0;6;False;False;True;bfae8cd1ad5c0567df2dd5e1baddc78aff2768607efe6d213af6271c205c654e;0.8797209165137803;0.7643700959114619;0.8456128653998057;0.6824934970774497
False;False;True;False;False;False;False;False;False;False;True;0;True;False;False;True;0;False;False;True;True;0;False;False;False;False;False;0;24;False;0;False;0;6;True;False;False;7392393b62c1685c8585327a839b6cfc0d4ce8650b6deaae79ed59ae668a157f;0.8862269523365646;0.7604999293283576;0.8647094079342071;0.6960458540641403
False;False;True;False;False;False;True;False;False;False;True;0;False;False;False;True;0;True;False;False;True;0;False;False;False;False;False;0;24;False;0;False;0;6;False;False;True;f2b93f1cbb1f51900ad633af31ace553546f9f6dade0198eb32e348718b6e51a;0.8904282637776043;0.7660768561748786;0.8604867311011051;0.6913716842177056
False;False;True;True;False;False;True;False;False;True;True;0;False;False;False;False;0;False;False;False;False;0;True;True;False;True;False;0;24;False;0;True;0;6;True;False;False;2b18d1858d9317e708678707fd36c27aa70779870c3097d01a275e4026aed8b3;0.1629810000419956;0.1213165026202478;0.3069178526414292;0.27797067802830744
False;False;True;True;False;False;True;False;False;False;True;0;False;False;False;False;0;False;False;True;True;0;False;True;False;True;False;0;6;False;0;True;0;6;False;False;True;e57a40a5acafc92f72a970beb0cd0617251977317023a47a007b154388a84629;0.7627962508271852;0.6083750206925951;0.8439834221208385;0.6814291536546699
True;False;True;True;False;False;False;True;False;False;True;0;True;False;False;True;0;True;False;False;False;0;False;True;False;False;False;0;18;False;0;False;0;6;False;False;True;723120b06c899bffe8acf39c072ba62cf99612e8eebeb3b6dee3c2d57f45738c;0.9556401371984152;0.8704584859282856;0.8215418704879744;0.6625701915627314
False;False;True;True;False;False;True;True;False;False;True;0;False;False;False;False;0;False;False;False;False;0;True;True;False;True;False;0;18;False;0;True;0;6;False;False;True;55cb385044231fcec5ae8ab84afbae2b0a15cb0bdfa826128b14036b94844e36;0.1653066285781568;0.1186670083866335;0.28348473857536516;0.2548365503058551
True;False;True;True;False;False;False;True;False;False;True;0;True;False;False;False;0;False;False;False;False;0;True;True;False;True;False;0;18;False;0;False;0;6;False;False;True;f77958a1973e5b3ccf0fa410625f93023f3d0d2f630416dc3bb14c27e7017f3c;0.1726891939273449;0.1252545007158404;0.2970398035244361;0.2689491873528061
False;False;True;False;False;False;False;True;False;False;True;0;True;False;False;True;0;True;False;False;False;0;False;False;False;False;True;0;24;False;0;False;0;6;False;False;False;ce36597e1737323d5f504aaad94ee0f8e92780c7231b01bd19cabcb618fb8fce;0.9415713662384664;0.8520779349526914;0.8019652489302854;0.623073423991973
False;False;False;False;True;False;True;False;False;False;True;0;False;False;False;True;0;False;True;False;True;0;False;False;False;False;False;0;18;False;0;False;0;6;False;False;True;6a5d27873b158b961b2d9b1eb9c82946fe378f8916aa253c838c7748fdb4a9e3;0.7812751162327859;0.6294292559766304;0.9077789423674275;0.7515133831169446
False;False;True;False;False;False;False;False;False;True;True;0;True;False;False;False;0;False;False;False;False;0;True;False;False;True;False;0;18;False;0;False;0;6;False;False;True;6ab089b037bc5499f9a4ee5cbb61cd3ed6fff7040e304a46dcf2ee14249fbc59;0.1671907003805564;0.1285485836637143;0.3247406453020304;0.30118628835145456
True;False;False;True;True;False;True;False;False;False;True;0;False;False;False;False;0;False;True;False;True;0;False;True;False;True;True;0;18;False;0;False;0;6;False;False;False;6951a4228247873d8fd4788105c7ff3bf21912740ef44829183c4bb6de0a9970;0.7747777310924201;0.6191075448177413;0.9035966925073091;0.7442341471355282
False;False;True;False;False;False;True;False;False;False;True;0;False;False;False;False;0;True;False;False;True;0;False;False;False;True;False;0;24;False;0;False;0;6;True;False;False;c3afdac9bcfc6244cfc2571c24242d1e21ed9401203fd58c9eaf1e94cfd8ff16;0.8896237040094735;0.7651044131006667;0.8655302867213341;0.698292744871402
True;False;False;True;True;False;True;True;False;False;False;0;False;False;False;True;0;False;False;False;False;0;True;True;False;False;True;0;0;False;0;False;0;6;False;False;False;388aeec45e93b66368ebd616e9bf728e400c54dc7abc361b437a2faabaffad0e;0.3681607347335159;0.2767644095756996;0.6395614826036693;0.5091956750123472
False;False;False;False;True;False;True;True;False;False;True;0;False;False;False;False;0;False;False;True;False;0;False;False;False;True;True;0;24;False;0;False;0;6;False;False;False;1d92edf95eb9e1ccce5be721940e6b10235558a9a6e55b0d6a80f330b300e1fb;0.8043914195265663;0.6567942561328213;0.8724190229921435;0.6985217931740514
False;False;False;True;True;False;True;False;False;False;True;0;False;False;False;True;0;False;True;False;True;0;False;True;False;False;True;0;18;False;0;True;0;6;False;False;False;3900baccb3308c0c01c5897f6b99dd03553a17274a5a296230675b4bd73ca16e;0.7513057329337584;0.5893545936189152;0.8916365209005588;0.7218890242499781
False;False;False;False;True;False;True;False;False;True;False;0;False;False;False;True;0;False;True;False;False;0;False;False;False;False;False;0;0;False;0;False;0;6;False;False;True;3c6943a90440460e677c655253ec271d52d22453fdd107ac41c375380647d7ee;0.5280403163739783;0.4021247253209861;0.8335953091566909;0.6753640504234683
True;False;True;True;False;False;True;True;False;False;True;0;False;False;False;False;0;False;False;True;False;0;False;True;False;True;False;0;6;False;0;False;0;6;False;False;True;317bdde29cbb32a3181621f3f69e96cff97037e2ab7f46c8f7043edb2343ef32;0.8061070671035353;0.6631207747171138;0.8224232920120494;0.6573763492720172
False;False;True;False;False;False;False;False;False;False;True;0;True;False;False;False;0;True;False;False;True;0;False;False;False;True;False;0;18;False;0;False;0;6;True;False;False;54c04b68a14d698eb7c708f158615a70b3a3d2463a8cbd8b50f497ae3a00cb9e;0.8733400532995795;0.7424502353991345;0.8812340338495437;0.7255239305470056
True;False;False;True;True;False;True;True;False;False;False;0;False;False;False;True;0;False;True;False;False;0;False;True;False;False;False;0;0;False;0;False;0;6;True;False;False;8d14750c36d3f7e2075a8556cec37961016d6a0f3dc88641ef74e562a08f7495;0.5325161563842399;0.4079770452414271;0.8140223382314733;0.6530668150012905
False;False;True;True;False;False;True;False;False;True;True;0;False;False;False;False;0;False;False;True;False;0;False;True;False;True;False;0;18;False;0;True;0;6;False;False;True;ba627dfdd52d0df4aed1df281fe6662374735397d53e44a16e7cf28828ec140f;0.8079369759661017;0.6775306789669254;0.7976076031715826;0.6426622151612792
False;False;False;False;True;False;False;False;False;False;True;0;True;False;False;True;0;False;False;False;True;0;True;False;False;False;True;0;18;False;0;False;0;6;False;False;False;786a415e4d3f1e694fba6a2db511aeadf5cd9fe117d5530a95a01881bb2340ca;0.471983268438492;0.3685488748220976;0.6708495567678364;0.5489895680240795
False;False;True;True;False;False;True;False;False;False;True;0;False;False;False;False;0;False;False;False;True;0;True;True;False;True;False;0;24;False;0;True;0;6;True;False;False;289f0dde14971be4fc63590b2c1602372029958579dff0bcd2684e23d495ca07;0.1636143674623806;0.1131906768430703;0.3142753284280071;0.28760032836428623
False;False;True;True;False;False;True;False;False;False;True;0;False;False;False;True;0;False;False;True;True;0;False;True;False;False;False;0;24;False;0;True;0;6;False;False;True;ab26398b454666ce62aa1f9af4fc913bd23521399be918a58505cbc29752e6ef;0.8154814883566547;0.6622232155007929;0.8121690440644902;0.6318539817951373
False;False;True;False;False;False;True;False;False;True;True;0;False;False;False;True;0;False;False;True;False;0;False;False;False;False;False;0;6;False;0;False;0;6;True;False;False;8efa32a734abf70eccc00c18cc3b4e497a2c5f44d434ebfcbde4845d95db217f;0.7278682301521309;0.5920593395925453;0.8367961217054188;0.6836737462562393
True;False;True;True;False;False;False;False;False;True;True;0;True;False;False;False;0;False;False;True;False;0;False;True;False;True;False;0;6;False;0;False;0;6;True;False;False;665dd71ff8e7987e999141258e8fa548f7ac8975b4ab1e40704949b1261f2a15;0.7267778340804995;0.588798850432852;0.8334417895226338;0.6815494944985797
True;False;True;True;False;False;True;True;False;False;True;0;False;False;False;True;0;False;False;True;False;0;False;True;False;False;False;0;18;False;0;False;0;6;True;False;False;5386d66dc12dcc89679ad595da5a8ad13149787141d18cbdac09b30c051785d3;0.9467583821498494;0.8553359092308304;0.8274444780434366;0.6714728075067111
False;False;False;True;True;False;True;False;False;False;True;0;False;False;False;False;0;False;True;False;True;0;False;True;False;True;False;0;18;False;0;True;0;6;True;False;False;bba90ba2d6d7dd98b9371d9d88070e170bc36dd2acd5558850c3e5cbbc5c7366;0.7710038642079129;0.6091647931908776;0.9058325792172236;0.741212102789456
True;False;True;True;False;False;True;False;False;False;False;0;False;False;False;False;0;True;False;False;True;0;False;True;False;True;False;0;0;False;0;False;0;6;False;False;True;eef9e749fc1d82db9770875f19460061b721b75d23c62f51e26f351b5ccba341;0.6091374700625519;0.4633940301527214;0.8339527607399531;0.6661166626316694
False;False;True;False;False;False;True;False;False;True;True;0;False;False;False;False;0;False;True;False;False;0;False;False;False;True;False;0;24;False;0;False;0;6;True;False;False;952bc39b69fea69f88a040dc9c929280ef1a600a940f9ed01194a2c2309fb4ef;0.8792187408284196;0.7638011449559702;0.8496498148112507;0.6879074578933255
False;False;False;False;True;False;False;False;False;True;True;0;True;False;False;False;0;False;False;True;False;0;False;False;False;True;False;0;6;False;0;False;0;6;False;False;True;3db311b963c53b5fe08060d0e3e79c04dbbf5b61324ba3fb16564714604458da;0.6753848932833888;0.507519915905144;0.9100757135505476;0.7455611587896225
False;False;True;True;False;False;True;True;False;False;False;0;False;False;False;False;0;True;False;False;False;0;False;True;False;True;True;0;0;False;0;True;0;6;False;False;False;3a0d59b58ecad7e29669404d49bba88caff07d670ec4504a7ccb153ec1010a65;0.63388143021035;0.4909392643529445;0.7797749864056477;0.6078683745020205
False;False;True;True;False;False;True;False;False;True;True;0;False;False;False;True;0;True;False;False;False;0;False;True;False;False;True;0;6;False;0;True;0;6;False;False;False;e97aa1a94dd6c275c87c502c8d912bef45a37979fb40bd7227b97733b579e09a;0.7579407139390782;0.6188367880117129;0.815987764194588;0.661590439408776
False;False;True;True;False;False;True;False;False;False;False;0;False;False;False;True;0;False;False;True;True;0;False;True;False;False;False;0;0;False;0;True;0;6;True;False;False;8ab9ec0d2d75b58d2d5785f76b0e51807bc92e6cbcbeb9c0c914e6bfc4aaa4e8;0.6056608109437022;0.4596661196987911;0.832888926439897;0.6634801565688279
True;False;True;True;False;False;True;True;False;False;True;0;False;False;False;False;0;False;True;False;False;0;False;True;False;True;True;0;18;False;0;False;0;6;False;False;False;d983923d8bb80c87af83c57627a3053d3e3cfb45d3d51ec30bf117775d4c62a6;0.918936745607824;0.8163952717521212;0.8113565933060913;0.6540638567703023
True;False;True;True;False;False;False;True;False;False;True;0;True;False;False;False;0;True;False;False;False;0;False;True;False;True;False;0;6;False;0;False;0;6;True;False;False;5831146186018fd3933f72943bc63d8cf4327627e317879f1f559f3803369495;0.8019822516972697;0.6578815598305784;0.8281390142372033;0.6646730634571199
False;False;False;False;True;False;False;False;False;True;True;0;True;False;False;True;0;False;False;True;False;0;False;False;False;False;False;0;24;False;0;False;0;6;False;False;True;4e32ecfadcd37999d32c177b93e0bbba234586294746a7e866fb626557389a1f;0.725146493150462;0.5678658664033884;0.8960929769281462;0.7290733331944768
True;False;False;True;True;False;False;False;False;True;True;0;True;False;False;True;0;False;True;False;False;0;False;True;False;False;False;0;6;False;0;False;0;6;False;False;True;ae6af925e0900d30574851434841eec349b38a5e72401d93e19d78ba2048c30c;0.6789503159951152;0.5125102280265442;0.9126402218661203;0.7500357403201976
True;False;True;True;False;False;True;True;False;False;False;0;False;False;False;False;0;False;True;False;False;0;False;True;False;True;False;0;0;False;0;False;0;6;False;False;True;3ea2c2cce62ce5f08c4092c6f184498dab2541cd4a0e3a0b6db4690639237d03;0.6647512081545154;0.5171677448370025;0.803954591365755;0.6301672953595094
True;False;False;True;True;False;False;True;False;False;True;0;True;False;False;True;0;False;True;False;False;0;False;True;False;False;False;0;18;False;0;False;0;6;False;False;True;4217b73e728d336d452df6739976df449cb5ebaaf50da4bfe14a77e5d26da29a;0.8443482685262085;0.6973043956938398;0.9020952308844457;0.7370262926012872
True;False;True;True;False;False;True;False;False;True;True;0;False;False;False;False;0;False;True;False;False;0;False;True;False;True;False;0;6;False;0;False;0;6;False;False;True;9169e6b1d07772b081de640b6706418ca87270a2f9d252625b2dd685cd52ce47;0.7336217144067767;0.5958198584821013;0.8310610913694816;0.6778298314676257
True;False;False;True;True;False;False;False;False;True;True;0;True;False;False;False;0;True;False;False;False;0;False;True;False;True;True;0;18;False;0;False;0;6;False;False;False;184283f0a8269ca249d33384f6040a63fa2397e428768607070233c4e74d8ac0;0.7205083898748904;0.5599871821463966;0.8970586720897386;0.7344485485097854
True;False;False;True;True;False;False;False;False;True;True;0;True;False;False;False;0;False;False;True;False;0;False;True;False;True;False;0;6;False;0;False;0;6;False;False;True;43499f07366ab0e4d5286ea15ce5fd97ecdc2125a5e35207a6be60c5ea351603;0.6802127851585099;0.5130379149188897;0.9136459662717095;0.7508534170585044
False;False;True;False;False;False;True;False;False;False;True;0;False;False;False;True;0;False;False;False;True;0;True;False;False;False;True;0;6;False;0;False;0;6;False;False;False;fffb6c826e94ac7ab0dbb8641e942a078d43b9539b5298d040cfd8c75e7a0163;0.4614122099061223;0.3543751576842436;0.638788496246907;0.5088416418619223
False;False;False;False;True;False;False;False;False;False;True;0;True;False;False;False;0;False;False;True;True;0;False;False;False;True;False;0;24;False;0;False;0;6;True;False;False;06ccdf00d22fc526de019b41a96efe7c922508416787cfd8ddd6275ec14926ee;0.7714994623049791;0.6216919422170321;0.8932574828475837;0.7284742932646593
False;False;False;False;True;False;True;True;False;False;False;0;False;False;False;False;0;True;False;False;False;0;False;False;False;True;True;0;0;False;0;False;0;6;False;False;False;4de62c4090c9c1c7c41ccf9901449b1e9936b90845eca1af3c14dcdd586c56bf;0.5213101523051453;0.3968922514808521;0.8014177704358183;0.6396847022776568
False;False;True;True;False;False;True;False;False;True;True;0;False;False;False;False;0;False;False;True;False;0;False;True;False;True;True;0;24;False;0;True;0;6;False;False;False;1fc9e9fe3a561bac1581b7fe2fd39c08d4709d36d9bf6906f205ef0fc8144381;0.7790373909693862;0.6452756869369705;0.774218414981072;0.6069293259455453
True;False;True;True;False;False;True;True;False;False;True;0;False;False;False;False;0;False;False;False;False;0;True;True;False;True;True;0;18;False;0;False;0;6;False;False;False;da541062bae6a085f7196ecc1532d6a869ca7a7306188c19cafd0c60fd7fd640;0.1628532679252579;0.1169841934135364;0.2897581779023709;0.26602914723455556
False;False;True;True;False;False;True;False;False;True;True;0;False;False;False;False;0;False;True;False;False;0;False;True;False;True;True;0;24;False;0;True;0;6;False;False;False;5f60c7d4b7d0967c4b1734abb564d6541f6b5c36f4da6628b1b88f51db99ab97;0.7757543881725794;0.6426271131460356;0.770996848630248;0.605474405498801
True;False;False;True;True;False;True;False;False;True;False;0;False;False;False;True;0;False;False;False;False;0;True;True;False;False;False;0;0;False;0;False;0;6;False;False;True;f3cf4077d544bec4951c2921ba1b9d8cab2682bf05d66d407764cc6f0117b7f8;0.3654019123688159;0.2813646147723676;0.6629526375796064;0.539124246414401
True;False;False;True;True;False;True;True;False;False;False;0;False;False;False;True;0;True;False;False;False;0;False;True;False;False;False;0;0;False;0;False;0;6;True;False;False;1e16c5562c6b8e68a599cdcd276e2aa9ce4d3254768836ca88414535ad960e37;0.5318078558916287;0.4067378363202899;0.812908309120651;0.6510267497162153
True;False;True;True;False;False;True;False;False;False;True;0;False;False;False;True;0;False;False;True;True;0;False;True;False;False;False;0;24;False;0;False;0;6;False;False;True;6ef41330817400568daed357344533ef4fd499b5043cce277433bf7c33cd25f9;0.9054492664160524;0.78289883137837;0.8625909934076444;0.6964423344434298
True;False;False;True;True;False;False;False;False;True;True;0;True;False;False;False;0;False;True;False;False;0;False;True;False;True;True;0;24;False;0;False;0;6;False;False;False;274020c232a35dd1f4b4a4c7d3675c752e2a8b430c4afe4974d2f2810c5f5079;0.7161007352774642;0.5584427787691355;0.8887437225803471;0.7200398533519541
True;False;False;True;True;False;True;True;False;False;True;0;False;False;False;False;0;False;False;False;False;0;True;True;False;True;True;0;18;False;0;False;0;6;False;False;False;ea7e0db61b7d98966795de6873bd4eba3bc1cc651d726235c866207ad438df7c;0.1493121204975081;0.0957267804147468;0.3353463092570368;0.2908011258435507
False;False;False;True;True;False;False;False;False;True;True;0;True;False;False;True;0;False;True;False;False;0;False;True;False;False;False;0;24;False;0;True;0;6;False;False;True;635aea817061293a32e529ef641a2a0cfb9fe0b4190c7ff4960f376560c87bd7;0.6948356960997237;0.5308943619654052;0.8770055523443719;0.6969629536797556
False;False;False;True;True;False;True;False;False;True;True;0;False;False;False;False;0;False;False;False;False;0;True;True;False;True;False;0;6;False;0;True;0;6;False;False;True;e6a8fda7d4b12f7d1abcfc4347e812628b89d69912a551a01a067135a8b25b05;0.1497051748612107;0.0927078749677894;0.3595373538280165;0.3174055061659976
False;False;True;True;False;False;True;True;False;False;True;0;False;False;False;False;0;True;False;False;False;0;False;True;False;True;True;0;24;False;0;True;0;6;False;False;False;b9e362899aefc2c4419bf8680f4d4619118ce1c619cf08bcbac128410657d650;0.8660426742213436;0.734058927354028;0.7481704917788926;0.5676367290863418
True;False;True;True;False;False;True;False;False;False;True;0;False;False;False;True;0;False;False;True;True;0;False;True;False;False;False;0;18;False;0;False;0;6;True;False;False;b12706a46c0684de6e9f5c09a9530ab66bffa773f49eb7789fd0e2e3aa381c09;0.8812208809362165;0.7506154082683971;0.8815323499222386;0.7303223909833326
False;False;True;True;False;False;False;False;False;False;True;0;True;False;False;False;0;False;True;False;True;0;False;True;False;True;False;0;18;False;0;True;0;6;True;False;False;2333a18994e7c4fc82446f5197997e72ece58ed50b7911b7da3d21da03f0ad8f;0.8166083718874791;0.6697201974737014;0.8331783751591242;0.672155286425796
True;False;True;True;False;False;False;False;False;False;True;0;True;False;False;False;0;False;False;False;True;0;True;True;False;True;False;0;24;False;0;False;0;6;False;False;True;44d35435b10119f3f50a962c87ff487778430984fe0ecda140a1a54f808bc748;0.1643969138365149;0.1162016426175741;0.3205946405838841;0.30056517853974263
False;False;True;True;False;False;True;True;False;False;True;0;False;False;False;True;0;False;False;False;False;0;True;True;False;False;True;0;18;False;0;True;0;6;False;False;False;8e0de72a9263e56c1158efb8c48910a463244fa3202ef0ed569855f9325f6746;0.5657743576325686;0.4532384272425421;0.5917149910523507;0.4694077268296729
True;False;False;True;True;False;True;False;False;False;False;0;False;False;False;True;0;False;False;False;True;0;True;True;False;False;False;0;0;False;0;False;0;6;True;False;False;1f049b94244c9e25da1f0e151796abb2f1692bfee930f642985eba1c4102770e;0.3714405030014927;0.285900108577595;0.654542813321669;0.5272561092240426
False;False;True;True;False;False;True;False;False;True;True;0;False;False;False;True;0;False;True;False;False;0;False;True;False;False;False;0;18;False;0;True;0;6;False;False;True;9018c8bda0b408ab638726fc90aacaef557815d678cfed68ce1524a4d5007e9c;0.8052572348571861;0.6752230782497473;0.797497361522572;0.6427556061229013
True;False;True;True;False;False;False;False;False;True;True;0;True;False;False;True;0;False;True;False;False;0;False;True;False;False;False;0;18;False;0;False;0;6;True;False;False;1cb9087a8774da5b993f5e68105f91a2e689b2a69301b73c98499088c11c83b1;0.8674535655208703;0.7476528691164256;0.8535942548783708;0.7042612497632261
True;False;True;True;False;False;True;False;False;True;True;0;False;False;False;False;0;True;False;False;False;0;False;True;False;True;False;0;24;False;0;False;0;6;True;False;False;d24cac391e709fb195be7d0d1ffbfb07fa77b29d9c12193aee0c7f590d916bcd;0.8882879614699413;0.7744409574188368;0.8469055370766796;0.6865643526144615
False;False;True;False;False;False;True;False;False;True;False;0;False;False;False;False;0;False;False;False;False;0;True;False;False;True;False;0;0;False;0;False;0;6;True;False;False;9f051cbd84424e7281df26a3a247b03e3a4ff14a5c57dc104ce8a36d2bdf6e4a;0.1487621889589132;0.0990896948441693;0.3366790834629279;0.28707319467592823
True;False;True;True;False;False;True;True;False;False;True;0;False;False;False;True;0;False;False;True;False;0;False;True;False;False;False;0;18;False;0;False;0;6;False;False;True;ec90554f023e15ad9070511883960b00c6a716e88dedb112e896232178f752fb;0.9515128428543966;0.8628770117317497;0.8225242184641943;0.6657134122828805
False;False;True;True;False;False;True;False;False;True;True;0;False;False;False;False;0;True;False;False;False;0;False;True;False;True;False;0;24;False;0;True;0;6;False;False;True;c1a8e9ab7dd2b7035b0a0f104261d31ad27930ac9d571dee67c24fc17a0af67d;0.8089449415510169;0.6772145310939026;0.7827910020224259;0.6151416638617968
True;False;True;True;False;False;True;False;False;True;True;0;False;False;False;True;0;False;False;True;False;0;False;True;False;False;True;0;18;False;0;False;0;6;False;False;False;340871486be62c33bea8a408dfb6a07cbda3aa0e06c1c5d891e9068b6dae6530;0.8392932173315257;0.7165596907105973;0.8396340079308992;0.6900050436118034
False;False;False;False;True;False;False;True;False;False;False;0;True;False;False;False;0;False;True;False;False;0;False;False;False;True;True;0;0;False;0;False;0;6;False;False;False;29f859743a41d23b5360d4c981930eecf94bb160036c4c0953295d1192203123;0.5207936875996143;0.3970104009348085;0.8007876198214745;0.6389256056973148
False;False;True;True;False;False;False;True;False;False;True;0;True;False;False;False;0;False;True;False;False;0;False;True;False;True;True;0;24;False;0;True;0;6;False;False;False;becb63e42fca44ca1583be059f08f80cbebab422e61fb0378d62d02a48359158;0.8662832321855134;0.7340924899397875;0.7438820242300692;0.5625628982561589
False;False;True;False;False;False;True;False;False;True;True;0;False;False;False;False;0;False;True;False;False;0;False;False;False;True;True;0;6;False;0;False;0;6;False;False;False;6ce01800c088300b05a96044b586a2eea4a10be74f8b165bca5592d923ad0656;0.7099142142554928;0.5720446758298185;0.823320636341284;0.6667467266549274
False;False;True;False;False;False;False;False;False;False;True;0;True;False;False;False;0;False;False;False;True;0;True;False;False;True;True;0;24;False;0;False;0;6;False;False;False;d1a70bb8ae93e5c00c357ac05cc8228844f4f5535a94ab4a42bb04be773571f7;0.1570591841393209;0.112566639085355;0.30781880554655433;0.28995489524230583
True;False;True;True;False;False;True;False;False;True;True;0;False;False;False;False;0;True;False;False;False;0;False;True;False;True;False;0;6;False;0;False;0;6;True;False;False;e69abb3baa2d79ad5397987030abdee5052412a3221ee5d020de236746945c1b;0.7280767664814606;0.5907504665969898;0.8333493858576696;0.6822893070652276
False;False;True;True;False;False;False;False;False;True;False;0;True;False;False;True;0;False;True;False;False;0;False;True;False;False;True;0;0;False;0;True;0;6;False;False;False;42fe466a150aa340f9cdec41d34a415ca7d287f5b7ab365fdd1ac37f0549e81b;0.5930475982308585;0.464569046223438;0.7671835645807457;0.6083161353452887
True;False;False;True;True;False;False;False;False;True;True;0;True;False;False;False;0;False;False;False;False;0;True;True;False;True;False;0;6;False;0;False;0;6;False;False;True;977f1f5472683279ebe8a0a799b350424695ebdd8e57962c286c8417ca98b58a;0.1369708582990273;0.0799218274865796;0.35098065735293915;0.30103653628283156
True;False;True;True;False;False;True;False;False;False;True;0;False;False;False;False;0;False;False;False;True;0;True;True;False;True;False;0;24;False;0;False;0;6;True;False;False;a2544009fe3cb50f987322322f7bf4c88e345cdc0a455cafd9b61be2612835ff;0.1671313688091986;0.118447587977937;0.32521970572179904;0.3053572774678521
False;False;False;True;True;False;False;True;False;False;True;0;True;False;False;True;0;False;False;False;False;0;True;True;False;False;False;0;18;False;0;True;0;6;False;False;True;655d80542f3385d7c406ec245fc309dbc70bca1bce13e306b2e6cd2214bda9e0;0.5065530331281572;0.3984212358486138;0.6662267104629305;0.5363335080689526
False;False;False;False;True;False;True;True;False;False;True;0;False;False;False;True;0;False;False;True;False;0;False;False;False;False;False;0;6;False;0;False;0;6;True;False;False;15953223d54fa28da10802b117e24933b149e79c1341a5f21598108b4bf7744c;0.7291539465261069;0.5635352139809922;0.9029075053025005;0.7440816049538098
False;False;False;True;True;False;False;True;False;False;False;0;True;False;False;True;0;True;False;False;False;0;False;True;False;False;True;0;0;False;0;True;0;6;False;False;False;91e2f229b4b306835260a39c258636b748eeac7fa61e7d52b27d6c1bad82a471;0.5266136156962041;0.4007901179145943;0.803240270066292;0.6382678161724594
False;False;False;False;True;False;True;False;False;False;True;0;False;False;False;False;0;True;False;False;True;0;False;False;False;True;False;0;18;False;0;False;0;6;True;False;False;79fca8ed267322f4fcf6308c855b0892c3d24140b3611675e9a2aa60880ea5a3;0.7781388077367811;0.6246692362190173;0.9093436342428606;0.7530336820187741
False;False;False;True;True;False;True;False;False;False;True;0;False;False;False;True;0;True;False;False;True;0;False;True;False;False;False;0;24;False;0;True;0;6;False;False;True;ea2c8a49b8ab192ad830baf3db44fcb6ef8ae98af45217517d316c02dc4b652c;0.7480778706354929;0.5841046767961169;0.8757208814557232;0.6925456997976615
False;False;True;False;False;False;False;False;False;False;True;0;True;False;False;True;0;False;False;False;True;0;True;False;False;False;False;0;18;False;0;False;0;6;False;False;True;2330b577e891898019b8acd6a0f8439662273e2f5e34f98d83cb0ceab263bd17;0.5324283236756516;0.4274593638623959;0.6445716819647951;0.5218313969569154
False;False;True;False;False;False;False;False;False;True;False;0;True;False;False;False;0;False;True;False;False;0;False;False;False;True;True;0;0;False;0;False;0;6;False;False;False;68387cff55fecd0e586af41e8bf78c86c06388fdc8e1cbf7f30ce71c3a7a6431;0.5968770102800178;0.4644310794390959;0.7837030557742999;0.6207315439672969
True;False;True;True;False;False;True;False;False;False;True;0;False;False;False;False;0;False;True;False;True;0;False;True;False;True;False;0;6;False;0;False;0;6;False;False;True;75cd5be6633f05f9bbb855e2f92eab9b2add570f5cad5fad9285b41cb8f560d0;0.7179268640258616;0.5651248136068124;0.8435785836377332;0.6812047574144287
False;False;False;False;True;False;True;True;False;False;True;0;False;False;False;True;0;True;False;False;False;0;False;False;False;False;False;0;18;False;0;False;0;6;False;False;True;c5273f5b394a9432eeba9bf1ef0461db8a035fa6741193ca319cd49034a9c7f2;0.8275360313110853;0.6806439565435786;0.896502581333617;0.7308887497701057
False;False;True;True;False;False;True;True;False;False;True;0;False;False;False;False;0;False;False;True;False;0;False;True;False;True;False;0;24;False;0;True;0;6;False;False;True;78d063a3a8fcc031e627ef880b2ed80c499c41a971bca1e4e7acf4a1da04005c;0.9015635057371776;0.7804425174204089;0.7582798925633045;0.5787790499529507
False;False;False;True;True;False;True;False;False;False;True;0;False;False;False;True;0;False;False;False;True;0;True;True;False;False;True;0;24;False;0;True;0;6;False;False;False;93fee58fde3c6ffeda94e51264ec9d9e146b90479a8208175010b47db9b52559;0.4681283605666418;0.3530053734896145;0.6637214983393678;0.5208955107173554
False;False;False;False;True;False;False;True;False;False;True;0;True;False;False;True;0;False;False;True;False;0;False;False;False;False;False;0;18;False;0;False;0;6;True;False;False;8a1a7965cc6c38629803925e24e90eb0d718efe0c6ab85387284ed65f6e9f537;0.8243676503505287;0.6767944897310937;0.9011673054913388;0.7369125811470449
False;False;True;True;False;False;False;False;False;False;True;0;True;False;False;True;0;False;False;False;True;0;True;True;False;False;False;0;24;False;0;True;0;6;False;False;True;429f333ed746dbdabb53a825a3826bc3a8e47218f7e6c146c8955064c9753a74;0.5005069051652706;0.3877907104236521;0.5937925723266845;0.4612077132290096
False;False;True;False;False;False;True;False;False;True;True;0;False;False;False;False;0;False;False;False;False;0;True;False;False;True;False;0;6;False;0;False;0;6;False;False;True;4600c4fcc975d159a5e3ffbfcdd460a5f0b55113d1a74f9251f432d5c087b232;0.1435617909260385;0.0963496830312574;0.31816419867123824;0.28743638423495893
False;False;False;True;True;False;True;False;False;False;True;0;False;False;False;True;0;False;False;False;True;0;True;True;False;False;False;0;18;False;0;True;0;6;False;False;True;b0d2c28901bf6b6488de31d85abab0e0937380729379d79c66aa7c535ac11fab;0.5008910250127511;0.3878208793682952;0.6989060544167868;0.5674037146772063
True;False;True;True;False;False;False;False;False;True;True;0;True;False;False;False;0;False;False;True;False;0;False;True;False;True;True;0;24;False;0;False;0;6;False;False;False;d5b4eca69fe6b341c253c56afca1cd0e533bd0b353a60f4f8568538a0044e3ef;0.8537944657136732;0.7331930917739925;0.8301932179151067;0.6702175875157484
False;False;True;True;False;False;True;False;False;True;True;0;False;False;False;False;0;True;False;False;False;0;False;True;False;True;False;0;6;False;0;True;0;6;True;False;False;e990d86eca1791e44d96a91e5a45db928f9c1d6ab3eda14172f71d3e97c0321a;0.7778666305454554;0.6411178369087893;0.829534853349925;0.6788064233136817
False;False;True;False;False;False;True;False;False;True;True;0;False;False;False;False;0;True;False;False;False;0;False;False;False;True;False;0;18;False;0;False;0;6;False;False;True;5998b9945c85eba7f08eaeae5f9df9e9cb7976d47e7eb3f9ff7a20c35e80a6d4;0.8649783096487007;0.7435890692579853;0.8541563193231385;0.7006064412579657
False;False;False;True;True;False;True;False;False;False;False;0;False;False;False;True;0;True;False;False;True;0;False;True;False;False;True;0;0;False;0;True;0;6;False;False;False;d854dc3cb8b5b1e67ba8412d6e9e8062a1782d36fd936bdbcc5c0e0f7ed7d1ef;0.525646200491488;0.4035467305517772;0.8056900269364731;0.6408091849971246
False;False;False;False;True;False;False;False;False;True;True;0;True;False;False;False;0;False;False;False;False;0;True;False;False;True;False;0;24;False;0;False;0;6;True;False;False;3a013b2d6f61be123359cae3b456f2318e6b16d909273e7392766c3c849af01c;0.1415959055232731;0.083763289713214;0.3481250417089488;0.29495217466331036
False;False;True;False;False;False;False;False;False;True;True;0;True;False;False;True;0;False;False;False;False;0;True;False;False;False;True;0;18;False;0;False;0;6;False;False;False;fd0c58a4afcd80c75f89f9cf9ce7849962ae71d8b1f5f5e14a05705e2c048349;0.5088330830525448;0.4160060512074002;0.612326560095348;0.49892422295286587
False;False;True;True;False;False;True;False;False;True;False;0;False;False;False;True;0;True;False;False;False;0;False;True;False;False;False;0;0;False;0;True;0;6;False;False;True;041fb2f4f788306e0b1db639ada91f496686ca61d8e94f53a7ffba73bebf90ca;0.6150866839598703;0.4852218314393757;0.7829366094146569;0.6225498787710425
False;False;True;False;False;False;True;False;False;True;True;0;False;False;False;False;0;False;True;False;False;0;False;False;False;True;True;0;18;False;0;False;0;6;False;False;False;67dd44ce0c6400949301702a5eed3b2ea5c3776637e40f1b1678c0359ae24e2c;0.8340041565441345;0.7099737327676984;0.8436311719491111;0.6898196468549422
False;False;True;False;False;False;False;False;False;True;True;0;True;False;False;False;0;True;False;False;False;0;False;False;False;True;False;0;18;False;0;False;0;6;True;False;False;1ec05aaa2fd3ee9672c8a2cb1f6e1c191b33bbd6008f0d6dce6eb4ec3654b812;0.8614518637259128;0.7402419959824386;0.8566066223631827;0.7042402684534635
False;False;True;False;False;False;False;False;False;True;True;0;True;False;False;False;0;False;False;True;False;0;False;False;False;True;False;0;24;False;0;False;0;6;True;False;False;5dca15b21312cc443fbe4fcc0bf290d7856852e6f2ceb09e8e94f125b484ee47;0.8744941312867048;0.7582903346857336;0.8465049169344222;0.6840267673007369
True;False;False;True;True;False;True;True;False;False;True;0;False;False;False;True;0;False;False;False;False;0;True;True;False;False;False;0;18;False;0;False;0;6;False;False;True;b72d95c3e74cf6706df56d5ffc8dd7c6aba6b3893c8deae60c6f2bb14940f709;0.5404579883712222;0.4257462569269383;0.6967537641580663;0.5651101609014849
False;False;False;False;True;False;True;True;False;False;True;0;False;False;False;True;0;False;False;False;False;0;True;False;False;False;False;0;24;False;0;False;0;6;False;False;True;0b2f13b2236f57fbdb22a31585865d0d124e38224a007121ad5bf72fb28b17e2;0.5234258523528493;0.415646323650913;0.6720195349381584;0.5396379818155984
False;False;False;False;True;False;False;True;False;False;True;0;True;False;False;True;0;False;False;True;False;0;False;False;False;False;False;0;6;False;0;False;0;6;False;False;True;2be718decfbff89574a40b55c52e163b526103bdf42cadfea1ebf4af79f04af8;0.7314140820279363;0.5672586771486934;0.9007243901434554;0.7400528525416421
False;False;False;False;True;False;True;True;False;False;False;0;False;False;False;False;0;False;True;False;False;0;False;False;False;True;False;0;0;False;0;False;0;6;False;False;True;170078f5ed57c05c110b634a311a33c8e888bff2df040886ea0b73aa4d09149b;0.5358716335253813;0.4101256011051554;0.8109138301800295;0.6487889690126234
False;False;True;False;False;False;False;True;False;False;False;0;True;False;False;False;0;False;False;True;False;0;False;False;False;True;False;0;0;False;0;False;0;6;False;False;True;82778a7017571f964113694e14fefd8be6e4a95fc18109f0b8e10ea9fa3192d8;0.6616573716488003;0.514190156967129;0.8032473720285042;0.6300503689498649
False;False;False;False;True;False;False;False;False;False;True;0;True;False;False;True;0;False;False;False;True;0;True;False;False;False;True;0;24;False;0;False;0;6;False;False;False;bd7179c296472654ca93f893a6f6b0c39275f8e72683366cd517788afd9748fc;0.4600940380098;0.3598917467460323;0.6516078524209712;0.5247668638948446
False;False;True;True;False;False;False;False;False;True;True;0;True;False;False;True;0;False;True;False;False;0;False;True;False;False;False;0;18;False;0;True;0;6;False;False;True;0e938a034aed74ad27c2f4835e8115ac0cfae115d51085a76afa0ad40fb5d011;0.8078091266010482;0.677228305997604;0.7946582280926248;0.6377935927190893
True;False;True;True;False;False;True;False;False;False;False;0;False;False;False;True;0;True;False;False;True;0;False;True;False;False;False;0;0;False;0;False;0;6;False;False;True;081ca05e84e64c02c869d65c282006f8617138bfb960025162d679ed2d6aff3d;0.6063878188251225;0.4607895172771529;0.8333495465515863;0.6652438669556193
False;False;False;True;True;False;False;False;False;False;False;0;True;False;False;False;0;True;False;False;True;0;False;True;False;True;False;0;0;False;0;True;0;6;False;False;True;9996615ce8a392d9fb7e8ccf38e7b6a07f6c0cfb227bb3170894b3f624c60d60;0.5412703022709828;0.4169085852176696;0.8174025674671452;0.6544591738029484
False;False;False;True;True;False;False;False;False;False;False;0;True;False;False;False;0;False;False;False;True;0;True;True;False;True;False;0;0;False;0;True;0;6;False;False;True;60345b82a4dc2ea1cbcaace935c2d10c8ac3f86253cb511c9555c3ef934d9b87;0.1026690857582618;0.0631155441321215;0.31851804876476497;0.27082731554445655
False;False;False;False;True;False;False;True;False;False;False;0;True;False;False;False;0;False;False;False;False;0;True;False;False;True;True;0;0;False;0;False;0;6;False;False;False;1695e280a8a57843a76393728b96250970ede75266d10942e7c42824b00bc598;0.1013791848481915;0.0619095155184595;0.31045810383531863;0.25848360223981837
False;False;False;False;True;False;False;True;False;False;False;0;True;False;False;True;0;False;True;False;False;0;False;False;False;False;True;0;0;False;0;False;0;6;False;False;False;2da1d5a66e70edbe742ddf46bbbcf529feb16122179b90fa581494160470081e;0.5232926898715727;0.399542103409605;0.8007960854115467;0.6401313439900873
False;False;True;True;False;False;False;False;False;False;False;0;True;False;False;False;0;False;True;False;True;0;False;True;False;True;True;0;0;False;0;True;0;6;False;False;False;76e40d72b9325e876083f6da7512419ba4d73a1aa6def64cf9c3e2211d7d088d;0.5845632907295;0.443442327993687;0.8127456314873647;0.6438952655852062
True;False;True;True;False;False;False;False;False;False;True;0;True;False;False;False;0;True;False;False;True;0;False;True;False;True;True;0;24;False;0;False;0;6;False;False;False;97d327d91fe9a0584b76a1dda5b66dd6c1a80653b748d5516a2ee6da11af5e2a;0.8719178240015517;0.7411494074269704;0.8483742715377589;0.6782590391150544
True;False;False;True;True;False;True;True;False;False;True;0;False;False;False;True;0;False;False;True;False;0;False;True;False;False;False;0;6;False;0;False;0;6;True;False;False;8b4728fc11fcc2f2f754666782cc036440da96b06cfca88808134f7726141ce0;0.7343060309624179;0.567471972049604;0.9069648503762275;0.7495120342918864
True;False;True;True;False;False;False;False;False;True;True;0;True;False;False;False;0;True;False;False;False;0;False;True;False;True;False;0;24;False;0;False;0;6;True;False;False;c112d343e84311c53d68ac23962115306730c74ae645a8eb4e9466b8a7eb45d7;0.8841478753949082;0.769639421740291;0.8439004119917181;0.6825101920557967
False;False;True;True;False;False;True;True;False;False;True;0;False;False;False;True;0;False;False;False;False;0;True;True;False;False;False;0;18;False;0;True;0;6;False;False;True;aca9ae833941d0196219c17ff607862a000aa3a9fea9554b2ce05ab2fed7a2d2;0.5766076316544223;0.4653139093452458;0.5974770750864493;0.4763346314671643
False;False;True;False;False;False;False;False;False;True;False;0;True;False;False;False;0;False;False;True;False;0;False;False;False;True;False;0;0;False;0;False;0;6;True;False;False;df35700f7e4de98c3aa347a4b1aa3b0210bb64d1f590f960fd4e6ddb9670b2b4;0.6190956271486179;0.4842175238626323;0.80443924584135;0.6429084341348701
False;False;False;True;True;False;False;False;False;False;True;0;True;False;False;False;0;False;False;False;True;0;True;True;False;True;False;0;24;False;0;True;0;6;True;False;False;e2e45c0e7ad9e7657f26f04277525a0516e8d3c418d41f8b3d296dfbcc209cb2;0.1514816932629568;0.0899360159923213;0.34901390926900555;0.29983420925479126
True;False;True;True;False;False;False;True;False;False;True;0;True;False;False;True;0;False;True;False;False;0;False;True;False;False;True;0;24;False;0;False;0;6;False;False;False;a0f0593cd25b376403e53368ccfd92668aae08f5ecdb639136271e6edc073b4b;0.954858669198674;0.877242380446297;0.7979210403644523;0.6226329688754132
False;False;True;True;False;False;True;False;False;False;True;0;False;False;False;False;0;True;False;False;True;0;False;True;False;True;False;0;18;False;0;True;0;6;False;False;True;10d28d0fd5fd5ad75ca45273f4fc1926885b5d3184a290a69a38a0a3db64b791;0.8175061956073251;0.6704831673559664;0.8302400492226485;0.669135676495128
False;False;True;False;False;False;False;False;False;True;False;0;True;False;False;False;0;False;False;True;False;0;False;False;False;True;True;0;0;False;0;False;0;6;False;False;False;05b4a26132f27dfde04ae45be498d623ba32ba65229737f800c938498bc7689c;0.6015260542548388;0.4681511388334133;0.7878879729550842;0.6262799975420362
True;False;False;True;True;False;False;True;False;False;True;0;True;False;False;False;0;False;True;False;False;0;False;True;False;True;True;0;24;False;0;False;0;6;False;False;False;7ad3918d2ed16bf4615b8eb451467fd443a829d730391773a80e8e21b5211708;0.8188502809878319;0.6732364873218213;0.8737840634206712;0.6979890835658498
True;False;False;True;True;False;True;False;False;False;True;0;False;False;False;True;0;False;False;False;True;0;True;True;False;False;False;0;24;False;0;False;0;6;True;False;False;54542f5804faf2c4d1769dd6e1b001fe10abc8932847f60fa8529f6e841cd156;0.5102611221000293;0.399715228618385;0.6988635273179131;0.5678958131565741
False;False;False;True;True;False;False;False;False;False;True;0;True;False;False;True;0;False;True;False;True;0;False;True;False;False;True;0;6;False;0;True;0;6;False;False;False;ad55f89e807a1b8afbf2145e93f2923d9373726119b5697661bb56b49852d04c;0.7313402975580314;0.5693348355773186;0.9093554984629247;0.7483788003036326
False;False;True;True;False;False;False;False;False;True;True;0;True;False;False;False;0;False;False;False;False;0;True;True;False;True;True;0;18;False;0;True;0;6;False;False;False;740ddd387d1bc2bf5280c7d1812d0ee1f32e8044f26eb803bee54949b3cc5734;0.1614946540568418;0.1209776973684757;0.3092381377029617;0.28171024791528987
True;False;False;True;True;False;False;False;False;True;True;0;True;False;False;False;0;False;False;True;False;0;False;True;False;True;False;0;24;False;0;False;0;6;False;False;True;9f3b5d1dfc6675ee8d1688ecbcdf53506040036465710382b25c711d449ec39d;0.7373825917863489;0.578263163370142;0.8987756705695298;0.7319627990010019
False;False;True;True;False;False;False;False;False;False;True;0;True;False;False;False;0;False;False;True;True;0;False;True;False;True;True;0;18;False;0;True;0;6;False;False;False;7f3ca8e57fa47d69ee6a7ab5d41950eb31354069160ec5427fd1353081f5cf30;0.7925948089544171;0.6458496134795924;0.8204645578426563;0.6597553692326512
True;False;True;True;False;False;True;False;False;False;True;0;False;False;False;True;0;False;True;False;True;0;False;True;False;False;False;0;24;False;0;False;0;6;False;False;True;deeca0f50fa91f8068c3f3b56c990a674356b30b642008ce7f6977607c241a76;0.9038096035693206;0.781157202781165;0.8625304614040215;0.696301870220628
True;False;False;True;True;False;True;True;False;False;False;0;False;False;False;True;0;False;False;False;False;0;True;True;False;False;False;0;0;False;0;False;0;6;True;False;False;ebb2dd7b060ec707bb458be732eedc66856d1e1965af8dedc4827a26c69d9257;0.3801995616056184;0.2916251338591408;0.6577395427680588;0.5284210879317907
False;False;True;True;False;False;False;False;False;True;True;0;True;False;False;True;0;False;False;False;False;0;True;True;False;False;False;0;6;False;0;True;0;6;True;False;False;553c178bbfda8be5a8d844e7e03691c803fa17a9779a8616bc9a0dc6187ce432;0.5029944616983452;0.4021306875371455;0.6275031954996283;0.5123163548762205
False;False;True;False;False;False;False;False;False;True;False;0;True;False;False;True;0;True;False;False;False;0;False;False;False;False;True;0;0;False;0;False;0;6;False;False;False;ce0f795423d3884a482ab468585fa1af2429ac3c3512cabaf600303ada8e32ed;0.5979215511123132;0.4654322227380694;0.7851483018351787;0.6233428251114388
False;False;False;True;True;False;True;False;False;False;True;0;False;False;False;True;0;False;True;False;True;0;False;True;False;False;False;0;24;False;0;True;0;6;True;False;False;3a5867caf99c1df992bc4f46195eb8878af93ce6a3ee3b7f56c9ac5722d460ad;0.7439537183328924;0.5798041672214309;0.8797355899001975;0.6976397443224103
False;False;True;False;False;False;True;True;False;False;True;0;False;False;False;True;0;False;False;False;False;0;True;False;False;False;False;0;18;False;0;False;0;6;True;False;False;a62f9cbbc1933858afb8ee2d9c9c1df625cec88c9f08a281ee4578319dd2dab6;0.6068279941379977;0.4955314434350805;0.6354838235799168;0.5119827811661235
False;False;True;True;False;False;True;False;False;False;True;0;False;False;False;False;0;False;False;True;True;0;False;True;False;True;True;0;24;False;0;True;0;6;False;False;False;e532b6ada24ead0e38ae69b72f4aed7670a3db74e49ae167a2a2f6eb3424fc0c;0.7887261374438898;0.6340792185662923;0.8031743898521803;0.6221527339791555
True;False;False;True;True;False;True;True;False;False;False;0;False;False;False;False;0;True;False;False;False;0;False;True;False;True;True;0;0;False;0;False;0;6;False;False;False;36b6bf9f3ea2c72e99c696c525595242d0674d406bdffd1f608c150693a091ac;0.5213821316852479;0.3973865587440273;0.8014183119023887;0.6400268263360225
False;False;False;True;True;False;False;True;False;False;True;0;True;False;False;False;0;True;False;False;False;0;False;True;False;True;False;0;18;False;0;True;0;6;True;False;False;c1e2afc394b70eb4655fb5342d63c542240aebe698d294e38e66b3d59ad7ef82;0.8134960123099995;0.6579400069778294;0.8893940577259537;0.7192146620184685
True;False;True;True;False;False;False;False;False;True;True;0;True;False;False;True;0;False;False;True;False;0;False;True;False;False;False;0;24;False;0;False;0;6;True;False;False;5408efba504214dc3305fa0eb359b3f6ae6b1e91c7fd2bd53dd4b1fb45c920e6;0.8827903919702338;0.7673957955586326;0.8448192735505958;0.6828595361241339
False;False;True;False;False;False;False;False;False;True;True;0;True;False;False;True;0;False;True;False;False;0;False;False;False;False;True;0;24;False;0;False;0;6;False;False;False;d3fe0d1cb7a5c29d20ecef454a99881571cb018ffbf34cb5e200589d13858393;0.8409919025489391;0.7182206087116183;0.8259201934659967;0.6588905045348037
False;False;False;False;True;False;False;False;False;True;True;0;True;False;False;False;0;False;False;True;False;0;False;False;False;True;True;0;6;False;0;False;0;6;False;False;False;ff9a28308865589dfc45683fc12ce5919ddc6d0d997682edc294296d82f3b7de;0.658412349022552;0.4915922387777606;0.900295936418639;0.7350779242400025
True;False;False;True;True;False;False;False;False;True;False;0;True;False;False;True;0;False;False;True;False;0;False;True;False;False;False;0;0;False;0;False;0;6;False;False;True;c394e98bca57f4881aa669ec3a34433314acb9f3ae78f7b830af6c7b89d11545;0.529860522579511;0.4037381945186301;0.8350626027823753;0.6770505725466085
False;False;True;True;False;False;True;False;False;False;False;0;False;False;False;False;0;False;False;True;True;0;False;True;False;True;False;0;0;False;0;True;0;6;True;False;False;2ae4ccfc2f641560e81530e0b58d79ab19588d0483cceac3a293eea5de97b572;0.606633225513184;0.4607315875456194;0.8331311407768361;0.6639279294678184
True;False;True;True;False;False;True;False;False;True;False;0;False;False;False;False;0;False;False;True;False;0;False;True;False;True;False;0;0;False;0;False;0;6;False;False;True;fc473834f66764ad150d4acc05ecc1cccd2bbce1f563b51b360a57da9ff16b01;0.6208638928011713;0.4868858868217297;0.7995166984968731;0.6372991660265435
True;False;False;True;True;False;False;False;False;False;True;0;True;False;False;True;0;False;False;False;True;0;True;True;False;False;True;0;24;False;0;False;0;6;False;False;False;dd4544f345de8a515a1d4d590167a010afc6e3e7aaf8131731d5ab1a62792ce1;0.4712798854160993;0.3669773903312781;0.6590622761349872;0.528738726277982
False;False;False;False;True;False;True;False;False;False;True;0;False;False;False;True;0;True;False;False;True;0;False;False;False;False;False;0;24;False;0;False;0;6;False;False;True;810cc7969fd5cfe6e12e433beb4f3f4a41fc65a99eb625e5467609c07bd11814;0.7773132903220791;0.6285702250955295;0.891355996328788;0.725499630178739
False;False;True;True;False;False;True;False;False;True;True;0;False;False;False;True;0;True;False;False;False;0;False;True;False;False;True;0;18;False;0;True;0;6;False;False;False;5d8f7e4546d1aa49462f3fdffaccc3c976049889eab262ebefd2481f90a89769;0.7811436022049791;0.6483878825282782;0.7879028813760214;0.6316462718553071
False;False;True;False;False;False;True;False;False;False;True;0;False;False;False;False;0;True;False;False;True;0;False;False;False;True;False;0;18;False;0;False;0;6;False;False;True;f9b751d84fe934568fec0e00d0fcf5ec8035cc532c3bbc05d6a9f976abb361ea;0.8750149962484844;0.743793812205417;0.8756800300652022;0.718091254929514
True;False;True;True;False;False;False;False;False;True;True;0;True;False;False;True;0;False;False;True;False;0;False;True;False;False;False;0;24;False;0;False;0;6;False;False;True;53c7bdfc3a2370d578fa878e93654855579c4d6d81270c3884ac156d0ca9543a;0.8849325282457108;0.7708919722804264;0.840914406972235;0.6793080701251553
False;False;True;False;False;False;True;False;False;True;False;0;False;False;False;True;0;False;True;False;False;0;False;False;False;False;True;0;0;False;0;False;0;6;False;False;False;4598de02898dc5b469c3e4a8520b70defc5522b56c742db49ac7f4ff1dfa3d93;0.5993903577946781;0.4667210537313435;0.7861036304085253;0.6237211419650898
False;False;True;False;False;False;True;True;False;False;True;0;False;False;False;False;0;True;False;False;False;0;False;False;False;True;False;0;24;False;0;False;0;6;False;False;True;459be697b93a617a2538a9d82d3a2db37cba4752535aa255da55442a3702e1dc;0.9827696293141376;0.9366150952993484;0.8165228393898295;0.6421525956850923
True;False;True;True;False;False;False;False;False;True;True;0;True;False;False;True;0;True;False;False;False;0;False;True;False;False;False;0;6;False;0;False;0;6;True;False;False;40de60a9979d4dfda8ba551d9c7a7ef1830e6bd78e64684b80017e9fce707374;0.7252738230722994;0.5876057281419125;0.8324246171797798;0.6813151405431486
False;False;True;True;False;False;False;False;False;False;True;0;True;False;False;False;0;False;True;False;True;0;False;True;False;True;True;0;24;False;0;True;0;6;False;False;False;3fb99385eba64b3be87b4b951f63d48ba417f81766f52561e0ed0e85533cb842;0.7865442792071025;0.6314430466551533;0.7976827699173532;0.6139324923966424
False;False;True;True;False;False;True;False;False;False;True;0;False;False;False;True;0;False;True;False;True;0;False;True;False;False;False;0;18;False;0;True;0;6;False;False;True;0b4d14c4604dce225f78dc6d4f3dd94a8628fa8ba7582b4a5464e3f42740b9bb;0.8131320583618892;0.6671849868623687;0.8304352381580492;0.6702152510356277
False;False;False;False;True;False;True;False;False;True;False;0;False;False;False;True;0;False;False;False;False;0;True;False;False;False;False;0;0;False;0;False;0;6;False;False;True;2d0c6a8b60d0f22abf16f395597a7d677ce237356bb0f7588d697fe6ac7722ca;0.3643924684695;0.279896125838081;0.6624088640136974;0.5379680509880382
True;False;True;True;False;False;True;False;False;True;True;0;False;False;False;True;0;False;False;True;False;0;False;True;False;False;False;0;24;False;0;False;0;6;True;False;False;2f489221b873400b4f5a3ea6e5f36bf5eea9ff906cab3de3ba83219816672abe;0.8867779960879905;0.7728958832077224;0.8470286935344843;0.6870775471846563
True;False;False;True;True;False;False;False;False;True;False;0;True;False;False;True;0;False;False;False;False;0;True;True;False;False;False;0;0;False;0;False;0;6;True;False;False;4bec5346c1ea3822f0ff5a48a240f5c07f9bf48fcdce65d0e5558c49714466cb;0.3573804715835271;0.2751618136652939;0.6548363661863961;0.5336094381026781
False;False;False;True;True;False;True;False;False;True;True;0;False;False;False;False;0;False;False;True;False;0;False;True;False;True;True;0;24;False;0;True;0;6;False;False;False;6c5a0db4f58f5f36ace370f05ec4c17e52d51b8fca115d841845a1fd80edaa93;0.6764215783498583;0.5132066159947337;0.8694290681986939;0.6901245229698699
True;False;False;True;True;False;False;False;False;False;True;0;True;False;False;True;0;False;True;False;True;0;False;True;False;False;True;0;24;False;0;False;0;6;False;False;False;69981bbc253492206cdc605cd8184784ca184ddf52f2f7a5198add92086cdf06;0.7660098176603138;0.6131697413962571;0.8822723725702324;0.712647844031632
True;False;True;True;False;False;False;True;False;False;True;0;True;False;False;True;0;True;False;False;False;0;False;True;False;False;False;0;6;False;0;False;0;6;False;False;True;d62a51506b42ed3fcdc2ab545e074e4378c496ebd65772131d058c9ab855775a;0.8040626925343228;0.6612355371999066;0.8215688955641574;0.6569449283999045
False;False;False;False;True;False;False;False;False;False;True;0;True;False;False;False;0;True;False;False;True;0;False;False;False;True;False;0;24;False;0;False;0;6;True;False;False;ac1258852867dea88ffc27fb87bf4fce4ea37cf9c1392b823c32850b8ac64853;0.7716633854146885;0.6219121367467758;0.8929484261475106;0.7278578555357655
False;False;False;False;True;False;False;False;False;False;False;0;True;False;False;True;0;True;False;False;True;0;False;False;False;False;False;0;0;False;0;False;0;6;True;False;False;a1dbaab65c325ec28baa233ef3719c9db29e3c1f8e96effdab3b4b8b57d536b2;0.5316149592993518;0.4095292515844702;0.8188697549648579;0.6607636599287394
False;False;False;True;True;False;True;True;False;False;True;0;False;False;False;False;0;True;False;False;False;0;False;True;False;True;False;0;18;False;0;True;0;6;True;False;False;8651c13bcf436da3f0ef2ebe019cb6c9c5afedeb10c2b2f475382ca96b239fd8;0.8108040519868499;0.6556812688642206;0.8893484457869903;0.7202552889044834
False;False;True;False;False;False;True;False;False;True;True;0;False;False;False;False;0;True;False;False;False;0;False;False;False;True;False;0;24;False;0;False;0;6;False;False;True;1e41058b12ffda257cf3ec89bd826a3634b9fc3fe7ac60a4c839fc2ba8f74793;0.8827643296924048;0.7671876591088739;0.8458371271164646;0.682699041280273
False;False;True;False;False;False;False;False;False;True;True;0;True;False;False;True;0;False;False;True;False;0;False;False;False;False;False;0;6;False;0;False;0;6;False;False;True;2c499a158c73ad23a5a39755fc278d30790c604dbe946a88077c53da2e45584f;0.7300873135693159;0.5942142930729125;0.834206479369846;0.6791522839546014
False;False;True;True;False;False;True;False;False;False;False;0;False;False;False;False;0;False;False;False;True;0;True;True;False;True;False;0;0;False;0;True;0;6;True;False;False;6844467c5fc531306a6468607f1d907c5119707ca72eca6fd82911a797bf3b30;0.1422406485715118;0.0895108916199126;0.34173097743306796;0.29279915124464173
True;False;False;True;True;False;False;False;False;True;True;0;True;False;False;True;0;False;False;False;False;0;True;True;False;False;False;0;18;False;0;False;0;6;True;False;False;a168e6fd0456a38e3b4a6676bce0b422ff58cebc27a7adcaa5daeb527bce7d19;0.4663342348991265;0.3570246040619981;0.6954559965242374;0.5688129742212942
False;False;True;False;False;False;False;True;False;False;True;0;True;False;False;True;0;False;True;False;False;0;False;False;False;False;False;0;24;False;0;False;0;6;True;False;False;453b1397263139a33290f6e0bc471a11f318265dc3c6fceb2b3279b3349b0ba4;0.9738678670832596;0.9173209728070016;0.8196022296662054;0.6454245226943426
False;False;False;False;True;False;True;False;False;True;True;0;False;False;False;False;0;False;False;True;False;0;False;False;False;True;True;0;24;False;0;False;0;6;False;False;False;e591fcac9a64830c5a5313ea5240aca76dc8b94e872a0a15259b193dbb4fab64;0.7056865104563699;0.547008152671945;0.8857492058348991;0.7162870268573077
True;False;True;True;False;False;False;False;False;False;False;0;True;False;False;True;0;False;True;False;True;0;False;True;False;False;True;0;0;False;0;False;0;6;False;False;False;1ca0e8841bd423de9b6f9a7236a5b1434ed959d464fd6a4e2377d914be99c1c5;0.588445444332573;0.4463866598313765;0.8178930873677401;0.6512630440836381
False;False;True;True;False;False;False;True;False;False;True;0;True;False;False;True;0;False;False;False;False;0;True;True;False;False;True;0;18;False;0;True;0;6;False;False;False;60073cf3c8285fcf997a15eb339017fe1fb91158ae7ce09227732e0e6367098c;0.5465716786113326;0.4375389037228384;0.5733861581006143;0.4547884378430729
False;False;True;True;False;False;True;True;False;False;True;0;False;False;False;True;0;False;False;False;False;0;True;True;False;False;False;0;6;False;0;True;0;6;False;False;True;15300be255e9cf5b41318d972c9d7ef461eed83b94a2165a36fa0fa8b9cae5cc;0.5721088746689145;0.4553243525190316;0.6442405567642961;0.5164173701528185
False;False;True;True;False;False;True;True;False;False;False;0;False;False;False;False;0;False;True;False;False;0;False;True;False;True;False;0;0;False;0;True;0;6;True;False;False;f5dc0fbf2e0f844d1acdf9544ae4b340cfaaa1369b0015ef53cf06078b7d9fc8;0.6545012716128501;0.5089260872480196;0.797840690653531;0.6241131312559404
False;False;False;False;True;False;False;False;False;False;True;0;True;False;False;True;0;False;True;False;True;0;False;False;False;False;False;0;24;False;0;False;0;6;True;False;False;8edf1e2dc909c7a23d1a6271e40250bab5368da3ea875af1fd81f849121643fe;0.7693733785869473;0.6199420995079314;0.8916649327056219;0.7264884962828381
False;False;True;False;False;False;False;False;False;False;True;0;True;False;False;False;0;True;False;False;True;0;False;False;False;True;False;0;24;False;0;False;0;6;False;False;True;19141f170293c7a86d0b50711bf14106721655776802f38d7dec5fb9271a90f0;0.8916876810263656;0.7667486891963061;0.8592216006034658;0.6884278718438327
True;False;False;True;True;False;False;False;False;True;True;0;True;False;False;True;0;False;False;True;False;0;False;True;False;False;True;0;6;False;0;False;0;6;False;False;False;b91bd77bbffd3b08b0b48ee78737b5b3b8cb744f5260572e83a63e35711920fc;0.6607653920282679;0.4947676301264981;0.9031130738792965;0.7383589679871873
True;False;True;True;False;False;False;False;False;True;True;0;True;False;False;False;0;True;False;False;False;0;False;True;False;True;False;0;24;False;0;False;0;6;False;False;True;4a085033b5f2cfce6dfe495a4fb5349812b313146c1d2006e5bb2eb47493065a;0.8878881129452548;0.7735762049807208;0.8403553593614517;0.6786951465582639
True;False;True;True;False;False;False;False;False;True;True;0;True;False;False;True;0;False;False;True;False;0;False;True;False;False;False;0;18;False;0;False;0;6;True;False;False;8a023fbc6f1f2505f7c2ddeb1cd791b9580877754d7dfd09ede6384127b2186b;0.8687178215428317;0.748722878323557;0.8552514168129868;0.7059415386524971
False;False;False;True;True;False;False;False;False;True;True;0;True;False;False;False;0;False;False;False;False;0;True;True;False;True;False;0;6;False;0;True;0;6;True;False;False;fe7d165809edf00d359d5ae32d97fda690ef4ce64248e87efa8b1ec5e4e5b4cf;0.1568114914916984;0.0979716435316934;0.36852253051990924;0.32603914409681545
False;False;True;False;False;False;True;False;False;True;True;0;False;False;False;False;0;False;False;False;False;0;True;False;False;True;True;0;6;False;0;False;0;6;False;False;False;a0f36725b9bd540fee930101eedc8a96b320e40fbd2fb1c3cbd0b5a876b193d4;0.1407069670161133;0.0928775039866953;0.31408152467626876;0.283403828764723
False;False;True;False;False;False;True;True;False;False;True;0;False;False;False;False;0;False;False;True;False;0;False;False;False;True;False;0;24;False;0;False;0;6;False;False;True;3765067277c7a6fe75e4f49dfa7f91a4f1d98a785cfeceed4fab41febd009913;0.9810906821712038;0.9334471237167522;0.8169260239372753;0.6422030516261965
False;False;False;False;True;False;False;True;False;False;False;0;True;False;False;True;0;True;False;False;False;0;False;False;False;False;True;0;0;False;0;False;0;6;False;False;False;e8cd44fb296ec5558945ae71f7b58cdb9d01215363cccf29b7889c99b63fd389;0.5202792255096341;0.397344120786541;0.7997808641246995;0.6382772348777691
False;False;True;False;False;False;True;False;False;True;True;0;False;False;False;False;0;False;True;False;False;0;False;False;False;True;True;0;24;False;0;False;0;6;False;False;False;830508660fda07a6fdc0b3c85bf163ecce4e8529f83543778a290a4f6059e1c8;0.8488188526041879;0.7259874382414072;0.8351661665842517;0.6711264472938135
False;False;True;False;False;False;True;False;False;False;False;0;False;False;False;False;0;False;True;False;True;0;False;False;False;True;False;0;0;False;0;False;0;6;False;False;True;7427f4c769677e9428c4999fa3647bae4f0548265e0d7f45ec4e913f95397fac;0.6090837996957464;0.462420060254366;0.8340774203503343;0.6649030146756162
True;False;True;True;False;False;False;True;False;False;True;0;True;False;False;True;0;False;False;False;False;0;True;True;False;False;False;0;24;False;0;False;0;6;True;False;False;69cc148be8be9f351d012a4384aabfccf61ede5aa9da2babd89386ac29b87f77;0.612005755985066;0.512315546290379;0.603564349710828;0.47924502324545437
False;False;True;False;False;False;True;True;False;False;True;0;False;False;False;False;0;False;False;True;False;0;False;False;False;True;True;0;18;False;0;False;0;6;False;False;False;e7e20a2f6e9901f0dd68a8e5e6a6cbedfe6da5d1dd3d923774159fa6a97309a6;0.9058402949256272;0.7935461371851277;0.8143429009553746;0.651721267567076
True;False;False;True;True;False;False;False;False;False;True;0;True;False;False;False;0;False;False;False;True;0;True;True;False;True;False;0;24;False;0;False;0;6;True;False;False;82845786892b2edab9f8ff72588264d239044f5f7ec36cda34600d4f86de985f;0.1532733019856776;0.0934816829112014;0.35451724388464695;0.31029569566455195
True;False;False;True;True;False;False;False;False;True;True;0;True;False;False;True;0;False;True;False;False;0;False;True;False;False;True;0;18;False;0;False;0;6;False;False;False;f7232794ded29b804822efe3a83123ba29541c92ae197f79221770639236a3b0;0.7189039126643478;0.5607168714113222;0.8938506664859889;0.7314955865865279
False;False;True;True;False;False;True;True;False;False;True;0;False;False;False;True;0;False;False;True;False;0;False;True;False;False;False;0;18;False;0;True;0;6;False;False;True;f0779ba2c6d5eb28143d5d60313fe38fac554cde1a0d8b0fb0b55f9912c93d0d;0.8841691359102978;0.7658753200596558;0.7751943748002412;0.6159365841940526
False;False;True;True;False;False;False;False;False;False;False;0;True;False;False;False;0;False;True;False;True;0;False;True;False;True;False;0;0;False;0;True;0;6;True;False;False;6f8a309daab026a515e89be2a9ca7eb9433377d49852ec0c7824182b23bfcdfd;0.6065828788585795;0.4604976000320672;0.8327718496992247;0.663307760564106
False;False;True;False;False;False;False;True;False;False;True;0;True;False;False;True;0;False;False;True;False;0;False;False;False;False;False;0;24;False;0;False;0;6;False;False;True;c7f561974bc2ac3e38a97b067caa3ba1060a3c9a38c93446ba4d0046205e8bbf;0.9778856903218308;0.9260828644321965;0.815411079411523;0.6396460820477133
False;False;True;True;False;False;True;False;False;True;True;0;False;False;False;False;0;False;False;False;False;0;True;True;False;True;False;0;24;False;0;True;0;6;False;False;True;07e4de2db1a98580d28936888773233c65f46a607f3220bc9d5f5cec84e1b743;0.1566775617259524;0.1158862542265757;0.300259309782366;0.272266948631481
True;False;True;True;False;False;False;False;False;False;True;0;True;False;False;True;0;False;False;False;True;0;True;True;False;False;True;0;24;False;0;False;0;6;False;False;False;d3078fbb849d80f5a90f934415c95495a2659cce926b7a131c0822a26394d88c;0.5338673662349726;0.4293650263734935;0.6178429079313825;0.4889409690821309
False;False;True;True;False;False;True;False;False;True;True;0;False;False;False;False;0;False;False;True;False;0;False;True;False;True;False;0;24;False;0;True;0;6;False;False;True;0a5eff54e5473451aa854a26b6afae7e2cb802e01047eb23a53c98da375de2a3;0.8075705266240877;0.675669608007562;0.7829495886849727;0.6152082728961892
False;False;True;True;False;False;True;False;False;False;False;0;False;False;False;False;0;True;False;False;True;0;False;True;False;True;True;0;0;False;0;True;0;6;False;False;False;525b39da9d2a60344c17f7b76a3a7d450171f587c89f72d181873b3af4cbe5d0;0.5849051764126142;0.4431769748984903;0.8132377439309422;0.6447831952773112
True;False;False;True;True;False;True;True;False;False;True;0;False;False;False;True;0;False;False;False;False;0;True;True;False;False;False;0;24;False;0;False;0;6;False;False;True;65979b09a4ae73fcbea892645cb1fab2ee22a825c8c133f50880ac9ae8bed63e;0.5352263499775959;0.4245442940439795;0.6784359762642769;0.5432221344549664
False;False;False;True;True;False;False;False;False;False;False;0;True;False;False;True;0;False;False;False;True;0;True;True;False;False;False;0;0;False;0;True;0;6;False;False;True;d6731e01031821709943dcc9b9a531c70fb58be66046db1de87a2e34a6f19c83;0.3562253670352764;0.2732042280058681;0.6297195060275661;0.503119103710474
False;False;False;True;True;False;False;True;False;False;True;0;True;False;False;True;0;False;False;False;False;0;True;True;False;False;False;0;6;False;0;True;0;6;False;False;True;0946f923f5568781aeedab357268bfd9816921077d5ab99cd7fc0de6a1c91479;0.512612105658903;0.3985850581723261;0.7005471459981676;0.5729004458081134
False;False;False;False;True;False;False;False;False;False;False;0;True;False;False;False;0;False;False;False;True;0;True;False;False;True;False;0;0;False;0;False;0;6;True;False;False;8406e42d8ca744976297cbd684641a5707ba3be7ae7a094c2b3e2637d95d16fe;0.1040516130116648;0.0631945615353657;0.3235556162976031;0.27429056226221504
False;False;True;False;False;False;False;True;False;False;True;0;True;False;False;False;0;False;True;False;False;0;False;False;False;True;True;0;6;False;0;False;0;6;False;False;False;72d2d5eec6cd92b393082da1c8ae3ef6296335947f8df0f156fb1891f14e61d9;0.7756595503864664;0.6324630202228505;0.8089325793510925;0.6429171096715722
False;False;True;False;False;False;True;False;False;False;False;0;False;False;False;True;0;True;False;False;True;0;False;False;False;False;False;0;0;False;0;False;0;6;False;False;True;8f53240378e3adaf44757532667eac41dc1254803d6891e3cd73777eafeb7ba9;0.6064437232966553;0.460534725148836;0.833452262638251;0.6644598996578666
True;False;True;True;False;False;True;False;False;True;False;0;False;False;False;True;0;True;False;False;False;0;False;True;False;False;True;0;0;False;0;False;0;6;False;False;False;f807231746321a79587ad83895f07051644dd9c7b2c67b9947ea18da9747518c;0.6008649599575117;0.4702281514547235;0.7848837000842521;0.6245079400443158
True;False;False;True;True;False;True;True;False;False;True;0;False;False;False;False;0;False;True;False;False;0;False;True;False;True;False;0;24;False;0;False;0;6;False;False;True;e4902f9cedf487b6327428a66474e95eabee7c0dd44392da1c54fc1feadb7ed6;0.8516026390869171;0.7101086322089246;0.8876352593247103;0.717443179862545
False;False;False;False;True;False;False;False;False;False;True;0;True;False;False;False;0;False;False;True;True;0;False;False;False;True;False;0;6;False;0;False;0;6;True;False;False;89d0650eb1e868d2f8ea5e78bd166b4834159d2240775b3da371a5204a6b9d12;0.6824440840884268;0.51508691306227;0.9030947403801377;0.7404709783426227
True;False;False;True;True;False;True;True;False;False;True;0;False;False;False;False;0;True;False;False;False;0;False;True;False;True;False;0;18;False;0;False;0;6;False;False;True;23c8f0c956d6f66ff3978806331a78f3a8dbd585351f4a7e6804303794351a0c;0.8467170267945995;0.6978626512831781;0.9025254662828246;0.7366339508217739
False;False;True;True;False;False;True;True;False;False;True;0;False;False;False;True;0;False;True;False;False;0;False;True;False;False;True;0;18;False;0;True;0;6;False;False;False;d9da52a92f272e67063ad3f4c0f003565c05c9dfaadc4a3abda0083019a404e9;0.8523843587558237;0.7274815294940652;0.7647185740868768;0.6048712318206679
False;False;False;True;True;False;True;True;False;False;True;0;False;False;False;False;0;False;False;True;False;0;False;True;False;True;False;0;18;False;0;True;0;6;True;False;False;f306ca4a4f1908dcdb7aa93039bf4a81366a8b17a2760bd9dc4bcbf5da88f49f;0.8106068279780233;0.6553422695171467;0.8898414718396604;0.7210167663119509
False;False;False;True;True;False;True;False;False;False;True;0;False;False;False;True;0;False;True;False;True;0;False;True;False;False;False;0;24;False;0;True;0;6;False;False;True;6c3c5f51b7c52793397142c787d04a3d2dd2831f67aacb031ce4619ba23dc29c;0.7473574106723038;0.5839704991414767;0.8763938672210206;0.6934448752987744
False;False;False;True;True;False;False;False;False;False;True;0;True;False;False;True;0;False;True;False;True;0;False;True;False;False;True;0;18;False;0;True;0;6;False;False;False;ea9e15097d82ca65157a01f147a3b752330c8cb151f57b96ab3e61101c2f1193;0.7526390704717804;0.5898550250709812;0.8896076229184255;0.7202193243846401
True;False;True;True;False;False;False;False;False;True;True;0;True;False;False;False;0;True;False;False;False;0;False;True;False;True;True;0;6;False;0;False;0;6;False;False;False;d69fd263f273a19658659547a34a49942173f7a4c8490ed2251825d9baf38b87;0.7073252517027036;0.5681466164174924;0.8215063472986252;0.6672289293285006
True;False;False;True;True;False;True;False;False;False;True;0;False;False;False;False;0;False;True;False;True;0;False;True;False;True;False;0;24;False;0;False;0;6;True;False;False;478226e8b91fd9e223848097af04e9841a0c7c8bebe003eaabda02f9545b72e8;0.7897975250366776;0.6373747638480823;0.9001767679608909;0.7355398050804456
False;False;False;False;True;False;True;True;False;False;True;0;False;False;False;False;0;True;False;False;False;0;False;False;False;True;True;0;24;False;0;False;0;6;False;False;False;49b2e420e59aac429dbf460a5814461a2b645eb20f2387363951e5bdf6ebda57;0.8058100705363882;0.6604835811988925;0.8725093393578254;0.6986753869639342
True;False;True;True;False;False;True;False;False;True;False;0;False;False;False;False;0;False;True;False;False;0;False;True;False;True;True;0;0;False;0;False;0;6;False;False;False;cd5f0844e445d6ab574976706eb2929d22072940c7433eab15c9894501181460;0.5975925001661198;0.4657958957739559;0.7832726485351107;0.6218384973581631
