slice_timing_correction/ref_slice/middle;distorsion_correction;signal_modeling/temporal_noise_autocorrelation/FAST;slice_timing_correction;signal_modeling/temporal_noise_autocorrelation/AR1;spatial_normalization/algorithm/linear;motion_correction_realignment/register_to/mean;signal_modeling/hrf/temporal_derivs;spatial_normalization/algorithm/DARTEL;signal_modeling/hrf/canonical;signal_modeling/nuisance_regressors;spatial_normalization/bias_regularisation/extremely_light;motion_correction_realignment/register_to/first;spatial_normalization/bias_regularisation;spatial_normalization/template/MNI152_nonlinear;coregistration/source_target/func_on_anat;spatial_normalization/bias_regularisation/light;coregistration/cost_function/entropy_correlation_coefficient;coregistration/cost_function/normalised_mutual_information;coregistration/cost_function/mutual_information;signal_modeling/hrf/temporal_dispersion_derivs;spatial_normalization/bias_regularisation/very_light;coregistration/cost_function/normalised_cross_correlation;slice_timing_correction/ref_slice;signal_modeling/nuisance_regressors/comp_cor;coregistration/source_target/anat_on_func;spatial_normalization/interpolation/nearest_neighbour;spatial_normalization/bias_regularisation/heavy;signal_modeling/nuisance_regressors/motion;spatial_normalization/template/MNI152_linear;spatial_normalization/bias_regularisation/medium;slice_timing_correction/ref_slice/first;spatial_normalization/bias_fwhm;spatial_smoothing/fwhm;spatial_normalization/interpolation/trilinear;spatial_normalization/template/MNI305;spatial_normalization/interpolation/bspline;id;pearson_from_ref;spearman_from_ref;pearson_from_mean;spearman_from_mean
False;False;True;True;False;False;False;False;False;True;False;0;True;False;False;False;0;False;False;False;False;0;True;True;False;True;False;0;0;False;0;True;0;6;True;False;False;e012bd4d9bab5a18593441c76f48ccc732bca3390703ffad76a4effde31136ac;0.1530438051244195;0.1032194228575597;0.33870360782332487;0.28582524823718825
True;False;True;True;False;False;False;True;False;False;True;0;True;False;False;True;0;False;False;True;False;0;False;True;False;False;False;0;24;False;0;False;0;6;True;False;False;850e4d92a370900eede8982155772f1ba014ab468eef7c55976bcc207dd19ff3;0.9921083657979038;0.9621056861355836;0.8145932703490064;0.64374074764956
False;False;True;True;False;False;False;True;False;False;True;0;True;False;False;True;0;True;False;False;False;0;False;True;False;False;False;0;24;False;0;True;0;6;True;False;False;84c27a9d96a41f520b1de0bf3ef88093bcf9761b45e45efa195b0f16e989e3b8;0.8974794963956164;0.7756936442573958;0.7529850600690629;0.5725371075280409
False;False;True;True;False;False;True;False;False;False;False;0;False;False;False;True;0;False;False;False;True;0;True;True;False;False;False;0;0;False;0;True;0;6;True;False;False;0c7beba1bec8f4ff1c5ebff7e2af248230c4ce91c277751ff035fe2b84549194;0.4174285017061168;0.3102603591633239;0.6629345179527396;0.5260405982184609
True;False;False;True;True;False;True;True;False;False;True;0;False;False;False;False;0;True;False;False;False;0;False;True;False;True;False;0;24;False;0;False;0;6;False;False;True;bd680f4a5114da7b91609bc9ea47b7323842816ba6343500c37d9e15d8cb6f6a;0.8513208942773167;0.7097034226299054;0.8804581983553519;0.7084568353433838
False;False;True;True;False;False;False;False;False;True;False;0;True;False;False;False;0;False;True;False;False;0;False;True;False;True;False;0;0;False;0;True;0;6;True;False;False;5e45d48fd8f51054004b526f637b058b012d8347df6b379b7c290f2f1510c2a1;0.6145806465604783;0.4846038818896219;0.792943804923277;0.6341856180661701
False;False;False;True;True;False;True;False;False;False;False;0;False;False;False;False;0;True;False;False;True;0;False;True;False;True;True;0;0;False;0;True;0;6;False;False;False;edff2ab1ef5565f4e9b1eea8c7247419318afe52c40700982fa2a001dd1ac68e;0.524638797707083;0.4030854357258064;0.8151148955380841;0.6525487728078595
False;False;True;True;False;False;False;False;False;False;True;0;True;False;False;True;0;False;False;True;True;0;False;True;False;False;True;0;6;False;0;True;0;6;False;False;False;97d89fdb17f75389f69bd5c29cf0c8feef728316f41323de04ddfffdbbe8b904;0.73620084617465;0.5829778015886318;0.8285260956253973;0.6630932207000817
False;False;False;False;True;False;True;False;False;False;True;0;False;False;False;True;0;False;False;True;True;0;False;False;False;False;False;0;6;False;0;False;0;6;False;False;True;09fbdd872a931ffaeb2422e212856182fa02f1b84a666edfe1e21a6d24c00371;0.6865327332322364;0.5203826376853459;0.9022979939096267;0.7398262600838552
True;False;False;True;True;False;True;False;False;True;True;0;False;False;False;True;0;False;True;False;False;0;False;True;False;False;False;0;6;False;0;False;0;6;False;False;True;6f9e1875cc254e45700f674311e609ff7528ecd6ea9515e0ddb51794f6dbae7e;0.6797674328497564;0.5127159051688804;0.9139166824983912;0.7531112898982871
False;False;False;False;True;False;True;False;False;True;True;0;False;False;False;True;0;False;False;False;False;0;True;False;False;False;False;0;6;False;0;False;0;6;True;False;False;f01db2ff3fb49b55456ad5c164fdaacb3d4f72743216ac33eca11b62119be2ce;0.4539631297357316;0.336552572829958;0.7227070977087379;0.589356215302064
False;False;True;False;False;False;True;False;False;True;True;0;False;False;False;False;0;False;False;False;False;0;True;False;False;True;False;0;24;False;0;False;0;6;True;False;False;2f0e7ad8253c445ff3da78b9247c711ad87c3d315a75924cc7dca7616f201149;0.1674036321452699;0.129073756091179;0.3181784977498525;0.29537998589401954
False;False;False;True;True;False;True;True;False;False;True;0;False;False;False;True;0;False;False;True;False;0;False;True;False;False;False;0;6;False;0;True;0;6;False;False;True;878ef2ae922e21f7d403fd2c29a63ebe1f882d050a67f0906f92b3d1175ef738;0.8021638571544749;0.6455589232481215;0.922799677217137;0.7733643646835087
False;False;True;False;False;False;True;False;False;False;True;0;False;False;False;False;0;False;False;False;True;0;True;False;False;True;True;0;24;False;0;False;0;6;False;False;False;3c184b94e62e0a40b132d42b3c59df4ff179eb0256444d37c0251182a16006a3;0.1486219424533692;0.1031053830883626;0.30060325251268466;0.28144820445783797
False;False;True;False;False;False;True;True;False;False;True;0;False;False;False;False;0;True;False;False;False;0;False;False;False;True;False;0;6;False;0;False;0;6;True;False;False;ecd6f686116ff16f49aa664cc5bee558b9cdf6e93c05308cabb9f0c8a70f3f5c;0.7988481864108361;0.6606941718606305;0.8256703305978088;0.6638646487048836
True;False;False;True;True;False;False;False;False;False;True;0;True;False;False;False;0;True;False;False;True;0;False;True;False;True;False;0;6;False;0;False;0;6;False;False;True;8a4709269a1982174652a20cbc65958984de19fcda912e49591d4c50f85015a8;0.6926207536829369;0.5236789179806822;0.9065230087453789;0.7450177710158026
False;False;False;True;True;False;False;False;False;False;False;0;True;False;False;True;0;False;False;True;True;0;False;True;False;False;False;0;0;False;0;True;0;6;False;False;True;c84c1a4ae4276d9096bbf38202cdcd89ee4ba2bb71d0de076e2caea71fadc359;0.5401133002781342;0.4162683552120727;0.8279212225928156;0.666517221049075
False;False;True;False;False;False;False;True;False;False;True;0;True;False;False;True;0;True;False;False;False;0;False;False;False;False;False;0;18;False;0;False;0;6;False;False;True;7be92b93b9f316ba6c9e633abe79bdb4983cc2a6f094d51e48d53db3dba884a6;0.941060646800458;0.8452791649004223;0.8145154276422159;0.6503956263085795
False;False;False;True;True;False;False;False;False;True;True;0;True;False;False;True;0;False;False;True;False;0;False;True;False;False;False;0;6;False;0;True;0;6;False;False;True;708dd7fec31c772cf37721435f95c01c48c52cd6d1a4a2bf800a1af5a73c13da;0.7349131844998854;0.5710144072162323;0.93341584515249;0.7856612637997951
False;False;False;False;True;False;True;False;False;False;False;0;False;False;False;True;0;True;False;False;True;0;False;False;False;False;True;0;0;False;0;False;0;6;False;False;False;cb445b23bd743f2eb435319d69c69b82684c52ca4fb6209f61dba5672c4a7d2d;0.5204890257474335;0.4002290918388669;0.8162853946384547;0.6555644283042361
False;False;False;False;True;False;True;False;False;True;True;0;False;False;False;True;0;False;True;False;False;0;False;False;False;False;False;0;6;False;0;False;0;6;True;False;False;40dee1bb285a0fbb863c45b51c2ea8fb8a7a269d7637a41721043d7ec8aab9fd;0.6704340456965485;0.5019394935478766;0.9119558333587093;0.7497170846797709
False;False;True;False;False;False;False;False;False;False;True;0;True;False;False;True;0;False;True;False;True;0;False;False;False;False;True;0;18;False;0;False;0;6;False;False;False;74a3b67a3dad630393bdfb71487aff30d2bfc8ad50cae92059692b81197ae696;0.8442327876067967;0.7095327378792956;0.8537296572713364;0.6926221673347867
False;False;True;False;False;False;True;False;False;True;True;0;False;False;False;True;0;False;True;False;False;0;False;False;False;False;True;0;24;False;0;False;0;6;False;False;False;45ab19560b58adc905612281443232c468fce2fa6c051e5391373b1d617ee9a2;0.8470001433446505;0.7258383109425424;0.827673019974745;0.6613985075659072
False;False;False;True;True;False;True;True;False;False;True;0;False;False;False;True;0;True;False;False;False;0;False;True;False;False;True;0;18;False;0;True;0;6;False;False;False;204864d765f4ab917958405915f862c7d6853a887b6d3e9995f240fb7335faca;0.7894045879414846;0.6332441641655172;0.8689790347828666;0.6944474473452433
False;False;True;True;False;False;False;False;False;False;False;0;True;False;False;False;0;True;False;False;True;0;False;True;False;True;False;0;0;False;0;True;0;6;False;False;True;0684fc36a34b15b2207e279359d87410742460f885bdaf80fd108a8f49fc2b6b;0.6079400086927234;0.4611914908099261;0.835143603775877;0.6656619823898458
False;False;False;False;True;False;True;False;False;True;True;0;False;False;False;True;0;False;True;False;False;0;False;False;False;False;False;0;18;False;0;False;0;6;True;False;False;74ca50a25c9a4d9075fbf58188ac2018bb0499037e8cc2c9070577a6bd19bbf6;0.7228026941989295;0.5617086012844321;0.9000754717463479;0.7372228088347352
False;False;False;True;True;False;True;False;False;True;True;0;False;False;False;True;0;False;False;False;False;0;True;True;False;False;False;0;18;False;0;True;0;6;False;False;True;15cbb32efa5f5db467b601cda64b21f57fe54ec77ccc4277f655300482f127e7;0.4630021593652922;0.3508247889482319;0.694654013505321;0.5612014912246096
False;False;True;False;False;False;False;False;False;False;False;0;True;False;False;True;0;False;False;False;True;0;True;False;False;False;False;0;0;False;0;False;0;6;False;False;True;baaa11570dd1cb62ce8a9e3b12f95c1fc1021f165c6f4b2f8653fbf3175b4cbf;0.394701970051269;0.2944970659339872;0.6419294585323004;0.5110588309576954
False;False;True;True;False;False;False;False;False;True;True;0;True;False;False;False;0;False;False;False;False;0;True;True;False;True;False;0;6;False;0;True;0;6;False;False;True;f5931229acb539b750bce1203d0d22d8e04bfb46274d9ee9a66000049bf2b26b;0.1670679304232514;0.1219406795610985;0.32287512010080166;0.29534665507204166
True;False;True;True;False;False;False;False;False;False;False;0;True;False;False;False;0;True;False;False;True;0;False;True;False;True;False;0;0;False;0;False;0;6;False;False;True;f04ef681338f874f41d908051953de2251871df7ef7a11739929746c1c9820d2;0.6092169629912019;0.4636487404125868;0.8412938635941456;0.6744243373884244
True;False;True;True;False;False;True;True;False;False;True;0;False;False;False;False;0;False;False;True;False;0;False;True;False;True;True;0;6;False;0;False;0;6;False;False;False;2ac5cad819eca20edc7cae909048afdbd56cae8846cd85d6a972d9d0e4ce2412;0.7796988760160262;0.6327567232061245;0.8129391982735374;0.6495448800838328
False;False;False;True;True;False;False;False;False;False;True;0;True;False;False;False;0;False;False;False;True;0;True;True;False;True;False;0;18;False;0;True;0;6;False;False;True;7c6abc5e7c2b21cfcc0c17d5dc8250a768245eaf743062f7a04430c197f39d59;0.1531012005609878;0.0970748992695442;0.35350865126125514;0.31393086562233885
True;False;True;True;False;False;False;False;False;True;False;0;True;False;False;False;0;True;False;False;False;0;False;True;False;True;True;0;0;False;0;False;0;6;False;False;False;83a37e2585d8a602087385664f30937412fafa09872322488d772eacb05fe465;0.5982388567063819;0.4667571702832964;0.7908572894022904;0.631271984109945
False;False;False;True;True;False;True;False;False;True;True;0;False;False;False;False;0;False;False;False;False;0;True;True;False;True;True;0;6;False;0;True;0;6;False;False;False;5526045f0bf19b1afc677c1f79c228bc3276a7eaa8b52091ef2d65ed187bde17;0.1467116281159634;0.0910049474646939;0.35664756402736336;0.316511363895267
True;False;True;True;False;False;True;False;False;False;False;0;False;False;False;False;0;False;True;False;True;0;False;True;False;True;False;0;0;False;0;False;0;6;True;False;False;b780bc4f610bb9c70a4e17fbe65ae3d835751bb3991c830de0ca27f3812f3281;0.6069723979802597;0.4619925651992541;0.8447223545669328;0.6792393767489757
False;False;False;False;True;False;False;False;False;False;False;0;True;False;False;True;0;False;True;False;True;0;False;False;False;False;True;0;0;False;0;False;0;6;False;False;False;11ae3ff55165cd75a454410bec59b8c2f9deb729c8014dd23de821b3d4d67b39;0.5224941814570812;0.402309592530282;0.815809929484382;0.6583752971044822
True;False;False;True;True;False;False;True;False;False;True;0;True;False;False;True;0;True;False;False;False;0;False;True;False;False;False;0;18;False;0;False;0;6;False;False;True;c7287019945ce16f07fee07b3bd774e5cf70110df0ba3887da3c567149738fab;0.8451003979174841;0.6979195971891355;0.8955483430482011;0.7287652807946011
False;False;False;False;True;False;False;False;False;False;True;0;True;False;False;True;0;True;False;False;True;0;False;False;False;False;True;0;6;False;0;False;0;6;False;False;False;a38d5ab6708363f7c1d4b1583253e0ca744f3d5f0a3c036c7a35275fe7f74e35;0.6660698493907737;0.5028197469041995;0.8889856695520585;0.7227483531822386
True;False;True;True;False;False;True;True;False;False;True;0;False;False;False;False;0;True;False;False;False;0;False;True;False;True;True;0;18;False;0;False;0;6;False;False;False;f1d788c241721702e81200cffd4b84009600c5c028975cd7a79ab67ff69584e2;0.9187232342512144;0.8160727860389251;0.8056255687863735;0.6469355914749279
True;False;False;True;True;False;True;False;False;True;False;0;False;False;False;True;0;True;False;False;False;0;False;True;False;False;True;0;0;False;0;False;0;6;False;False;False;438bbffcbd6d025d6f5274f7af9c747da58afd53d0b5c26fc6e6ac8d9068f885;0.5174621482140688;0.3924399301481582;0.8339305203843577;0.6753339004537438
False;False;False;False;True;False;True;True;False;False;False;0;False;False;False;False;0;False;True;False;False;0;False;False;False;True;False;0;0;False;0;False;0;6;True;False;False;9fb9c4f1f6975095efa4ae7c029dfe2aa301abe03b9cd00137daca53aef592b4;0.5331764868976986;0.4078955960242369;0.8236304409433667;0.6629115150403079
True;False;False;True;True;False;True;False;False;True;True;0;False;False;False;False;0;False;False;False;False;0;True;True;False;True;False;0;18;False;0;False;0;6;True;False;False;d1801f5800280122d0be3058df945145a886f37b572d3c60e9e63e9853ba4955;0.1430676730115126;0.0903495903958217;0.35246531757820926;0.3042842031033425
True;False;True;True;False;False;True;False;False;True;True;0;False;False;False;False;0;True;False;False;False;0;False;True;False;True;False;0;24;False;0;False;0;6;False;False;True;8e16be7ad72cd887069accf736000008534df96c984047026cb3cb487707daca;0.8925658426031193;0.7788183175695237;0.837312535417566;0.6756403939292329
True;False;True;True;False;False;True;True;False;False;True;0;False;False;False;True;0;False;False;False;False;0;True;True;False;False;False;0;24;False;0;False;0;6;True;False;False;84927de93fd894965dc4a0c6809586226265d7d700a477cf92dc727427d626b3;0.6393929883407546;0.5357081046498453;0.6199092803565172;0.4909273733672656
True;False;False;True;True;False;True;False;False;True;True;0;False;False;False;False;0;False;False;True;False;0;False;True;False;True;False;0;6;False;0;False;0;6;True;False;False;d61118bfd5c7a5ff761be277c0b69e3bf6aa51a4b41741815893b3a1efddcd7e;0.67654493334248;0.5084691724047226;0.9153402323940029;0.7545445941335727
False;False;False;False;True;False;False;False;False;False;True;0;True;False;False;True;0;False;True;False;True;0;False;False;False;False;True;0;24;False;0;False;0;6;False;False;False;c5935e701f3b7b14951b12575bc7bd4d2a5920e4e4d36a83a855be2c5af2ebec;0.7514882033270518;0.6014702003480512;0.8718189422784499;0.6999543553346047
False;False;True;False;False;False;False;True;False;False;True;0;True;False;False;False;0;False;False;True;False;0;False;False;False;True;False;0;6;False;0;False;0;6;True;False;False;fabb4970223d95e3397ec14c7fb55ff7a39a5d2fa5e411c50fb025b7ae2855a1;0.7983940303268945;0.6593384075950876;0.8269394610565849;0.6650899311534701
False;False;True;False;False;False;True;False;False;True;True;0;False;False;False;False;0;True;False;False;False;0;False;False;False;True;False;0;24;False;0;False;0;6;True;False;False;2c8619c9571a866590d6b66fee3a3b5819607e12dbf3fed9a0a05bc21c45ed43;0.8792309907444212;0.7636723249032388;0.8432880474079287;0.6803710679282134
True;False;False;True;True;False;True;False;False;False;True;0;False;False;False;False;0;False;False;False;True;0;True;True;False;True;False;0;6;False;0;False;0;6;True;False;False;acc932a4c66f03b1e2863c9f2c8d4d713a6dd6d228378cf28d26fda5df781bcb;0.1399913694048736;0.0828565820794563;0.3544712201472878;0.3090284424713058
False;False;True;False;False;False;True;False;False;True;False;0;False;False;False;True;0;True;False;False;False;0;False;False;False;False;False;0;0;False;0;False;0;6;False;False;True;99b50cbe9e4d34d2b43db83d9a39692306c023a7717298ac7b3afa4512c35618;0.6196188474118814;0.4857141262848346;0.805865487843368;0.643492008769432
True;False;False;True;True;False;True;False;False;True;True;0;False;False;False;False;0;False;False;False;False;0;True;True;False;True;True;0;6;False;0;False;0;6;False;False;False;3a4c04b72fd16758e6b9ff77233f1b46487d8452843d70c41d0be76fcbef6d67;0.1314443928178764;0.0764043833561114;0.34690923912014104;0.2992419596637238
False;False;False;True;True;False;False;False;False;True;True;0;True;False;False;True;0;False;False;True;False;0;False;True;False;False;False;0;18;False;0;True;0;6;False;False;True;bf8f8650c653f518df06060cce26a58c3207721dcca00a6cde7ff5940ee526ce;0.7127569455047522;0.5502277316676903;0.8905273904495202;0.721783320227252
False;False;True;False;False;False;True;True;False;False;True;0;False;False;False;True;0;False;False;True;False;0;False;False;False;False;False;0;18;False;0;False;0;6;False;False;True;dbf4ee88885176d8bf7eaed2ab2fdd31497343f05a12d1583666265f6f7f2f15;0.9365720626348426;0.8375657255252579;0.815567696635552;0.6527451164970739
True;False;True;True;False;False;True;True;False;False;False;0;False;False;False;True;0;True;False;False;False;0;False;True;False;False;False;0;0;False;0;False;0;6;True;False;False;e0cd7ce487117e6315ebdbd4b9126c80848e5b68d8143f1f6ce538e5bb79eef9;0.6591302654182903;0.512450109288652;0.8148967041577758;0.6434323890541307
False;False;False;False;True;False;False;False;False;True;True;0;True;False;False;False;0;True;False;False;False;0;False;False;False;True;True;0;6;False;0;False;0;6;False;False;False;3de409149d0c1fabad8219ee961eaac00108546a0ec34bb9f8694d963803bfbf;0.6584678648390306;0.4914799179577797;0.9011455728553343;0.7367695759272678
False;False;True;False;False;False;True;False;False;True;False;0;False;False;False;False;0;True;False;False;False;0;False;False;False;True;True;0;0;False;0;False;0;6;False;False;False;b8f84fd7bca73dc9468ae7117d9cbb3e238113afc6a08fd38baccb7038f131d1;0.5970008414370165;0.4637740476970124;0.7908644770026915;0.62841835347755
False;False;False;False;True;False;False;True;False;False;False;0;True;False;False;True;0;False;True;False;False;0;False;False;False;False;False;0;0;False;0;False;0;6;False;False;True;2feadda983f8487dee344d2bf3faf6bebc917be18de2a3eea1f87f33ab1246e9;0.5345301033445508;0.4095751344363632;0.8220220591828016;0.6614081143259652
False;False;False;False;True;False;True;False;False;False;True;0;False;False;False;True;0;True;False;False;True;0;False;False;False;False;True;0;24;False;0;False;0;6;False;False;False;095cb31443ad562fc0eaf199d3a50a7249e0c69487d62863478adbce68a9aac4;0.7545725775274184;0.6043474935796765;0.8751084256643543;0.7031762983507225
False;False;False;False;True;False;False;True;False;False;True;0;True;False;False;False;0;False;True;False;False;0;False;False;False;True;True;0;6;False;0;False;0;6;False;False;False;d09705b7d7b7743e139549ea5def7cb8c5f482a085b377591833d8da3c0654a2;0.7133292047658416;0.5472972365624678;0.889071504137449;0.7235094588776313
False;False;False;False;True;False;True;False;False;False;True;0;False;False;False;True;0;False;True;False;True;0;False;False;False;False;True;0;6;False;0;False;0;6;False;False;False;0966d3c0776383e44e7a1eb178c127da2890d3743b9efab106d98d1f521a0613;0.6686707113515641;0.5029624315516112;0.8913319051193154;0.7246167254930597
False;False;True;False;False;False;True;False;False;False;True;0;False;False;False;False;0;False;False;True;True;0;False;False;False;True;True;0;18;False;0;False;0;6;False;False;False;9532dc4d33ee78a632a4bb876d002ae69300144faf1b1741e717335964c01b69;0.8430087915249315;0.7074915186036382;0.8601592324488806;0.7010968888544485
False;False;True;True;False;False;False;False;False;True;True;0;True;False;False;False;0;True;False;False;False;0;False;True;False;True;True;0;24;False;0;True;0;6;False;False;False;f4a6f538479b5da57ad5dd41831b043fb74849e6c842698027fc0e741316f523;0.7752790866186364;0.6416986060513347;0.7632996653031634;0.5949010677629804
False;False;True;True;False;False;False;False;False;False;True;0;True;False;False;False;0;False;False;True;True;0;False;True;False;True;False;0;6;False;0;True;0;6;False;False;True;9ac3ed7c86cbee6b09d7abce697b59ea6d88ca851dde0f2d3459a22db771f8d6;0.7630808152413421;0.608559229031875;0.8429707342496976;0.6805404264010706
False;False;True;False;False;False;False;True;False;False;True;0;True;False;False;True;0;False;False;True;False;0;False;False;False;False;False;0;6;False;0;False;0;6;True;False;False;56910a237fc00969ada7e7c26264a68fff2038bad2ab77b1a5a097b7dbdd20a4;0.7974078041335768;0.6587405553042707;0.8277689824161283;0.6663779901720772
True;False;True;True;False;False;True;False;False;False;True;0;False;False;False;True;0;False;False;True;True;0;False;True;False;False;False;0;6;False;0;False;0;6;True;False;False;72247a5b229fc68db5ba69cd48312b49c26131fe442922830b3c68756387e7ed;0.7117133018116619;0.559098837155171;0.8477439730267992;0.6879401402370563
True;False;False;True;True;False;False;False;False;True;False;0;True;False;False;False;0;False;False;True;False;0;False;True;False;True;False;0;0;False;0;False;0;6;True;False;False;cabb3c90854073e6fe17dce15c0cb26dfe9c29e5a891a51b4ff667e43fa54471;0.5277443836402861;0.4012936090536029;0.84509075658197;0.6880718543195657
False;False;True;False;False;False;True;True;False;False;True;0;False;False;False;True;0;False;False;False;False;0;True;False;False;False;True;0;6;False;0;False;0;6;False;False;False;cfd7a8409419cd37d819f16614dc6b6015ee574c2c0fd619d4b2399f15500700;0.5231282137502569;0.4121855488653023;0.6290403138604795;0.5017259731119412
True;False;False;True;True;False;True;False;False;True;True;0;False;False;False;True;0;True;False;False;False;0;False;True;False;False;True;0;18;False;0;False;0;6;False;False;False;fc028e86e34aa90d24a206a4609884006637e7beb8774cd4ee98010b826d9840;0.7183825320360168;0.560123376213664;0.8919308752484882;0.7284523872873171
True;False;True;True;False;False;False;True;False;False;True;0;True;False;False;True;0;False;False;True;False;0;False;True;False;False;True;0;18;False;0;False;0;6;False;False;False;c77f73fc02afd5b43793ea225286a784281e8d497a1b73fd4ed7bfe2a1c5adee;0.9209151208745352;0.8176726045030348;0.8046097494077508;0.6428862784380585
False;False;True;True;False;False;True;True;False;False;True;0;False;False;False;True;0;False;True;False;False;0;False;True;False;False;True;0;6;False;0;True;0;6;False;False;False;4eebfaedf4a06082f4a133b6cfaf00776c9b250775d51e1e0e61bf7f316018ee;0.8222638917703459;0.6810445843828781;0.8102040241853653;0.6466732035197295
False;False;True;True;False;False;True;False;False;False;True;0;False;False;False;False;0;False;False;False;True;0;True;True;False;True;True;0;6;False;0;True;0;6;False;False;False;2be8e21e18a568b0c3155c5eca9ca297737be597bb9e92cea031b387327dfb4c;0.1545084267912973;0.1045909930220535;0.31304463583942904;0.2849018286225304
True;False;False;True;True;False;True;False;False;False;False;0;False;False;False;False;0;False;True;False;True;0;False;True;False;True;False;0;0;False;0;False;0;6;False;False;True;2a67cfbdbce93f4f9cc5bfdf8352013a6b7f37bb1c738e15319f0ae41ebf0098;0.5352213332505604;0.4127701612655809;0.8254839485482774;0.667732285119465
False;False;True;False;False;False;False;False;False;False;False;0;True;False;False;False;0;False;False;True;True;0;False;False;False;True;True;0;0;False;0;False;0;6;False;False;False;d59489bf677305827a167c5b04614514fef76ba4caec16fb8222e7d30f451b99;0.5889519189403235;0.4454825189426147;0.8277571883186227;0.6606584005954944
False;False;True;True;False;False;True;False;False;True;False;0;False;False;False;False;0;False;False;True;False;0;False;True;False;True;True;0;0;False;0;True;0;6;False;False;False;0c86cc262abb623243e44d6bc66ce2effe2aa0e7dbe20421be47f73150cabeb1;0.5976069494674885;0.4680109792609957;0.7777868434422305;0.6184759692325897
False;False;False;False;True;False;False;False;False;True;True;0;True;False;False;True;0;False;False;False;False;0;True;False;False;False;True;0;6;False;0;False;0;6;False;False;False;3c1b724bd9109b92400ee9e8b29a7b902b8eaeec2534e75fb1763de38db6e9cf;0.4236984180060155;0.3140369038326321;0.6867274404459744;0.5573027093474879
False;False;False;True;True;False;False;False;False;False;True;0;True;False;False;False;0;True;False;False;True;0;False;True;False;True;False;0;18;False;0;True;0;6;True;False;False;98771e9d1ba7c8061a8a94c8319a4183e4623c5ea9c97273a4ead75acab4457e;0.7732979711014235;0.6113735319788404;0.9009380935598267;0.73385742058915
True;False;True;True;False;False;True;False;False;True;True;0;False;False;False;True;0;False;False;True;False;0;False;True;False;False;True;0;6;False;0;False;0;6;False;False;False;83e877a65a7590c84388cfb1aac9214e63429b22372e2a91fafd3a6a063859fc;0.708940829015;0.5687606898086652;0.8217958194417019;0.66789336230438
True;False;True;True;False;False;False;False;False;True;False;0;True;False;False;True;0;True;False;False;False;0;False;True;False;False;True;0;0;False;0;False;0;6;False;False;False;e00213c397e36eb5ce23281ffbf219e6c1446b33f2cdb51b5098c59215c825d4;0.5977776565647163;0.4660656284032221;0.7904656229423422;0.6300628069729826
False;False;True;False;False;False;False;False;False;False;False;0;True;False;False;False;0;False;True;False;True;0;False;False;False;True;True;0;0;False;0;False;0;6;False;False;False;04bc8324a4f99aabb8debb6ce77708e51b0031578263309e15bd5c084e140d55;0.5869495108187701;0.4436129333173005;0.8265511699492274;0.6585128412842395
True;False;False;True;True;False;True;True;False;False;False;0;False;False;False;True;0;False;False;False;False;0;True;True;False;False;False;0;0;False;0;False;0;6;False;False;True;e353e5d18c8af408634835180e849884ec30025a4f1b698bcb1e2e3703a35053;0.3744799312240631;0.2865888766418971;0.6609350356387046;0.5316215099050009
True;False;True;True;False;False;False;True;False;False;True;0;True;False;False;True;0;False;False;False;False;0;True;True;False;False;False;0;6;False;0;False;0;6;False;False;True;c3257a4276193104b00c44cf08a2638069a750b65d9dbb2bb5d531030bcd6db6;0.5156607366507155;0.4077008590903108;0.6210611125465071;0.4973182708284618
False;False;False;True;True;False;False;False;False;False;True;0;True;False;False;True;0;True;False;False;True;0;False;True;False;False;False;0;6;False;0;True;0;6;True;False;False;ac36c26ae98c6e794bd42daaa128679d5ec7508d9a77710bb37bcd1cbb17a164;0.7475611931117604;0.5828891641970304;0.9238545251969437;0.7690852437648035
True;False;True;True;False;False;True;True;False;False;True;0;False;False;False;True;0;False;True;False;False;0;False;True;False;False;False;0;24;False;0;False;0;6;False;False;True;33ed5b5116017043ca6e664eec40164fb72cb04d0c7086c2bbce1e54e5c5e858;0.993925522031774;0.9743592721785248;0.808863599861411;0.6376180425917047
True;False;False;True;True;False;False;False;False;False;True;0;True;False;False;False;0;True;False;False;True;0;False;True;False;True;True;0;24;False;0;False;0;6;False;False;False;522349ea0d0531c7be3e6549be810f5bc19ba0918ea1427166b1795044bed95a;0.7664886194842282;0.611982009417403;0.8794201897045593;0.7054796149432732
True;False;False;True;True;False;False;True;False;False;True;0;True;False;False;True;0;False;False;True;False;0;False;True;False;False;True;0;24;False;0;False;0;6;False;False;False;1ead45b6a3eeef090dcc5a9a45c74748dcb1512c4b1b73342c14693addf4bad6;0.8157846953063713;0.6690381760560627;0.866916127968074;0.6900496167978482
True;False;True;True;False;False;False;False;False;False;True;0;True;False;False;True;0;True;False;False;True;0;False;True;False;False;True;0;24;False;0;False;0;6;False;False;False;6f9389eb0a4899e7e2d9a64e1a4bf01e27fe4d7455db86c181a08bb1beed85f5;0.8701359511276493;0.7403759886617838;0.8405509189770992;0.6684292301955598
True;False;True;True;False;False;True;True;False;False;True;0;False;False;False;False;0;False;False;False;False;0;True;True;False;True;False;0;24;False;0;False;0;6;False;False;True;291a8d89c3ed1cb890029c0567c39fc9aa0fe3724462c23a1be12f857a31cf5c;0.1692473940371588;0.1250779103529491;0.282294073116045;0.25568790992524254
False;False;False;False;True;False;True;False;False;False;True;0;False;False;False;True;0;True;False;False;True;0;False;False;False;False;True;0;18;False;0;False;0;6;False;False;False;53b7d360a3add6debd3a7c11c944946387da21d018248128d9123cab9e697ccf;0.7604040202232755;0.6078589831478022;0.8913710573847385;0.7289461500474955
True;False;True;True;False;False;False;False;False;False;True;0;True;False;False;False;0;False;False;False;True;0;True;True;False;True;False;0;6;False;0;False;0;6;False;False;True;65e8025266bad7a24ddaec6fc1845fb34e99c8fd2f43d6e86b6b7fa1ec81aebd;0.1424120149885202;0.0922500378773171;0.3204319549535374;0.2867504166945197
True;False;True;True;False;False;True;False;False;False;True;0;False;False;False;True;0;True;False;False;True;0;False;True;False;False;True;0;18;False;0;False;0;6;False;False;False;0bbd74791b20b66028945efb4ea09a2542e5c0dc22fcd97715c0cf7f41770cfb;0.8557438745463933;0.722806775110471;0.858918920182053;0.7011036119670689
True;False;False;True;True;False;False;True;False;False;False;0;True;False;False;True;0;True;False;False;False;0;False;True;False;False;False;0;0;False;0;False;0;6;True;False;False;5870217a81d49605f9b3c195a51cd350213b09c924d9af2ed0f05d94e06c2b80;0.5321832127746777;0.4072342496845732;0.8237281507511443;0.6633911964582312
True;False;False;True;True;False;True;True;False;False;True;0;False;False;False;True;0;False;True;False;False;0;False;True;False;False;False;0;18;False;0;False;0;6;True;False;False;2f953d287af77893e59749b59fb8822eca4d08b97d662107cba085459b95b4fb;0.8366675036449468;0.6880640805296444;0.899260885656664;0.7336701986761003
False;False;False;True;True;False;False;True;False;False;True;0;True;False;False;False;0;False;False;True;False;0;False;True;False;True;False;0;6;False;0;True;0;6;True;False;False;a9ed64c56248f10eb443568ac166b16e6a3c501586489a773566df3969ce6f9c;0.7988527045751048;0.6405888567225224;0.925825511797006;0.7778463329141373
False;False;True;True;False;False;False;False;False;False;True;0;True;False;False;True;0;False;True;False;True;0;False;True;False;False;False;0;24;False;0;True;0;6;True;False;False;49a055116cf9fb69da581df6078736e54404bd3c1987522670aadd35dd966008;0.8123771500149188;0.6586571761004807;0.8079694376274961;0.626619828980276
True;False;False;True;True;False;True;False;False;False;True;0;False;False;False;False;0;False;False;False;True;0;True;True;False;True;False;0;18;False;0;False;0;6;False;False;True;1a95bada1b79ca8d7449d0fd9c974f3171565f63b1d40c3a1431473c27f35175;0.1470981379509416;0.093123473517071;0.35058000666038475;0.31156375933119623
False;False;False;False;True;False;False;True;False;False;True;0;True;False;False;False;0;False;False;True;False;0;False;False;False;True;True;0;6;False;0;False;0;6;False;False;False;69ff00cb33c1ac7b5a814a7da1e1c04f80a0b3acfcb937a294fa190a83a1364e;0.7111934032628068;0.5463829791593706;0.8884530771350375;0.7255274261466049
False;False;False;True;True;False;True;True;False;False;False;0;False;False;False;True;0;True;False;False;False;0;False;True;False;False;False;0;0;False;0;True;0;6;True;False;False;ebdbd27189824ba40d9cb14499581c1f2a3c743cfa900aa374c76d3464419a92;0.5381527097410095;0.4110329274112204;0.8269077259378662;0.6634818556616745
False;False;True;True;False;False;False;False;False;False;True;0;True;False;False;True;0;False;False;True;True;0;False;True;False;False;False;0;24;False;0;True;0;6;False;False;True;1dee1f5ed3c55554a68cf4b1035f4e6a2252bc8db9176402b18f5f5eccca3b03;0.8161411658948781;0.6628771642153699;0.8061177618159954;0.6231285243163903
False;False;True;False;False;False;True;False;False;True;False;0;False;False;False;False;0;False;False;False;False;0;True;False;False;True;True;0;0;False;0;False;0;6;False;False;False;e67d02c887202378a65ecc16d2b395e93c088d8f2c39ad9c64581b1fd958019c;0.1427292857819909;0.094471608484071;0.3311236917278621;0.2826193322225074
False;False;True;False;False;False;True;True;False;False;True;0;False;False;False;True;0;False;True;False;False;0;False;False;False;False;True;0;6;False;0;False;0;6;False;False;False;6181deb32a72403494a070d075b035002906e0849f41c30ec0420d2f3f2e3b38;0.772781973018214;0.6331242808115827;0.807746881628873;0.6436226127597756
False;False;True;True;False;False;False;False;False;True;True;0;True;False;False;True;0;False;True;False;False;0;False;True;False;False;True;0;24;False;0;True;0;6;False;False;False;bc86a81099b2c4a6fe8fbaeceb354fda9059a3f1e4284c3365aa981ade54685c;0.7704877159338944;0.6382542050785964;0.7571894220088319;0.5883965596789594
True;False;False;True;True;False;False;True;False;False;False;0;True;False;False;True;0;False;False;False;False;0;True;True;False;False;False;0;0;False;0;False;0;6;False;False;True;fb197e3c74c4ea4bc5fbab20be2bcf176390d693a6d8893da5ab2050e25c42f0;0.3617467611240073;0.2766901524724859;0.6457056205288816;0.5191011217950482
False;False;False;True;True;False;True;False;False;True;False;0;False;False;False;False;0;False;False;False;False;0;True;True;False;True;False;0;0;False;0;True;0;6;False;False;True;9c057b7d06f8d6baf6a24c7987d89e0f888576a07347bd2c23cd8193cad760c6;0.107407094139897;0.0673891309995567;0.3401350397170416;0.28793973282625257
False;False;False;True;True;False;True;False;False;True;True;0;False;False;False;False;0;False;True;False;False;0;False;True;False;True;False;0;6;False;0;True;0;6;True;False;False;ff2ffeaa5efd697b52de8872322677fdc6eacda72a361790cac248ab6f222b6c;0.731325297204764;0.5671226143639027;0.9334008219595036;0.7860474493373647
False;False;True;True;False;False;True;False;False;False;True;0;False;False;False;True;0;False;False;False;True;0;True;True;False;False;False;0;18;False;0;True;0;6;True;False;False;d843b114243a61f26172744eca262e3eda0d824c02168ff44d5b6be311853921;0.5380312494609664;0.4235670052340032;0.6433907986728449;0.5157061310806278
True;False;False;True;True;False;True;False;False;True;True;0;False;False;False;False;0;True;False;False;False;0;False;True;False;True;True;0;18;False;0;False;0;6;False;False;False;6ac28c1bb88c61550189a06fe1e77e7ec444d1cd5355bf5a34c284a912dd71db;0.7190563390702599;0.5600277712919535;0.8933544002221433;0.7309934394218567
False;False;False;True;True;False;False;False;False;False;True;0;True;False;False;True;0;False;False;False;True;0;True;True;False;False;True;0;6;False;0;True;0;6;False;False;False;a7e25863ed64727d2ae06005db60a3d4ff6a21dfcf40537d2337f8d88c10c0eb;0.4733519738183896;0.3564818608336689;0.6925686353771722;0.5592413592550646
False;False;False;True;True;False;False;False;False;False;True;0;True;False;False;True;0;False;False;False;True;0;True;True;False;False;False;0;24;False;0;True;0;6;True;False;False;8cedc1bb5efc91afb2b413f43e114164074c3c95c5ac154704ad43c9dc0b6059;0.4673786231897022;0.3565224996367719;0.6619115284769982;0.5233758923326313
False;False;True;False;False;False;False;True;False;False;False;0;True;False;False;True;0;True;False;False;False;0;False;False;False;False;False;0;0;False;0;False;0;6;True;False;False;d76973327c6be27fabdc66cebdbca9a4cc14995dadd417287f276e7c97e16fc6;0.6567858223875839;0.5095842434797604;0.8127058607905302;0.6413268156100501
True;False;True;True;False;False;True;False;False;True;True;0;False;False;False;False;0;False;False;True;False;0;False;True;False;True;True;0;18;False;0;False;0;6;False;False;False;026993fe6c83ab534910835496138af57c128901a3f9b76ec3da38d5e12dd500;0.8417901947248185;0.7189053208399955;0.8379299626141062;0.6871729069221986
False;False;True;False;False;False;False;False;False;False;True;0;True;False;False;False;0;False;False;True;True;0;False;False;False;True;False;0;24;False;0;False;0;6;False;False;True;097bca07005890f973864e8bb809e1050b620acd57aa5c02f9f8bd36630f1d76;0.8901507362104751;0.7652145992066407;0.8527406159524354;0.6812016026683854
True;False;False;True;True;False;False;False;False;False;True;0;True;False;False;True;0;False;True;False;True;0;False;True;False;False;False;0;18;False;0;False;0;6;False;False;True;7823f0f5202ec827ed798579a464cb96a298ad723b79e6f4c990ab4e11d65795;0.7982112742943608;0.642796136606497;0.9089459248947342;0.7496165376086942
False;False;False;True;True;False;True;False;False;False;True;0;False;False;False;True;0;True;False;False;True;0;False;True;False;False;False;0;18;False;0;True;0;6;False;False;True;789422ba867e478ce1a24078c722263ab9d638770ca8556625839566f4fb0b50;0.7735223494919153;0.6121471003650264;0.8974310528971662;0.7301893066100688
False;False;True;True;False;False;True;False;False;True;True;0;False;False;False;True;0;False;False;True;False;0;False;True;False;False;False;0;6;False;0;True;0;6;True;False;False;740d38bf6eec26f94075b2bc7ae1c90a67b32accef09e0f08b2e8dbae6de5de2;0.7770155702580779;0.640485107101931;0.8287765480317821;0.6788920722303414
True;False;False;True;True;False;True;False;False;False;True;0;False;False;False;True;0;False;True;False;True;0;False;True;False;False;False;0;18;False;0;False;0;6;True;False;False;d1450c571adbdd1c6bfc0aa48117ee5d569611beaa1418f5ae87770ab1e176da;0.7913044067877087;0.6350578676850708;0.9120591926368155;0.7551568518589618
False;False;False;True;True;False;False;True;False;False;True;0;True;False;False;False;0;False;True;False;False;0;False;True;False;True;True;0;6;False;0;True;0;6;False;False;False;b8a45b248eb02d72299ad94f0157812d047b652829144d7d6d5abb92d541d766;0.7801426649387223;0.6221720689532826;0.910016650430308;0.7552544311730025
False;False;True;False;False;False;False;False;False;True;True;0;True;False;False;True;0;False;False;True;False;0;False;False;False;False;False;0;6;False;0;False;0;6;True;False;False;384c8a7abbb11628fff452022bf0ccc915693d2512a9946619e5d1e47be09246;0.72659401374475;0.5907087047706846;0.8377096669317081;0.6844245387881297
False;False;False;False;True;False;True;False;False;True;False;0;False;False;False;True;0;True;False;False;False;0;False;False;False;False;True;0;0;False;0;False;0;6;False;False;False;9ee270513e71fbc85366541193a5bf9abdc8f7a06fc7b4277381476df8a7b7e4;0.5170231106712838;0.3921151253262959;0.8340620314893501;0.6755042138429316
True;False;False;True;True;False;False;True;False;False;True;0;True;False;False;False;0;False;False;True;False;0;False;True;False;True;False;0;6;False;0;False;0;6;True;False;False;112ea782893f795cbcdffdfa082d89957abdfbee2700b0e5259fcfa920460861;0.73352315626085;0.5663382601776612;0.9065197978751987;0.7500789013622838
False;False;True;False;False;False;False;True;False;False;True;0;True;False;False;False;0;False;False;True;False;0;False;False;False;True;False;0;6;False;0;False;0;6;False;False;True;a8eb99b4fcb3dee2d1b0184980ddedf125b6d4b6fbbe292e981c06bc513bca4d;0.8021353201807646;0.6635827430252027;0.8212161431913304;0.6576224580554566
False;False;True;True;False;False;False;True;False;False;False;0;True;False;False;True;0;False;False;True;False;0;False;True;False;False;True;0;0;False;0;True;0;6;False;False;False;48b3b32612aed5c783f6524170c82c2a8235fdd33e464b55d7657a932e5f4b16;0.6334484345390297;0.4896495715595456;0.7885648389340222;0.6166896222019065
False;False;False;True;True;False;False;True;False;False;True;0;True;False;False;False;0;True;False;False;False;0;False;True;False;True;False;0;6;False;0;True;0;6;False;False;True;a67b2723d2a2713111484aa93d2a415a0cde8182caeff19ac8ba8a945212dd0a;0.803684342863421;0.6463603832916903;0.9223641082356517;0.7715739802077277
False;False;False;False;True;False;True;False;False;True;True;0;False;False;False;False;0;True;False;False;False;0;False;False;False;True;False;0;24;False;0;False;0;6;False;False;True;582c1b0e2f15cd2ca85c8689910adda1dec1925b5fa39cca2d5fa8b9634e2a12;0.7290975704572155;0.5717053703188553;0.8910291515932351;0.7228914280625273
False;False;False;True;True;False;False;True;False;False;True;0;True;False;False;True;0;False;False;True;False;0;False;True;False;False;False;0;6;False;0;True;0;6;True;False;False;c12c677913526f81b54c64ac2c296bd1e90f4166c71504d3f2734fb32a1530ee;0.7980229827234628;0.6403874628395199;0.9265895731104702;0.7791516828830327
True;False;False;True;True;False;False;True;False;False;True;0;True;False;False;True;0;True;False;False;False;0;False;True;False;False;False;0;24;False;0;False;0;6;True;False;False;81fd8b5c5bb5e01e8660dce2d6fddee4e99d2079ab092adb1cc5c87e0cc1fc99;0.8391139721979667;0.6973551072193993;0.8801648233479673;0.709588189725147
False;False;False;False;True;False;True;False;False;False;True;0;False;False;False;False;0;False;True;False;True;0;False;False;False;True;False;0;18;False;0;False;0;6;True;False;False;bb40bcbecae5abc5a149da87915bf928c12fb9ada923219fe72794ad9eca0a6c;0.7780812687344414;0.6246077024644875;0.9041989750980948;0.7458800544782438
False;False;True;False;False;False;False;True;False;False;True;0;True;False;False;False;0;False;True;False;False;0;False;False;False;True;False;0;18;False;0;False;0;6;True;False;False;77cff53d612be5987448790788b488e0ce4d0cbf1fdc245d140974f1e047cd9f;0.9382485678473578;0.8406263730181317;0.8201779829169806;0.65768718662528
True;False;True;True;False;False;True;False;False;False;True;0;False;False;False;False;0;False;False;False;True;0;True;True;False;True;False;0;24;False;0;False;0;6;False;False;True;94a701d56776deca4f53cde24ee78fd5cabf4711f03404016cccce0284c59cc2;0.1609180410430456;0.1132129370745807;0.31588268339504916;0.29391815243320274
True;False;True;True;False;False;True;False;False;False;True;0;False;False;False;True;0;True;False;False;True;0;False;True;False;False;False;0;18;False;0;False;0;6;False;False;True;5335bcd46272cbbd52abfadcec84b47e8c62426d28b6886d11ba14330dd22dd7;0.8844104512915785;0.7551105663765194;0.8715037920798571;0.717281887509541
True;False;False;True;True;False;False;False;False;False;True;0;True;False;False;True;0;False;False;False;True;0;True;True;False;False;True;0;18;False;0;False;0;6;False;False;False;afa1340a31e1997b199144868959eaa9a0e5b57444a1b2bad524e74b0f19bafe;0.4829714480865168;0.3758665501013205;0.6765561479798508;0.5506643568020342
False;False;True;True;False;False;False;False;False;False;True;0;True;False;False;False;0;True;False;False;True;0;False;True;False;True;False;0;6;False;0;True;0;6;True;False;False;0d61eb2223760c3b630797df555ef40ec68ae2e2a4e5f728cb6b710a7a443036;0.7604886721925178;0.6058555585504619;0.8463003680666897;0.6851444102924019
True;False;True;True;False;False;True;True;False;False;True;0;False;False;False;False;0;True;False;False;False;0;False;True;False;True;False;0;24;False;0;False;0;6;False;False;True;84b580d704d4f5760336cefa94fe50f5d61069d8a067bdad053d8a561d45422f;0.9996914080940464;0.9983133613603812;0.8088616376103022;0.6376377543791653
False;False;True;False;False;False;True;False;False;True;True;0;False;False;False;False;0;False;False;False;False;0;True;False;False;True;True;0;24;False;0;False;0;6;False;False;False;ce14c4e1611a13baefd5387926809c4ea29e4998d58bad0709c5f61e359eb633;0.1564313106237676;0.1176884957492468;0.3063288577486314;0.2852695731632905
True;False;True;True;False;False;False;False;False;True;False;0;True;False;False;False;0;False;False;True;False;0;False;True;False;True;True;0;0;False;0;False;0;6;False;False;False;a2d17331c83e47682f24da6d543920a6258546c00eba883a99fd7a051964cb95;0.6014498239209047;0.4693896473193534;0.7931112561174375;0.6337604849533165
True;False;False;True;True;False;True;True;False;False;True;0;False;False;False;True;0;True;False;False;False;0;False;True;False;False;False;0;18;False;0;False;0;6;True;False;False;b152fa5e0565c571ad7f59c9e11144989b45d38773f184090a1406336da4895a;0.8366589900263892;0.687927393820025;0.8980856537735552;0.7321276095926157
False;False;True;False;False;False;True;False;False;True;False;0;False;False;False;True;0;False;True;False;False;0;False;False;False;False;False;0;0;False;0;False;0;6;True;False;False;12cc6991f2b55ac11c33d2df829af2b4fed77bd48aa0315d2277497d1d9b0b55;0.61778051457149;0.4836008494332527;0.8104004009785706;0.6495922102063698
False;False;True;False;False;False;True;False;False;False;True;0;False;False;False;False;0;True;False;False;True;0;False;False;False;True;False;0;6;False;0;False;0;6;False;False;True;518d1c9c8635f4f561935d4d186fc9b4db7b576efc9131e0d6fa59db24e642d4;0.716030838245776;0.5680173621814992;0.8433829291460776;0.6832346556838053
False;False;True;True;False;False;False;False;False;False;False;0;True;False;False;True;0;False;False;True;True;0;False;True;False;False;True;0;0;False;0;True;0;6;False;False;False;f776cd72826dc56ea06e974f013e2dcad0c23b65671c8a55682f550c52a0b4fb;0.5854428436981172;0.4416805132729656;0.8203969019604478;0.6516593547555095
False;False;False;True;True;False;True;False;False;False;False;0;False;False;False;True;0;False;True;False;True;0;False;True;False;False;True;0;0;False;0;True;0;6;False;False;False;5ccbeb2c6e848164adc717f1a6b5cce0d66b96904fa7ff3cea5aaa21316e58d9;0.5271636959081459;0.4044394239523616;0.8163065006705821;0.6526830158911718
True;False;True;True;False;False;True;True;False;False;True;0;False;False;False;False;0;False;True;False;False;0;False;True;False;True;True;0;6;False;0;False;0;6;False;False;False;b1c4368d226689ca4deb03684f7cfbea183e17060b3a2ac406f3ac46f81d2e48;0.7795176295490976;0.6327875657814361;0.8100986071031978;0.6461645260777523
False;False;True;True;False;False;False;False;False;False;True;0;True;False;False;True;0;False;False;True;True;0;False;True;False;False;False;0;6;False;0;True;0;6;False;False;True;df97cd0f2055e320d10ad58d24c2fa77571bf39b4a52b8ef2aa79ce3c30d5664;0.7620567212938033;0.6080257041991958;0.8439998505357573;0.6815614097590307
False;False;True;True;False;False;False;True;False;False;True;0;True;False;False;False;0;False;True;False;False;0;False;True;False;True;False;0;18;False;0;True;0;6;False;False;True;cbbe49bd7e0d7fb2dd864da257874583eb5ce5d6d0b78f6ca8a1a51f5edffa35;0.8913234948225297;0.7735905270626229;0.7666614496157663;0.605976206868615
False;False;False;False;True;False;False;False;False;False;True;0;True;False;False;False;0;False;False;False;True;0;True;False;False;True;False;0;18;False;0;False;0;6;False;False;True;f68ab3f87c18660601dc5aa76461f53c5d42fad321db49d9b6523e18bc9b4ec2;0.1488704848300857;0.0927608865432532;0.349830875508999;0.3073714899332315
False;False;False;True;True;False;True;False;False;False;True;0;False;False;False;True;0;False;False;True;True;0;False;True;False;False;False;0;24;False;0;True;0;6;True;False;False;d540e9c4f76d55f44dfe062417bb4a87403a965701e1e755a90d8926b27f1b29;0.7448337756976547;0.5798186795102158;0.874159654713221;0.6901692601401379
True;False;False;True;True;False;False;False;False;False;False;0;True;False;False;False;0;False;False;False;True;0;True;True;False;True;False;0;0;False;0;False;0;6;True;False;False;53b7060790877483007e68570869b5362a32160af8b42d45c6c637a06962a85c;0.1034138981936233;0.0635982648135123;0.3310492962000712;0.28392345421284976
False;False;True;True;False;False;False;False;False;True;True;0;True;False;False;False;0;False;True;False;False;0;False;True;False;True;False;0;6;False;0;True;0;6;False;False;True;69841c0325342436fd0e1f670253c9c491075a958f85320ae56134303a898286;0.7829815496176925;0.646517429583361;0.8259310735725767;0.6737480380149036
False;False;True;False;False;False;False;False;False;True;True;0;True;False;False;True;0;True;False;False;False;0;False;False;False;False;True;0;24;False;0;False;0;6;False;False;False;1a3779a8c2ba02f3bfaa0e5a21e38f57aadc8c6134922315b060a688c4195080;0.8440982034295341;0.7232336574246204;0.8234910289386902;0.6574123418009082
False;False;False;True;True;False;False;False;False;False;True;0;True;False;False;True;0;False;False;True;True;0;False;True;False;False;False;0;24;False;0;True;0;6;False;False;True;75ba25ef8930385240134e2606dcebb780aa32856370a69dbb391f3e40e2b60e;0.748101621468174;0.5841238876647278;0.8702648348747851;0.6840023708191831
True;False;False;True;True;False;True;False;False;True;True;0;False;False;False;True;0;False;False;True;False;0;False;True;False;False;False;0;6;False;0;False;0;6;True;False;False;aa5a39cb3cc2dd153ed7dbc5af7671d8bae95d9e92a84fed984b61200cb94fe5;0.6756963625812739;0.507901417914252;0.9153022399955721;0.7547921329746843
True;False;False;True;True;False;False;True;False;False;True;0;True;False;False;False;0;True;False;False;False;0;False;True;False;True;False;0;6;False;0;False;0;6;False;False;True;c56555369c9de9b627eba2b851cf08121f73506d213320372cc6d796e39f800b;0.73883758198013;0.5726074054653886;0.9037405694424823;0.7455761301765625
False;False;True;True;False;False;True;True;False;False;True;0;False;False;False;False;0;False;False;False;False;0;True;True;False;True;True;0;6;False;0;True;0;6;False;False;False;27027690d8bf22e39cc2870ea6d096e82f39852d04fd800cb0853d8b4a21f6e7;0.1667016610849064;0.1121125807562457;0.29486328395253214;0.26454363212955134
False;False;True;True;False;False;False;False;False;False;True;0;True;False;False;False;0;False;False;True;True;0;False;True;False;True;True;0;24;False;0;True;0;6;False;False;False;983e148bc7d9cb6fbeda79dbda72354e9d31550c237a85ab6f27236900cb6980;0.788469966635189;0.6345849876042031;0.7951872953456435;0.6134936260013926
True;False;True;True;False;False;True;False;False;False;True;0;False;False;False;True;0;False;False;True;True;0;False;True;False;False;True;0;6;False;0;False;0;6;False;False;False;dd0883023133e2850601ee8f9e58f7c6d86333b357eebdf2d5dfb7b6c0617b0e;0.6927942531821306;0.5392974766364754;0.833125867753557;0.6689165061187913
False;False;False;False;True;False;False;False;False;True;True;0;True;False;False;False;0;False;False;True;False;0;False;False;False;True;False;0;18;False;0;False;0;6;False;False;True;a34935c87c3fe0f700a18c1894570f016ec391cd217084b3247776e670c73e54;0.7309673022822258;0.5699013935077165;0.8991770574344724;0.7351916913726934
False;False;False;False;True;False;True;False;False;False;False;0;False;False;False;False;0;True;False;False;True;0;False;False;False;True;True;0;0;False;0;False;0;6;False;False;False;0d9f2fc31e448688849a25ced17a3f99206481be7abfc4a2bab04975522c7983;0.519944653897488;0.3993323394718167;0.8163658142739615;0.6568199198648084
False;False;True;True;False;False;True;False;False;True;True;0;False;False;False;True;0;False;True;False;False;0;False;True;False;False;False;0;24;False;0;True;0;6;False;False;True;e1d59a78e8f319edb6824e8b52e06e470aa40f9fcca68ce79f5b1c037c8d2998;0.8048784501653267;0.6734087916704307;0.7776911015366934;0.6095298949844482
True;False;True;True;False;False;False;True;False;False;True;0;True;False;False;False;0;False;True;False;False;0;False;True;False;True;False;0;24;False;0;False;0;6;False;False;True;2575281c126fc2c65f3042681817de355db462ff678917dc7f5efe6be1527195;0.9985150038928;0.9820372788661352;0.8065175157910676;0.6340514395969179
True;False;True;True;False;False;True;False;False;True;True;0;False;False;False;True;0;False;True;False;False;0;False;True;False;False;True;0;24;False;0;False;0;6;False;False;False;2e14575792407b527a1930b72db47bb7d2b4537ff525139b522561acaa6ee2f6;0.8551587055562725;0.7355680918465808;0.8252317650244176;0.6618274190562113
True;False;False;True;True;False;True;True;False;False;True;0;False;False;False;True;0;True;False;False;False;0;False;True;False;False;False;0;6;False;0;False;0;6;True;False;False;e2009d7c319c3148e4fe5d163b4c1d1a7a2750e2b5613117eb4653f20d6e151d;0.7329815732557475;0.5675824168128218;0.9055014681481331;0.7497985802184045
False;False;False;False;True;False;True;True;False;False;True;0;False;False;False;True;0;False;False;True;False;0;False;False;False;False;True;0;18;False;0;False;0;6;False;False;False;57d366d9317253a5f3de208758395cfdbe83823d29b78936cc432dc2e1cc24b7;0.8005128085515624;0.6506835401233737;0.8789794268399245;0.7102806035328585
False;False;True;False;False;False;False;True;False;False;True;0;True;False;False;False;0;False;False;False;False;0;True;False;False;True;True;0;18;False;0;False;0;6;False;False;False;c4dbd4c0b37d541c0773e77e3750bc8d8a16363b174e7d055967ce9133298984;0.1696156116347699;0.1236686973161074;0.2877652542970131;0.2596071791626969
True;False;False;True;True;False;False;False;False;False;True;0;True;False;False;False;0;False;False;False;True;0;True;True;False;True;False;0;6;False;0;False;0;6;True;False;False;0fb33d06a63c3419249379c3acda069fc98d00a7330b6bc6bf4b56ca8cb18a68;0.1422935591934349;0.0843335044275126;0.35723225049158824;0.3113015405802961
False;False;True;False;False;False;False;False;False;True;True;0;True;False;False;False;0;True;False;False;False;0;False;False;False;True;False;0;24;False;0;False;0;6;False;False;True;c19e83fa6250b27b41702155700c1b033c09c1884787039d97a477e2f156b745;0.8782448324338791;0.7619827988193619;0.8364324369605882;0.6716045866123747
False;False;True;True;False;False;True;True;False;False;True;0;False;False;False;True;0;False;True;False;False;0;False;True;False;False;False;0;18;False;0;True;0;6;False;False;True;f325f198ee869a7e4379976830f8d6ce7ec249bbb4c26d345839aff33a903b2b;0.8824819835660751;0.7648146919542782;0.7688893534135702;0.6101492080887653
False;False;False;False;True;False;True;True;False;False;True;0;False;False;False;False;0;True;False;False;False;0;False;False;False;True;False;0;6;False;0;False;0;6;True;False;False;46234b42740e7238fe596b4bf9765292ca128d0afdf5e145cb750ed1117bf989;0.7301446251602579;0.5644901985621255;0.9021764289968387;0.7442848933212233
False;False;False;False;True;False;False;False;False;False;False;0;True;False;False;False;0;False;False;True;True;0;False;False;False;True;False;0;0;False;0;False;0;6;False;False;True;14644ce4b3d9924e1e85ef24808527ed523cd2274c651814dd4d5590b86dac58;0.5346990999139523;0.4124451502136382;0.8266296562989978;0.668384488184844
True;False;False;True;True;False;False;False;False;True;True;0;True;False;False;True;0;False;True;False;False;0;False;True;False;False;True;0;6;False;0;False;0;6;False;False;False;e44e4fa5144254da4b95619b934782edc9fb92bfcd436c941d933db99ffa896a;0.662369891830851;0.4969393827278811;0.9019070858888273;0.7400953835857784
True;False;False;True;True;False;False;False;False;False;True;0;True;False;False;False;0;False;False;True;True;0;False;True;False;True;False;0;18;False;0;False;0;6;False;False;True;521bf828a55d5b8c7aaf4581aed45af1903eeb698035fc5e3e9107ad9cd1385c;0.8001004850887744;0.6435466102932391;0.9098059750316965;0.7506516571799231
True;False;True;True;False;False;True;False;False;False;True;0;False;False;False;False;0;False;False;True;True;0;False;True;False;True;False;0;18;False;0;False;0;6;False;False;True;68139e04217e1e67d9ff5abfde237745ecee012c8b60ef8f48f526d117dd6fdf;0.8865491686659516;0.7562002913942029;0.8719805303741922;0.7170744455466741
True;False;True;True;False;False;False;True;False;False;True;0;True;False;False;True;0;False;False;False;False;0;True;True;False;False;False;0;18;False;0;False;0;6;True;False;False;bc5b2602dbb6d72fa9f3e806ead7dd6d3f68ce99b5888457c2404047c974cec3;0.5963078810012841;0.4891578960181761;0.6167434529704919;0.49698734623767715
False;False;False;False;True;False;True;True;False;False;True;0;False;False;False;False;0;False;False;False;False;0;True;False;False;True;False;0;24;False;0;False;0;6;False;False;True;92c20df5572f18f7800dfbdc9e13c83db0d70f29680322645b34c00de093a46f;0.1515102601088361;0.0950913754719363;0.3305340241925404;0.2869425120937707
False;False;True;False;False;False;False;False;False;True;True;0;True;False;False;True;0;False;True;False;False;0;False;False;False;False;False;0;18;False;0;False;0;6;True;False;False;c6ef5ce3207ff0603cdac4a852266bf51619596c4cf92b2b9bbb6e2ad4faefc2;0.859258598976582;0.737779855949138;0.8501554504783698;0.6966031703231153
False;False;False;False;True;False;True;True;False;False;False;0;False;False;False;True;0;False;True;False;False;0;False;False;False;False;True;0;0;False;0;False;0;6;False;False;False;653cf96d978dc7d4c0ea56b561ec1ee001484d35135ad8fb5744867d0ce9aad1;0.5232504772930134;0.3987100811354983;0.8132511030993319;0.651156570800772
False;False;True;True;False;False;False;True;False;False;False;0;True;False;False;False;0;False;False;True;False;0;False;True;False;True;True;0;0;False;0;True;0;6;False;False;False;78707444f7e62c9fa8fd9667260dd9f5b98a0a42076eee9f25c46f80bbc78282;0.6360756784043012;0.4934905660535927;0.7878477321610784;0.6176219371011764
True;False;False;True;True;False;True;True;False;False;True;0;False;False;False;True;0;False;False;False;False;0;True;True;False;False;False;0;6;False;0;False;0;6;True;False;False;88f437812e316bae6ffb6850153cc9e49ad20645c3d554099a38009513f76594;0.4991613462912745;0.3815021800642263;0.7166455750780122;0.5847423005273567
False;False;True;False;False;False;True;False;False;False;True;0;False;False;False;False;0;False;True;False;True;0;False;False;False;True;False;0;24;False;0;False;0;6;False;False;True;268c3827728be26ff40811d7c1c1e048d921d691c9fc0aa5aa5a55220424313f;0.8942788075575878;0.7691210478456558;0.8548920102150112;0.6837620564314858
False;False;False;False;True;False;False;True;False;False;True;0;True;False;False;False;0;False;False;False;False;0;True;False;False;True;False;0;24;False;0;False;0;6;False;False;True;c2df8103cbf799b0c34aba42bebd269e2341c4b0f0c75a4192eb0f5beae2cc3e;0.1550324942114576;0.0971063649371933;0.33284525552855054;0.2891030596193281
False;False;True;True;False;False;False;False;False;False;True;0;True;False;False;True;0;False;False;True;True;0;False;True;False;False;True;0;18;False;0;True;0;6;False;False;False;32281bc8511119200991d1af895799df27ab320fa6ea62ec3afac1fc133c4c5b;0.788444899817169;0.638817642565133;0.8107946950109668;0.6452945916394449
True;False;False;True;True;False;False;False;False;True;True;0;True;False;False;True;0;False;False;True;False;0;False;True;False;False;False;0;18;False;0;False;0;6;True;False;False;f05ad3f3d7157afeabcd9212c488fb850e90ba093cf760da888b58ea30e80609;0.7357993549859023;0.572869832574931;0.9063650021369652;0.7448368164437575
False;False;False;True;True;False;True;True;False;False;True;0;False;False;False;False;0;True;False;False;False;0;False;True;False;True;False;0;6;False;0;True;0;6;True;False;False;d76d6badf36c97fc1e27ee59d6cad1a8d2fa1d8e7266a45dd159f2157a5526ab;0.7992443583342915;0.6417711803976476;0.9252451994127585;0.7781526952415455
False;False;True;False;False;False;False;False;False;False;True;0;True;False;False;True;0;True;False;False;True;0;False;False;False;False;True;0;6;False;0;False;0;6;False;False;False;cba85fad6f5704ad7fe73b9e7c70d9c0da7d4f9c5c12a95799ac14e8f2cccb37;0.687733230636221;0.5448205072134654;0.8281673670914538;0.6680613654758936
False;False;True;False;False;False;False;False;False;False;True;0;True;False;False;True;0;True;False;False;True;0;False;False;False;False;False;0;24;False;0;False;0;6;True;False;False;d8a12be17fe8c3cf335edc420dbccb512de48085fc6ed789ea2f6056eda72f78;0.8851229083583465;0.7609235734158459;0.8562714564470667;0.6879530471175969
False;False;False;True;True;False;True;False;False;False;True;0;False;False;False;False;0;False;True;False;True;0;False;True;False;True;False;0;6;False;0;True;0;6;False;False;True;9709b9665278aefa0dd22bdcd7e824c43c4da238d9d2d24c194b875c2b7bfa6b;0.7560495107747179;0.5906010418962765;0.9244990095767318;0.7675973225418412
False;False;True;True;False;False;False;True;False;False;True;0;True;False;False;True;0;False;False;False;False;0;True;True;False;False;False;0;6;False;0;True;0;6;True;False;False;5c4ebd5a6bb75486ffaa7aecc4fe1b0568938f924a35ab71ee659b0d88769b96;0.560910218068394;0.4474262881897732;0.6396076860065677;0.515936425452664
True;False;True;True;False;False;True;False;False;True;False;0;False;False;False;False;0;False;False;True;False;0;False;True;False;True;False;0;0;False;0;False;0;6;True;False;False;704b5ed230c99ecb9d166b7d6f04e7460729e3dbca4ef511e8448491c930279d;0.6191861691344627;0.4853164453829271;0.8092887735154294;0.6495244643927565
True;False;True;True;False;False;True;True;False;False;True;0;False;False;False;True;0;True;False;False;False;0;False;True;False;False;False;0;24;False;0;False;0;6;True;False;False;2d5122affeebce3c2e6afe9cc85ae1d1121741b7231584ff76dae4820d6642e3;0.9918789351723576;0.9661947248903529;0.814883527394888;0.6446756128422056
False;False;False;True;True;False;False;True;False;False;True;0;True;False;False;False;0;False;False;True;False;0;False;True;False;True;False;0;6;False;0;True;0;6;False;False;True;68cc784185f8b1ec57b4d6a03300074280eff53850fdc20a44bed65018522e29;0.802679038694926;0.6454955353642008;0.9225869926090335;0.7722389515494064
False;False;False;False;True;False;False;False;False;False;False;0;True;False;False;False;0;True;False;False;True;0;False;False;False;True;False;0;0;False;0;False;0;6;False;False;True;aa2068f38ea0a2016c5f7f60765acba7066664c9a9db3becb220917af3401a69;0.5353615543050025;0.4125828207306047;0.8267076308589283;0.6681157695186616
False;False;False;True;True;False;True;False;False;False;False;0;False;False;False;False;0;False;False;True;True;0;False;True;False;True;False;0;0;False;0;True;0;6;True;False;False;8def77f0a0ca63b777589194896fe16bf6de60db513cd3d0edcec89763af1adb;0.5389891737021357;0.4158745584320345;0.8288595536759634;0.6679528538194243
True;False;True;True;False;False;True;True;False;False;True;0;False;False;False;False;0;False;False;False;False;0;True;True;False;True;False;0;6;False;0;False;0;6;False;False;True;6dd9c0499119a7fccea997d266a9eeaaf1f9dbfbca3d8d7197aee8d2cf9f1cd3;0.1526369917532553;0.0972470900631616;0.2957604540040661;0.25873190557223846
False;False;False;True;True;False;True;False;False;False;True;0;False;False;False;False;0;False;False;True;True;0;False;True;False;True;False;0;24;False;0;True;0;6;True;False;False;d006ee9c3c814781f2718af5abbec5bf64e96a2990b80558159d88796bc356e5;0.7456918310995996;0.5812249277863735;0.8743014542452296;0.6897424640867309
False;False;True;True;False;False;True;True;False;False;False;0;False;False;False;True;0;False;False;False;False;0;True;True;False;False;True;0;0;False;0;True;0;6;False;False;False;418827bc826bb8222cb2427e8ad82f02f763af2b11d6b945adf6ec9513bf10fd;0.4483547565245875;0.33663485296999;0.6307066192238379;0.4905539207812069
True;False;True;True;False;False;False;False;False;True;True;0;True;False;False;False;0;True;False;False;False;0;False;True;False;True;True;0;24;False;0;False;0;6;False;False;False;330993a9fda662389ba53a1b3bd6bbbfdfff376fe6295f47d43d311ba3812a97;0.8526513651350004;0.7309549940580861;0.8232615763869446;0.6610167304133522
True;False;True;True;False;False;True;False;False;False;True;0;False;False;False;False;0;True;False;False;True;0;False;True;False;True;False;0;18;False;0;False;0;6;True;False;False;0e7b99448d3646d7e291ee82b015c173a9d6c4914a612323a4ce07fdd2d1d8a3;0.8831898192734132;0.7530863428773761;0.8765994294266873;0.7238253167882195
False;False;False;False;True;False;False;False;False;False;True;0;True;False;False;True;0;False;False;False;True;0;True;False;False;False;False;0;18;False;0;False;0;6;False;False;True;37dd92ca7ddadf95a5a17a767eb40f0d37e2a28fdb6e0aa30f937eb168687346;0.4799404734957299;0.3766340885213083;0.6783260353872396;0.5569678778308489
False;False;False;False;True;False;True;False;False;False;True;0;False;False;False;False;0;False;False;False;True;0;True;False;False;True;True;0;24;False;0;False;0;6;False;False;False;eccdfbafd73dae304ff8a7f5771044f6b593c6d0d26165cb1fce1442a2f055e7;0.1362382243093585;0.0800881951720024;0.3334949972002644;0.28989502677499074
False;False;True;True;False;False;True;False;False;True;False;0;False;False;False;True;0;False;False;False;False;0;True;True;False;False;False;0;0;False;0;True;0;6;True;False;False;a143060663441b0940951ad0075cf1b7aa6f92b448567686a52ab4186d637642;0.4261820998953854;0.3295772254029055;0.6297697139207037;0.5011059091549211
False;False;False;True;True;False;True;True;False;False;True;0;False;False;False;False;0;True;False;False;False;0;False;True;False;True;True;0;18;False;0;True;0;6;False;False;False;fc4d440393fd34fd9d8253939e54a5ad31a3bcafe3285f8552dbc913d698f3fa;0.7896500822516123;0.6322640936138815;0.8703266086590737;0.6946858507165463
True;False;True;True;False;False;True;True;False;False;True;0;False;False;False;False;0;False;False;True;False;0;False;True;False;True;True;0;24;False;0;False;0;6;False;False;False;9f8f07ea4136864476cdce09d40d559cbf51f9989f052d65444220eaed6b65be;0.9584653519002252;0.8825112213726014;0.7996727673189771;0.6289134012534067
False;False;False;False;True;False;False;False;False;False;True;0;True;False;False;False;0;False;False;True;True;0;False;False;False;True;True;0;6;False;0;False;0;6;False;False;False;def1be95e3807ddd0ab8128b5d95471bc7aa7c610c70f437ce61582c6f9ced01;0.667095279195466;0.5025660026757498;0.8912181209799662;0.725433199072038
False;False;True;True;False;False;True;False;False;False;True;0;False;False;False;False;0;False;True;False;True;0;False;True;False;True;False;0;24;False;0;True;0;6;False;False;True;fa302cc866133ce3bf28e2cbb7d97e282bc1da4cc6d97c29f18917b7a43969a3;0.818525893445927;0.6650939093274717;0.8069986452839794;0.6259016506619621
False;False;True;False;False;False;True;False;False;False;True;0;False;False;False;True;0;True;False;False;True;0;False;False;False;False;False;0;18;False;0;False;0;6;False;False;True;ea033ed1e64787a507bf1b94b64aa6d8675551114120d01b39f3796bc31c787c;0.8714276249747956;0.7410516038879765;0.8698551158067754;0.7120882368231494
True;False;True;True;False;False;True;True;False;False;True;0;False;False;False;False;0;False;False;False;False;0;True;True;False;True;True;0;24;False;0;False;0;6;False;False;False;ca66cc35ae738d5d54aa8ce9e9a1001054151345b7727692ba48fd2205acf0d4;0.1634720683051895;0.1225902739411364;0.27687607776381873;0.25447561009646685
False;False;False;True;True;False;False;False;False;False;True;0;True;False;False;False;0;False;False;False;True;0;True;True;False;True;False;0;6;False;0;True;0;6;True;False;False;f4af186fe8fb7659e90bcbb159a07376b39a3e64e75e7dae695c69bafbf137a9;0.1586369052567914;0.0969731413270194;0.3665434480142637;0.32443811584044563
False;False;False;True;True;False;False;True;False;False;True;0;True;False;False;True;0;True;False;False;False;0;False;True;False;False;False;0;24;False;0;True;0;6;True;False;False;78d49b2ea1b311a5eeefa51569da42fdab3a9420c1d573e7116126526349a7db;0.7845393430322972;0.6253722285449244;0.8486080087280663;0.6587867485375749
False;False;True;False;False;False;False;False;False;True;True;0;True;False;False;False;0;False;True;False;False;0;False;False;False;True;False;0;6;False;0;False;0;6;False;False;True;304cd0fddc9349bb21c3ca97467e9494e45fc0ca8288e97b09bd5c496ec83c9f;0.7327852897345324;0.5963964570753724;0.8333138452811297;0.6781217402231611
False;False;False;False;True;False;False;False;False;True;True;0;True;False;False;False;0;True;False;False;False;0;False;False;False;True;False;0;18;False;0;False;0;6;True;False;False;41c73a31713eca57e703c1f55fee5b8e85f47a9dbddb8d51794514ff6c858805;0.7257818928381048;0.5641318562815352;0.9005686896593628;0.7371108255686075
False;False;True;True;False;False;False;False;False;False;True;0;True;False;False;False;0;False;False;True;True;0;False;True;False;True;False;0;24;False;0;True;0;6;True;False;False;97ed6aa23dace3d750f806a894953b7c59c6270bc58e22d7299163e630a3e1dc;0.8145639073252945;0.6607882542911977;0.8088302158468533;0.6262411333142315
True;False;True;True;False;False;False;False;False;False;True;0;True;False;False;True;0;False;False;False;True;0;True;True;False;False;False;0;18;False;0;False;0;6;True;False;False;6e426b796c578e4c3d15f3c4761dc28999c493a66ede6231a0325053b5d03700;0.5530452425902945;0.44551266444743;0.6578853696847885;0.5355311375561851
False;False;True;False;False;False;False;False;False;True;True;0;True;False;False;False;0;True;False;False;False;0;False;False;False;True;False;0;6;False;0;False;0;6;True;False;False;26ee535af00e5eb0120330622f0b53b9a83c7142af3e98bf87a5d832a38aa3c1;0.7276967806697693;0.5914039176175097;0.8365208702293724;0.6827976635837103
True;False;True;True;False;False;True;True;False;False;True;0;False;False;False;True;0;True;False;False;False;0;False;True;False;False;False;0;6;False;0;False;0;6;False;False;True;b94089574cafe180c984dbf8dbdfafaea6630dd42ded78fc9a2aa022d69b2b91;0.8039840522221285;0.6616500280130924;0.8208667021832711;0.6571546933399456
False;False;True;False;False;False;False;False;False;False;True;0;True;False;False;False;0;False;True;False;True;0;False;False;False;True;True;0;24;False;0;False;0;6;False;False;False;b849d2e74fd2bc372016439a7e1d60c9297fb39959e73e0e9de7f5a69c540894;0.8573301569108366;0.7240618902976109;0.8396188487160153;0.6635900658080691
False;False;False;False;True;False;True;True;False;False;False;0;False;False;False;True;0;True;False;False;False;0;False;False;False;False;False;0;0;False;0;False;0;6;False;False;True;fa0e52eff8b34a07bace49aa8198ab92bc6014df0cf0f6ef49606442fa87c6eb;0.5338598130247051;0.4087226512492912;0.8211717402160819;0.6599784116714026
False;False;False;False;True;False;False;False;False;False;True;0;True;False;False;True;0;False;False;False;True;0;True;False;False;False;True;0;6;False;0;False;0;6;False;False;False;03d65239c43d6f38ae1183eed6815dc7396f76f5d33d48c1345bb1afbd1cf16c;0.4310381928102554;0.322461130604502;0.67649631752473;0.5459859344733218
True;False;False;True;True;False;True;False;False;False;True;0;False;False;False;True;0;True;False;False;True;0;False;True;False;False;True;0;18;False;0;False;0;6;False;False;False;855022962cb484456cc3c3266a7cb91c1ecbe604637b7c3195d82950e6229c4b;0.774386273045052;0.6190052088491736;0.8977889045662396;0.7360618320475653
False;False;False;False;True;False;True;False;False;True;False;0;False;False;False;False;0;False;True;False;False;0;False;False;False;True;True;0;0;False;0;False;0;6;False;False;False;d355593309eab4cccfabfdc9e283daa2ed21a83f323d3daa08d4550af68f7e9c;0.5166290956414478;0.3894984360366704;0.833910465741752;0.6760115643401485
False;False;True;False;False;False;True;True;False;False;True;0;False;False;False;False;0;False;True;False;False;0;False;False;False;True;False;0;18;False;0;False;0;6;False;False;True;f374ec7a3147f574db04da71dc55debc1bac094aaa849fee496cc75c9081efda;0.9400325500842164;0.8409721278131517;0.8152834302895181;0.651937096440147
False;False;True;True;False;False;False;False;False;True;False;0;True;False;False;False;0;False;False;True;False;0;False;True;False;True;False;0;0;False;0;True;0;6;False;False;True;34dcdfd0604b74bee240c9926a520bb709aeb92e00b36d6b6f2d3af565d06ab7;0.6164498466546493;0.4864395014140049;0.7903786215020175;0.6304599864267607
False;False;False;True;True;False;True;True;False;False;True;0;False;False;False;False;0;False;False;False;False;0;True;True;False;True;True;0;18;False;0;True;0;6;False;False;False;bc5a81e59c85ac7d66067af38439c7d3181fff6874c982e8d02570073329d4f9;0.1526321920133842;0.0983887688548967;0.33510177696312055;0.2920838712232601
True;False;False;True;True;False;True;True;False;False;True;0;False;False;False;True;0;False;False;True;False;0;False;True;False;False;False;0;24;False;0;False;0;6;True;False;False;16b3ae21e14be064ae2478c2eb7e8dbff389174ef86594c22630871110cda4e6;0.843145848608893;0.7019305647691283;0.8840653535092062;0.7149942092232987
False;False;True;False;False;False;True;True;False;False;False;0;False;False;False;True;0;False;False;True;False;0;False;False;False;False;True;0;0;False;0;False;0;6;False;False;False;c14004818267a59497902049203dfdfc5d22998875231a51af792379aeea6700;0.6390473078783436;0.4939010564143927;0.795080595236568;0.6236428306213293
True;False;True;True;False;False;False;False;False;False;False;0;True;False;False;False;0;True;False;False;True;0;False;True;False;True;True;0;0;False;0;False;0;6;False;False;False;6516b0edbcb0641b29fcea8ba8690cd08d2df1820a29003e77975eb08d71c20a;0.5886982606183354;0.4459960131227339;0.827392036251408;0.6613873141917922
True;False;True;True;False;False;True;False;False;True;False;0;False;False;False;True;0;False;False;True;False;0;False;True;False;False;True;0;0;False;0;False;0;6;False;False;False;ccae13fa79bdc1261f92201bc4c826f8a1d403716624b911711bd8dd0f49c8ae;0.5994216360892811;0.4664720102056638;0.7899356922146217;0.6282956861901674
True;False;True;True;False;False;True;False;False;False;True;0;False;False;False;False;0;False;True;False;True;0;False;True;False;True;False;0;24;False;0;False;0;6;False;False;True;2a3f25e2b92994170ea3ff9ab4896f20bb7276787cda27e3e589972a6301b073;0.9095575726400074;0.7869741992195025;0.8569047297865303;0.6898062869123424
False;False;True;False;False;False;True;False;False;True;True;0;False;False;False;True;0;False;True;False;False;0;False;False;False;False;False;0;24;False;0;False;0;6;True;False;False;6754c5ffcbf5a276be17052f5d887a303d1c35fb7f8850944cbc9210f07bec9b;0.8764060785042935;0.7597397959328521;0.8433816128258398;0.6800547692251616
True;False;False;True;True;False;False;False;False;True;True;0;True;False;False;True;0;False;False;False;False;0;True;True;False;False;False;0;24;False;0;False;0;6;True;False;False;5b3d682ad07a8c781e5e9f78ebdf14940cd08ae7561da231dc29023e83c19cea;0.45922778284282;0.3513327255257177;0.6852603018903213;0.5554052095352732
True;False;False;True;True;False;False;False;False;True;False;0;True;False;False;True;0;False;False;True;False;0;False;True;False;False;False;0;0;False;0;False;0;6;True;False;False;86db466c7ce536675b3fa11b9c3c3c31f165cb1afcab2a4581d94142d473954e;0.5274393700037417;0.4009483913489313;0.8462937048946947;0.6897294219541186
False;False;True;True;False;False;True;True;False;False;True;0;False;False;False;True;0;False;True;False;False;0;False;True;False;False;False;0;6;False;0;True;0;6;True;False;False;d58a69784410bc0e8b837281e7858c3bfc18c91a91b9c98e57365b8b77a80a1f;0.8476657351777112;0.7105472323435121;0.82888906028305;0.6702646196369286
True;False;False;True;True;False;False;False;False;True;False;0;True;False;False;True;0;False;False;True;False;0;False;True;False;False;True;0;0;False;0;False;0;6;False;False;False;26a24a99906f7ff42fea58a69053815c9964a12eb0ef1e3ae04de90a155b0a57;0.5165041648960935;0.3904681484991786;0.834805174871252;0.6778437005428338
False;False;True;True;False;False;True;True;False;False;True;0;False;False;False;True;0;False;False;False;False;0;True;True;False;False;False;0;18;False;0;True;0;6;True;False;False;5af5c3ce70310503d1f3c0d8b4a2e4237bf5734042b9986a6f231e84236fa088;0.5869673003585213;0.4746211293552423;0.6051564944193284;0.48293195260532734
False;False;False;True;True;False;True;True;False;False;True;0;False;False;False;False;0;False;False;False;False;0;True;True;False;True;False;0;24;False;0;True;0;6;True;False;False;a22e05228a1d934f4cf82e846b0b9eea97fdffe335cbeac7912b75aa8968b13c;0.1560233168415459;0.0969417553989557;0.3325869342668404;0.28440185917558825
False;False;False;False;True;False;False;False;False;True;True;0;True;False;False;True;0;False;True;False;False;0;False;False;False;False;False;0;24;False;0;False;0;6;False;False;True;060429cab7c9ee0198a88dd2e7dcc3d0e25d94f3c32219a3806927cf2e354f38;0.7246902030116831;0.5668664295318155;0.8897974126360104;0.7209452385665939
False;False;True;False;False;False;True;False;False;True;False;0;False;False;False;True;0;False;True;False;False;0;False;False;False;False;False;0;0;False;0;False;0;6;False;False;True;80e5dbab00d3951b73504d0eaee69bb44b404eb86c6760ec4c8a322e26baec41;0.6192745734107257;0.4856168424984936;0.8063113505264511;0.6444713123255272
False;False;True;False;False;False;False;True;False;False;True;0;True;False;False;True;0;True;False;False;False;0;False;False;False;False;True;0;18;False;0;False;0;6;False;False;False;335498e3ca528094862ff81f88610ecf1d8b2c637abeaa2a9bf123b659d356e8;0.9089584646523686;0.7996720932719471;0.804340548198065;0.6386455375974106
True;False;False;True;True;False;False;False;False;False;True;0;True;False;False;False;0;False;False;True;True;0;False;True;False;True;True;0;24;False;0;False;0;6;False;False;False;8463d4e451129250536dae34fbd9558252393caf823a111a98b2638e0579f258;0.7665445437886231;0.6114741101855645;0.8796563971947294;0.7072215027150558
True;False;False;True;True;False;False;False;False;False;True;0;True;False;False;False;0;False;False;False;True;0;True;True;False;True;True;0;24;False;0;False;0;6;False;False;False;d6331a07680f37d0e8049e3f09d6d882208e4a2610cce1435e568170d4d9b6b2;0.1461285233320982;0.0911455810187579;0.3425599145566358;0.30237197300130514
False;False;True;False;False;False;True;True;False;False;False;0;False;False;False;True;0;False;True;False;False;0;False;False;False;False;False;0;0;False;0;False;0;6;False;False;True;32d2db01ee8308cdcb161120ca8019a8d1eccdbb15adcbd0dc554b39b24d5623;0.6596699216535954;0.513458669033407;0.8093476723913464;0.6375900209279808
False;False;False;True;True;False;True;True;False;False;True;0;False;False;False;True;0;True;False;False;False;0;False;True;False;False;True;0;6;False;0;True;0;6;False;False;False;0ca5a3b51aec17d30c853d5590b1279bb6920b7c97768279667466c82e26f772;0.7800111782777541;0.6223052287648203;0.9092909719657697;0.7550409217218558
False;False;False;True;True;False;True;False;False;True;False;0;False;False;False;True;0;False;False;False;False;0;True;True;False;False;False;0;0;False;0;True;0;6;False;False;True;0efc4cc0f12724cccc33596a57c00923e8ed4e6f46059b617cca1d8d721e0e87;0.3691608655316438;0.2832877367868112;0.6744490976880524;0.5472736959151115
False;False;False;True;True;False;True;True;False;False;False;0;False;False;False;False;0;False;True;False;False;0;False;True;False;True;False;0;0;False;0;True;0;6;False;False;True;38066b7a582bc34674ee0ce324c881adf39a86fc5f16006177d59336dd0d983a;0.5423219581529469;0.4147478124536763;0.8246301946254125;0.6608267710543088
True;False;False;True;True;False;True;False;False;True;True;0;False;False;False;True;0;False;False;False;False;0;True;True;False;False;True;0;6;False;0;False;0;6;False;False;False;6cc951f4c161cf27d25e37cb394c6338ce4c1f4e84216229b1859b7aff619802;0.4437466225314807;0.3318839137212042;0.7070503748433487;0.575929955965985
False;False;False;False;True;False;True;True;False;False;True;0;False;False;False;True;0;True;False;False;False;0;False;False;False;False;False;0;6;False;0;False;0;6;False;False;True;7da0201c1d6f79c89c2044da1daab83e5aa627f3b2fc3d6d7a50bf9285f88993;0.7327453330697493;0.5689062177217106;0.8992473829868284;0.7397548618924753
True;False;False;True;True;False;False;True;False;False;True;0;True;False;False;True;0;False;False;True;False;0;False;True;False;False;False;0;18;False;0;False;0;6;True;False;False;1868845e5e8d80c07d77f91f690483cb434fabfe6e4c2157e411b11f8bc597b4;0.8402349113807888;0.6918644116512039;0.9008737993900038;0.7357296475340571
False;False;True;False;False;False;False;False;False;False;True;0;True;False;False;True;0;False;False;False;True;0;True;False;False;False;False;0;18;False;0;False;0;6;True;False;False;6c942a21bfb8df71bc7dca9a96d8304ba75aa621c3a7fe5b8071e4e70d7d2260;0.5421947786779221;0.4360183855241966;0.6537336670699007;0.5300845502741462
False;False;False;False;True;False;False;False;False;False;True;0;True;False;False;True;0;False;False;True;True;0;False;False;False;False;True;0;18;False;0;False;0;6;False;False;False;ce5ea86e15ed04715c269054adf46dfb76c0d341d3ad9d32ea693a25e770346f;0.7596454714538979;0.6049519692415645;0.8921341428839799;0.7289222182486114
False;False;False;True;True;False;True;False;False;True;False;0;False;False;False;False;0;True;False;False;False;0;False;True;False;True;False;0;0;False;0;True;0;6;False;False;True;858d42cf4187ca50143e241a2f6525fba6eaeb97a2990ccb83d0ba43ab81cb5d;0.5351376542186917;0.4073740955836238;0.843136204457159;0.6830145529853006
False;False;False;True;True;False;False;False;False;False;True;0;True;False;False;True;0;False;True;False;True;0;False;True;False;False;False;0;24;False;0;True;0;6;False;False;True;cde0bf19d30430c244f9738f38b87229a3176306ad1dce51343f44ad060ee5d2;0.7477301644308478;0.5828710103903549;0.8685379109172782;0.6817305014465334
False;False;True;False;False;False;False;False;False;True;True;0;True;False;False;True;0;False;False;True;False;0;False;False;False;False;True;0;24;False;0;False;0;6;False;False;False;bf3925978443e2b009f8cb36df58a0fb0b3c4ff2ce23659dc38f3d0b205fe21b;0.8414754767192435;0.7198168855186582;0.8232414780009223;0.6570656324665772
True;False;True;True;False;False;False;False;False;True;False;0;True;False;False;True;0;True;False;False;False;0;False;True;False;False;False;0;0;False;0;False;0;6;False;False;True;720dc3490b27a8985bb5bca7b4a704c46c5c0baf97e5ffc7c4865e84abe3e02d;0.6199201426982629;0.4864324440382309;0.8053325868264251;0.6439678333430083
True;False;True;True;False;False;True;True;False;False;False;0;False;False;False;False;0;False;True;False;False;0;False;True;False;True;False;0;0;False;0;False;0;6;True;False;False;63247a82f6dd930cdd5e9ce51c9d2b986d18bb99796283b7823d64a4dbc66e41;0.6609103900780438;0.5136482482661082;0.815222045165077;0.6435840467387012
False;False;False;False;True;False;False;True;False;False;False;0;True;False;False;True;0;True;False;False;False;0;False;False;False;False;False;0;0;False;0;False;0;6;False;False;True;00fcd5f1d62dda97980a7181a73be65bfd43988827059254160d5375d30e7664;0.5343336152208527;0.4090307206857688;0.8214641684587135;0.6604977998563037
True;False;True;True;False;False;True;False;False;False;False;0;False;False;False;False;0;False;False;False;True;0;True;True;False;True;True;0;0;False;0;False;0;6;False;False;False;c84ff7ed7a08739abb9bd1d8e98b4c4e704545b7d21b464567df57aad5664b67;0.1269934857912815;0.0770721683481674;0.3296099739721997;0.2843339339146685
False;False;True;False;False;False;True;True;False;False;True;0;False;False;False;False;0;False;True;False;False;0;False;False;False;True;False;0;24;False;0;False;0;6;True;False;False;8921968efbc3dadcce67fa22aeb65f0c901c74cbb28f668ae703d92a8897855d;0.9781741513327;0.9270311085619156;0.8146840788227688;0.6408565339313058
False;False;False;False;True;False;False;False;False;True;True;0;True;False;False;True;0;False;False;True;False;0;False;False;False;False;True;0;18;False;0;False;0;6;False;False;False;8fb626c6e0db804de93d6fa922de49f488163ef7662f2664e134751cacaac63e;0.7089951540122051;0.5493501068740917;0.8889409701740102;0.72279175790156
False;False;True;True;False;False;False;True;False;False;True;0;True;False;False;True;0;False;True;False;False;0;False;True;False;False;False;0;18;False;0;True;0;6;False;False;True;3c305385ec9638fe24438d718fb23c7abc69f3eea12d9d5cc34aee4e230e72d3;0.887624980529103;0.7695575872160046;0.766701479877627;0.6058992161008856
True;False;True;True;False;False;False;False;False;True;True;0;True;False;False;True;0;False;False;False;False;0;True;True;False;False;False;0;6;False;0;False;0;6;False;False;True;bfa07fe654c3f99bbfe8b95df79ec07a18ae80f5ba63d1da27e836f40f6711d0;0.4576767881501996;0.3633581332497717;0.6197616140201809;0.5042503150291995
False;False;False;False;True;False;False;False;False;False;True;0;True;False;False;True;0;False;False;True;True;0;False;False;False;False;True;0;24;False;0;False;0;6;False;False;False;d95609a8b45e6a24f1f73e987a1067b2c83a65565823549586c7621f82d9845f;0.749819427454196;0.5970651060312137;0.8733331692016026;0.6995003161359683
False;False;False;False;True;False;False;False;False;True;True;0;True;False;False;True;0;False;False;True;False;0;False;False;False;False;False;0;18;False;0;False;0;6;True;False;False;a88ece3949a75d78631a2042b015de18e3e57d4b0a05394950c64bb7cd427410;0.7251088296790116;0.5635501831222619;0.9020051990335948;0.7389286848950223
True;False;True;True;False;False;False;False;False;True;True;0;True;False;False;False;0;False;False;False;False;0;True;True;False;True;False;0;18;False;0;False;0;6;False;False;True;6e287193f3435dbbe7e91408d5afa0dfec8cd8a0cd334e6e3fce07eab3b7932b;0.1681086338479155;0.1285582684892614;0.32318242288792287;0.2961431453918135
True;False;False;True;True;False;False;False;False;True;False;0;True;False;False;True;0;False;True;False;False;0;False;True;False;False;False;0;0;False;0;False;0;6;True;False;False;e84e02d5e95df0cc945ee38cd7351f16d413842d8adcebdae441cd2d558d1802;0.5262775718598257;0.3992186649775988;0.8444061396766412;0.6872176873304362
False;False;False;True;True;False;True;True;False;False;True;0;False;False;False;True;0;False;True;False;False;0;False;True;False;False;False;0;6;False;0;True;0;6;False;False;True;030d9ff3dcc1d66145d39301b6fe3ca61d8734098715dbabb548b95c47a38c71;0.8008738339756211;0.6446690731211967;0.9222827779264977;0.7731844798381553
True;False;False;True;True;False;True;True;False;False;True;0;False;False;False;True;0;False;False;True;False;0;False;True;False;False;True;0;6;False;0;False;0;6;False;False;False;8c3a2ddf0ad2788088060ed88c51a33ce6e74b53a497d8e0d32e85044bb30b2f;0.718475295866854;0.5506759933404705;0.893879933754766;0.7318963399511118
False;False;False;False;True;False;False;True;False;False;True;0;True;False;False;False;0;True;False;False;False;0;False;False;False;True;False;0;6;False;0;False;0;6;False;False;True;b859fa83292ce97e325cadd7bc9cb1b8ddf504cc50c11485b24c050c3aa7fe1f;0.7332556170061173;0.568528440101092;0.8993695115276407;0.7393994486062037
True;False;False;True;True;False;True;True;False;False;False;0;False;False;False;False;0;False;True;False;False;0;False;True;False;True;True;0;0;False;0;False;0;6;False;False;False;a0cbaa98281fff16e445ffbbf2ec127aa124b41a2736fd1997c20aa35da80cc5;0.5218403434550146;0.3971797650565624;0.8122125100382427;0.6505501419617117
False;False;False;False;True;False;False;True;False;False;False;0;True;False;False;True;0;False;False;True;False;0;False;False;False;False;False;0;0;False;0;False;0;6;False;False;True;90d0493adafb66a5e67665901fa221e35dee3bed5ac89e9c625477a934511efd;0.5353480657933252;0.4101483239397759;0.823824687222499;0.6631075766882468
False;False;True;True;False;False;True;False;False;False;True;0;False;False;False;False;0;False;False;False;True;0;True;True;False;True;True;0;24;False;0;True;0;6;False;False;False;389c1e4afb68837587d0ef5b243aeec31a8e0b6a30771dba4da73e17f9927843;0.1522080263339499;0.1046975673518729;0.29679907951237555;0.27148759011104545
False;False;False;True;True;False;False;False;False;False;True;0;True;False;False;True;0;False;False;True;True;0;False;True;False;False;True;0;6;False;0;True;0;6;False;False;False;00c237e09c76a0eb9111e4bf61e757f0a04f9c87dcaf931f854232e892e92bbd;0.7299031487299887;0.5668270226016043;0.910718680855172;0.7492867730664386
True;False;True;True;False;False;False;False;False;True;True;0;True;False;False;False;0;False;True;False;False;0;False;True;False;True;False;0;18;False;0;False;0;6;True;False;False;ab50ef4c79c203bdb1b3497a1c33b767303a508deff0d86521a38c83675a9bc1;0.8702593804909682;0.7504431036212799;0.8483976290515437;0.6981778898498724
True;False;False;True;True;False;False;True;False;False;False;0;True;False;False;False;0;False;False;True;False;0;False;True;False;True;True;0;0;False;0;False;0;6;False;False;False;f45bf0c2135cc82c4eb6e1f2d8ff1f612bccf2f310be3a2cecbc009fd8511cc0;0.5230884324220572;0.3977642039619254;0.8135188564751862;0.6523504916572289
False;False;False;True;True;False;True;True;False;False;True;0;False;False;False;True;0;True;False;False;False;0;False;True;False;False;False;0;18;False;0;True;0;6;True;False;False;79297c2f2d3e8887f4fcd666393c9de2e661589675f32eb8ad87569bdb944e21;0.8087219892688371;0.6539686466285813;0.882540793302772;0.7118293935245906
True;False;False;True;True;False;False;True;False;False;True;0;True;False;False;True;0;False;True;False;False;0;False;True;False;False;False;0;6;False;0;False;0;6;True;False;False;146188dadd24b1549582a221d3358b94e501d79777ee306ce9c04e4be70efbc9;0.7316017768163028;0.5660538717144553;0.9050177861921991;0.749241894942813
False;False;False;False;True;False;False;True;False;False;True;0;True;False;False;True;0;False;False;False;False;0;True;False;False;False;False;0;6;False;0;False;0;6;True;False;False;1193f86cb77a48a719b7668a207d4e98b0ed1c97bb1f8b568b167d6054b1b2a0;0.474621855815047;0.3612358917664393;0.69349496012886;0.5636485039612308
False;False;True;True;False;False;True;True;False;False;True;0;False;False;False;False;0;False;True;False;False;0;False;True;False;True;False;0;6;False;0;True;0;6;False;False;True;c5ec548d0b5ff1b7b993f7a99edbd41183bd4e8376473c458f8bf54a7b9131c6;0.8545843435054172;0.7176320538776799;0.8233328475351798;0.6628911175490073
True;False;True;True;False;False;True;True;False;False;False;0;False;False;False;True;0;True;False;False;False;0;False;True;False;False;False;0;0;False;0;False;0;6;False;False;True;fcb9eb0a3bf42d2154b8fb885a4e75e6d89ba2b376e66318eac47fe27ab6e9cf;0.6619234396200185;0.5153501302037169;0.8105033143844113;0.6376020290781297
True;False;False;True;True;False;False;False;False;True;True;0;True;False;False;False;0;False;True;False;False;0;False;True;False;True;False;0;18;False;0;False;0;6;False;False;True;c6e647d1a544ee9167af069d21ad2ff4cae9a97137c4e2d08fe450da9ac34f23;0.7434915226203017;0.5806983368164628;0.9029298984344936;0.739837341232206
True;False;False;True;True;False;False;True;False;False;True;0;True;False;False;True;0;False;True;False;False;0;False;True;False;False;True;0;18;False;0;False;0;6;False;False;False;ad2b26a4b82411abfaf9dcf701ae40a8a019cb964f7c6b2e8469b6234e9cc09a;0.8180522720716589;0.6684644308173441;0.8829268693004529;0.7143752227673356
False;False;True;False;False;False;True;True;False;False;False;0;False;False;False;True;0;True;False;False;False;0;False;False;False;False;False;0;0;False;0;False;0;6;True;False;False;ae374ba7399b10688393cb97c9a014e5c30fcae1169056e926232ad181bacece;0.657027077642819;0.5099273061260848;0.8129563690686378;0.6413008121961724
False;False;True;False;False;False;True;True;False;False;True;0;False;False;False;False;0;False;True;False;False;0;False;False;False;True;True;0;24;False;0;False;0;6;False;False;False;ee50a270ef9e15775e666a740fded904034e80b4454ae57ef84582b6d0ec0b73;0.9435361386293444;0.8566002997947764;0.79842571960023;0.6212610535443285
False;False;True;False;False;False;True;False;False;True;True;0;False;False;False;False;0;True;False;False;False;0;False;False;False;True;True;0;18;False;0;False;0;6;False;False;False;b3af0cae5082e3cd427e21527488bf6344323879b30ca5757ea3b16cbe46bb28;0.8337566257446333;0.7090353587204629;0.8387070246655596;0.6828510171535631
True;False;True;True;False;False;True;False;False;True;True;0;False;False;False;True;0;True;False;False;False;0;False;True;False;False;False;0;18;False;0;False;0;6;True;False;False;fa4372afb01369ea99959a17555fd1831640f76ff226d7b47dafe853ccdc965c;0.8670756223725872;0.7476190774985715;0.8501951249819496;0.7011317672138565
False;False;False;False;True;False;True;False;False;False;False;0;False;False;False;False;0;False;False;False;True;0;True;False;False;True;False;0;0;False;0;False;0;6;False;False;True;eea931abdd868892bfbe34ddb90e39e5ab2e04015f57e0bfb308bce5d740bc91;0.0984131579707012;0.059658784759273;0.32201275665956103;0.2756187467627752
False;False;False;True;True;False;False;False;False;False;True;0;True;False;False;True;0;False;False;False;True;0;True;True;False;False;False;0;6;False;0;True;0;6;True;False;False;b6bd91ed71a45e1bfa013f6013a080a9668a073e895e932855a60ab4d16130a0;0.48593805422091;0.3692595152701701;0.7090693102592767;0.5766020393405298
False;False;False;True;True;False;False;False;False;True;True;0;True;False;False;True;0;True;False;False;False;0;False;True;False;False;True;0;24;False;0;True;0;6;False;False;False;6b97ed99ff3a80192227a2876090e2e29b3a5c3e1f77309abff8b94c711fe005;0.6756508519268143;0.5122249853725372;0.8618714780262661;0.6784141045178158
True;False;True;True;False;False;True;True;False;False;False;0;False;False;False;False;0;False;False;True;False;0;False;True;False;True;True;0;0;False;0;False;0;6;False;False;False;fa963c163d9d768f01cb0c5bc4490a06b89bb4e6ab4aff1c31f0c8405ae2b3c1;0.6425052803827207;0.4975522919612514;0.7985019223916826;0.6289831927069676
False;False;True;False;False;False;True;False;False;False;True;0;False;False;False;True;0;False;True;False;True;0;False;False;False;False;False;0;18;False;0;False;0;6;False;False;True;97c77a3878fc80c0c7c226dc485f9aa0d2b892e3c6d58e76640f6c4bb5c3e79d;0.8701754413033004;0.7396596360638208;0.8703531695126083;0.7125569725005912
True;False;False;True;True;False;True;True;False;False;True;0;False;False;False;True;0;True;False;False;False;0;False;True;False;False;True;0;6;False;0;False;0;6;False;False;False;3dcc6416544786fc97bae75a87fc73b579701f8bfd6bcde25132e8228e983b61;0.7196560602497182;0.5536879337216224;0.8926841154901455;0.729390424729375
False;False;False;True;True;False;True;True;False;False;True;0;False;False;False;True;0;False;True;False;False;0;False;True;False;False;False;0;6;False;0;True;0;6;True;False;False;79e37544f7ced8a4bb2ab7fc75fd292fc70d0a63001c4da3ae893836ce180b28;0.7972227677705238;0.6404576179233086;0.9255210360789786;0.7785410311137589
True;False;True;True;False;False;True;True;False;False;True;0;False;False;False;False;0;True;False;False;False;0;False;True;False;True;False;0;18;False;0;False;0;6;False;False;True;ba14c45c3067e174ef851e94a9b3cf21c4e4252553a9e84e9a0a6370375eaa47;0.95520772989765;0.8666449140734138;0.8155266222205965;0.6574583887346812
False;False;False;True;True;False;False;False;False;False;False;0;True;False;False;False;0;False;False;False;True;0;True;True;False;True;False;0;0;False;0;True;0;6;True;False;False;e6e9dc802e46d06edf257a8db31d2114d527a424bad741544bacff21e8b656ef;0.1063030795721664;0.0663008195088316;0.33110780773972287;0.2824798722266528
True;False;True;True;False;False;False;False;False;False;True;0;True;False;False;False;0;False;False;False;True;0;True;True;False;True;False;0;24;False;0;False;0;6;True;False;False;f2fb833ac32dc299503a0b30361e23b6149c3e504ccf6738a840b3e5e55f867b;0.170040292179072;0.1202562513547374;0.32512244910808347;0.30129424884519523
False;False;False;True;True;False;True;False;False;False;True;0;False;False;False;False;0;False;False;True;True;0;False;True;False;True;True;0;18;False;0;True;0;6;False;False;False;dfe860b3e5629b34642c88f808d0fcd2660ad88232783fdd05e7b33ab2cfa463;0.7522177158200045;0.5888498795309793;0.8888905546689513;0.7184059037827745
False;False;True;False;False;False;False;True;False;False;True;0;True;False;False;True;0;True;False;False;False;0;False;False;False;False;False;0;6;False;0;False;0;6;False;False;True;07ab88232afdf079729eb9be4cc92b509d3a77b7b77fd97c3f773a05d50ceab7;0.8006201020928367;0.6622790081839214;0.8198780727301607;0.656778474308039
False;False;False;True;True;False;False;False;False;False;True;0;True;False;False;True;0;True;False;False;True;0;False;True;False;False;False;0;18;False;0;True;0;6;True;False;False;4e9c2c352cd31aede13e0c9de0a06a56af57edb418367237e16f623847537ccd;0.7711276353524377;0.6098307429931862;0.8995110335342875;0.7334868079532775
False;False;True;False;False;False;True;False;False;True;True;0;False;False;False;True;0;False;False;True;False;0;False;False;False;False;False;0;24;False;0;False;0;6;True;False;False;a9ceb8b8fd7566767bfbae7b900a2a4995805294dd0c08e6cffb648fc6c49a91;0.8780275633191538;0.7621204091217516;0.843582659066488;0.6810165631064974
False;False;False;True;True;False;False;True;False;False;False;0;True;False;False;True;0;False;False;False;False;0;True;True;False;False;True;0;0;False;0;True;0;6;False;False;False;a784d948759b34c7f06112abffbed57701ff167144c599dba5e240c30ba9bf6a;0.3599872137333372;0.2707013344680393;0.6384348848576893;0.5088098974820274
True;False;True;True;False;False;True;False;False;False;True;0;False;False;False;False;0;False;False;False;True;0;True;True;False;True;False;0;6;False;0;False;0;6;True;False;False;1a0d8241356986ca075b7620fe15f00a55e41785b3ca0b02663b5efd488ab1ba;0.1441403672946159;0.0954551728727242;0.32332844117174514;0.29118114110414783
True;False;False;True;True;False;True;False;False;True;True;0;False;False;False;False;0;False;False;False;False;0;True;True;False;True;True;0;18;False;0;False;0;6;False;False;False;e82de971e70aff3333fd6b3a3131d249fc0e33deef500067a0b9f98c223a33e4;0.1336002778257876;0.0840561227230399;0.3412341514840874;0.2945666684703224
False;False;True;False;False;False;True;False;False;False;False;0;False;False;False;False;0;True;False;False;True;0;False;False;False;True;False;0;0;False;0;False;0;6;True;False;False;b33c7a0cbf37684ddd1479e6a25c5ce4c15d257c22d622c5700d39ed340d0734;0.607115595873608;0.4616389478679171;0.8448260863571865;0.6778915115339627
False;False;False;False;True;False;True;False;False;True;False;0;False;False;False;False;0;False;False;False;False;0;True;False;False;True;False;0;0;False;0;False;0;6;True;False;False;385652685527991d9164c13e478f8c0d41d02b79ad61b67d22175525072791d5;0.1083146656811662;0.0677562735802207;0.3439664514139071;0.29286008322622475
False;False;False;True;True;False;False;False;False;False;True;0;True;False;False;True;0;False;False;True;True;0;False;True;False;False;False;0;18;False;0;True;0;6;False;False;True;70e8ea8c1a82699face1219a2ee6c20c726ded8f7025ccc188ff1c9f1ba1d63e;0.7761401706475622;0.615213198210528;0.8992082626806149;0.7313200996616417
False;False;True;True;False;False;True;False;False;False;False;0;False;False;False;True;0;True;False;False;True;0;False;True;False;False;False;0;0;False;0;True;0;6;True;False;False;d71dea768f20b322b6a0acc72fee0336b5e3333c2a97dc4c44d5e26308a8fc86;0.604283566417784;0.4589583267137082;0.8381997781209584;0.6704570234492243
False;False;True;False;False;False;False;False;False;False;False;0;True;False;False;True;0;False;False;False;True;0;True;False;False;False;False;0;0;False;0;False;0;6;True;False;False;7bcc049197b6889e1b3ff91cd7eb6d337de66be58b2c253f10844a4160f0ad6a;0.4020460262189075;0.3005351275351227;0.6527642305820955;0.5210788135974901
False;False;False;True;True;False;False;False;False;False;True;0;True;False;False;False;0;False;False;False;True;0;True;True;False;True;True;0;24;False;0;True;0;6;False;False;False;fe1837036ac05c3c9d098b544f61dd684436d2395840f99da0edaf492061bf9e;0.1448244194510934;0.0891694356443664;0.33684264238388556;0.29249406971513753
True;False;False;True;True;False;False;False;False;False;True;0;True;False;False;False;0;False;False;True;True;0;False;True;False;True;False;0;6;False;0;False;0;6;False;False;True;8ddc43ccd99de46131878aca07b940183b5315abf4fa53a1be24e5bb7ec17b5a;0.6914733100457945;0.5229451416537638;0.9065037294724039;0.745587659797955
True;False;False;True;True;False;True;True;False;False;True;0;False;False;False;True;0;False;False;False;False;0;True;True;False;False;True;0;24;False;0;False;0;6;False;False;False;18b9fc4b0aaad868c85c212be117abc7b6f8c87ae0385cfcf076d9906298f792;0.5214360916661638;0.4072589911156878;0.6641825287187092;0.5239572006563766
True;False;False;True;True;False;False;False;False;True;True;0;True;False;False;False;0;False;True;False;False;0;False;True;False;True;False;0;18;False;0;False;0;6;True;False;False;11d71adbc3c6090887a5b1e8669ca54f3d9e09aea3c5dc84cab71cbc559d3ef8;0.7363846804616249;0.5732172140316404;0.904239855966837;0.7419467229238377
False;False;True;True;False;False;True;False;False;True;True;0;False;False;False;True;0;False;False;False;False;0;True;True;False;False;False;0;6;False;0;True;0;6;False;False;True;d01f253e4cb0192071ab8b016cf02e3e4ccd3a77f74ca007f212af9aabb757ed;0.5148235195912134;0.4102728448735913;0.6379367073761139;0.5180628566933831
True;False;False;True;True;False;True;False;False;True;True;0;False;False;False;False;0;False;False;True;False;0;False;True;False;True;True;0;6;False;0;False;0;6;False;False;False;4a2dd9dd28cf20ba9aa46db6c889277be138a7fcf5290725df541a20c87f2191;0.6638642566094842;0.4975392387882549;0.9049489282575631;0.7430293041108096
False;False;False;True;True;False;True;True;False;False;True;0;False;False;False;False;0;True;False;False;False;0;False;True;False;True;False;0;24;False;0;True;0;6;True;False;False;dece43fa68dca76ac6398aa37dedbd2fdd7f05fa26de3713cc3fdfffdad8442a;0.7876899354594705;0.6280227479330168;0.8527731378377773;0.6630355188366839
False;False;True;False;False;False;False;False;False;False;True;0;True;False;False;False;0;False;False;False;True;0;True;False;False;True;False;0;24;False;0;False;0;6;True;False;False;289645b74904d53b57bf8de6047f6f0231cdc2b984c7e42e08eb1e9141ca108d;0.1664748448636966;0.1180597921133101;0.3202938008668134;0.29704882423929885
False;False;False;False;True;False;True;True;False;False;False;0;False;False;False;False;0;False;False;False;False;0;True;False;False;True;False;0;0;False;0;False;0;6;False;False;True;742e44986a4dbd047758798d776a4127bd75b585b6f783209a1afc2d78c62468;0.1036756759992746;0.0630735049607837;0.32179627325619464;0.26923363672532064
False;False;False;True;True;False;False;True;False;False;True;0;True;False;False;True;0;False;False;False;False;0;True;True;False;False;False;0;24;False;0;True;0;6;True;False;False;5a11e8715ba5145e92f7633ec55a9ac5cbe711df7c1e9dab9a2f05caeaf0a4a9;0.4925643487678023;0.379189681139618;0.6437048431574356;0.5003531473163687
False;False;False;False;True;False;True;False;False;True;True;0;False;False;False;False;0;False;False;False;False;0;True;False;False;True;False;0;24;False;0;False;0;6;False;False;True;d93e080f9c5c43ef17234d2268ea9a20d9aab52e7bac7e21e656dd41bf42efc7;0.1344857309763452;0.0791402626556184;0.34036580034578223;0.2908747823836072
True;False;False;True;True;False;True;True;False;False;False;0;False;False;False;False;0;False;True;False;False;0;False;True;False;True;False;0;0;False;0;False;0;6;True;False;False;b0621d7b343e15da0bcef831f47d918efebdf051e46fadcef8849798ce7009c0;0.533369212166118;0.4081843679662938;0.8236963498295784;0.6631392015897107
False;False;True;True;False;False;False;False;False;True;False;0;True;False;False;False;0;False;True;False;False;0;False;True;False;True;True;0;0;False;0;True;0;6;False;False;False;81f38097c7d073a73de124090183610d6e4450248391beda8d2f5ec71d22e65f;0.5923814381408047;0.4636931163352756;0.7728095159783179;0.6135223285339407
True;False;True;True;False;False;True;False;False;False;True;0;False;False;False;True;0;True;False;False;True;0;False;True;False;False;False;0;24;False;0;False;0;6;True;False;False;207d0d288d51f391cbe789734bbec0c94af999437ae2e0a7d86b2652278c9e34;0.9011760059353904;0.777770572956807;0.8610426082460612;0.6959455691286738
False;False;False;True;True;False;True;True;False;False;True;0;False;False;False;False;0;False;True;False;False;0;False;True;False;True;False;0;24;False;0;True;0;6;False;False;True;a9f39d2096cb767dac78e23eec5c1bcff8dcd2c0e41d557d8264d9f83d23c612;0.7928330853926814;0.63300316321647;0.849129359769462;0.6584177287305596
True;False;False;True;True;False;False;False;False;True;True;0;True;False;False;True;0;True;False;False;False;0;False;True;False;False;False;0;6;False;0;False;0;6;False;False;True;be1bca78cb009beb4e97b253db01943325de839f866a3a8de9f7621b83b6af0c;0.6790889265424258;0.5124538110697754;0.9128045453364954;0.7512141918793963
False;False;True;False;False;False;True;False;False;True;True;0;False;False;False;False;0;False;True;False;False;0;False;False;False;True;False;0;6;False;0;False;0;6;True;False;False;570b313f150dd5ff35390b679f6e2fcfcc6d87bfaa42a4fc35d4258de339a78b;0.7291271720468956;0.5932460481327617;0.8369705764208343;0.6841275680994497
False;False;False;False;True;False;True;False;False;True;True;0;False;False;False;True;0;True;False;False;False;0;False;False;False;False;False;0;6;False;0;False;0;6;False;False;True;61245aa765ec183c2956232b91b237e776417f3782cfe04e7f356126b69089ff;0.6754360488751606;0.5076977612221405;0.9097629073594333;0.7471407756853659
False;False;False;True;True;False;False;False;False;True;True;0;True;False;False;True;0;False;False;False;False;0;True;True;False;False;False;0;18;False;0;True;0;6;True;False;False;8c9a2e0fb2a295bbfd18552535a4b59cd02a02adcf4898d3f086bf4f057ac768;0.4530604024701392;0.344349980115899;0.6863626539756796;0.5560833757592232
False;False;True;False;False;False;False;False;False;False;False;0;True;False;False;True;0;True;False;False;True;0;False;False;False;False;False;0;0;False;0;False;0;6;True;False;False;c2af952b7fcda428cee8525579803af13ca1496d70d5a4924bbdbd4a6c724c4a;0.6056221214660443;0.4600238409461609;0.8447467732737924;0.678153329128584
False;False;True;False;False;False;True;False;False;True;False;0;False;False;False;False;0;True;False;False;False;0;False;False;False;True;False;0;0;False;0;False;0;6;True;False;False;6246915101cb4312f76f24f42a2bde489d9b2eee9143304bff6c8e7d094629bc;0.618897504464383;0.4847242099598112;0.8095357177140936;0.6487335316403267
False;False;True;False;False;False;True;True;False;False;True;0;False;False;False;True;0;False;False;True;False;0;False;False;False;False;True;0;18;False;0;False;0;6;False;False;False;93656f9b9ad69f4351f1762f1a656e754b1333938f71c4a9e98950f825356618;0.9036800457716984;0.7911030866692835;0.8052535222516023;0.6410201439134215
True;False;True;True;False;False;False;False;False;True;False;0;True;False;False;True;0;False;False;False;False;0;True;True;False;False;True;0;0;False;0;False;0;6;False;False;False;50883625989cced7218a700cb5a74578a884cac6fbe654fd8fce88229f80f537;0.3963454601454568;0.3056707282937748;0.6023801270909879;0.4808118935480249
True;False;True;True;False;False;False;False;False;False;True;0;True;False;False;True;0;True;False;False;True;0;False;True;False;False;False;0;6;False;0;False;0;6;True;False;False;756cdc99b45730d5555b6126c3064e1e5e240020794b747148d476f4e6371c16;0.7104926414621197;0.5582198267718529;0.8470592065907888;0.6877945613170396
False;False;True;False;False;False;False;False;False;True;True;0;True;False;False;False;0;False;True;False;False;0;False;False;False;True;True;0;6;False;0;False;0;6;False;False;False;b2582ca393a012159017246176eb64a2b95506db1b16b31698631a044b15a8a5;0.7079195917018379;0.5694377419326793;0.8225644555004431;0.665752792478305
False;False;True;True;False;False;True;False;False;False;True;0;False;False;False;True;0;True;False;False;True;0;False;True;False;False;False;0;24;False;0;True;0;6;False;False;True;68deac5df7814b4ec082551aef172c2d9cea341325875fc10076e1891560a7d4;0.8151951388739206;0.6619191402909748;0.8066825037797622;0.6256628531970057
False;False;True;True;False;False;True;True;False;False;True;0;False;False;False;False;0;False;True;False;False;0;False;True;False;True;True;0;18;False;0;True;0;6;False;False;False;0eeb8ed3516dad7b4ff436669c1b6eb4d3d5c2b40895592def34894086247e8a;0.8544366807047681;0.7296175280835842;0.7592038158677875;0.6011056453081344
True;False;True;True;False;False;False;False;False;False;True;0;True;False;False;True;0;False;False;True;True;0;False;True;False;False;False;0;18;False;0;False;0;6;False;False;True;fa62b9e3f8ecd384a91798f619747ccd2a247447c9c731152050b8e0fe405223;0.8884126061508165;0.7594879806332528;0.8737452758488513;0.7187326152353234
False;False;False;True;True;False;True;True;False;False;False;0;False;False;False;False;0;True;False;False;False;0;False;True;False;True;False;0;0;False;0;True;0;6;False;False;True;5ab4dc98d7d1b11a9503a0718d8f20f901e99773dd5bb8c499c83168d6afae1a;0.5422823995014379;0.4147965154430211;0.8245981532604506;0.6608267174306313
False;False;False;True;True;False;True;True;False;False;True;0;False;False;False;True;0;False;True;False;False;0;False;True;False;False;False;0;24;False;0;True;0;6;False;False;True;3738fe0d222392424d795cb97b9e8a9f6bfa33b9c1ca708f230228a7cee92688;0.7887868986138337;0.6301158049108924;0.8491516163274178;0.6595237981923417
False;False;False;False;True;False;False;False;False;False;True;0;True;False;False;False;0;True;False;False;True;0;False;False;False;True;False;0;24;False;0;False;0;6;False;False;True;62c57e1d5a9fe702ff20e60e1747c2ecc6d5a95e26ddcffb0f42f639af6700d3;0.7774782898888507;0.6275139278799833;0.8846336668714028;0.7146813751980797
False;False;False;True;True;False;False;False;False;True;True;0;True;False;False;False;0;False;False;True;False;0;False;True;False;True;True;0;6;False;0;True;0;6;False;False;False;8703daa1f04ceac4f999aa05744be952ddee1fd925decff1c8842b08d9cb3dff;0.7168423561041243;0.5522923993411106;0.9221645781861675;0.7709634925524289
True;False;True;True;False;False;True;False;False;True;True;0;False;False;False;False;0;False;False;True;False;0;False;True;False;True;False;0;18;False;0;False;0;6;True;False;False;705cebb9e8ec8dc6693689bd1e60aa09efc3fa33f6ed2a237e2189a8da98942d;0.8683020762802692;0.7489329757626182;0.8498422182771889;0.700727300806559
False;False;False;True;True;False;True;True;False;False;True;0;False;False;False;True;0;False;False;True;False;0;False;True;False;False;False;0;24;False;0;True;0;6;False;False;True;f27bb448f3ffc25b4a25f0110d50c3e4b99aa8bd4eb2275181553aa6cf3a16fc;0.7900045272425802;0.630771904516244;0.8493488928658651;0.6590583555478396
False;False;True;False;False;False;False;False;False;False;True;0;True;False;False;True;0;False;False;True;True;0;False;False;False;False;False;0;18;False;0;False;0;6;True;False;False;0ad8a0a650543f0e50e2fe1372cb7479aaad1df080d32034a76a4a5bf51ceff1;0.8719414065880008;0.7406859053213657;0.8769383261778666;0.7203338639365592
False;False;True;True;False;False;True;True;False;False;False;0;False;False;False;True;0;False;False;False;False;0;True;True;False;False;False;0;0;False;0;True;0;6;True;False;False;6b59b6dad8c442c29761c61f2747b69d2ed5fecbf2f1eebaa5dbcbb71704dc4f;0.4653740696412063;0.3523565248393838;0.6520348036257821;0.5105108415260541
False;False;True;True;False;False;True;False;False;True;True;0;False;False;False;True;0;False;False;True;False;0;False;True;False;False;True;0;24;False;0;True;0;6;False;False;False;363d34a76899392e5b37568f26828f80029b12647ce5d85b51ac3a1f67f51204;0.7750852748612752;0.6410627976741405;0.7658819058907739;0.5984955847787417
True;False;False;True;True;False;False;False;False;True;True;0;True;False;False;False;0;False;False;False;False;0;True;True;False;True;False;0;6;False;0;False;0;6;True;False;False;853eb19488f1f28ed5d6b76326c20f41a3ab837875ef3dc0db47799ee6d1c465;0.1406119507516701;0.0830248359154561;0.36000065039971574;0.31311224905573326
False;False;False;True;True;False;True;True;False;False;True;0;False;False;False;False;0;True;False;False;False;0;False;True;False;True;True;0;24;False;0;True;0;6;False;False;False;09b89acb416b12c16c3b38e02e26f1936a3f7dcf207aa27068f881d3dbe29124;0.765435971897374;0.6021489090379969;0.8391604476690918;0.646092471018999
False;False;True;False;False;False;True;True;False;False;True;0;False;False;False;True;0;False;False;False;False;0;True;False;False;False;False;0;6;False;0;False;0;6;True;False;False;f5ab73f349797f0e96b76a3055730b0947a7feeb659d0c0709a2b4ded11c03f9;0.5415010938679425;0.4300538707072316;0.6480034953401645;0.5187798896260385
True;False;False;True;True;False;False;False;False;False;True;0;True;False;False;False;0;False;False;False;True;0;True;True;False;True;False;0;18;False;0;False;0;6;False;False;True;a5cc50079a6a0390429ad8f2d371e6e9c87c1070244cdd70bbcb99d92412416b;0.150981780534346;0.0952542894055297;0.353926984290259;0.3143739058595915
False;False;True;True;False;False;True;False;False;True;True;0;False;False;False;True;0;True;False;False;False;0;False;True;False;False;False;0;24;False;0;True;0;6;False;False;True;7a90e3edb3e282a148780d0b9ea7d289d555db0ffda6fda38ada56090ce506da;0.8062079171418362;0.674771249762021;0.7776849543728601;0.6093486508198201
True;False;False;True;True;False;False;False;False;True;True;0;True;False;False;False;0;False;True;False;False;0;False;True;False;True;False;0;24;False;0;False;0;6;True;False;False;d3c24dee65e0783d78aa386a31553fe93a00dbdf851b5a8cff37dc04de7d8d1c;0.7324299710238718;0.5727217811127485;0.8957296350329783;0.7293570551373041
True;False;True;True;False;False;True;True;False;False;True;0;False;False;False;True;0;False;True;False;False;0;False;True;False;False;False;0;6;False;0;False;0;6;True;False;False;df3f7a57d93a467b90e93d5bc174d7a9cc0309d10be92b7dceb6127c38e33113;0.7997760267378116;0.6562465478163653;0.8270918923924176;0.6647066112850702
False;False;True;False;False;False;False;True;False;False;False;0;True;False;False;True;0;False;False;False;False;0;True;False;False;False;False;0;0;False;0;False;0;6;True;False;False;8c81929a10d8e390406aae886a1a19ea92951aa51960d65099405b0e5d4ed82a;0.4488283046732302;0.3418533194930656;0.6388413980482645;0.5038714973210361
True;False;False;True;True;False;False;False;False;False;True;0;True;False;False;False;0;False;True;False;True;0;False;True;False;True;True;0;24;False;0;False;0;6;False;False;False;fac29f7db17871c4d52ec8572dba815ff3127ac5c542b943425896e361b8ebf1;0.7675377941515352;0.6139909059454488;0.8800822734714272;0.7056648075446319
False;False;True;True;False;False;False;True;False;False;True;0;True;False;False;False;0;False;False;False;False;0;True;True;False;True;True;0;6;False;0;True;0;6;False;False;False;8d586b738359d9e003fa28b37720067b1c487b30108c639d70101efb4f1c54d8;0.1721447565959853;0.1187700318622553;0.29706073844035946;0.2657023582458274
False;False;True;True;False;False;False;False;False;False;False;0;True;False;False;False;0;True;False;False;True;0;False;True;False;True;True;0;0;False;0;True;0;6;False;False;False;ff2a6cd454aa776e922e9d456e3a4e45155f54c8f3638f6bfbad2aedd1e7402a;0.5866317458513802;0.4452106229445121;0.8203060338063295;0.6531712399157167
False;False;True;False;False;False;True;True;False;False;False;0;False;False;False;False;0;False;False;False;False;0;True;False;False;True;False;0;0;False;0;False;0;6;False;False;True;661a3e9991a0a489e9447c04d1e39861d9525c2cbea1ba82ef65f980162ccdb5;0.1402765448085379;0.0872630173584841;0.3150723578089726;0.2594961796650603
True;False;False;True;True;False;True;False;False;True;True;0;False;False;False;True;0;True;False;False;False;0;False;True;False;False;False;0;6;False;0;False;0;6;False;False;True;7b21c66defff5ad9dc4508275fb4d1b05227ea037f0e5c7aea9b253cc115e814;0.6800899089820476;0.5131351702470534;0.9132753665347048;0.7521495316654526
False;False;False;True;True;False;True;False;False;True;True;0;False;False;False;False;0;False;True;False;False;0;False;True;False;True;False;0;24;False;0;True;0;6;False;False;True;71f8ac7d1d8921332cad666946c8f1b948dad0e4b91dc6b34ad5dfbbcf9a98fd;0.6973571686874882;0.5338041556682646;0.8743120300205407;0.6938850506012239
False;False;False;False;True;False;False;False;False;False;True;0;True;False;False;False;0;False;False;False;True;0;True;False;False;True;False;0;18;False;0;False;0;6;True;False;False;ce9c7473ba82db08ba5d7b90b1cfd1588845f912c324885916883d9ad861c7f2;0.1536500504648319;0.0966433749637012;0.35624212961014123;0.31224140768942965
False;False;False;True;True;False;True;True;False;False;True;0;False;False;False;True;0;False;False;False;False;0;True;True;False;False;True;0;24;False;0;True;0;6;False;False;False;517fad76f61e43be9b40c526f5d106ff333819716297ed6d90f0fdf87b46f597;0.4932731064173297;0.3754093094513347;0.644273873330113;0.49674611194458745
False;False;True;True;False;False;True;False;False;False;True;0;False;False;False;False;0;False;True;False;True;0;False;True;False;True;False;0;6;False;0;True;0;6;True;False;False;b92888fee98e46748fc120aac5c909e6240ccd5e32b95af98449c94243a15ab0;0.7599357630590263;0.6060228394327957;0.84564882329964;0.6852489583815149
False;False;False;False;True;False;True;False;False;False;True;0;False;False;False;True;0;False;False;False;True;0;True;False;False;False;True;0;24;False;0;False;0;6;False;False;False;a26df7225efd6377336b8c1751f1551e578d73f1a6ccfa55bd3cbbd644882821;0.4780962791187151;0.3703582167401363;0.6679891912948794;0.5337229313626067
False;False;True;True;False;False;True;False;False;True;True;0;False;False;False;False;0;False;False;False;False;0;True;True;False;True;True;0;6;False;0;True;0;6;False;False;False;82f4f6f5ccaad88b6fc9941b49dcbcee9c3d0af5e259a407f2e26e9010e03cb2;0.1624094431867533;0.1173917398612364;0.3164703529313507;0.29153301218460587
True;False;False;True;True;False;False;False;False;True;True;0;True;False;False;False;0;False;False;False;False;0;True;True;False;True;False;0;18;False;0;False;0;6;False;False;True;dda939709fc9632fe99194a55d57bd338523374867660e6e628deb085f8eec2e;0.1417293726354367;0.0892410702759224;0.3499224016397869;0.303065261070302
False;False;False;False;True;False;True;False;False;False;False;0;False;False;False;True;0;False;False;True;True;0;False;False;False;False;False;0;0;False;0;False;0;6;False;False;True;cead097ad71c90ed496e29a1d5aeebec3328a15102ef7758f63b71bfbb248392;0.5333035652839839;0.4109361738759713;0.8256758131492781;0.6674458780401319
True;False;True;True;False;False;False;False;False;True;True;0;True;False;False;False;0;True;False;False;False;0;False;True;False;True;False;0;18;False;0;False;0;6;False;False;True;320b7b615ecfa3cb3918a1c71065aa6a7b186c1994cf99967b2fb86d6c0a169a;0.8744541001282551;0.7550977783114191;0.8451003966073184;0.6937954794328373
False;False;False;False;True;False;False;False;False;False;True;0;True;False;False;False;0;False;False;False;True;0;True;False;False;True;False;0;24;False;0;False;0;6;True;False;False;f90f7471236583cf7ca63a94605bef0ed50bffab470de9e42c00e4f4ec69f645;0.1500105663038541;0.0896320922175184;0.3496416897731999;0.3038212371475158
False;False;True;False;False;False;True;True;False;False;True;0;False;False;False;False;0;True;False;False;False;0;False;False;False;True;False;0;6;False;0;False;0;6;False;False;True;ddb6c0eb05ead39a2dcbc6d48819c366a2d851d18f833a89187366e303fb88bd;0.8039478751779642;0.6655201771780788;0.8202604426845763;0.6566788842678966
False;False;False;False;True;False;True;True;False;False;True;0;False;False;False;False;0;True;False;False;False;0;False;False;False;True;True;0;6;False;0;False;0;6;False;False;False;68720d6db5acf246edb96c91849c9ea5e504842fd282f8c92dd142bcf2c388f5;0.7144751948475323;0.5492760557491022;0.8899391134036084;0.7272270282037141
True;False;True;True;False;False;False;True;False;False;True;0;True;False;False;False;0;False;True;False;False;0;False;True;False;True;True;0;24;False;0;False;0;6;False;False;False;df1a734ce96602627be9fbe70a32c087ed49679f521a2d437a0a2583107870ed;0.9569657019941296;0.8800451397716398;0.7947718425717073;0.6195557951643929
False;False;False;True;True;False;False;False;False;False;True;0;True;False;False;True;0;False;False;True;True;0;False;True;False;False;True;0;18;False;0;True;0;6;False;False;False;27bebe95def04e9bbe88e650b41d1ddf7e240499600cbf526a4f5cf8f0a4c7b3;0.7517369593578219;0.5881679460745948;0.8863724743325883;0.7140779808969315
False;False;False;False;True;False;True;True;False;False;True;0;False;False;False;True;0;False;True;False;False;0;False;False;False;False;True;0;24;False;0;False;0;6;False;False;False;97b23ded50dfeb189523ac5fb2ce7aac61f67809d942793374ef04a1e8f671c8;0.8044119196163806;0.6596219995462287;0.8641735371816758;0.6870239420617424
False;False;False;False;True;False;True;False;False;False;False;0;False;False;False;True;0;False;False;False;True;0;True;False;False;False;False;0;0;False;0;False;0;6;True;False;False;b3f8cdde3b3534fa4ddd6c73feeb932e90de127c38bc09974805c0b546afb590;0.3710110803186605;0.2845939424178955;0.6649153943128056;0.5357154071257314
False;False;True;True;False;False;False;False;False;True;True;0;True;False;False;False;0;True;False;False;False;0;False;True;False;True;False;0;6;False;0;True;0;6;True;False;False;d78416c92fc4811f8e7ca40c799564dc1618469d649b148094b70fe89390cc26;0.7778569432235989;0.6410198004449976;0.8282465067187278;0.676973767094317
True;False;True;True;False;False;True;True;False;False;True;0;False;False;False;False;0;False;True;False;False;0;False;True;False;True;False;0;6;False;0;False;0;6;False;False;True;46ef159e0f764067c303150434a08763ebdcf4f16ed84cd89461986a19503c60;0.807733393612154;0.664327818978236;0.8215372240627971;0.657178990449727
False;False;False;False;True;False;True;False;False;False;True;0;False;False;False;False;0;False;True;False;True;0;False;False;False;True;False;0;6;False;0;False;0;6;True;False;False;1c189c4f2ffda9b041443ccde767544c2dd5825292580bc427aa3eac5fd556e8;0.6838836718998397;0.5166174954868187;0.9039091991296283;0.74242358671871
False;False;False;True;True;False;False;False;False;True;False;0;True;False;False;True;0;False;False;False;False;0;True;True;False;False;False;0;0;False;0;True;0;6;False;False;True;c3c25344040e1400cce35ae033d1347ffe99a494cdc516094ad675b8b7d14ac4;0.3562910771519619;0.2737765286519444;0.6587373230029642;0.5347351022546336
False;False;True;False;False;False;False;False;False;False;True;0;True;False;False;False;0;False;False;False;True;0;True;False;False;True;True;0;18;False;0;False;0;6;False;False;False;77dc033a6de8049474d62a39b2bd62a76e21379fcf8faceb43e19feee00b7667;0.1620633270527245;0.1176732159686455;0.31878380517026855;0.29602829028210637
True;False;True;True;False;False;False;True;False;False;False;0;True;False;False;True;0;False;False;False;False;0;True;True;False;False;True;0;0;False;0;False;0;6;False;False;False;2576bee3e63c17f9a9eae6e38d96f747e61322f12e3ed34a3af3d0e90b51805d;0.4343576306091671;0.3283139097786981;0.6188933662389734;0.48626229616589267
True;False;True;True;False;False;True;False;False;True;True;0;False;False;False;False;0;False;True;False;False;0;False;True;False;True;True;0;18;False;0;False;0;6;False;False;False;40ab161a52858c919f0a9813bfcf762403ffed8d726ba4513035e3c2d9a3a1d7;0.8417327034039949;0.719455530990005;0.8362105311181931;0.6859246202152652
False;False;True;True;False;False;False;False;False;False;True;0;True;False;False;False;0;False;True;False;True;0;False;True;False;True;False;0;24;False;0;True;0;6;True;False;False;be71dbedb2aa3425fcb109f2cb1c48ea0234c6e3df1ad63a5df1ee82b337eb4f;0.8147444371622831;0.6609129574501343;0.8081960404750042;0.6258713983511225
False;False;True;False;False;False;True;False;False;True;False;0;False;False;False;True;0;True;False;False;False;0;False;False;False;False;True;0;0;False;0;False;0;6;False;False;False;785b0b3ed831f28e20e273484ca9dbf1cfbe1c8ca2827dad200fe18c31fabd22;0.600907823934822;0.4685713906148488;0.792420329137426;0.6312402708732489
False;False;True;False;False;False;False;False;False;True;False;0;True;False;False;False;0;True;False;False;False;0;False;False;False;True;True;0;0;False;0;False;0;6;False;False;False;f1e8ee2f787c4b65d5bc118b9c9ba67ce91e9db8966a8976104792effe6a11dd;0.5981288349276153;0.4658355302141305;0.7916094608435807;0.6309253170136868
False;False;False;False;True;False;False;True;False;False;True;0;True;False;False;False;0;False;False;True;False;0;False;False;False;True;False;0;18;False;0;False;0;6;True;False;False;49621ae1cc16986f06e1b8df0b3d95c421a6524586d592b61d371ec21f69a485;0.8251014957832299;0.6767707313113502;0.8934161066845907;0.726352629365913
False;False;False;False;True;False;True;True;False;False;True;0;False;False;False;False;0;False;False;False;False;0;True;False;False;True;False;0;6;False;0;False;0;6;False;False;True;cc5747a7052c9f5dddab56bc6ebfdde38138c60d32b0116d0a1780e8a170a0a3;0.1441865890644938;0.0847794301259277;0.33927037541686134;0.2924512546280113
False;False;False;True;True;False;True;True;False;False;True;0;False;False;False;True;0;False;False;False;False;0;True;True;False;False;False;0;18;False;0;True;0;6;False;False;True;02152752da657da4af2af356ff8536934748a565e357940676884c2a57902530;0.5265899989327955;0.4139558125654841;0.6834107899676968;0.5485810620146988
False;False;False;False;True;False;False;False;False;False;True;0;True;False;False;True;0;True;False;False;True;0;False;False;False;False;True;0;24;False;0;False;0;6;False;False;False;66837179692d7ca0201777a26340688748add4d824fb41603e4d250229d03900;0.7513805640244868;0.6004616128288848;0.8723222695140855;0.6988241422914802
False;False;False;False;True;False;False;True;False;False;True;0;True;False;False;True;0;False;False;False;False;0;True;False;False;False;False;0;18;False;0;False;0;6;False;False;True;69f17613feb928978a136e331dc1f14d109bca152afd69ff0505ea8d46272c35;0.5079851891008714;0.401252098523551;0.6681465268065472;0.5419715575676063
True;False;True;True;False;False;False;False;False;True;False;0;True;False;False;True;0;True;False;False;False;0;False;True;False;False;False;0;0;False;0;False;0;6;True;False;False;44a57abdb7a390f523a337f94e2927f976b9cefdef30fc0876f1992483b2cb0b;0.6175692112394848;0.4841286992694254;0.8089095732574046;0.6493164726263426
True;False;True;True;False;False;True;False;False;True;True;0;False;False;False;True;0;False;True;False;False;0;False;True;False;False;True;0;18;False;0;False;0;6;False;False;False;d8763feb088dccde5243216a2e856d942b00e050429e14f534add44190e5e8b4;0.8402762287966924;0.7191021462999413;0.8359817444015198;0.6838109224816402
False;False;False;False;True;False;True;False;False;True;True;0;False;False;False;False;0;False;False;True;False;0;False;False;False;True;True;0;18;False;0;False;0;6;False;False;False;27735d5e5766aa3cc9545dabb48038abfa8df48cccd1e51445b04306dd2a3c04;0.7085198189266979;0.5492922418544608;0.8889235733661838;0.7236032481815616
False;False;True;True;False;False;True;False;False;False;True;0;False;False;False;True;0;False;False;False;True;0;True;True;False;False;True;0;18;False;0;True;0;6;False;False;False;839a9125e3e6f58d29b9455275c18db00ebbadb4f177cf022c692321577f78c6;0.5180992562919282;0.4029425416693286;0.6244146912380387;0.49352578955598186
False;False;True;True;False;False;False;False;False;False;True;0;True;False;False;False;0;False;True;False;True;0;False;True;False;True;True;0;6;False;0;True;0;6;False;False;False;2233bf1a099ea00052c45c23ddffb5195c0e8b908ab2be5e13ebcaf9dd3c204f;0.7386635625480915;0.5855653980821937;0.8300270519322113;0.6656640199628072
True;False;False;True;True;False;True;False;False;False;False;0;False;False;False;False;0;False;False;True;True;0;False;True;False;True;False;0;0;False;0;False;0;6;False;False;True;1094afc115613073194a46cb1f04124adf7539585686955b2063ebf04307880b;0.5341843390957829;0.4122785233479243;0.8256773982416067;0.6680980194065191
False;False;False;False;True;False;False;True;False;False;True;0;True;False;False;True;0;False;False;True;False;0;False;False;False;False;True;0;24;False;0;False;0;6;False;False;False;a3bfe471f4eb1b526e80a2d7c2d24b57cabc410764a79f22e99babfe990ac281;0.800768583567172;0.6533691801528613;0.8623290425177357;0.6849692201735681
True;False;False;True;True;False;False;False;False;True;False;0;True;False;False;False;0;False;True;False;False;0;False;True;False;True;False;0;0;False;0;False;0;6;True;False;False;09e3e34e51c7937e3e15d13877774a2e97fa6120c880f80c2d3c3f154915eaf3;0.5274587836925528;0.3999658142584373;0.8442139668580544;0.6866245716263181
False;False;True;True;False;False;False;True;False;False;True;0;True;False;False;False;0;False;False;False;False;0;True;True;False;True;True;0;18;False;0;True;0;6;False;False;False;112e3be187eae8fadc0df161f903b7a4fa3c1449755b5f39948054bdb2469c1d;0.1689332511635429;0.1236148986000773;0.27886167466052814;0.25083707699891267
False;False;True;False;False;False;True;False;False;True;False;0;False;False;False;False;0;False;True;False;False;0;False;False;False;True;True;0;0;False;0;False;0;6;False;False;False;d88a9cd74349bd41424cd4faaafbf671a2aa19a26080e4d7a358c8d9c773f1b1;0.5975011422696375;0.4650044582787058;0.7903845470834611;0.628294844177858
False;False;True;True;False;False;False;False;False;True;True;0;True;False;False;True;0;False;False;True;False;0;False;True;False;False;False;0;24;False;0;True;0;6;False;False;True;33476d92cb00314e3a95692d6682376e41da01e40c89ff94e0a7073b0cc3a3ef;0.8047297863362113;0.6731402795483846;0.7754242912755079;0.6063911633198941
False;False;False;False;True;False;False;False;False;False;True;0;True;False;False;True;0;False;False;False;True;0;True;False;False;False;False;0;24;False;0;False;0;6;False;False;True;330d1c1a00e0c4d2f502654ee06a8e59edbf04f7f53f82b8dc651f2c6b4c81ea;0.4678805596256196;0.3682150752316403;0.6582382849832101;0.5330153470688941
True;False;False;True;True;False;False;False;False;False;False;0;True;False;False;True;0;False;False;False;True;0;True;True;False;False;True;0;0;False;0;False;0;6;False;False;False;22498e975cf38aea657d3023860d2c4880ae24da45b298006622d8b8d85ca165;0.3490590844868635;0.2677021109590394;0.632558077096672;0.5101062555433602
True;False;False;True;True;False;True;False;False;False;True;0;False;False;False;True;0;False;False;True;True;0;False;True;False;False;True;0;6;False;0;False;0;6;False;False;False;410267a3d1497743d4ce0937048cce95d935ab4827e88d2989a69608491e950f;0.6728607720532855;0.5049857677999282;0.8966281830902431;0.7310272395558423
True;False;True;True;False;False;False;False;False;True;False;0;True;False;False;True;0;False;False;False;False;0;True;True;False;False;False;0;0;False;0;False;0;6;True;False;False;234bfb3ad509ab79e286d6f32bb361542a0b2a686df6ae49c6dd2ad28cd3234e;0.4108645796360698;0.3172537175055741;0.6233912866585751;0.4975033754505799
False;False;True;False;False;False;True;False;False;True;True;0;False;False;False;True;0;False;False;False;False;0;True;False;False;False;False;0;18;False;0;False;0;6;True;False;False;41998dcf4e59e0cf02e768dfb6215807db32899e28f592cb3e0ec688ba03d16d;0.5500319193525854;0.4494773448649695;0.6489098844302649;0.5295654956227926
False;False;False;False;True;False;True;True;False;False;False;0;False;False;False;False;0;False;False;True;False;0;False;False;False;True;False;0;0;False;0;False;0;6;False;False;True;b48d41f50e00bd7eef7869e86a606bff57b662cb03a47126eb1557b9acf38068;0.5352878015989716;0.4098299236778943;0.8217124945845801;0.6606989022859121
True;False;False;True;True;False;True;False;False;False;False;0;False;False;False;True;0;False;True;False;True;0;False;True;False;False;False;0;0;False;0;False;0;6;True;False;False;fe99da47da97a07e3e3798f760b331d2fbb573f8b17af74ac13fe0d97bbc5edf;0.5317319721049402;0.4100578277441223;0.8291686260713459;0.672944985692292
True;False;False;True;True;False;True;False;False;False;True;0;False;False;False;False;0;False;True;False;True;0;False;True;False;True;False;0;6;False;0;False;0;6;False;False;True;2b2c6f6a031d5e90a22e67b112b16dbc44127878082558fdebce62bb30f13702;0.6945904766365286;0.5257506732094297;0.9071284059587137;0.7460440545450971
False;False;False;True;True;False;True;False;False;False;True;0;False;False;False;False;0;True;False;False;True;0;False;True;False;True;False;0;18;False;0;True;0;6;True;False;False;587001df4cd1d9c2b85cb969103065aef2c3691c83c28e422592c626401cf92a;0.7710577348189901;0.6092710191394639;0.9006855558482778;0.7340396193420383
False;False;True;False;False;False;False;True;False;False;True;0;True;False;False;True;0;False;False;True;False;0;False;False;False;False;True;0;18;False;0;False;0;6;False;False;False;ebcf90cf62c71c9486d6079c36e41c09fafe12530af05a26aabf02de870f9e0d;0.907320274023744;0.7964340717243515;0.8047458679830919;0.6380076284998348
True;False;True;True;False;False;True;False;False;True;True;0;False;False;False;True;0;True;False;False;False;0;False;True;False;False;False;0;6;False;0;False;0;6;True;False;False;1dac96c65a35d319ad11bf04084c4a257bc5e856c5aa8a76a9a7ddbc706f4600;0.7260097905671102;0.5890889415933138;0.833391838543657;0.6837019124211958
False;False;False;False;True;False;True;False;False;False;False;0;False;False;False;False;0;False;True;False;True;0;False;False;False;True;False;0;0;False;0;False;0;6;True;False;False;a9823f722ddef99d84405b3e15e100f300ed8a47051b04cd7a8f39dece6e3ca0;0.5326725609399595;0.4103424085943359;0.8283351187672859;0.6705356794684528
False;False;True;False;False;False;False;True;False;False;True;0;True;False;False;True;0;False;True;False;False;0;False;False;False;False;True;0;18;False;0;False;0;6;False;False;False;3a635ad00b4c9d77f1d525f8735fa535feff2595202700707dd1982dfc61543f;0.9067566788186237;0.7962645083977433;0.8010629991312656;0.6344253843971336
True;False;True;True;False;False;False;False;False;True;True;0;True;False;False;False;0;False;True;False;False;0;False;True;False;True;True;0;18;False;0;False;0;6;False;False;False;cd522d11f09e7955c1db64975f62dae75adf3b3bdc4535913dec134fd13100de;0.8418341036827098;0.7192414352102294;0.8332701853355553;0.6811638856645812
True;False;False;True;True;False;False;True;False;False;True;0;True;False;False;False;0;False;False;False;False;0;True;True;False;True;False;0;24;False;0;False;0;6;True;False;False;5e1101987f8f80358cf03e15963b884dd3c8b058c9536eaad76dd1083f9d4d52;0.1636579635949773;0.1044098843360403;0.34491479988477847;0.3005879121062736
False;False;False;False;True;False;True;False;False;False;True;0;False;False;False;True;0;False;False;True;True;0;False;False;False;False;False;0;18;False;0;False;0;6;True;False;False;4cecaf64841f082a50b9c9eefefcbab735c2cb1f5dd3ded676c66b98ec5e9273;0.7771016305638586;0.6230026910988964;0.9045762769690624;0.7467626785039553
False;False;True;True;False;False;False;False;False;True;True;0;True;False;False;True;0;False;False;False;False;0;True;True;False;False;True;0;18;False;0;True;0;6;False;False;False;1503938952f09e2d6d213e3fdc5c7858eb7be090aa4e18ad8e9b302ea638064d;0.4891512701768304;0.3947734638806285;0.576772571328175;0.46385096033235074
False;False;False;False;True;False;False;False;False;True;True;0;True;False;False;False;0;False;False;True;False;0;False;False;False;True;True;0;24;False;0;False;0;6;False;False;False;f5f41d15c6d3e7bcd44f29f2efdcca78c791487311d5a8bfb0e940a7dcba64c7;0.7052437259051625;0.5471349021599342;0.8806656127743221;0.7095634859992196
False;False;False;True;True;False;True;False;False;True;True;0;False;False;False;True;0;True;False;False;False;0;False;True;False;False;True;0;24;False;0;True;0;6;False;False;False;fbe88e95b14e3f0640aed7554450a602c7a9f2ac0f6f0c0d000ebfebaa54c2c9;0.6756486634590364;0.5139991382837538;0.8643809424446904;0.6835189245530222
True;False;False;True;True;False;True;True;False;False;True;0;False;False;False;True;0;False;False;False;False;0;True;True;False;False;False;0;6;False;0;False;0;6;False;False;True;e1090b94c5ec75bf5678c2a5a58bed534874952c7e725fb4a393becf6bbe70d5;0.491877067891478;0.3762935995595962;0.706839703285812;0.5751515704371462
True;False;False;True;True;False;True;True;False;False;False;0;False;False;False;True;0;False;True;False;False;0;False;True;False;False;True;0;0;False;0;False;0;6;False;False;False;9455938a7edb79d810921025ad87dcc04043e3132aef7c03d767a6354659e913;0.5233358222758088;0.3989214034257191;0.81326091373494;0.6515465019106782
True;False;False;True;True;False;True;False;False;True;True;0;False;False;False;True;0;False;False;False;False;0;True;True;False;False;False;0;18;False;0;False;0;6;False;False;True;794a556ad5d202c0eb6a0e5f7be1b46e91a6c04212a13c5228beed81db537ea4;0.477485099593642;0.3654637194198547;0.7038079941822046;0.5732145000980483
False;False;True;True;False;False;True;True;False;False;False;0;False;False;False;True;0;True;False;False;False;0;False;True;False;False;False;0;0;False;0;True;0;6;True;False;False;51e35030e5583f689c1820acd8dc589f7d6c4e2015d03abfd0630262ff403534;0.6526695041540711;0.5077428223422567;0.8044784891914152;0.6317551151866643
True;False;True;True;False;False;False;False;False;False;False;0;True;False;False;True;0;False;True;False;True;0;False;True;False;False;False;0;0;False;0;False;0;6;True;False;False;9968b58333f11519ba1f7b85ecc0c307b7a0620be2a959f07ec54a90c5a901e8;0.606264531276514;0.4617078710180876;0.8457073765906269;0.6804007218062209
True;False;False;True;True;False;False;True;False;False;True;0;True;False;False;False;0;False;False;False;False;0;True;True;False;True;True;0;6;False;0;False;0;6;False;False;False;8673fe89f28ad937a6f1da10e5bd2c83b9ee733fa35bcfe1743cec688d216f9a;0.1499223143023278;0.0945810820590904;0.33931983813673977;0.2975513157445631
True;False;False;True;True;False;True;False;False;False;False;0;False;False;False;True;0;False;False;False;True;0;True;True;False;False;False;0;0;False;0;False;0;6;False;False;True;f301befaabed48b058967bce4f90b84da3b9d87b788d5fd700bd95e5448e23c6;0.365503426419912;0.2810478266956149;0.6563452978846746;0.5288911007461954
False;False;False;True;True;False;False;True;False;False;True;0;True;False;False;False;0;False;False;False;False;0;True;True;False;True;False;0;24;False;0;True;0;6;True;False;False;4c50c151a64033519936316dbcdeef7787d07e5f7506c0e052977f4327460b65;0.1588113363019822;0.0987089809255424;0.33337721519146807;0.28358479617088983
False;False;True;False;False;False;False;False;False;False;True;0;True;False;False;False;0;False;False;True;True;0;False;False;False;True;False;0;18;False;0;False;0;6;True;False;False;85cc455b5a7093f87db84c90b27358779201742d9629823bb3d2adc0ab1fbd29;0.8728883802232014;0.7418722411599078;0.8757004858467959;0.7186314941334244
False;False;True;False;False;False;True;False;False;True;True;0;False;False;False;True;0;True;False;False;False;0;False;False;False;False;False;0;24;False;0;False;0;6;True;False;False;69e4324ed70f4a9e297ff5771a198c90f376fae5cf451df57e646060a9a414b2;0.8774004922408601;0.7614868927994946;0.8433343556870136;0.6803438746431757
False;False;True;True;False;False;False;True;False;False;True;0;True;False;False;True;0;False;False;True;False;0;False;True;False;False;True;0;18;False;0;True;0;6;False;False;False;3e402f123a22c8a6df7aa57f581e7a3e190ff5f5b13245b97a7c673a694bdb6e;0.8549991708267873;0.7276002798764661;0.7546853288728614;0.5930099027169377
False;False;False;True;True;False;False;False;False;False;False;0;True;False;False;False;0;False;True;False;True;0;False;True;False;True;False;0;0;False;0;True;0;6;True;False;False;8d6b2eadb5deb3788f153d75175ddfa155d5ecf25c07f72f32eb6f3205046e49;0.5392099870032233;0.4154480772504378;0.8287686012497955;0.667635778414104
False;False;True;False;False;False;False;False;False;True;True;0;True;False;False;True;0;False;True;False;False;0;False;False;False;False;False;0;18;False;0;False;0;6;False;False;True;58a4ac96fa69f6861fd00f896d6af7c7a3930cd50531f4a099c5f4fb18025cda;0.8624476469652079;0.7414120972855428;0.8463794325215356;0.6911965443697082
False;False;False;False;True;False;True;False;False;True;True;0;False;False;False;False;0;False;False;True;False;0;False;False;False;True;False;0;6;False;0;False;0;6;True;False;False;5c2f67aa03771b97377a926a2b9effa23ea470f8145cc074c61e041f58905afb;0.6717926125759255;0.5027924041799838;0.9117506240750989;0.7486330230058355
False;False;True;False;False;False;True;False;False;True;True;0;False;False;False;True;0;True;False;False;False;0;False;False;False;False;False;0;6;False;0;False;0;6;True;False;False;e58927bb7829dd29e603e257009a47b534e9e5e7dc816796671f09e2dd27fc7d;0.72709874535123;0.5914242678417688;0.8366517417859088;0.6843799606495311
False;False;False;True;True;False;False;False;False;False;False;0;True;False;False;True;0;False;False;True;True;0;False;True;False;False;False;0;0;False;0;True;0;6;True;False;False;09624b95226af9f2b923991800034952429ea6b84558f932255baee93ca63340;0.5392514098751131;0.4157995505586534;0.8311449496168624;0.6705472851671561
False;False;True;True;False;False;True;True;False;False;True;0;False;False;False;True;0;False;True;False;False;0;False;True;False;False;False;0;6;False;0;True;0;6;False;False;True;9d9e038d0da73f382aba1f35ddc11d901ff9566ed61399caff64418b221ed41b;0.8503130276535489;0.7138586362550772;0.8232006095041666;0.6631012134512269
True;False;True;True;False;False;True;True;False;False;True;0;False;False;False;True;0;False;False;True;False;0;False;True;False;False;True;0;6;False;0;False;0;6;False;False;False;fd968c440de49243ec1602a19cb1ab9b42b3bec3e8af03593cbba10b6e0260ef;0.7797865838133299;0.6334397600007025;0.8123146800341808;0.6477481998679457
False;False;False;True;True;False;False;False;False;False;True;0;True;False;False;False;0;False;False;True;True;0;False;True;False;True;True;0;6;False;0;True;0;6;False;False;False;ad3236c11a1bca89e98da4b8ea5804c7746e9b957b6ca9ec15bc398c3cad846d;0.7317302310336952;0.5677462644893431;0.911863699042853;0.7519930699422737
True;False;False;True;True;False;False;False;False;True;False;0;True;False;False;False;0;True;False;False;False;0;False;True;False;True;False;0;0;False;0;False;0;6;False;False;True;b36ddb00f391c3b92df4708d81a88add9b8b43239423dd9e068cb597b4ffbbc0;0.5308774514008429;0.4036022464553269;0.8431793866712134;0.685472246473079
False;False;False;True;True;False;True;False;False;True;True;0;False;False;False;True;0;True;False;False;False;0;False;True;False;False;False;0;6;False;0;True;0;6;False;False;True;df4bf44bdba339cfe7c467479cde578758b874e6e14733f200543fc836b879c1;0.7348298872150295;0.5708452645501885;0.9317427976230457;0.7834137400976032
False;False;True;False;False;False;True;False;False;True;False;0;False;False;False;False;0;True;False;False;False;0;False;False;False;True;False;0;0;False;0;False;0;6;False;False;True;4fdbbcc7766fed7708bfb1459fca9498b758f4e81aa1d1d1ba0f40d084433f8f;0.621565698011928;0.4869310113334257;0.8060251386490024;0.6429753784368586
False;False;False;False;True;False;False;False;False;True;False;0;True;False;False;True;0;False;False;False;False;0;True;False;False;False;False;0;0;False;0;False;0;6;False;False;True;94b43550df1d7f5b6e83d8a3d52a81099693a3077f843a0613dff7c5d991534d;0.3514972042042455;0.2699800012345059;0.6570390788543721;0.5353424842003114
True;False;False;True;True;False;True;False;False;False;True;0;False;False;False;False;0;False;False;True;True;0;False;True;False;True;False;0;18;False;0;False;0;6;False;False;True;10e1ef0b2393662580c2875bb8ade719578ea444357d96f0c709e74638938bad;0.7989069553851071;0.6426739558843008;0.9094216639483472;0.7498414341452332
False;False;True;True;False;False;False;False;False;True;True;0;True;False;False;False;0;False;False;True;False;0;False;True;False;True;False;0;6;False;0;True;0;6;True;False;False;abacb3510aee05063ed4ebd256bd2ce5c66a21b497dac169162978b55602c8de;0.7777547625356217;0.6411341715166292;0.8284963565294722;0.6773361844907294
False;False;True;True;False;False;False;False;False;True;True;0;True;False;False;False;0;False;True;False;False;0;False;True;False;True;False;0;6;False;0;True;0;6;True;False;False;313f741fa1a781b599d3db20da94b7e914928d5b5579950a49e6f178249f7843;0.7781006707450179;0.6411549938456022;0.8278581276369218;0.6764792861208724
True;False;True;True;False;False;False;False;False;True;True;0;True;False;False;True;0;False;True;False;False;0;False;True;False;False;False;0;6;False;0;False;0;6;False;False;True;2010b7da97aece84232d1d3132799d0047f8360dfa510785e136e04038898f43;0.7295263338828787;0.5915354385426111;0.8307220811974944;0.6779387179627642
False;False;False;True;True;False;True;True;False;False;True;0;False;False;False;True;0;True;False;False;False;0;False;True;False;False;False;0;24;False;0;True;0;6;True;False;False;2322219ef374ca341b69230d7a037301ee4adc0e53db07a31ec782bc06cbe341;0.7856377304664042;0.6265876477857484;0.8521289068478365;0.6633836506002524
False;False;True;False;False;False;True;False;False;True;True;0;False;False;False;False;0;False;False;True;False;0;False;False;False;True;True;0;24;False;0;False;0;6;False;False;False;67bc1a4641f4e21ac11ce3b42f3b099abab6259c6135053daf5b12f2eaffc1e3;0.8490267412569353;0.7273518936417479;0.8305379952267573;0.6656024768196018
True;False;False;True;True;False;False;True;False;False;False;0;True;False;False;True;0;False;False;True;False;0;False;True;False;False;False;0;0;False;0;False;0;6;True;False;False;fb6f08711124e85b7333bb3d39732db5fa6d13c99eee583e371e14a40e8b47f9;0.5341386425713538;0.4092508325874037;0.8265913250749997;0.6664506557082791
False;False;True;True;False;False;True;False;False;False;False;0;False;False;False;False;0;False;False;False;True;0;True;True;False;True;True;0;0;False;0;True;0;6;False;False;False;1071660b58a401ab8088adf531cb52d5c998c8c3f3b310a37985749c55c714f0;0.132097048845644;0.0821736564855473;0.3298362412371935;0.28402500131803154
True;False;True;True;False;False;False;False;False;False;True;0;True;False;False;True;0;False;False;False;True;0;True;True;False;False;True;0;6;False;0;False;0;6;False;False;False;3c07567c855b57ddd5f39f080fc12ac00fcfe659e25169f89127e3d357ffba5f;0.4503441324765321;0.3471589397900152;0.6274096400024102;0.503828111821715
False;False;False;True;True;False;True;False;False;True;True;0;False;False;False;True;0;True;False;False;False;0;False;True;False;False;False;0;18;False;0;True;0;6;False;False;True;28ac6ce00e690665ee6fc0253d401083ad3004ceaa85b9087ff89964fc47a81f;0.7103897655903865;0.5478935071720876;0.8887136400684644;0.7205815261246002
False;False;True;True;False;False;True;True;False;False;False;0;False;False;False;True;0;False;False;True;False;0;False;True;False;False;False;0;0;False;0;True;0;6;True;False;False;0bee021c811cea7909ff042eb15af09db9ff5b816b92b04e874f40ac7e077ac2;0.6544255646685522;0.50888408170899;0.805843597046313;0.6327460902361949
True;False;True;True;False;False;False;True;False;False;True;0;True;False;False;False;0;True;False;False;False;0;False;True;False;True;False;0;18;False;0;False;0;6;True;False;False;d0f45da0202babf22f2fd78c0d0f11658e51b065209e47d3bacc2b27aa341951;0.9528650283035076;0.8652517099486753;0.8209947646348074;0.6632925416848803
False;False;True;False;False;False;True;False;False;True;True;0;False;False;False;False;0;False;False;True;False;0;False;False;False;True;False;0;24;False;0;False;0;6;False;False;True;a4885cd3eb15edea408ee7a96b26ef989e1e2e54791ce4cc2e9c51d9e92164d3;0.8810622296930785;0.7660086883206272;0.8394465267384247;0.6755549953547229
False;False;True;False;False;False;True;True;False;False;True;0;False;False;False;False;0;True;False;False;False;0;False;False;False;True;True;0;24;False;0;False;0;6;False;False;False;fdc097078533156d89fba19bab58409b0243f20822c95a8c0858006cb4dfa47a;0.9435575610865224;0.8565370474389989;0.7982395009338538;0.6203303803711785
False;False;True;True;False;False;False;False;False;False;False;0;True;False;False;True;0;False;False;True;True;0;False;True;False;False;False;0;0;False;0;True;0;6;False;False;True;874b7e9e9019a9af35854d875f6778a9f20bc1ebfa6522c7a7262a3cf7ce529e;0.6065138343529128;0.4605471229091711;0.8363837432491722;0.6671499637850368
True;False;True;True;False;False;True;False;False;True;False;0;False;False;False;False;0;False;True;False;False;0;False;True;False;True;False;0;0;False;0;False;0;6;True;False;False;4f5d3373a84c7a07b2581c242af411e1cebb1b2e896f7783ce6e7a45a06cb9b4;0.6189247479976725;0.4856361892151564;0.8087842809825502;0.6490627811240365
True;False;True;True;False;False;True;False;False;True;True;0;False;False;False;True;0;False;True;False;False;0;False;True;False;False;False;0;18;False;0;False;0;6;True;False;False;0caf60706f3b6916bee7f9561abedf7d67aed4dde71120bfc796e91e7ac9a6ce;0.8662572649822333;0.746699585496316;0.8504636165062226;0.7013239799864979
False;False;True;True;False;False;False;True;False;False;True;0;True;False;False;False;0;True;False;False;False;0;False;True;False;True;False;0;18;False;0;True;0;6;False;False;True;e89c032e44ec225f8aaf28e9e6117475e2079d8b71a0292939a14a4e6c334440;0.8910417806127064;0.7731049507076576;0.7672957891004751;0.6063019517064429
False;False;False;False;True;False;False;True;False;False;True;0;True;False;False;False;0;False;True;False;False;0;False;False;False;True;False;0;6;False;0;False;0;6;True;False;False;284cbf169c0862efd1204c9a8d243a110a8b16c9f56a4a1780533d522f562ec1;0.728246400172811;0.5624891767378591;0.9010488012440104;0.7429163017125057
True;False;True;True;False;False;False;True;False;False;True;0;True;False;False;False;0;False;False;True;False;0;False;True;False;True;False;0;24;False;0;False;0;6;False;False;True;23dca2920ddf92d96bf9ee488bab810312b9f0e8ec0e30ea42ab95aa1d4ab286;0.99617111318703;0.976530400842457;0.8070172135367994;0.635104804298629
True;False;False;True;True;False;False;True;False;False;True;0;True;False;False;False;0;False;False;True;False;0;False;True;False;True;False;0;18;False;0;False;0;6;False;False;True;998ad08db638286c5a650525093d4ef0c745daf2586fec8eed042e26df7e333e;0.8465862030232006;0.6986466814996019;0.8968189235965858;0.7298090817786729
False;False;False;True;True;False;False;True;False;False;True;0;True;False;False;False;0;False;True;False;False;0;False;True;False;True;True;0;24;False;0;True;0;6;False;False;False;2a567044cde14883915a744877afa3f13b8e83ebe70c79b8b67e0d1fc0fd5c42;0.7647952929627464;0.6022529604541703;0.8355880005443341;0.6426105182984722
True;False;True;True;False;False;False;False;False;False;True;0;True;False;False;True;0;False;False;True;True;0;False;True;False;False;False;0;24;False;0;False;0;6;True;False;False;eb5a3274a786add8ba9d890144471616fc74e62495668e01edfa4a406ed32767;0.90112443636567;0.7769892217142588;0.8610175650574291;0.6950558249265727
False;False;False;False;True;False;True;False;False;False;False;0;False;False;False;False;0;False;False;True;True;0;False;False;False;True;True;0;0;False;0;False;0;6;False;False;False;355fb41a0d50c30d01c06245cdea8735a7637c9df2824c635c2eefc8bdbd90af;0.5213699816503227;0.3999038421613698;0.8175252951882537;0.658216829404284
True;False;True;True;False;False;True;False;False;False;True;0;False;False;False;False;0;True;False;False;True;0;False;True;False;True;False;0;24;False;0;False;0;6;False;False;True;b8839d70320d4e9dfa71983bea2a19d49df6b2fff340da6b971ef1c00ddbb53e;0.9092690039250624;0.7865852330142453;0.8568301895491779;0.6896804776659139
False;False;True;False;False;False;True;False;False;True;True;0;False;False;False;True;0;True;False;False;False;0;False;False;False;False;False;0;24;False;0;False;0;6;False;False;True;bfae8cd1ad5c0567df2dd5e1baddc78aff2768607efe6d213af6271c205c654e;0.8797209165137803;0.7643700959114619;0.8393013156318839;0.6750435688197816
False;False;True;False;False;False;True;False;False;False;True;0;False;False;False;True;0;True;False;False;True;0;False;False;False;False;False;0;24;False;0;False;0;6;False;False;True;f2b93f1cbb1f51900ad633af31ace553546f9f6dade0198eb32e348718b6e51a;0.8904282637776043;0.7660768561748786;0.8544467772946807;0.6843631760667247
False;False;True;True;False;False;True;False;False;True;True;0;False;False;False;False;0;False;False;False;False;0;True;True;False;True;False;0;24;False;0;True;0;6;True;False;False;2b18d1858d9317e708678707fd36c27aa70779870c3097d01a275e4026aed8b3;0.1629810000419956;0.1213165026202478;0.3032220201924558;0.27163274261781095
True;False;True;True;False;False;False;True;False;False;True;0;True;False;False;True;0;True;False;False;False;0;False;True;False;False;False;0;18;False;0;False;0;6;False;False;True;723120b06c899bffe8acf39c072ba62cf99612e8eebeb3b6dee3c2d57f45738c;0.9556401371984152;0.8704584859282856;0.814808794890339;0.655239497512357
False;False;True;False;False;False;False;False;False;False;False;0;True;False;False;True;0;False;False;False;True;0;True;False;False;False;True;0;0;False;0;False;0;6;False;False;False;ed55c60aa2c51022baf4fa85371c78da1d5b4902e16e74895dceb2504b7c7b5e;0.3908089370399335;0.2915361277941861;0.6327120400089369;0.5044288263597344
True;False;True;True;False;False;False;False;False;False;False;0;True;False;False;True;0;False;True;False;True;0;False;True;False;False;False;0;0;False;0;False;0;6;False;False;True;b02692efc50ee1932facb7bb6a291b9f4887c09f90f8fe695c851b9a349161f4;0.6074247956217771;0.4620076037472794;0.8413648329998104;0.6744710829764995
True;False;False;True;True;False;False;False;False;True;True;0;True;False;False;True;0;True;False;False;False;0;False;True;False;False;False;0;24;False;0;False;0;6;False;False;True;f92e82811ac20b17d36479673b8905a5b0f0c5f078901da5b315ff92361cfc88;0.7362519217172929;0.5773348307498776;0.8934091754803268;0.725403741747252
False;False;False;False;True;False;True;False;False;False;True;0;False;False;False;True;0;False;True;False;True;0;False;False;False;False;False;0;18;False;0;False;0;6;False;False;True;6a5d27873b158b961b2d9b1eb9c82946fe378f8916aa253c838c7748fdb4a9e3;0.7812751162327859;0.6294292559766304;0.9026052030728295;0.7442484347193147
False;False;True;False;False;False;True;False;False;False;True;0;False;False;False;False;0;True;False;False;True;0;False;False;False;True;False;0;24;False;0;False;0;6;True;False;False;c3afdac9bcfc6244cfc2571c24242d1e21ed9401203fd58c9eaf1e94cfd8ff16;0.8896237040094735;0.7651044131006667;0.8595259583791925;0.6911600665207762
False;False;False;True;True;False;True;False;False;False;True;0;False;False;False;True;0;False;True;False;True;0;False;True;False;False;True;0;18;False;0;True;0;6;False;False;False;3900baccb3308c0c01c5897f6b99dd03553a17274a5a296230675b4bd73ca16e;0.7513057329337584;0.5893545936189152;0.8871537721696126;0.7158271819265051
False;False;True;False;False;False;True;False;False;True;False;0;False;False;False;False;0;False;True;False;False;0;False;False;False;True;False;0;0;False;0;False;0;6;True;False;False;b5507fc8454a49a7bca06768423ae07d189af0f52a7d01f6f4b1662c988e190e;0.6188190322323496;0.4846810970483046;0.8095585257770738;0.6488531783876186
True;False;True;True;False;False;False;False;False;False;True;0;True;False;False;True;0;False;True;False;True;0;False;True;False;False;False;0;6;False;0;False;0;6;False;False;True;b0622491775c7cc1e47273aba41c1df42641852657859105f6868600dfa2486a;0.7142668721669584;0.5618830359871881;0.8443391854942744;0.6832679101272517
True;False;False;True;True;False;True;True;False;False;False;0;False;False;False;True;0;False;True;False;False;0;False;True;False;False;False;0;0;False;0;False;0;6;True;False;False;8d14750c36d3f7e2075a8556cec37961016d6a0f3dc88641ef74e562a08f7495;0.5325161563842399;0.4079770452414271;0.8247376023581234;0.6648224394457506
False;False;False;False;True;False;True;False;False;False;True;0;False;False;False;False;0;False;False;False;True;0;True;False;False;True;False;0;18;False;0;False;0;6;False;False;True;352c559bba43817de26f72324dd5fecc91a946d0c3754bc915afe8b42a2afeea;0.1449836260708799;0.0907010671626029;0.3464131067722267;0.3046329368819888
False;False;True;True;False;False;True;False;False;True;True;0;False;False;False;False;0;False;False;True;False;0;False;True;False;True;False;0;18;False;0;True;0;6;False;False;True;ba627dfdd52d0df4aed1df281fe6662374735397d53e44a16e7cf28828ec140f;0.8079369759661017;0.6775306789669254;0.7926662959838984;0.6368315571439513
False;False;True;False;False;False;True;False;False;True;True;0;False;False;False;True;0;False;False;True;False;0;False;False;False;False;False;0;6;False;0;False;0;6;True;False;False;8efa32a734abf70eccc00c18cc3b4e497a2c5f44d434ebfcbde4845d95db217f;0.7278682301521309;0.5920593395925453;0.8371046576827741;0.6843781067892404
True;False;True;True;False;False;False;False;False;True;True;0;True;False;False;False;0;False;False;True;False;0;False;True;False;True;False;0;6;False;0;False;0;6;True;False;False;665dd71ff8e7987e999141258e8fa548f7ac8975b4ab1e40704949b1261f2a15;0.7267778340804995;0.588798850432852;0.833730599309243;0.6826260914238543
False;False;True;True;False;False;False;False;False;False;True;0;True;False;False;True;0;False;False;True;True;0;False;True;False;False;False;0;18;False;0;True;0;6;True;False;False;052be3f3ddcf42c5ad37084838feed488a4fa720ac890a10bc70de1b6d77f28b;0.815572063036237;0.6688675785143483;0.8300700392261235;0.6679591493427534
True;False;True;True;False;False;True;True;False;False;True;0;False;False;False;True;0;False;False;True;False;0;False;True;False;False;False;0;18;False;0;False;0;6;True;False;False;5386d66dc12dcc89679ad595da5a8ad13149787141d18cbdac09b30c051785d3;0.9467583821498494;0.8553359092308304;0.820988074803572;0.6642484282829576
False;False;False;True;True;False;True;False;False;False;True;0;False;False;False;False;0;False;True;False;True;0;False;True;False;True;False;0;18;False;0;True;0;6;True;False;False;bba90ba2d6d7dd98b9371d9d88070e170bc36dd2acd5558850c3e5cbbc5c7366;0.7710038642079129;0.6091647931908776;0.9006774683379329;0.7341304558262128
True;False;True;True;False;False;True;False;False;False;False;0;False;False;False;False;0;True;False;False;True;0;False;True;False;True;False;0;0;False;0;False;0;6;False;False;True;eef9e749fc1d82db9770875f19460061b721b75d23c62f51e26f351b5ccba341;0.6091374700625519;0.4633940301527214;0.8403017401048669;0.6736187733165564
False;False;False;False;True;False;False;False;False;True;True;0;True;False;False;False;0;False;False;True;False;0;False;False;False;True;False;0;6;False;0;False;0;6;False;False;True;3db311b963c53b5fe08060d0e3e79c04dbbf5b61324ba3fb16564714604458da;0.6753848932833888;0.507519915905144;0.910342429232731;0.7472504529319497
False;False;True;True;False;False;True;True;False;False;False;0;False;False;False;False;0;True;False;False;False;0;False;True;False;True;True;0;0;False;0;True;0;6;False;False;False;3a0d59b58ecad7e29669404d49bba88caff07d670ec4504a7ccb153ec1010a65;0.63388143021035;0.4909392643529445;0.7869209358240988;0.6152818622189637
False;False;True;True;False;False;True;False;False;True;True;0;False;False;False;True;0;True;False;False;False;0;False;True;False;False;True;0;6;False;0;True;0;6;False;False;False;e97aa1a94dd6c275c87c502c8d912bef45a37979fb40bd7227b97733b579e09a;0.7579407139390782;0.6188367880117129;0.8152718065788933;0.6610999951353378
False;False;True;True;False;False;True;False;False;False;False;0;False;False;False;True;0;False;False;True;True;0;False;True;False;False;False;0;0;False;0;True;0;6;True;False;False;8ab9ec0d2d75b58d2d5785f76b0e51807bc92e6cbcbeb9c0c914e6bfc4aaa4e8;0.6056608109437022;0.4596661196987911;0.8391049503400575;0.670830679801402
True;False;True;True;False;False;True;True;False;False;True;0;False;False;False;False;0;False;True;False;False;0;False;True;False;True;True;0;18;False;0;False;0;6;False;False;False;d983923d8bb80c87af83c57627a3053d3e3cfb45d3d51ec30bf117775d4c62a6;0.918936745607824;0.8163952717521212;0.8052119743634609;0.647372813370758
True;False;False;True;True;False;False;False;False;True;True;0;True;False;False;True;0;False;True;False;False;0;False;True;False;False;False;0;6;False;0;False;0;6;False;False;True;ae6af925e0900d30574851434841eec349b38a5e72401d93e19d78ba2048c30c;0.6789503159951152;0.5125102280265442;0.9131460158710624;0.7519240252247982
True;False;True;True;False;False;True;True;False;False;False;0;False;False;False;False;0;False;True;False;False;0;False;True;False;True;False;0;0;False;0;False;0;6;False;False;True;3ea2c2cce62ce5f08c4092c6f184498dab2541cd4a0e3a0b6db4690639237d03;0.6647512081545154;0.5171677448370025;0.8110342275577321;0.6380418416925401
True;False;False;True;True;False;False;True;False;False;True;0;True;False;False;True;0;False;True;False;False;0;False;True;False;False;False;0;18;False;0;False;0;6;False;False;True;4217b73e728d336d452df6739976df449cb5ebaaf50da4bfe14a77e5d26da29a;0.8443482685262085;0.6973043956938398;0.8957667242121138;0.7287183814935665
True;False;True;True;False;False;True;False;False;True;True;0;False;False;False;False;0;False;True;False;False;0;False;True;False;True;False;0;6;False;0;False;0;6;False;False;True;9169e6b1d07772b081de640b6706418ca87270a2f9d252625b2dd685cd52ce47;0.7336217144067767;0.5958198584821013;0.8312191946832468;0.6786619596973532
True;False;False;True;True;False;True;True;False;False;True;0;False;False;False;True;0;True;False;False;False;0;False;True;False;False;False;0;24;False;0;False;0;6;True;False;False;c4074c0987329db8f063465daf3aa58e99d3f765cd3104414ed27c33930635ae;0.8418294572745006;0.7010132791198981;0.883024578334282;0.7138372137173752
False;False;True;True;False;False;True;True;False;False;True;0;False;False;False;True;0;False;False;True;False;0;False;True;False;False;True;0;6;False;0;True;0;6;False;False;False;353d851c54130a49bc5cf8be3577f7446287334ddce44dbe2f47e2a91c04e761;0.8250716368702848;0.6834232296970504;0.8121545162027431;0.6495427569218184
False;False;False;False;True;False;False;False;False;False;True;0;True;False;False;False;0;False;False;True;True;0;False;False;False;True;False;0;24;False;0;False;0;6;True;False;False;06ccdf00d22fc526de019b41a96efe7c922508416787cfd8ddd6275ec14926ee;0.7714994623049791;0.6216919422170321;0.8875133072610476;0.7207872254332778
False;False;True;True;False;False;True;False;False;True;True;0;False;False;False;False;0;False;False;True;False;0;False;True;False;True;True;0;24;False;0;True;0;6;False;False;False;1fc9e9fe3a561bac1581b7fe2fd39c08d4709d36d9bf6906f205ef0fc8144381;0.7790373909693862;0.6452756869369705;0.76940477983958;0.6011707008929773
False;False;False;True;True;False;True;False;False;True;True;0;False;False;False;True;0;False;False;True;False;0;False;True;False;False;False;0;18;False;0;True;0;6;False;False;True;0e21f02117104302b9b3e5f2d47192e0403afc2ee6e87969a308b66629df9e9c;0.7103761724492126;0.5480652223578618;0.888974865239953;0.7206879749926486
False;False;True;False;False;False;False;False;False;False;True;0;True;False;False;False;0;False;False;True;True;0;False;False;False;True;False;0;18;False;0;False;0;6;False;False;True;07c3ad2192ed2554ed61d769f4f679f34ba4a4894690049675f82bdb8c34b180;0.8762032497806161;0.7452374483970736;0.8707017766949583;0.711699642721921
False;False;True;True;False;False;True;False;False;True;True;0;False;False;False;False;0;False;True;False;False;0;False;True;False;True;True;0;24;False;0;True;0;6;False;False;False;5f60c7d4b7d0967c4b1734abb564d6541f6b5c36f4da6628b1b88f51db99ab97;0.7757543881725794;0.6426271131460356;0.7664217226995975;0.6001810237656913
True;False;True;True;False;False;True;True;False;False;True;0;False;False;False;True;0;True;False;False;False;0;False;True;False;False;True;0;24;False;0;False;0;6;False;False;False;14b7ca53b2edb22a716c59fcbc26e1b2ee69a1c380007896bd193a9e8fcbb628;0.9574477075432546;0.8819595157417773;0.7973323632897555;0.6233414009128118
False;False;True;False;False;False;False;True;False;False;False;0;True;False;False;True;0;True;False;False;False;0;False;False;False;False;True;0;0;False;0;False;0;6;False;False;False;19cceec9d20c47e8d9388b62775b298761d443a2e712c470ce7f4af4795a1826;0.6357247650420721;0.4930244033103281;0.7941135660105102;0.62382156592208
True;False;False;True;True;False;False;False;False;True;True;0;True;False;False;False;0;False;True;False;False;0;False;True;False;True;True;0;24;False;0;False;0;6;False;False;False;274020c232a35dd1f4b4a4c7d3675c752e2a8b430c4afe4974d2f2810c5f5079;0.7161007352774642;0.5584427787691355;0.8849309972767372;0.7152618196467513
True;False;False;True;True;False;True;True;False;False;True;0;False;False;False;False;0;False;False;False;False;0;True;True;False;True;True;0;18;False;0;False;0;6;False;False;False;ea7e0db61b7d98966795de6873bd4eba3bc1cc651d726235c866207ad438df7c;0.1493121204975081;0.0957267804147468;0.33457055971910415;0.29015129006214874
False;False;False;True;True;False;False;False;False;True;True;0;True;False;False;True;0;False;True;False;False;0;False;True;False;False;False;0;24;False;0;True;0;6;False;False;True;635aea817061293a32e529ef641a2a0cfb9fe0b4190c7ff4960f376560c87bd7;0.6948356960997237;0.5308943619654052;0.8730123007985302;0.6917035523578281
False;False;False;True;True;False;False;False;False;True;False;0;True;False;False;True;0;False;False;True;False;0;False;True;False;False;False;0;0;False;0;True;0;6;True;False;False;f0f45da1f225a415f8d63ec1f6ed2e8b472071bd89853f3d2eed31b327eae728;0.5322583127528165;0.4043387380145766;0.8473010970217364;0.6874936469778773
True;False;True;True;False;False;True;False;False;False;True;0;False;False;False;True;0;False;False;True;True;0;False;True;False;False;False;0;18;False;0;False;0;6;True;False;False;b12706a46c0684de6e9f5c09a9530ab66bffa773f49eb7789fd0e2e3aa381c09;0.8812208809362165;0.7506154082683971;0.8765937045348559;0.7240999063810944
False;False;False;True;True;False;False;False;False;True;True;0;True;False;False;False;0;False;False;False;False;0;True;True;False;True;True;0;24;False;0;True;0;6;False;False;False;11ef93354085d3cec06e2acabfba63585da2d209b94d1b172f63fd16f10f3772;0.1363122325889595;0.0769742185968449;0.3402155951876949;0.2860209349442453
False;False;False;False;True;False;False;False;False;True;True;0;True;False;False;False;0;True;False;False;False;0;False;False;False;True;True;0;18;False;0;False;0;6;False;False;False;d830ca2e6bcc881322dc9716eb941a19218019df0f4aed73baa65afb8ebfcec1;0.7110827565303488;0.5508630597727545;0.889729578933526;0.7242820186250245
False;False;True;True;False;False;True;True;False;False;True;0;False;False;False;True;0;False;False;False;False;0;True;True;False;False;True;0;18;False;0;True;0;6;False;False;False;8e0de72a9263e56c1158efb8c48910a463244fa3202ef0ed569855f9325f6746;0.5657743576325686;0.4532384272425421;0.5888320410294154;0.4656004044274706
True;False;False;True;True;False;True;False;False;True;True;0;False;False;False;True;0;False;True;False;False;0;False;True;False;False;False;0;24;False;0;False;0;6;True;False;False;a610b8d48d0cbfadba1592b61a24aa843c929d2d91cfa4721709cb4da99dc493;0.7318181665915054;0.5727491568437175;0.8969047734822202;0.7316066772518889
True;False;False;True;True;False;True;False;False;False;False;0;False;False;False;True;0;False;False;False;True;0;True;True;False;False;False;0;0;False;0;False;0;6;True;False;False;1f049b94244c9e25da1f0e151796abb2f1692bfee930f642985eba1c4102770e;0.3714405030014927;0.285900108577595;0.6650889004910814;0.5368867783698101
False;False;True;True;False;False;True;False;False;True;True;0;False;False;False;True;0;False;True;False;False;0;False;True;False;False;False;0;18;False;0;True;0;6;False;False;True;9018c8bda0b408ab638726fc90aacaef557815d678cfed68ce1524a4d5007e9c;0.8052572348571861;0.6752230782497473;0.7927481401345878;0.637092608030728
True;False;True;True;False;False;False;False;False;True;True;0;True;False;False;True;0;False;True;False;False;0;False;True;False;False;False;0;18;False;0;False;0;6;True;False;False;1cb9087a8774da5b993f5e68105f91a2e689b2a69301b73c98499088c11c83b1;0.8674535655208703;0.7476528691164256;0.848224667890501;0.6978501458653282
False;False;True;False;False;False;True;False;False;True;False;0;False;False;False;False;0;False;False;False;False;0;True;False;False;True;False;0;0;False;0;False;0;6;True;False;False;9f051cbd84424e7281df26a3a247b03e3a4ff14a5c57dc104ce8a36d2bdf6e4a;0.1487621889589132;0.0990896948441693;0.34036240322790334;0.2894071346393562
True;False;True;True;False;False;True;True;False;False;True;0;False;False;False;True;0;False;False;True;False;0;False;True;False;False;False;0;18;False;0;False;0;6;False;False;True;ec90554f023e15ad9070511883960b00c6a716e88dedb112e896232178f752fb;0.9515128428543966;0.8628770117317497;0.8158770317756306;0.6583319613597414
False;False;True;True;False;False;True;False;False;True;True;0;False;False;False;False;0;True;False;False;False;0;False;True;False;True;False;0;24;False;0;True;0;6;False;False;True;c1a8e9ab7dd2b7035b0a0f104261d31ad27930ac9d571dee67c24fc17a0af67d;0.8089449415510169;0.6772145310939026;0.7776977067764808;0.6092603639816714
False;False;False;False;True;False;False;True;False;False;False;0;True;False;False;False;0;False;True;False;False;0;False;False;False;True;True;0;0;False;0;False;0;6;False;False;False;29f859743a41d23b5360d4c981930eecf94bb160036c4c0953295d1192203123;0.5207936875996143;0.3970104009348085;0.8114156868119118;0.6502912732491509
False;False;True;True;False;False;False;True;False;False;True;0;True;False;False;False;0;False;True;False;False;0;False;True;False;True;True;0;24;False;0;True;0;6;False;False;False;becb63e42fca44ca1583be059f08f80cbebab422e61fb0378d62d02a48359158;0.8662832321855134;0.7340924899397875;0.7375645134241328;0.5560639277991289
False;False;True;False;False;False;True;False;False;True;True;0;False;False;False;False;0;False;True;False;False;0;False;False;False;True;True;0;6;False;0;False;0;6;False;False;False;6ce01800c088300b05a96044b586a2eea4a10be74f8b165bca5592d923ad0656;0.7099142142554928;0.5720446758298185;0.8238425203759302;0.6678389595498762
False;False;True;False;False;False;False;False;False;False;True;0;True;False;False;False;0;False;False;False;True;0;True;False;False;True;True;0;24;False;0;False;0;6;False;False;False;d1a70bb8ae93e5c00c357ac05cc8228844f4f5535a94ab4a42bb04be773571f7;0.1570591841393209;0.112566639085355;0.305581305998928;0.28588892633054475
True;False;True;True;False;False;True;False;False;True;True;0;False;False;False;False;0;True;False;False;False;0;False;True;False;True;False;0;6;False;0;False;0;6;True;False;False;e69abb3baa2d79ad5397987030abdee5052412a3221ee5d020de236746945c1b;0.7280767664814606;0.5907504665969898;0.8336836905591541;0.683254754901602
True;False;False;True;True;False;True;False;False;True;True;0;False;False;False;False;0;True;False;False;False;0;False;True;False;True;False;0;6;False;0;False;0;6;True;False;False;4fd00b682494741a75d34d2a901b09d6c46305e39ca437006649ddd208778489;0.6766014189659082;0.5089087009357927;0.9148630920244802;0.7540619991079733
True;False;True;True;False;False;False;False;False;False;True;0;True;False;False;False;0;False;True;False;True;0;False;True;False;True;False;0;6;False;0;False;0;6;True;False;False;640cb45f7b50a5f4587f89ecdcfd3ec44663a8518f210485f51cf7065067a9bc;0.7128662482337323;0.5598987317006117;0.8478085809851709;0.6878677226080779
False;False;True;True;False;False;False;False;False;True;False;0;True;False;False;True;0;False;True;False;False;0;False;True;False;False;True;0;0;False;0;True;0;6;False;False;False;42fe466a150aa340f9cdec41d34a415ca7d287f5b7ab365fdd1ac37f0549e81b;0.5930475982308585;0.464569046223438;0.7735319746043369;0.6148298602544637
False;False;True;False;False;False;True;True;False;False;True;0;False;False;False;False;0;True;False;False;False;0;False;False;False;True;True;0;18;False;0;False;0;6;False;False;False;4630655a7ebbf0bad9f27fc0b118a035665cd656d77a4cedbd2431349a26a54b;0.905267094907887;0.7937512698263209;0.8057849641623243;0.6417918312058297
True;False;False;True;True;False;False;False;False;True;True;0;True;False;False;False;0;False;False;False;False;0;True;True;False;True;False;0;6;False;0;False;0;6;False;False;True;977f1f5472683279ebe8a0a799b350424695ebdd8e57962c286c8417ca98b58a;0.1369708582990273;0.0799218274865796;0.35460376822478784;0.30749161674825704
False;False;False;True;True;False;False;True;False;False;True;0;True;False;False;True;0;False;False;False;False;0;True;True;False;False;False;0;18;False;0;True;0;6;False;False;True;655d80542f3385d7c406ec245fc309dbc70bca1bce13e306b2e6cd2214bda9e0;0.5065530331281572;0.3984212358486138;0.6637449034745351;0.5322385499371902
False;False;True;True;False;False;False;True;False;False;True;0;True;False;False;True;0;False;False;False;False;0;True;True;False;False;False;0;6;False;0;True;0;6;False;False;True;2d546ceb662c089ffe4c40075da94fc0be81a3a2f2cf88c998b9366ae80ef9be;0.5513851226446373;0.4392459681533117;0.6282147441126888;0.5046412597037387
False;False;False;True;True;False;False;True;False;False;False;0;True;False;False;True;0;True;False;False;False;0;False;True;False;False;True;0;0;False;0;True;0;6;False;False;False;91e2f229b4b306835260a39c258636b748eeac7fa61e7d52b27d6c1bad82a471;0.5266136156962041;0.4007901179145943;0.8138802693847749;0.649710217077444
False;False;False;False;True;False;True;False;False;False;True;0;False;False;False;True;0;True;False;False;True;0;False;False;False;False;True;0;6;False;0;False;0;6;False;False;False;425f25aa47b96743bef5955cb446ac9ec9859cc921cefe83efd7de66afcc3811;0.6698767220095804;0.5042417059010774;0.8915472650423911;0.7236351030207783
False;False;False;False;True;False;True;False;False;False;True;0;False;False;False;False;0;True;False;False;True;0;False;False;False;True;False;0;18;False;0;False;0;6;True;False;False;79fca8ed267322f4fcf6308c855b0892c3d24140b3611675e9a2aa60880ea5a3;0.7781388077367811;0.6246692362190173;0.9042004252947433;0.7458791076023685
False;False;False;True;True;False;True;False;False;False;True;0;False;False;False;True;0;True;False;False;True;0;False;True;False;False;False;0;24;False;0;True;0;6;False;False;True;ea2c8a49b8ab192ad830baf3db44fcb6ef8ae98af45217517d316c02dc4b652c;0.7480778706354929;0.5841046767961169;0.870302058691275;0.6854816603631144
False;False;True;False;False;False;False;False;False;True;False;0;True;False;False;False;0;False;True;False;False;0;False;False;False;True;True;0;0;False;0;False;0;6;False;False;False;68387cff55fecd0e586af41e8bf78c86c06388fdc8e1cbf7f30ce71c3a7a6431;0.5968770102800178;0.4644310794390959;0.7899263408336383;0.6275546620385831
True;False;True;True;False;False;True;False;False;False;True;0;False;False;False;False;0;False;True;False;True;0;False;True;False;True;False;0;6;False;0;False;0;6;False;False;True;75cd5be6633f05f9bbb855e2f92eab9b2add570f5cad5fad9285b41cb8f560d0;0.7179268640258616;0.5651248136068124;0.84411329403086;0.6827914399899404
False;False;False;True;True;False;True;True;False;False;False;0;False;False;False;True;0;True;False;False;False;0;False;True;False;False;True;0;0;False;0;True;0;6;False;False;False;20c0a09d7f3acf5a088ead165163da0bea77570d869de47a1a926125b892d619;0.5282170909948664;0.403120713532842;0.8152989131669773;0.6499618047167184
False;False;True;True;False;False;True;True;False;False;True;0;False;False;False;False;0;False;False;True;False;0;False;True;False;True;False;0;24;False;0;True;0;6;False;False;True;78d063a3a8fcc031e627ef880b2ed80c499c41a971bca1e4e7acf4a1da04005c;0.9015635057371776;0.7804425174204089;0.7514893835571267;0.5717439073260572
False;False;False;True;True;False;True;False;False;False;True;0;False;False;False;True;0;False;False;False;True;0;True;True;False;False;True;0;24;False;0;True;0;6;False;False;False;93fee58fde3c6ffeda94e51264ec9d9e146b90479a8208175010b47db9b52559;0.4681283605666418;0.3530053734896145;0.6613530196306455;0.5165795963042491
True;False;True;True;False;False;True;False;False;True;True;0;False;False;False;False;0;False;True;False;False;0;False;True;False;True;True;0;24;False;0;False;0;6;False;False;False;7252cf4d92fcb37d83acde3717e9517645242350adaf0d57868115b3cae931e1;0.8574653028561319;0.737459829925951;0.8275165044755762;0.6666960508255916
False;False;False;True;True;False;False;False;False;True;False;0;True;False;False;False;0;False;False;True;False;0;False;True;False;True;True;0;0;False;0;True;0;6;False;False;False;ce31fdfcab816e2a3786d5eb7962a1b146323974b7ccfe9e51138a2238350a0f;0.5229864856536042;0.3940530533718732;0.8358658001826923;0.6750407639180748
False;False;True;False;False;False;True;False;False;True;True;0;False;False;False;False;0;False;False;False;False;0;True;False;False;True;False;0;6;False;0;False;0;6;False;False;True;4600c4fcc975d159a5e3ffbfcdd460a5f0b55113d1a74f9251f432d5c087b232;0.1435617909260385;0.0963496830312574;0.3190928145915459;0.28737110894766515
False;False;False;True;True;False;True;False;False;False;True;0;False;False;False;True;0;False;False;False;True;0;True;True;False;False;False;0;18;False;0;True;0;6;False;False;True;b0d2c28901bf6b6488de31d85abab0e0937380729379d79c66aa7c535ac11fab;0.5008910250127511;0.3878208793682952;0.6971842282013306;0.5641108242999825
False;False;False;False;True;False;False;True;False;False;False;0;True;False;False;True;0;False;False;True;False;0;False;False;False;False;False;0;0;False;0;False;0;6;True;False;False;e923f80de55ea94b6100e6d02561665435233eb80eae4ee7d13aa2b97cdb70c2;0.5338675027561615;0.4088953219926591;0.8264761140225636;0.6662694767437184
False;False;True;True;False;False;True;False;False;True;True;0;False;False;False;False;0;True;False;False;False;0;False;True;False;True;False;0;6;False;0;True;0;6;True;False;False;e990d86eca1791e44d96a91e5a45db928f9c1d6ab3eda14172f71d3e97c0321a;0.7778666305454554;0.6411178369087893;0.828285559528905;0.6776085234378979
False;False;False;True;True;False;True;False;False;False;False;0;False;False;False;True;0;True;False;False;True;0;False;True;False;False;True;0;0;False;0;True;0;6;False;False;False;d854dc3cb8b5b1e67ba8412d6e9e8062a1782d36fd936bdbcc5c0e0f7ed7d1ef;0.525646200491488;0.4035467305517772;0.815448167719445;0.6510628988169066
False;False;False;False;True;False;False;False;False;True;True;0;True;False;False;False;0;False;False;False;False;0;True;False;False;True;False;0;24;False;0;False;0;6;True;False;False;3a013b2d6f61be123359cae3b456f2318e6b16d909273e7392766c3c849af01c;0.1415959055232731;0.083763289713214;0.3490808537765719;0.29802270322329955
False;False;True;False;False;False;False;False;False;True;True;0;True;False;False;True;0;False;False;False;False;0;True;False;False;False;True;0;18;False;0;False;0;6;False;False;False;fd0c58a4afcd80c75f89f9cf9ce7849962ae71d8b1f5f5e14a05705e2c048349;0.5088330830525448;0.4160060512074002;0.6098853965624437;0.4950829334756836
False;False;False;False;True;False;False;False;False;True;True;0;True;False;False;False;0;False;True;False;False;0;False;False;False;True;False;0;24;False;0;False;0;6;True;False;False;1b0426cd33750d5ac74d40d4271d545319581c79630cf8386230073dfb4bcf13;0.7214567385868809;0.5630760026981483;0.8921227963520929;0.7251777471692625
False;False;True;False;False;False;True;False;False;True;True;0;False;False;False;False;0;False;True;False;False;0;False;False;False;True;True;0;18;False;0;False;0;6;False;False;False;67dd44ce0c6400949301702a5eed3b2ea5c3776637e40f1b1678c0359ae24e2c;0.8340041565441345;0.7099737327676984;0.8383039561920972;0.6834544058600117
False;False;True;False;False;False;False;False;False;True;True;0;True;False;False;False;0;True;False;False;False;0;False;False;False;True;False;0;18;False;0;False;0;6;True;False;False;1ec05aaa2fd3ee9672c8a2cb1f6e1c191b33bbd6008f0d6dce6eb4ec3654b812;0.8614518637259128;0.7402419959824386;0.8506851859629351;0.6969683166367063
True;False;False;True;True;False;True;True;False;False;True;0;False;False;False;True;0;False;False;False;False;0;True;True;False;False;False;0;18;False;0;False;0;6;False;False;True;b72d95c3e74cf6706df56d5ffc8dd7c6aba6b3893c8deae60c6f2bb14940f709;0.5404579883712222;0.4257462569269383;0.6942739181704926;0.5614523451842791
True;False;True;True;False;False;False;False;False;False;True;0;True;False;False;False;0;True;False;False;True;0;False;True;False;True;False;0;24;False;0;False;0;6;False;False;True;561cd78397425940adaa27da1350ece557e6902754f67e50af86d219e0537dcb;0.906985134634294;0.7838101971240192;0.8552078556450783;0.6870354716066173
False;False;False;False;True;False;True;True;False;False;True;0;False;False;False;True;0;False;False;False;False;0;True;False;False;False;False;0;24;False;0;False;0;6;False;False;True;0b2f13b2236f57fbdb22a31585865d0d124e38224a007121ad5bf72fb28b17e2;0.5234258523528493;0.415646323650913;0.6683905444894427;0.5345943037212116
False;False;False;False;True;False;False;True;False;False;True;0;True;False;False;True;0;False;False;True;False;0;False;False;False;False;False;0;6;False;0;False;0;6;False;False;True;2be718decfbff89574a40b55c52e163b526103bdf42cadfea1ebf4af79f04af8;0.7314140820279363;0.5672586771486934;0.9002754016643392;0.7407518456998983
False;False;True;False;False;False;True;False;False;True;True;0;False;False;False;True;0;False;True;False;False;0;False;False;False;False;False;0;6;False;0;False;0;6;False;False;True;e8a20b1a9f53d074bb9b851c082833829814e3fcfd526b95112313206e4d4529;0.7302866198567313;0.5946772201641497;0.8339490834295689;0.6798662232017302
False;False;False;False;True;False;False;False;False;False;True;0;True;False;False;True;0;False;False;False;True;0;True;False;False;False;True;0;24;False;0;False;0;6;False;False;False;bd7179c296472654ca93f893a6f6b0c39275f8e72683366cd517788afd9748fc;0.4600940380098;0.3598917467460323;0.649399821544393;0.5208615600897795
True;False;True;True;False;False;True;False;False;False;False;0;False;False;False;True;0;True;False;False;True;0;False;True;False;False;False;0;0;False;0;False;0;6;False;False;True;081ca05e84e64c02c869d65c282006f8617138bfb960025162d679ed2d6aff3d;0.6063878188251225;0.4607895172771529;0.8398284370037086;0.6728287627904682
False;False;False;True;True;False;False;False;False;False;False;0;True;False;False;False;0;True;False;False;True;0;False;True;False;True;False;0;0;False;0;True;0;6;False;False;True;9996615ce8a392d9fb7e8ccf38e7b6a07f6c0cfb227bb3170894b3f624c60d60;0.5412703022709828;0.4169085852176696;0.8265914610211784;0.6644057223914116
False;False;False;False;True;False;False;True;False;False;False;0;True;False;False;False;0;False;False;False;False;0;True;False;False;True;True;0;0;False;0;False;0;6;False;False;False;1695e280a8a57843a76393728b96250970ede75266d10942e7c42824b00bc598;0.1013791848481915;0.0619095155184595;0.3177743041650015;0.26605803300038666
False;False;False;False;True;False;False;True;False;False;False;0;True;False;False;True;0;False;True;False;False;0;False;False;False;False;True;0;0;False;0;False;0;6;False;False;False;2da1d5a66e70edbe742ddf46bbbcf529feb16122179b90fa581494160470081e;0.5232926898715727;0.399542103409605;0.811455555753103;0.6516728631278723
False;False;True;True;False;False;False;False;False;False;False;0;True;False;False;False;0;False;True;False;True;0;False;True;False;True;True;0;0;False;0;True;0;6;False;False;False;76e40d72b9325e876083f6da7512419ba4d73a1aa6def64cf9c3e2211d7d088d;0.5845632907295;0.443442327993687;0.8191347125317461;0.651098496872821
False;False;True;True;False;False;False;False;False;True;True;0;True;False;False;True;0;False;True;False;False;0;False;True;False;False;True;0;6;False;0;True;0;6;False;False;False;c9f33df4d6ce49ed0f4b608252e19c47351a91a005638cd41c78153c3218a878;0.7520771346332565;0.6136931573396344;0.8091591655570445;0.6531017132076798
True;False;True;True;False;False;False;False;False;False;True;0;True;False;False;False;0;True;False;False;True;0;False;True;False;True;True;0;24;False;0;False;0;6;False;False;False;97d327d91fe9a0584b76a1dda5b66dd6c1a80653b748d5516a2ee6da11af5e2a;0.8719178240015517;0.7411494074269704;0.8429426993611514;0.6721416757584423
True;False;False;True;True;False;True;True;False;False;True;0;False;False;False;True;0;False;False;True;False;0;False;True;False;False;False;0;6;False;0;False;0;6;True;False;False;8b4728fc11fcc2f2f754666782cc036440da96b06cfca88808134f7726141ce0;0.7343060309624179;0.567471972049604;0.9067761376874783;0.7508392096276688
True;False;True;True;False;False;False;False;False;True;True;0;True;False;False;False;0;True;False;False;False;0;False;True;False;True;False;0;24;False;0;False;0;6;True;False;False;c112d343e84311c53d68ac23962115306730c74ae645a8eb4e9466b8a7eb45d7;0.8841478753949082;0.769639421740291;0.8379727733696837;0.6757397434829239
False;False;True;True;False;False;True;True;False;False;True;0;False;False;False;True;0;False;False;False;False;0;True;True;False;False;False;0;18;False;0;True;0;6;False;False;True;aca9ae833941d0196219c17ff607862a000aa3a9fea9554b2ce05ab2fed7a2d2;0.5766076316544223;0.4653139093452458;0.5947338334631025;0.4727557396645858
False;False;False;True;True;False;False;False;False;False;True;0;True;False;False;False;0;False;False;False;True;0;True;True;False;True;False;0;24;False;0;True;0;6;True;False;False;e2e45c0e7ad9e7657f26f04277525a0516e8d3c418d41f8b3d296dfbcc209cb2;0.1514816932629568;0.0899360159923213;0.3482938292005817;0.2999049464760231
True;False;True;True;False;False;False;True;False;False;True;0;True;False;False;True;0;False;True;False;False;0;False;True;False;False;True;0;24;False;0;False;0;6;False;False;False;a0f0593cd25b376403e53368ccfd92668aae08f5ecdb639136271e6edc073b4b;0.954858669198674;0.877242380446297;0.7907218500993191;0.614865823803312
False;False;True;True;False;False;True;False;False;False;True;0;False;False;False;False;0;True;False;False;True;0;False;True;False;True;False;0;18;False;0;True;0;6;False;False;True;10d28d0fd5fd5ad75ca45273f4fc1926885b5d3184a290a69a38a0a3db64b791;0.8175061956073251;0.6704831673559664;0.8252874139724103;0.6634727789370819
False;False;True;False;False;False;False;False;False;True;False;0;True;False;False;False;0;False;False;True;False;0;False;False;False;True;True;0;0;False;0;False;0;6;False;False;False;05b4a26132f27dfde04ae45be498d623ba32ba65229737f800c938498bc7689c;0.6015260542548388;0.4681511388334133;0.7939952583441059;0.6331452528018495
True;False;False;True;True;False;False;True;False;False;True;0;True;False;False;False;0;False;True;False;False;0;False;True;False;True;True;0;24;False;0;False;0;6;False;False;False;7ad3918d2ed16bf4615b8eb451467fd443a829d730391773a80e8e21b5211708;0.8188502809878319;0.6732364873218213;0.8671867341368663;0.6899034148727127
True;False;False;True;True;False;True;False;False;False;True;0;False;False;False;True;0;False;False;False;True;0;True;True;False;False;False;0;24;False;0;False;0;6;True;False;False;54542f5804faf2c4d1769dd6e1b001fe10abc8932847f60fa8529f6e841cd156;0.5102611221000293;0.399715228618385;0.6968930559661336;0.5645480974717435
False;False;False;True;True;False;False;False;False;False;True;0;True;False;False;True;0;False;True;False;True;0;False;True;False;False;True;0;6;False;0;True;0;6;False;False;False;ad55f89e807a1b8afbf2145e93f2923d9373726119b5697661bb56b49852d04c;0.7313402975580314;0.5693348355773186;0.9085767692732514;0.7476125792224527
False;False;True;True;False;False;False;False;False;True;True;0;True;False;False;False;0;False;False;False;False;0;True;True;False;True;True;0;18;False;0;True;0;6;False;False;False;740ddd387d1bc2bf5280c7d1812d0ee1f32e8044f26eb803bee54949b3cc5734;0.1614946540568418;0.1209776973684757;0.3059015074739912;0.2760658793060968
True;False;False;True;True;False;False;False;False;True;True;0;True;False;False;False;0;False;False;True;False;0;False;True;False;True;False;0;24;False;0;False;0;6;False;False;True;9f3b5d1dfc6675ee8d1688ecbcdf53506040036465710382b25c711d449ec39d;0.7373825917863489;0.578263163370142;0.8944831233390502;0.7266649509867644
True;False;True;True;False;False;True;False;False;False;True;0;False;False;False;True;0;False;True;False;True;0;False;True;False;False;False;0;24;False;0;False;0;6;False;False;True;deeca0f50fa91f8068c3f3b56c990a674356b30b642008ce7f6977607c241a76;0.9038096035693206;0.781157202781165;0.8569225765280563;0.6898818910788944
True;False;False;True;True;False;True;True;False;False;False;0;False;False;False;True;0;False;False;False;False;0;True;True;False;False;False;0;0;False;0;False;0;6;True;False;False;ebb2dd7b060ec707bb458be732eedc66856d1e1965af8dedc4827a26c69d9257;0.3801995616056184;0.2916251338591408;0.669271974471214;0.5393356753702031
False;False;True;True;False;False;False;False;False;True;True;0;True;False;False;True;0;False;False;False;False;0;True;True;False;False;False;0;6;False;0;True;0;6;True;False;False;553c178bbfda8be5a8d844e7e03691c803fa17a9779a8616bc9a0dc6187ce432;0.5029944616983452;0.4021306875371455;0.6287929277704402;0.512865932190016
False;False;True;False;False;False;False;False;False;True;False;0;True;False;False;False;0;False;False;True;False;0;False;False;False;True;False;0;0;False;0;False;0;6;False;False;True;b95c12c3c2ac4e879f7bda4f94d1f3e7b5ea65fe8e494c3c0996bd9d1ef05c1f;0.6206085991964873;0.4860129031622008;0.8067319241002636;0.6442545078456596
False;False;True;False;False;False;False;False;False;True;False;0;True;False;False;True;0;True;False;False;False;0;False;False;False;False;True;0;0;False;0;False;0;6;False;False;False;ce0f795423d3884a482ab468585fa1af2429ac3c3512cabaf600303ada8e32ed;0.5979215511123132;0.4654322227380694;0.7914940064822484;0.6301213961511398
False;False;False;True;True;False;True;False;False;False;True;0;False;False;False;True;0;False;True;False;True;0;False;True;False;False;False;0;24;False;0;True;0;6;True;False;False;3a5867caf99c1df992bc4f46195eb8878af93ce6a3ee3b7f56c9ac5722d460ad;0.7439537183328924;0.5798041672214309;0.8744599586585854;0.6905508739773905
True;False;True;True;False;False;False;False;False;True;False;0;True;False;False;False;0;True;False;False;False;0;False;True;False;True;False;0;0;False;0;False;0;6;True;False;False;6db060de8ef554ec8f1f121f4aefcd075d9e4734afbcd352db9daa5a00eee5b3;0.6191442894948191;0.485621678508258;0.8095012135640692;0.6496256804117919
False;False;True;False;False;False;True;True;False;False;True;0;False;False;False;True;0;False;False;False;False;0;True;False;False;False;False;0;18;False;0;False;0;6;True;False;False;a62f9cbbc1933858afb8ee2d9c9c1df625cec88c9f08a281ee4578319dd2dab6;0.6068279941379977;0.4955314434350805;0.6321198981142501;0.5076976374957904
False;False;True;True;False;False;True;False;False;False;True;0;False;False;False;False;0;False;False;True;True;0;False;True;False;True;True;0;24;False;0;True;0;6;False;False;False;e532b6ada24ead0e38ae69b72f4aed7670a3db74e49ae167a2a2f6eb3424fc0c;0.7887261374438898;0.6340792185662923;0.7982420397838633;0.6164500684805074
False;False;True;False;False;False;True;True;False;False;True;0;False;False;False;True;0;False;False;True;False;0;False;False;False;False;False;0;6;False;0;False;0;6;True;False;False;9e35b7dcfb30f077fdd63bc60c32965ec7626ae80d3c9b74b0345a75d7e0a130;0.7975388836289703;0.6600108646482082;0.8260173917818048;0.6646651397238362
False;False;True;True;False;False;True;False;False;True;False;0;False;False;False;False;0;False;False;False;False;0;True;True;False;True;False;0;0;False;0;True;0;6;False;False;True;0ead3585ffc2dd5c5898461e08a6b0f6d15b9e1b36ea1fb6dc100cf1761fae41;0.1463215089688194;0.0980783726771716;0.3301275504351046;0.27847968631385867
True;False;True;True;False;False;False;False;False;True;True;0;True;False;False;True;0;False;False;True;False;0;False;True;False;False;False;0;24;False;0;False;0;6;True;False;False;5408efba504214dc3305fa0eb359b3f6ae6b1e91c7fd2bd53dd4b1fb45c920e6;0.8827903919702338;0.7673957955586326;0.8389469067359786;0.6761816266717267
False;False;True;False;False;False;False;False;False;True;True;0;True;False;False;True;0;False;True;False;False;0;False;False;False;False;True;0;24;False;0;False;0;6;False;False;False;d3fe0d1cb7a5c29d20ecef454a99881571cb018ffbf34cb5e200589d13858393;0.8409919025489391;0.7182206087116183;0.8200034487962222;0.6519389096576326
False;False;False;False;True;False;False;False;False;True;True;0;True;False;False;False;0;False;False;True;False;0;False;False;False;True;True;0;6;False;0;False;0;6;False;False;False;ff9a28308865589dfc45683fc12ce5919ddc6d0d997682edc294296d82f3b7de;0.658412349022552;0.4915922387777606;0.9007493913651514;0.7368190743504431
False;False;True;True;False;False;True;False;False;False;False;0;False;False;False;False;0;False;False;True;True;0;False;True;False;True;False;0;0;False;0;True;0;6;True;False;False;2ae4ccfc2f641560e81530e0b58d79ab19588d0483cceac3a293eea5de97b572;0.606633225513184;0.4607315875456194;0.8392866296193535;0.6712176750920089
True;False;False;True;True;False;True;True;False;False;False;0;False;False;False;True;0;False;False;True;False;0;False;True;False;False;False;0;0;False;0;False;0;6;False;False;True;3e084b55e249188f1c10034817a41a8e87024f651dfd639289a9387077cd3e85;0.5345066322071848;0.4095228181802576;0.821675786477755;0.6608315867879472
False;False;True;False;False;False;False;False;False;False;True;0;True;False;False;False;0;False;False;False;True;0;True;False;False;True;False;0;18;False;0;False;0;6;False;False;True;ece62945fb745de06a4245fa7dad9f6cc01ecda3bb69a6ea3b9a7fe42c41ac7f;0.165136915347942;0.1170961984506151;0.3255171815983092;0.2998594339714076
True;False;True;True;False;False;True;False;False;True;False;0;False;False;False;False;0;False;False;True;False;0;False;True;False;True;False;0;0;False;0;False;0;6;False;False;True;fc473834f66764ad150d4acc05ecc1cccd2bbce1f563b51b360a57da9ff16b01;0.6208638928011713;0.4868858868217297;0.8054990413144021;0.6439179063759419
True;False;False;True;True;False;False;False;False;False;True;0;True;False;False;True;0;False;False;False;True;0;True;True;False;False;True;0;24;False;0;False;0;6;False;False;False;dd4544f345de8a515a1d4d590167a010afc6e3e7aaf8131731d5ab1a62792ce1;0.4712798854160993;0.3669773903312781;0.657128189047399;0.5251015369036955
True;False;False;True;True;False;True;True;False;False;True;0;False;False;False;False;0;False;False;False;False;0;True;True;False;True;False;0;24;False;0;False;0;6;False;False;True;9622811711b8809bdeedfd2e2a2f6e25d3137a0f06eb2deb8da3c7a9f3e1463f;0.1548335866115853;0.0987076518501293;0.33591923772620863;0.2942693516654478
False;False;True;True;False;False;True;False;False;True;True;0;False;False;False;True;0;True;False;False;False;0;False;True;False;False;True;0;18;False;0;True;0;6;False;False;False;5d8f7e4546d1aa49462f3fdffaccc3c976049889eab262ebefd2481f90a89769;0.7811436022049791;0.6483878825282782;0.7837431772139671;0.6267478013581929
False;False;True;False;False;False;True;False;False;False;True;0;False;False;False;False;0;True;False;False;True;0;False;False;False;True;False;0;18;False;0;False;0;6;False;False;True;f9b751d84fe934568fec0e00d0fcf5ec8035cc532c3bbc05d6a9f976abb361ea;0.8750149962484844;0.743793812205417;0.8701508040357208;0.7112760507846863
False;False;True;False;False;False;True;False;False;True;False;0;False;False;False;True;0;False;True;False;False;0;False;False;False;False;True;0;0;False;0;False;0;6;False;False;False;4598de02898dc5b469c3e4a8520b70defc5522b56c742db49ac7f4ff1dfa3d93;0.5993903577946781;0.4667210537313435;0.7925513549909442;0.6307045974392693
True;False;True;True;False;False;False;False;False;True;True;0;True;False;False;True;0;True;False;False;False;0;False;True;False;False;False;0;6;False;0;False;0;6;True;False;False;40de60a9979d4dfda8ba551d9c7a7ef1830e6bd78e64684b80017e9fce707374;0.7252738230722994;0.5876057281419125;0.8328781233075757;0.6825139327909523
False;False;True;True;False;False;False;False;False;False;True;0;True;False;False;False;0;False;True;False;True;0;False;True;False;True;True;0;24;False;0;True;0;6;False;False;False;3fb99385eba64b3be87b4b951f63d48ba417f81766f52561e0ed0e85533cb842;0.7865442792071025;0.6314430466551533;0.7929314864918978;0.6085230522180384
False;False;False;False;True;False;True;False;False;True;False;0;False;False;False;True;0;False;False;False;False;0;True;False;False;False;False;0;0;False;0;False;0;6;False;False;True;2d0c6a8b60d0f22abf16f395597a7d677ce237356bb0f7588d697fe6ac7722ca;0.3643924684695;0.279896125838081;0.6729131390390902;0.5478519507684076
False;False;False;False;True;False;False;False;False;False;True;0;True;False;False;False;0;True;False;False;True;0;False;False;False;True;False;0;24;False;0;False;0;6;True;False;False;ac1258852867dea88ffc27fb87bf4fce4ea37cf9c1392b823c32850b8ac64853;0.7716633854146885;0.6219121367467758;0.887229402677211;0.7201373306860649
False;False;False;False;True;False;False;False;False;False;False;0;True;False;False;True;0;True;False;False;True;0;False;False;False;False;False;0;0;False;0;False;0;6;True;False;False;a1dbaab65c325ec28baa233ef3719c9db29e3c1f8e96effdab3b4b8b57d536b2;0.5316149592993518;0.4095292515844702;0.8283567147203514;0.6709428376084181
False;False;True;False;False;False;False;True;False;False;True;0;True;False;False;True;0;False;True;False;False;0;False;False;False;False;False;0;24;False;0;False;0;6;True;False;False;453b1397263139a33290f6e0bc471a11f318265dc3c6fceb2b3279b3349b0ba4;0.9738678670832596;0.9173209728070016;0.8116410279222342;0.6365565075816779
False;False;False;True;True;False;False;False;False;True;False;0;True;False;False;False;0;False;False;False;False;0;True;True;False;True;True;0;0;False;0;True;0;6;False;False;False;0ca1011f954f2cd3577cc6fda8f7cb0a521121c1b116b002731f07cad5562826;0.1051873592297688;0.0670445739364862;0.33656429373587715;0.2859412662164976
False;False;True;True;False;False;False;True;False;False;True;0;True;False;False;True;0;False;False;False;False;0;True;True;False;False;True;0;18;False;0;True;0;6;False;False;False;60073cf3c8285fcf997a15eb339017fe1fb91158ae7ce09227732e0e6367098c;0.5465716786113326;0.4375389037228384;0.5706088986348449;0.45116493876642344
False;False;True;True;False;False;True;True;False;False;True;0;False;False;False;True;0;False;False;False;False;0;True;True;False;False;False;0;6;False;0;True;0;6;False;False;True;15300be255e9cf5b41318d972c9d7ef461eed83b94a2165a36fa0fa8b9cae5cc;0.5721088746689145;0.4553243525190316;0.644994903842433;0.5169210094958993
False;False;True;True;False;False;True;True;False;False;False;0;False;False;False;False;0;False;True;False;False;0;False;True;False;True;False;0;0;False;0;True;0;6;True;False;False;f5dc0fbf2e0f844d1acdf9544ae4b340cfaaa1369b0015ef53cf06078b7d9fc8;0.6545012716128501;0.5089260872480196;0.8049413825490942;0.6317939981106744
False;False;False;False;True;False;False;False;False;False;True;0;True;False;False;True;0;False;True;False;True;0;False;False;False;False;False;0;24;False;0;False;0;6;True;False;False;8edf1e2dc909c7a23d1a6271e40250bab5368da3ea875af1fd81f849121643fe;0.7693733785869473;0.6199420995079314;0.8860309084876447;0.7188509216669186
True;False;False;True;True;False;True;True;False;False;True;0;False;False;False;True;0;False;False;False;False;0;True;True;False;False;False;0;18;False;0;False;0;6;True;False;False;d579dc431c3c766c1577f98984e2e3c059426bbb5bcd69c9fe91366f370f6a10;0.5489421781370434;0.4321541458965656;0.7041395808085708;0.5711544501657099
True;False;False;True;True;False;False;True;False;False;True;0;True;False;False;False;0;True;False;False;False;0;False;True;False;True;True;0;18;False;0;False;0;6;False;False;False;82616d63edb9a45c76c12c950acc152a7d835961f291032371b834f476704459;0.819499635692957;0.6687497310033726;0.8854078813607067;0.7172696601659091
False;False;False;True;True;False;True;False;False;False;True;0;False;False;False;True;0;True;False;False;True;0;False;True;False;False;True;0;6;False;0;True;0;6;False;False;False;f96e52000140d81b828c7b32f1a70cbc5223f5cac247b20cffd187209a44cfed;0.7331630878299988;0.5686827769095548;0.9116910754866601;0.750066668902685
False;False;False;False;True;False;False;False;False;True;True;0;True;False;False;True;0;True;False;False;False;0;False;False;False;False;True;0;6;False;0;False;0;6;False;False;False;4cb01e46c1049c2c77e3ff2c2fd552a223421c3b2182690468a3bc9d184fcb1a;0.6570475975049127;0.4912748441111227;0.8992239365532139;0.7352171219614623
False;False;False;True;True;False;False;False;False;True;True;0;True;False;False;False;0;False;False;False;False;0;True;True;False;True;False;0;6;False;0;True;0;6;True;False;False;fe7d165809edf00d359d5ae32d97fda690ef4ce64248e87efa8b1ec5e4e5b4cf;0.1568114914916984;0.0979716435316934;0.37086669647906373;0.33044362604888056
False;False;True;True;False;False;True;True;False;False;True;0;False;False;False;False;0;False;True;False;False;0;False;True;False;True;False;0;24;False;0;True;0;6;True;False;False;b08faf78c80819467d5096552f08b8c8c719549eade186a97ad70b060cc68a42;0.8992911846137388;0.7786471942152597;0.7565735726955746;0.57776640295115
False;False;True;False;False;False;True;True;False;False;True;0;False;False;False;False;0;False;False;True;False;0;False;False;False;True;False;0;24;False;0;False;0;6;False;False;True;3765067277c7a6fe75e4f49dfa7f91a4f1d98a785cfeceed4fab41febd009913;0.9810906821712038;0.9334471237167522;0.8087788819278247;0.6332664950331222
False;False;True;False;False;False;True;False;False;True;True;0;False;False;False;False;0;False;True;False;False;0;False;False;False;True;True;0;24;False;0;False;0;6;False;False;False;830508660fda07a6fdc0b3c85bf163ecce4e8529f83543778a290a4f6059e1c8;0.8488188526041879;0.7259874382414072;0.8293522653045518;0.6644178098827005
False;False;True;False;False;False;False;False;False;True;False;0;True;False;False;True;0;False;True;False;False;0;False;False;False;False;False;0;0;False;0;False;0;6;True;False;False;3e3674313916055f412e3d805d9b1f8f9f15102d808440bd590f30bee393649c;0.618064920516404;0.4830149328096838;0.8102264439386903;0.6487857855635815
True;False;True;True;False;False;True;False;False;True;True;0;False;False;False;False;0;False;False;False;False;0;True;True;False;True;False;0;6;False;0;False;0;6;False;False;True;3d973ab36aa16fbedb41fa529f88b81c736803f9d035d42ca4d26f3aa35ee626;0.1467839711525205;0.1001460044614332;0.3197301929240438;0.2903793137730568
True;False;True;True;False;False;False;True;False;False;True;0;True;False;False;True;0;False;False;False;False;0;True;True;False;False;False;0;24;False;0;False;0;6;True;False;False;69cc148be8be9f351d012a4384aabfccf61ede5aa9da2babd89386ac29b87f77;0.612005755985066;0.512315546290379;0.5997582122997558;0.4743178220790146
False;False;False;True;True;False;False;True;False;False;False;0;True;False;False;True;0;False;True;False;False;0;False;True;False;False;True;0;0;False;0;True;0;6;False;False;False;938eeef773289ec136eac7712947cbbb294782f88cbbc9a6b41df7fefc6a054e;0.5293894053087789;0.4031114739606591;0.8145804902688758;0.6515601366147505
True;False;False;True;True;False;False;False;False;False;True;0;True;False;False;False;0;False;False;False;True;0;True;True;False;True;False;0;24;False;0;False;0;6;True;False;False;82845786892b2edab9f8ff72588264d239044f5f7ec36cda34600d4f86de985f;0.1532733019856776;0.0934816829112014;0.3548928476021404;0.3121351917831968
True;False;False;True;True;False;False;False;False;True;True;0;True;False;False;True;0;False;True;False;False;0;False;True;False;False;True;0;18;False;0;False;0;6;False;False;False;f7232794ded29b804822efe3a83123ba29541c92ae197f79221770639236a3b0;0.7189039126643478;0.5607168714113222;0.890319252061205;0.7267781918499236
True;False;True;True;False;False;False;False;False;False;False;0;True;False;False;True;0;False;False;True;True;0;False;True;False;False;False;0;0;False;0;False;0;6;True;False;False;8ade6bceffcf725cb3c661d4b1071bdd294325691012b5716180d820ce7e7d37;0.6073391240176583;0.4623906261647116;0.8474763881480031;0.6819548382028349
False;False;False;False;True;False;False;False;False;True;False;0;True;False;False;False;0;False;False;False;False;0;True;False;False;True;True;0;0;False;0;False;0;6;False;False;False;9563459c0259f3e4823d7ffe7d90242126773c7f491641b17b6a56f8499756bf;0.1026226659383287;0.0645813335117216;0.33480333998364736;0.28543372614561674
False;False;True;True;False;False;False;False;False;False;False;0;True;False;False;False;0;False;True;False;True;0;False;True;False;True;False;0;0;False;0;True;0;6;True;False;False;6f8a309daab026a515e89be2a9ca7eb9433377d49852ec0c7824182b23bfcdfd;0.6065828788585795;0.4604976000320672;0.83895584772071;0.6707111661587276
False;False;True;False;False;False;True;False;False;False;False;0;False;False;False;True;0;False;False;True;True;0;False;False;False;False;False;0;0;False;0;False;0;6;False;False;True;b7d8b0601f84336eece2d6ee18c535ed01ec4b261f8c09420134753d922c6af5;0.606983947208702;0.4609413716122265;0.8404110654367086;0.672596180826016
False;False;True;False;False;False;False;True;False;False;True;0;True;False;False;True;0;False;False;True;False;0;False;False;False;False;False;0;24;False;0;False;0;6;False;False;True;c7f561974bc2ac3e38a97b067caa3ba1060a3c9a38c93446ba4d0046205e8bbf;0.9778856903218308;0.9260828644321965;0.8072059210571091;0.6306884426874476
False;False;True;True;False;False;True;False;False;True;True;0;False;False;False;False;0;False;False;False;False;0;True;True;False;True;False;0;24;False;0;True;0;6;False;False;True;07e4de2db1a98580d28936888773233c65f46a607f3220bc9d5f5cec84e1b743;0.1566775617259524;0.1158862542265757;0.29655856177140566;0.2660128949755758
False;False;True;True;False;False;True;False;False;True;True;0;False;False;False;False;0;False;False;True;False;0;False;True;False;True;False;0;24;False;0;True;0;6;False;False;True;0a5eff54e5473451aa854a26b6afae7e2cb802e01047eb23a53c98da375de2a3;0.8075705266240877;0.675669608007562;0.7778226902369663;0.6092745621219429
True;False;False;True;True;False;True;True;False;False;True;0;False;False;False;True;0;False;False;False;False;0;True;True;False;False;False;0;24;False;0;False;0;6;False;False;True;65979b09a4ae73fcbea892645cb1fab2ee22a825c8c133f50880ac9ae8bed63e;0.5352263499775959;0.4245442940439795;0.6751301540822126;0.538354211149675
False;False;False;True;True;False;False;False;False;False;False;0;True;False;False;True;0;False;False;False;True;0;True;True;False;False;False;0;0;False;0;True;0;6;False;False;True;d6731e01031821709943dcc9b9a531c70fb58be66046db1de87a2e34a6f19c83;0.3562253670352764;0.2732042280058681;0.640167808186928;0.5125473275185213
False;False;False;True;True;False;False;True;False;False;True;0;True;False;False;True;0;False;False;False;False;0;True;True;False;False;False;0;6;False;0;True;0;6;False;False;True;0946f923f5568781aeedab357268bfd9816921077d5ab99cd7fc0de6a1c91479;0.512612105658903;0.3985850581723261;0.701687203062508;0.5732918940214756
False;False;False;False;True;False;False;False;False;False;False;0;True;False;False;False;0;False;False;False;True;0;True;False;False;True;False;0;0;False;0;False;0;6;True;False;False;8406e42d8ca744976297cbd684641a5707ba3be7ae7a094c2b3e2637d95d16fe;0.1040516130116648;0.0631945615353657;0.3306085297206875;0.28175009257495714
True;False;False;True;True;False;True;True;False;False;True;0;False;False;False;False;0;False;True;False;False;0;False;True;False;True;False;0;24;False;0;False;0;6;False;False;True;e4902f9cedf487b6327428a66474e95eabee7c0dd44392da1c54fc1feadb7ed6;0.8516026390869171;0.7101086322089246;0.8805055300714414;0.7084616641461898
False;False;False;False;True;False;False;False;False;False;True;0;True;False;False;False;0;False;False;True;True;0;False;False;False;True;False;0;6;False;0;False;0;6;True;False;False;89d0650eb1e868d2f8ea5e78bd166b4834159d2240775b3da371a5204a6b9d12;0.6824440840884268;0.51508691306227;0.9035642270018566;0.7422755188734329
True;False;False;True;True;False;True;True;False;False;True;0;False;False;False;False;0;True;False;False;False;0;False;True;False;True;False;0;18;False;0;False;0;6;False;False;True;23c8f0c956d6f66ff3978806331a78f3a8dbd585351f4a7e6804303794351a0c;0.8467170267945995;0.6978626512831781;0.8962147706957966;0.7283218915906894
False;False;True;True;False;False;True;True;False;False;True;0;False;False;False;True;0;False;True;False;False;0;False;True;False;False;True;0;18;False;0;True;0;6;False;False;False;d9da52a92f272e67063ad3f4c0f003565c05c9dfaadc4a3abda0083019a404e9;0.8523843587558237;0.7274815294940652;0.7593386895107073;0.5991972063163842
True;False;False;True;True;False;True;False;False;False;True;0;False;False;False;False;0;False;True;False;True;0;False;True;False;True;False;0;24;False;0;False;0;6;True;False;False;478226e8b91fd9e223848097af04e9841a0c7c8bebe003eaabda02f9545b72e8;0.7897975250366776;0.6373747638480823;0.894820223152705;0.7282760982358295
False;False;False;False;True;False;True;True;False;False;True;0;False;False;False;False;0;True;False;False;False;0;False;False;False;True;True;0;24;False;0;False;0;6;False;False;False;49b2e420e59aac429dbf460a5814461a2b645eb20f2387363951e5bdf6ebda57;0.8058100705363882;0.6604835811988925;0.8656013394285171;0.6899620766678898
True;False;True;True;False;False;True;False;False;True;False;0;False;False;False;False;0;False;True;False;False;0;False;True;False;True;True;0;0;False;0;False;0;6;False;False;False;cd5f0844e445d6ab574976706eb2929d22072940c7433eab15c9894501181460;0.5975925001661198;0.4657958957739559;0.7894956305863895;0.6285867171739604
False;False;False;True;True;False;True;False;False;False;True;0;False;False;False;False;0;False;True;False;True;0;False;True;False;True;False;0;24;False;0;True;0;6;False;False;True;094802099a954f021532ac747c687c91a2a7716fb3c0456bf06bb770299e0de7;0.7510822060867837;0.5861338687008855;0.870805758191137;0.6849951562872123
