slice_timing_correction/ref_slice/middle;distorsion_correction;signal_modeling/temporal_noise_autocorrelation/FAST;slice_timing_correction;signal_modeling/temporal_noise_autocorrelation/AR1;spatial_normalization/algorithm/linear;motion_correction_realignment/register_to/mean;signal_modeling/hrf/temporal_derivs;spatial_normalization/algorithm/DARTEL;signal_modeling/hrf/canonical;signal_modeling/nuisance_regressors;spatial_normalization/bias_regularisation/extremely_light;motion_correction_realignment/register_to/first;spatial_normalization/bias_regularisation;spatial_normalization/template/MNI152_nonlinear;coregistration/source_target/func_on_anat;spatial_normalization/bias_regularisation/light;coregistration/cost_function/entropy_correlation_coefficient;coregistration/cost_function/normalised_mutual_information;coregistration/cost_function/mutual_information;signal_modeling/hrf/temporal_dispersion_derivs;spatial_normalization/bias_regularisation/very_light;coregistration/cost_function/normalised_cross_correlation;slice_timing_correction/ref_slice;signal_modeling/nuisance_regressors/comp_cor;coregistration/source_target/anat_on_func;spatial_normalization/interpolation/nearest_neighbour;spatial_normalization/bias_regularisation/heavy;signal_modeling/nuisance_regressors/motion;spatial_normalization/template/MNI152_linear;spatial_normalization/bias_regularisation/medium;slice_timing_correction/ref_slice/first;spatial_normalization/bias_fwhm;spatial_smoothing/fwhm;spatial_normalization/interpolation/trilinear;spatial_normalization/template/MNI305;spatial_normalization/interpolation/bspline;id;pearson_from_ref;spearman_from_ref;pearson_from_mean;spearman_from_mean
False;False;True;False;False;False;True;True;False;False;True;0;False;False;False;False;0;False;False;False;False;0;True;False;False;True;True;0;18;False;0;False;0;6;False;False;False;d73e0359ec51c3b847656b8f2bc157b083dae2057d53a4f43909202cad6551b7;0.1601299908628211;0.1135774300020566;0.28854993231329185;0.25925197838098585
False;False;True;True;False;False;False;False;False;True;False;0;True;False;False;False;0;False;False;False;False;0;True;True;False;True;False;0;0;False;0;True;0;6;True;False;False;e012bd4d9bab5a18593441c76f48ccc732bca3390703ffad76a4effde31136ac;0.1530438051244195;0.1032194228575597;0.34527816607716283;0.2925946985515977
False;False;True;True;False;False;False;True;False;False;True;0;True;False;False;True;0;True;False;False;False;0;False;True;False;False;False;0;24;False;0;True;0;6;True;False;False;84c27a9d96a41f520b1de0bf3ef88093bcf9761b45e45efa195b0f16e989e3b8;0.8974794963956164;0.7756936442573958;0.7586342330316245;0.5789256489085175
False;False;True;True;False;False;True;False;False;False;False;0;False;False;False;True;0;False;False;False;True;0;True;True;False;False;False;0;0;False;0;True;0;6;True;False;False;0c7beba1bec8f4ff1c5ebff7e2af248230c4ce91c277751ff035fe2b84549194;0.4174285017061168;0.3102603591633239;0.6572413218658003;0.5202866557050345
True;False;False;True;True;False;True;True;False;False;True;0;False;False;False;False;0;True;False;False;False;0;False;True;False;True;False;0;24;False;0;False;0;6;False;False;True;bd680f4a5114da7b91609bc9ea47b7323842816ba6343500c37d9e15d8cb6f6a;0.8513208942773167;0.7097034226299054;0.8819667381769519;0.710929924843568
False;False;True;True;False;False;False;False;False;True;False;0;True;False;False;False;0;False;True;False;False;0;False;True;False;True;False;0;0;False;0;True;0;6;True;False;False;5e45d48fd8f51054004b526f637b058b012d8347df6b379b7c290f2f1510c2a1;0.6145806465604783;0.4846038818896219;0.7911339244829877;0.6321504375671132
False;False;False;True;True;False;True;False;False;False;False;0;False;False;False;False;0;True;False;False;True;0;False;True;False;True;True;0;0;False;0;True;0;6;False;False;False;edff2ab1ef5565f4e9b1eea8c7247419318afe52c40700982fa2a001dd1ac68e;0.524638797707083;0.4030854357258064;0.8101128770267814;0.6468905110772777
False;False;True;True;False;False;False;False;False;False;True;0;True;False;False;True;0;False;True;False;True;0;False;True;False;False;False;0;6;False;0;True;0;6;True;False;False;1e84206efabac4b27fa318b5c63826857515016fdcee8fb0aaabefa8cfb414c5;0.7583722573259514;0.6041385432015473;0.84346386287113;0.6827679060022739
True;False;False;True;True;False;True;False;False;False;True;0;False;False;False;False;0;False;False;False;True;0;True;True;False;True;True;0;24;False;0;False;0;6;False;False;False;65249358b716d0e236e4b9b958145dc2137d380bd674c5891cff2f7bdb6f263b;0.139546984456631;0.0849421841365151;0.34336866465801147;0.29929012749848527
False;False;True;True;False;False;False;False;False;False;True;0;True;False;False;True;0;False;False;True;True;0;False;True;False;False;True;0;6;False;0;True;0;6;False;False;False;97d89fdb17f75389f69bd5c29cf0c8feef728316f41323de04ddfffdbbe8b904;0.73620084617465;0.5829778015886318;0.8256769832204292;0.6597202930086469
False;False;False;False;True;False;True;False;False;False;True;0;False;False;False;True;0;False;False;True;True;0;False;False;False;False;False;0;6;False;0;False;0;6;False;False;True;09fbdd872a931ffaeb2422e212856182fa02f1b84a666edfe1e21a6d24c00371;0.6865327332322364;0.5203826376853459;0.898352950158204;0.733990400233138
False;False;True;True;False;False;True;True;False;False;True;0;False;False;False;False;0;False;True;False;False;0;False;True;False;True;False;0;18;False;0;True;0;6;False;False;True;beb8afa67126e0aa717713f6dbdddf3446f0d68dce25d530f34bc102e660f3b0;0.8871590998338796;0.7684106349668449;0.7747655815553461;0.6155258088733717
True;False;False;True;True;False;True;False;False;True;True;0;False;False;False;True;0;False;True;False;False;0;False;True;False;False;False;0;6;False;0;False;0;6;False;False;True;6f9e1875cc254e45700f674311e609ff7528ecd6ea9515e0ddb51794f6dbae7e;0.6797674328497564;0.5127159051688804;0.9115879706805357;0.7494962926934051
False;False;False;False;True;False;True;False;False;True;True;0;False;False;False;True;0;False;False;False;False;0;True;False;False;False;False;0;6;False;0;False;0;6;True;False;False;f01db2ff3fb49b55456ad5c164fdaacb3d4f72743216ac33eca11b62119be2ce;0.4539631297357316;0.336552572829958;0.7188018564530486;0.5853790263529313
False;False;True;False;False;False;True;False;False;True;True;0;False;False;False;False;0;False;False;False;False;0;True;False;False;True;False;0;24;False;0;False;0;6;True;False;False;2f0e7ad8253c445ff3da78b9247c711ad87c3d315a75924cc7dca7616f201149;0.1674036321452699;0.129073756091179;0.3250690867790684;0.30157889679942823
False;False;False;True;True;False;True;True;False;False;True;0;False;False;False;True;0;False;False;True;False;0;False;True;False;False;False;0;6;False;0;True;0;6;False;False;True;878ef2ae922e21f7d403fd2c29a63ebe1f882d050a67f0906f92b3d1175ef738;0.8021638571544749;0.6455589232481215;0.9207677852150841;0.7702803348588139
False;False;True;True;False;False;True;True;False;False;True;0;False;False;False;True;0;True;False;False;False;0;False;True;False;False;False;0;18;False;0;True;0;6;True;False;False;5336d87a4417494fbb99aaad53443c506030dca9fd77ca17a0903296591ea043;0.8802503052440745;0.7612673230156302;0.7793190833348997;0.6211794138769532
False;False;True;False;False;False;True;False;False;False;True;0;False;False;False;False;0;False;False;False;True;0;True;False;False;True;True;0;24;False;0;False;0;6;False;False;False;3c184b94e62e0a40b132d42b3c59df4ff179eb0256444d37c0251182a16006a3;0.1486219424533692;0.1031053830883626;0.3058390666828838;0.2854772853104232
False;False;False;True;True;False;False;False;False;False;False;0;True;False;False;False;0;False;False;False;True;0;True;True;False;True;True;0;0;False;0;True;0;6;False;False;False;b7061a9df796bb82f41788fb5917a224038f02bf357f84e7dec72e16081f22b7;0.0984485741074244;0.062468297568897;0.3234112277393449;0.27623436125122114
False;False;True;False;False;False;True;True;False;False;True;0;False;False;False;False;0;True;False;False;False;0;False;False;False;True;False;0;6;False;0;False;0;6;True;False;False;ecd6f686116ff16f49aa664cc5bee558b9cdf6e93c05308cabb9f0c8a70f3f5c;0.7988481864108361;0.6606941718606305;0.8231127940071902;0.6610638412729148
False;False;False;False;True;False;False;False;False;True;True;0;True;False;False;False;0;True;False;False;False;0;False;False;False;True;False;0;24;False;0;False;0;6;True;False;False;372b3afc48d30350a8acb9063fe403d1973351c14ab330d8e43ddab50cf79e9a;0.7214376147142408;0.5631729929969421;0.8946858288756774;0.7292104955097026
True;False;False;True;True;False;False;False;False;False;True;0;True;False;False;False;0;True;False;False;True;0;False;True;False;True;False;0;6;False;0;False;0;6;False;False;True;8a4709269a1982174652a20cbc65958984de19fcda912e49591d4c50f85015a8;0.6926207536829369;0.5236789179806822;0.9023850138527628;0.738828838888706
False;False;False;True;True;False;True;True;False;False;True;0;False;False;False;False;0;True;False;False;False;0;False;True;False;True;True;0;6;False;0;True;0;6;False;False;False;a58d7b04eece20f11a0881537fee9370edef0f4a3a0078e34c017140b4ea68aa;0.779988608308933;0.6225503869055137;0.9080662922987667;0.7539958584325169
False;False;False;True;True;False;False;False;False;True;True;0;True;False;False;False;0;False;False;True;False;0;False;True;False;True;False;0;18;False;0;True;0;6;False;False;True;0266b3232982f82a5805d77c2e660b1d24f7074577e05102f062d08dcda0de03;0.7134410837324175;0.5506645611173225;0.893445598686882;0.7260037372186438
False;False;True;False;False;False;False;True;False;False;True;0;True;False;False;True;0;True;False;False;False;0;False;False;False;False;False;0;18;False;0;False;0;6;False;False;True;7be92b93b9f316ba6c9e633abe79bdb4983cc2a6f094d51e48d53db3dba884a6;0.941060646800458;0.8452791649004223;0.8179134261812417;0.6544550732103839
False;False;False;True;True;False;False;False;False;True;True;0;True;False;False;True;0;False;False;False;False;0;True;True;False;False;True;0;6;False;0;True;0;6;False;False;False;c3ca49c964655fab28cb2d4600d304b13b58ef1edbbf33ef4a30d475a2a02b8f;0.4638064504206136;0.3516718899397306;0.7020535360670795;0.5763008055092843
False;False;False;True;True;False;False;False;False;True;True;0;True;False;False;True;0;False;False;True;False;0;False;True;False;False;False;0;6;False;0;True;0;6;False;False;True;708dd7fec31c772cf37721435f95c01c48c52cd6d1a4a2bf800a1af5a73c13da;0.7349131844998854;0.5710144072162323;0.9323667821103601;0.783931474608061
False;False;False;False;True;False;True;False;False;False;False;0;False;False;False;True;0;True;False;False;True;0;False;False;False;False;True;0;0;False;0;False;0;6;False;False;False;cb445b23bd743f2eb435319d69c69b82684c52ca4fb6209f61dba5672c4a7d2d;0.5204890257474335;0.4002290918388669;0.8110077454191056;0.6494629949484468
True;False;False;True;True;False;False;False;False;True;True;0;True;False;False;True;0;False;True;False;False;0;False;True;False;False;False;0;24;False;0;False;0;6;True;False;False;69c31e23ecb05f7a7b692631aa1a75f7ec65fd6101e12239f03570fc522bc770;0.7303178127551528;0.5701701895212665;0.8970324479490217;0.730925193101599
False;False;False;True;True;False;True;False;False;True;True;0;False;False;False;True;0;False;False;True;False;0;False;True;False;False;False;0;24;False;0;True;0;6;True;False;False;b1eae33dabea5786fe0e2e32e100cc71926b4d05481fe2bf187d018ca17e9b5f;0.6911238792018453;0.5269968168780881;0.8807908335610083;0.7040631960891386
False;False;False;False;True;False;True;False;False;True;True;0;False;False;False;True;0;False;True;False;False;0;False;False;False;False;False;0;6;False;0;False;0;6;True;False;False;40dee1bb285a0fbb863c45b51c2ea8fb8a7a269d7637a41721043d7ec8aab9fd;0.6704340456965485;0.5019394935478766;0.909696488311814;0.7462365626892649
False;False;True;False;False;False;False;False;False;False;True;0;True;False;False;True;0;False;True;False;True;0;False;False;False;False;True;0;18;False;0;False;0;6;False;False;False;74a3b67a3dad630393bdfb71487aff30d2bfc8ad50cae92059692b81197ae696;0.8442327876067967;0.7095327378792956;0.8543857844264237;0.6938365033119527
False;False;True;False;False;False;True;False;False;True;False;0;False;False;False;False;0;False;True;False;False;0;False;False;False;True;False;0;0;False;0;False;0;6;False;False;True;053a250342b01fed2cf9285c9636250fd65d72efc96b809cbb01fe01e6c70de3;0.6216833406646467;0.4869760653389672;0.8042610360822029;0.640827823278389
False;False;False;True;True;False;True;True;False;False;True;0;False;False;False;True;0;True;False;False;False;0;False;True;False;False;True;0;18;False;0;True;0;6;False;False;False;204864d765f4ab917958405915f862c7d6853a887b6d3e9995f240fb7335faca;0.7894045879414846;0.6332441641655172;0.8722928155790297;0.6994445463770884
False;False;True;True;False;False;False;False;False;False;False;0;True;False;False;False;0;True;False;False;True;0;False;True;False;True;False;0;0;False;0;True;0;6;False;False;True;0684fc36a34b15b2207e279359d87410742460f885bdaf80fd108a8f49fc2b6b;0.6079400086927234;0.4611914908099261;0.8319838967704826;0.6616675541802686
False;False;False;False;True;False;True;True;False;False;True;0;False;False;False;False;0;False;True;False;False;0;False;False;False;True;False;0;6;False;0;False;0;6;False;False;True;0ef5d6d7837e36c2cb55154f02b7b80de1846b1321a4ccd292e07638d7124e9a;0.7357136045160172;0.5709578627733678;0.8965780216982084;0.7349816700528777
False;False;False;True;True;False;True;False;False;True;True;0;False;False;False;True;0;False;False;False;False;0;True;True;False;False;False;0;18;False;0;True;0;6;False;False;True;15cbb32efa5f5db467b601cda64b21f57fe54ec77ccc4277f655300482f127e7;0.4630021593652922;0.3508247889482319;0.6950747994492985;0.5626699706117105
False;False;True;True;False;False;False;False;False;True;True;0;True;False;False;False;0;False;False;False;False;0;True;True;False;True;False;0;6;False;0;True;0;6;False;False;True;f5931229acb539b750bce1203d0d22d8e04bfb46274d9ee9a66000049bf2b26b;0.1670679304232514;0.1219406795610985;0.3296510527934329;0.30184002784786196
False;False;True;True;False;False;False;False;False;False;True;0;True;False;False;False;0;False;True;False;True;0;False;True;False;True;False;0;6;False;0;True;0;6;True;False;False;0097ae61b909f10d98ac36c0540e8dac9fb11c68cfe99ff91e88e0d3a35f7970;0.7605742492336272;0.6062409987592454;0.8437717476751045;0.6824002341439867
True;False;True;True;False;False;False;False;False;False;False;0;True;False;False;False;0;True;False;False;True;0;False;True;False;True;False;0;0;False;0;False;0;6;False;False;True;f04ef681338f874f41d908051953de2251871df7ef7a11739929746c1c9820d2;0.6092169629912019;0.4636487404125868;0.8378610371369287;0.6700801341715036
True;False;True;True;False;False;True;True;False;False;True;0;False;False;False;False;0;False;False;True;False;0;False;True;False;True;True;0;6;False;0;False;0;6;False;False;False;2ac5cad819eca20edc7cae909048afdbd56cae8846cd85d6a972d9d0e4ce2412;0.7796988760160262;0.6327567232061245;0.8096855405699002;0.6460395679090184
False;False;False;True;True;False;False;False;False;False;True;0;True;False;False;False;0;False;False;False;True;0;True;True;False;True;False;0;18;False;0;True;0;6;False;False;True;7c6abc5e7c2b21cfcc0c17d5dc8250a768245eaf743062f7a04430c197f39d59;0.1531012005609878;0.0970748992695442;0.35900248029443277;0.3165973257634687
False;False;True;False;False;False;True;False;False;True;True;0;False;False;False;True;0;True;False;False;False;0;False;False;False;False;True;0;18;False;0;False;0;6;False;False;False;c79d78410a8de8e08f275ef67c65ec95bbc20bb6ba1cb79d5ffae9295cdd686d;0.8348081807481701;0.7102084625656798;0.8412912788352549;0.6849637242877099
False;False;False;True;True;False;True;False;False;True;True;0;False;False;False;False;0;False;False;False;False;0;True;True;False;True;True;0;6;False;0;True;0;6;False;False;False;5526045f0bf19b1afc677c1f79c228bc3276a7eaa8b52091ef2d65ed187bde17;0.1467116281159634;0.0910049474646939;0.3619923126494865;0.3188219939672839
True;False;True;True;False;False;True;False;False;False;False;0;False;False;False;False;0;False;True;False;True;0;False;True;False;True;False;0;0;False;0;False;0;6;True;False;False;b780bc4f610bb9c70a4e17fbe65ae3d835751bb3991c830de0ca27f3812f3281;0.6069723979802597;0.4619925651992541;0.8412352042608151;0.674832148478661
False;False;True;True;False;False;False;True;False;False;False;0;True;False;False;True;0;True;False;False;False;0;False;True;False;False;False;0;0;False;0;True;0;6;True;False;False;1856a5c7995b9e96041ecb95ec05830d82ad4b28c0fbc6c9ff02eac11df39c4c;0.6526240095978374;0.5079492750107589;0.8018270373559525;0.6291191491209129
False;False;False;False;True;False;False;False;False;False;False;0;True;False;False;True;0;False;True;False;True;0;False;False;False;False;True;0;0;False;0;False;0;6;False;False;False;11ae3ff55165cd75a454410bec59b8c2f9deb729c8014dd23de821b3d4d67b39;0.5224941814570812;0.402309592530282;0.8104978799584901;0.6521944229555655
False;False;False;False;True;False;True;False;False;True;True;0;False;False;False;False;0;True;False;False;False;0;False;False;False;True;False;0;18;False;0;False;0;6;False;False;True;1385b5e3271fdce38cd0a3631cd2dfebe84a8d5de60a23c1f62ec4cfa3775135;0.7312514766455588;0.5704041561159021;0.9004191761921005;0.737117215031599
True;False;False;True;True;False;False;True;False;False;True;0;True;False;False;True;0;True;False;False;False;0;False;True;False;False;False;0;18;False;0;False;0;6;False;False;True;c7287019945ce16f07fee07b3bd774e5cf70110df0ba3887da3c567149738fab;0.8451003979174841;0.6979195971891355;0.897124288419957;0.7313450050582125
False;False;True;False;False;False;True;False;False;True;True;0;False;False;False;True;0;True;False;False;False;0;False;False;False;False;True;0;24;False;0;False;0;6;False;False;False;1f2540ee0e84511e13fe7402c8bcd2e109cdca4e18395020b6d835db22754099;0.8498775423782621;0.7272336262255774;0.8322016843906456;0.666940639699426
True;False;True;True;False;False;True;True;False;False;True;0;False;False;False;False;0;True;False;False;False;0;False;True;False;True;True;0;18;False;0;False;0;6;False;False;False;f1d788c241721702e81200cffd4b84009600c5c028975cd7a79ab67ff69584e2;0.9187232342512144;0.8160727860389251;0.8078236632980822;0.6495147256553501
True;False;False;True;True;False;True;False;False;True;False;0;False;False;False;True;0;True;False;False;False;0;False;True;False;False;True;0;0;False;0;False;0;6;False;False;False;438bbffcbd6d025d6f5274f7af9c747da58afd53d0b5c26fc6e6ac8d9068f885;0.5174621482140688;0.3924399301481582;0.8296554289539878;0.670447986037858
False;False;False;False;True;False;True;True;False;False;False;0;False;False;False;False;0;False;True;False;False;0;False;False;False;True;False;0;0;False;0;False;0;6;True;False;False;9fb9c4f1f6975095efa4ae7c029dfe2aa301abe03b9cd00137daca53aef592b4;0.5331764868976986;0.4078955960242369;0.8190309588057888;0.6574206433905347
True;False;False;True;True;False;True;False;False;True;True;0;False;False;False;False;0;False;False;False;False;0;True;True;False;True;False;0;18;False;0;False;0;6;True;False;False;d1801f5800280122d0be3058df945145a886f37b572d3c60e9e63e9853ba4955;0.1430676730115126;0.0903495903958217;0.3581167274323959;0.3064785496251712
False;False;False;False;True;False;False;False;False;True;True;0;True;False;False;False;0;False;True;False;False;0;False;False;False;True;False;0;24;False;0;False;0;6;False;False;True;9ffc67e28bd8607e9ecb86eedaccf215fbf62db4726f99d26c6029134944b267;0.7277675004159393;0.5701109093067164;0.8925654725290656;0.7247392703737666
True;False;True;True;False;False;True;False;False;True;True;0;False;False;False;False;0;True;False;False;False;0;False;True;False;True;False;0;24;False;0;False;0;6;False;False;True;8e16be7ad72cd887069accf736000008534df96c984047026cb3cb487707daca;0.8925658426031193;0.7788183175695237;0.840717373698141;0.6795947604591249
True;False;True;True;False;False;True;False;False;False;True;0;False;False;False;True;0;True;False;False;True;0;False;True;False;False;False;0;18;False;0;False;0;6;True;False;False;c2c7ac69bfd4e67de93c7f8734ded4bb480e4049f4fb3da49f5cc126458b28dd;0.8805651473415459;0.7500172229324631;0.8775024507038245;0.7252695181206887
True;False;False;True;True;False;True;False;False;True;True;0;False;False;False;False;0;False;False;True;False;0;False;True;False;True;False;0;6;False;0;False;0;6;True;False;False;d61118bfd5c7a5ff761be277c0b69e3bf6aa51a4b41741815893b3a1efddcd7e;0.67654493334248;0.5084691724047226;0.9130796557066188;0.751068156020136
False;False;False;False;True;False;False;False;False;False;True;0;True;False;False;True;0;False;True;False;True;0;False;False;False;False;True;0;24;False;0;False;0;6;False;False;False;c5935e701f3b7b14951b12575bc7bd4d2a5920e4e4d36a83a855be2c5af2ebec;0.7514882033270518;0.6014702003480512;0.8714938103213472;0.7006663974193716
True;False;False;True;True;False;True;False;False;False;True;0;False;False;False;False;0;False;False;False;True;0;True;True;False;True;False;0;6;False;0;False;0;6;True;False;False;acc932a4c66f03b1e2863c9f2c8d4d713a6dd6d228378cf28d26fda5df781bcb;0.1399913694048736;0.0828565820794563;0.35906666237717594;0.3113418766352819
False;False;True;False;False;False;False;True;False;False;True;0;True;False;False;False;0;True;False;False;False;0;False;False;False;True;True;0;6;False;0;False;0;6;False;False;False;337e0a46dc645d66f6a2e01b30a4945cf4881e9499db4c5e4c7f70d66f757758;0.7758408035223311;0.6330997792424449;0.8080028623758608;0.6434022997825476
False;False;True;False;False;False;True;False;False;True;False;0;False;False;False;True;0;True;False;False;False;0;False;False;False;False;False;0;0;False;0;False;0;6;False;False;True;99b50cbe9e4d34d2b43db83d9a39692306c023a7717298ac7b3afa4512c35618;0.6196188474118814;0.4857141262848346;0.8038782024525886;0.6410415533235152
True;False;False;True;True;False;True;False;False;True;True;0;False;False;False;False;0;False;False;False;False;0;True;True;False;True;True;0;6;False;0;False;0;6;False;False;False;3a4c04b72fd16758e6b9ff77233f1b46487d8452843d70c41d0be76fcbef6d67;0.1314443928178764;0.0764043833561114;0.35176707226842385;0.30086854805108854
False;False;True;False;False;False;True;True;False;False;True;0;False;False;False;True;0;False;False;True;False;0;False;False;False;False;False;0;18;False;0;False;0;6;False;False;True;dbf4ee88885176d8bf7eaed2ab2fdd31497343f05a12d1583666265f6f7f2f15;0.9365720626348426;0.8375657255252579;0.8189709161356019;0.6568861102750089
True;False;True;True;False;False;True;True;False;False;False;0;False;False;False;True;0;True;False;False;False;0;False;True;False;False;False;0;0;False;0;False;0;6;True;False;False;e0cd7ce487117e6315ebdbd4b9126c80848e5b68d8143f1f6ce538e5bb79eef9;0.6591302654182903;0.512450109288652;0.8120289818749086;0.6401383472760696
False;False;True;False;False;False;True;False;False;True;False;0;False;False;False;False;0;True;False;False;False;0;False;False;False;True;True;0;0;False;0;False;0;6;False;False;False;b8f84fd7bca73dc9468ae7117d9cbb3e238113afc6a08fd38baccb7038f131d1;0.5970008414370165;0.4637740476970124;0.7882597540100313;0.625343340360502
False;False;False;False;True;False;False;True;False;False;False;0;True;False;False;True;0;False;True;False;False;0;False;False;False;False;False;0;0;False;0;False;0;6;False;False;True;2feadda983f8487dee344d2bf3faf6bebc917be18de2a3eea1f87f33ab1246e9;0.5345301033445508;0.4095751344363632;0.817397029858503;0.6557908338126572
False;False;False;False;True;False;True;True;False;False;False;0;False;False;False;True;0;True;False;False;False;0;False;False;False;False;False;0;0;False;0;False;0;6;True;False;False;0ecccc79b1a80c870cfa6c4d507e3c9fad625312e6e019b304e131bd27caf081;0.5317070094265198;0.4067175015687305;0.8188360751162601;0.6572464236419867
False;False;False;False;True;False;True;True;False;False;True;0;False;False;False;True;0;True;False;False;False;0;False;False;False;False;True;0;24;False;0;False;0;6;False;False;False;9d92b5d42f9ef1a06e6e17ed3e113952128def000080432dc18aee81b9b85993;0.8051385490247049;0.6605857197668793;0.864560734795196;0.6899719305658842
False;False;False;True;True;False;True;False;False;False;True;0;False;False;False;True;0;False;False;False;True;0;True;True;False;False;False;0;24;False;0;True;0;6;False;False;True;f5551236423162707983bf965fd8f68a205e92039f7369572ab96fbe51922437;0.4794054174496389;0.3655048097246579;0.671857844100187;0.5317914968052995
True;False;True;True;False;False;True;True;False;False;True;0;False;False;False;True;0;False;True;False;False;0;False;True;False;False;True;0;24;False;0;False;0;6;False;False;False;660d7e7c6248ee5c2db9942d4c2b5999ce1f7917b303e84e82cd3da68c93d7ce;0.9562271648634812;0.8797056694135701;0.7996325775290359;0.6247719053059084
False;False;False;True;True;False;False;False;False;True;True;0;True;False;False;True;0;True;False;False;False;0;False;True;False;False;False;0;18;False;0;True;0;6;False;False;True;79d52b9be3ce6ffd3ee6c027c9c00eac8b6d6a897fa37d006be8229f16554a83;0.7127022702471004;0.5495612741984665;0.8926042155743801;0.7250589986020323
False;False;True;False;False;False;False;False;False;False;True;0;True;False;False;True;0;False;True;False;True;0;False;False;False;False;False;0;24;False;0;False;0;6;True;False;False;a33c1e112292381994af87ccd200fa23a629d5bfe8a89bd64489e9ca18c44e1a;0.8849137743114626;0.7595137810867911;0.85765739044462;0.6895162434600001
False;False;True;True;False;False;False;True;False;False;True;0;True;False;False;False;0;False;False;True;False;0;False;True;False;True;True;0;6;False;0;True;0;6;False;False;False;4150776ee5b0cefb02ae31b164f05b914db69ff0823a10fc2e80d7528a918769;0.8261066301215856;0.6841399069427996;0.8109844152951499;0.6492251088409343
False;False;False;False;True;False;False;True;False;False;True;0;True;False;False;False;0;False;True;False;False;0;False;False;False;True;True;0;6;False;0;False;0;6;False;False;False;d09705b7d7b7743e139549ea5def7cb8c5f482a085b377591833d8da3c0654a2;0.7133292047658416;0.5472972365624678;0.8850689019964444;0.7179769808388671
False;False;True;True;False;False;True;False;False;True;True;0;False;False;False;False;0;False;False;False;False;0;True;True;False;True;False;0;18;False;0;True;0;6;True;False;False;d0cd740571ace231ca9dd473c5dfd496c1820a7329013643cf41b8a930fe80b1;0.1672958892414527;0.1264569450100126;0.3214871575456051;0.28922908345120657
False;False;True;False;False;False;True;False;False;False;True;0;False;False;False;False;0;False;False;True;True;0;False;False;False;True;True;0;18;False;0;False;0;6;False;False;False;9532dc4d33ee78a632a4bb876d002ae69300144faf1b1741e717335964c01b69;0.8430087915249315;0.7074915186036382;0.8610192274370648;0.702666547103789
False;False;True;False;False;False;False;False;False;True;True;0;True;False;False;False;0;False;False;False;False;0;True;False;False;True;True;0;24;False;0;False;0;6;False;False;False;6c17a85c3d2651adf3ef27dba90157979875cda3e68fef529b38de39360a6ee4;0.1610928964238776;0.1229824504888851;0.31543908349166794;0.2919950743441174
True;False;True;True;False;False;True;False;False;False;True;0;False;False;False;True;0;False;False;True;True;0;False;True;False;False;False;0;6;False;0;False;0;6;True;False;False;72247a5b229fc68db5ba69cd48312b49c26131fe442922830b3c68756387e7ed;0.7117133018116619;0.559098837155171;0.8438476430190627;0.6831697237646269
True;False;False;True;True;False;False;False;False;True;False;0;True;False;False;False;0;False;False;True;False;0;False;True;False;True;False;0;0;False;0;False;0;6;True;False;False;cabb3c90854073e6fe17dce15c0cb26dfe9c29e5a891a51b4ff667e43fa54471;0.5277443836402861;0.4012936090536029;0.8414060881406226;0.6837362443191528
False;False;True;False;False;False;True;True;False;False;True;0;False;False;False;True;0;False;False;False;False;0;True;False;False;False;True;0;6;False;0;False;0;6;False;False;False;cfd7a8409419cd37d819f16614dc6b6015ee574c2c0fd619d4b2399f15500700;0.5231282137502569;0.4121855488653023;0.6259526767148198;0.499517383110362
True;False;False;True;True;False;True;False;False;True;True;0;False;False;False;True;0;True;False;False;False;0;False;True;False;False;True;0;18;False;0;False;0;6;False;False;False;fc028e86e34aa90d24a206a4609884006637e7beb8774cd4ee98010b826d9840;0.7183825320360168;0.560123376213664;0.8930329875831395;0.7302053989823234
False;False;False;True;True;False;True;False;False;False;False;0;False;False;False;False;0;True;False;False;True;0;False;True;False;True;False;0;0;False;0;True;0;6;True;False;False;b438d7087b9f52da153517247f0d61048914f336921fe9bd4d8f1c73cbd08b63;0.5386959995193695;0.4150889864881074;0.8237984274451551;0.661480048429737
True;False;True;True;False;False;False;True;False;False;True;0;True;False;False;True;0;False;False;True;False;0;False;True;False;False;True;0;18;False;0;False;0;6;False;False;False;c77f73fc02afd5b43793ea225286a784281e8d497a1b73fd4ed7bfe2a1c5adee;0.9209151208745352;0.8176726045030348;0.8068093175744293;0.645324299596557
False;False;True;True;False;False;True;True;False;False;True;0;False;False;False;True;0;False;True;False;False;0;False;True;False;False;True;0;6;False;0;True;0;6;False;False;False;4eebfaedf4a06082f4a133b6cfaf00776c9b250775d51e1e0e61bf7f316018ee;0.8222638917703459;0.6810445843828781;0.8083943362805184;0.6445798512107627
False;False;True;True;False;False;True;False;False;True;False;0;False;False;False;False;0;False;False;True;False;0;False;True;False;True;True;0;0;False;0;True;0;6;False;False;False;0c86cc262abb623243e44d6bc66ce2effe2aa0e7dbe20421be47f73150cabeb1;0.5976069494674885;0.4680109792609957;0.7753279577156622;0.6156818527359775
False;False;False;False;True;False;False;False;False;True;True;0;True;False;False;True;0;False;False;False;False;0;True;False;False;False;True;0;6;False;0;False;0;6;False;False;False;3c1b724bd9109b92400ee9e8b29a7b902b8eaeec2534e75fb1763de38db6e9cf;0.4236984180060155;0.3140369038326321;0.6835807146471767;0.5544054564911858
False;False;False;True;True;False;False;False;False;False;True;0;True;False;False;False;0;True;False;False;True;0;False;True;False;True;False;0;18;False;0;True;0;6;True;False;False;98771e9d1ba7c8061a8a94c8319a4183e4623c5ea9c97273a4ead75acab4457e;0.7732979711014235;0.6113735319788404;0.9040164809542978;0.7388609706536575
True;False;True;True;False;False;True;False;False;True;True;0;False;False;False;True;0;False;False;True;False;0;False;True;False;False;True;0;6;False;0;False;0;6;False;False;False;83e877a65a7590c84388cfb1aac9214e63429b22372e2a91fafd3a6a063859fc;0.708940829015;0.5687606898086652;0.8193380575175132;0.664893819307238
False;False;False;True;True;False;False;False;False;False;True;0;True;False;False;True;0;False;False;False;True;0;True;True;False;False;True;0;24;False;0;True;0;6;False;False;False;9fcd10b89f1636957b99ab3e4594a52ba61275feeafb8cd6e25dca14d02dfa19;0.4509002342748066;0.340340640243555;0.6436425308510784;0.505950555991077
False;False;False;False;True;False;False;False;False;True;False;0;True;False;False;True;0;True;False;False;False;0;False;False;False;False;False;0;0;False;0;False;0;6;False;False;True;d68bd32601fe2f6f3092e3877ba0acdb615e0612027f245399e88509442830aa;0.5285422026914306;0.4018949690980716;0.8388730618710526;0.680441287608843
False;False;False;True;True;False;False;False;False;False;True;0;True;False;False;False;0;False;True;False;True;0;False;True;False;True;False;0;6;False;0;True;0;6;True;False;False;65b45c743143603f29ff2cf23bd726f8519b705b3734731970a2c601533f2bd2;0.7500563358017991;0.583917425828667;0.9223121703664909;0.7659842964538919
False;False;True;False;False;False;False;False;False;False;False;0;True;False;False;False;0;False;True;False;True;0;False;False;False;True;True;0;0;False;0;False;0;6;False;False;False;04bc8324a4f99aabb8debb6ce77708e51b0031578263309e15bd5c084e140d55;0.5869495108187701;0.4436129333173005;0.8225467221912199;0.6539126538018412
True;False;True;True;False;False;False;True;False;False;True;0;True;False;False;True;0;False;False;False;False;0;True;True;False;False;False;0;6;False;0;False;0;6;False;False;True;c3257a4276193104b00c44cf08a2638069a750b65d9dbb2bb5d531030bcd6db6;0.5156607366507155;0.4077008590903108;0.617054031593516;0.4936313003723255
False;False;False;True;True;False;True;False;False;False;True;0;False;False;False;False;0;False;False;False;True;0;True;True;False;True;False;0;24;False;0;True;0;6;True;False;False;8aed2eca4cbcd7a1526cc33e46f44560c3c53a01b22e6383ccf6900cfabaacaf;0.1488397630931635;0.0894558077817578;0.3517561974906537;0.3017287004756815
False;False;False;True;True;False;False;False;False;False;True;0;True;False;False;True;0;True;False;False;True;0;False;True;False;False;False;0;6;False;0;True;0;6;True;False;False;ac36c26ae98c6e794bd42daaa128679d5ec7508d9a77710bb37bcd1cbb17a164;0.7475611931117604;0.5828891641970304;0.9209995875418726;0.7648445548296042
True;False;True;True;False;False;True;True;False;False;True;0;False;False;False;True;0;False;True;False;False;0;False;True;False;False;False;0;24;False;0;False;0;6;False;False;True;33ed5b5116017043ca6e664eec40164fb72cb04d0c7086c2bbce1e54e5c5e858;0.993925522031774;0.9743592721785248;0.8116169950821707;0.6408063920261078
True;False;False;True;True;False;False;True;False;False;True;0;True;False;False;True;0;False;False;True;False;0;False;True;False;False;True;0;24;False;0;False;0;6;False;False;False;1ead45b6a3eeef090dcc5a9a45c74748dcb1512c4b1b73342c14693addf4bad6;0.8157846953063713;0.6690381760560627;0.867399470964979;0.6916000649598397
True;False;True;True;False;False;False;False;False;False;True;0;True;False;False;True;0;True;False;False;True;0;False;True;False;False;True;0;24;False;0;False;0;6;False;False;False;6f9389eb0a4899e7e2d9a64e1a4bf01e27fe4d7455db86c181a08bb1beed85f5;0.8701359511276493;0.7403759886617838;0.8404052600079532;0.6684593182265719
True;False;True;True;False;False;False;True;False;False;True;0;True;False;False;True;0;False;False;True;False;0;False;True;False;False;False;0;24;False;0;False;0;6;False;False;True;abda9f73e50b5bd4b8bb58e966b05c2b9a63953b92b5c5924b77a9995c213d16;0.994610695782184;0.9718644378637888;0.8106842034342951;0.6383393423467509
True;False;False;True;True;False;True;False;False;False;True;0;False;False;False;False;0;True;False;False;True;0;False;True;False;True;False;0;6;False;0;False;0;6;True;False;False;af4db0be0cfe8324e124751ba2a72e8790b64feaac8fba39fd97399db398a422;0.6889316213786839;0.5206100015383743;0.9044477955556904;0.7427777734860447
True;False;True;True;False;False;True;True;False;False;True;0;False;False;False;False;0;False;False;False;False;0;True;True;False;True;False;0;24;False;0;False;0;6;False;False;True;291a8d89c3ed1cb890029c0567c39fc9aa0fe3724462c23a1be12f857a31cf5c;0.1692473940371588;0.1250779103529491;0.2880328957816693;0.26028192312144827
False;False;False;False;True;False;True;False;False;False;True;0;False;False;False;True;0;True;False;False;True;0;False;False;False;False;True;0;18;False;0;False;0;6;False;False;False;53b7d360a3add6debd3a7c11c944946387da21d018248128d9123cab9e697ccf;0.7604040202232755;0.6078589831478022;0.8913246057192615;0.7298496070823944
False;False;True;True;False;False;False;False;False;True;True;0;True;False;False;False;0;False;True;False;False;0;False;True;False;True;False;0;24;False;0;True;0;6;True;False;False;8261f19a6d45f2c4ac6ad50647ebd34254a10b0624d66d56fa0219c3e36f11cd;0.8039901308793331;0.672825663502304;0.7823515714386352;0.6142205399566397
True;False;True;True;False;False;False;False;False;False;True;0;True;False;False;False;0;False;False;False;True;0;True;True;False;True;False;0;6;False;0;False;0;6;False;False;True;65e8025266bad7a24ddaec6fc1845fb34e99c8fd2f43d6e86b6b7fa1ec81aebd;0.1424120149885202;0.0922500378773171;0.32582922244437307;0.29176289244903136
False;False;True;True;False;False;True;True;False;False;False;0;False;False;False;True;0;False;True;False;False;0;False;True;False;False;True;0;0;False;0;True;0;6;False;False;False;e5168ba3087ae2bd141a1da92419761d246a338518db2f61b5f4c9330f0048c5;0.6347855723619578;0.4927158259524616;0.7857141646839513;0.6131632285484981
True;False;False;True;True;False;False;True;False;False;False;0;True;False;False;True;0;True;False;False;False;0;False;True;False;False;False;0;0;False;0;False;0;6;True;False;False;5870217a81d49605f9b3c195a51cd350213b09c924d9af2ed0f05d94e06c2b80;0.5321832127746777;0.4072342496845732;0.8190564114918311;0.6578254880021971
False;False;False;False;True;False;False;True;False;False;True;0;True;False;False;True;0;True;False;False;False;0;False;False;False;False;True;0;6;False;0;False;0;6;False;False;False;9c300d35c447f4177de1df974819841eab7d86a5c09e48101353c93a6eed6d32;0.7100348674911615;0.5471569378573358;0.8826329032215295;0.7176147704579394
False;False;False;False;True;False;True;False;False;False;True;0;False;False;False;False;0;False;False;False;True;0;True;False;False;True;False;0;6;False;0;False;0;6;True;False;False;7ed90b546c8ec5dc686f823a16f5bc7ced671afada26e12c6d272bd3fab3e203;0.1374754380779987;0.0777583787883225;0.3555824981713394;0.301965403962925
True;False;True;True;False;False;True;False;False;False;True;0;False;False;False;True;0;True;False;False;True;0;False;True;False;False;True;0;6;False;0;False;0;6;False;False;False;1685a0e84b2680b7193bebaafe20d5ea19f8b3903481f3a835976924be509b34;0.6939721062098495;0.5416731863312985;0.8268496630755582;0.6613951535901097
False;False;True;True;False;False;False;False;False;False;True;0;True;False;False;True;0;False;True;False;True;0;False;True;False;False;False;0;24;False;0;True;0;6;True;False;False;49a055116cf9fb69da581df6078736e54404bd3c1987522670aadd35dd966008;0.8123771500149188;0.6586571761004807;0.8116570800297273;0.6310775435375038
True;False;False;True;True;False;True;False;False;False;True;0;False;False;False;False;0;False;False;False;True;0;True;True;False;True;False;0;18;False;0;False;0;6;False;False;True;1a95bada1b79ca8d7449d0fd9c974f3171565f63b1d40c3a1431473c27f35175;0.1470981379509416;0.093123473517071;0.35565075079596636;0.3131176499848655
True;False;True;True;False;False;False;False;False;False;True;0;True;False;False;False;0;True;False;False;True;0;False;True;False;True;False;0;6;False;0;False;0;6;True;False;False;e12123d619dad2b66b81d53b03ce693e2ede0968a52325ac9aa0316c6d7be78c;0.7129172388765033;0.5598099119077963;0.8445419371804244;0.683738351969082
False;False;False;False;True;False;False;True;False;False;True;0;True;False;False;False;0;False;False;True;False;0;False;False;False;True;True;0;6;False;0;False;0;6;False;False;False;69ff00cb33c1ac7b5a814a7da1e1c04f80a0b3acfcb937a294fa190a83a1364e;0.7111934032628068;0.5463829791593706;0.8844535650636253;0.7201828462673703
False;False;False;True;True;False;True;True;False;False;False;0;False;False;False;True;0;True;False;False;False;0;False;True;False;False;False;0;0;False;0;True;0;6;True;False;False;ebdbd27189824ba40d9cb14499581c1f2a3c743cfa900aa374c76d3464419a92;0.5381527097410095;0.4110329274112204;0.8223686251524162;0.6581860705774909
False;False;True;False;False;False;True;False;False;True;False;0;False;False;False;False;0;False;False;False;False;0;True;False;False;True;True;0;0;False;0;False;0;6;False;False;False;e67d02c887202378a65ecc16d2b395e93c088d8f2c39ad9c64581b1fd958019c;0.1427292857819909;0.094471608484071;0.33740290660670574;0.28850001893968846
False;False;True;True;False;False;False;False;False;True;True;0;True;False;False;True;0;False;True;False;False;0;False;True;False;False;True;0;24;False;0;True;0;6;False;False;False;bc86a81099b2c4a6fe8fbaeceb354fda9059a3f1e4284c3365aa981ade54685c;0.7704877159338944;0.6382542050785964;0.7617118142127081;0.5933999079818356
True;False;False;True;True;False;False;True;False;False;False;0;True;False;False;True;0;False;False;False;False;0;True;True;False;False;False;0;0;False;0;False;0;6;False;False;True;fb197e3c74c4ea4bc5fbab20be2bcf176390d693a6d8893da5ab2050e25c42f0;0.3617467611240073;0.2766901524724859;0.6379827133769918;0.5112784595414582
False;False;False;True;True;False;True;False;False;True;False;0;False;False;False;False;0;False;False;False;False;0;True;True;False;True;False;0;0;False;0;True;0;6;False;False;True;9c057b7d06f8d6baf6a24c7987d89e0f888576a07347bd2c23cd8193cad760c6;0.107407094139897;0.0673891309995567;0.346292085247444;0.2927154070277221
False;False;False;True;True;False;True;False;False;True;True;0;False;False;False;False;0;False;True;False;False;0;False;True;False;True;False;0;6;False;0;True;0;6;True;False;False;ff2ffeaa5efd697b52de8872322677fdc6eacda72a361790cac248ab6f222b6c;0.731325297204764;0.5671226143639027;0.9323851277386508;0.7843686381204361
True;False;False;True;True;False;True;False;False;True;True;0;False;False;False;False;0;True;False;False;False;0;False;True;False;True;True;0;18;False;0;False;0;6;False;False;False;6ac28c1bb88c61550189a06fe1e77e7ec444d1cd5355bf5a34c284a912dd71db;0.7190563390702599;0.5600277712919535;0.8946138364097153;0.732964922587256
False;False;False;True;True;False;False;False;False;False;True;0;True;False;False;True;0;False;False;False;True;0;True;True;False;False;True;0;6;False;0;True;0;6;False;False;False;a7e25863ed64727d2ae06005db60a3d4ff6a21dfcf40537d2337f8d88c10c0eb;0.4733519738183896;0.3564818608336689;0.6891188847755895;0.5565739556138941
True;False;True;True;False;False;True;False;False;True;True;0;False;False;False;False;0;False;False;True;False;0;False;True;False;True;True;0;18;False;0;False;0;6;False;False;False;026993fe6c83ab534910835496138af57c128901a3f9b76ec3da38d5e12dd500;0.8417901947248185;0.7189053208399955;0.8405921265544166;0.6901177590708829
False;False;True;False;False;False;False;False;False;False;True;0;True;False;False;False;0;False;False;True;True;0;False;False;False;True;False;0;24;False;0;False;0;6;False;False;True;097bca07005890f973864e8bb809e1050b620acd57aa5c02f9f8bd36630f1d76;0.8901507362104751;0.7652145992066407;0.8540143923955947;0.6830519371110328
False;False;False;True;True;False;True;False;False;False;True;0;False;False;False;True;0;True;False;False;True;0;False;True;False;False;False;0;18;False;0;True;0;6;False;False;True;789422ba867e478ce1a24078c722263ab9d638770ca8556625839566f4fb0b50;0.7735223494919153;0.6121471003650264;0.9005168659586511;0.7350033376178072
False;False;False;True;True;False;False;True;False;False;True;0;True;False;False;False;0;False;True;False;False;0;False;True;False;True;True;0;6;False;0;True;0;6;False;False;False;b8a45b248eb02d72299ad94f0157812d047b652829144d7d6d5abb92d541d766;0.7801426649387223;0.6221720689532826;0.9072926561901301;0.7515907344591164
False;False;True;False;False;False;True;False;False;True;True;0;False;False;False;False;0;False;False;True;False;0;False;False;False;True;False;0;6;False;0;False;0;6;True;False;False;343c7a34458579b797352e2dc5011e416a8b60de1144016d7b2fcbf2da8fb245;0.7287872709077305;0.5926444224026779;0.835370919967657;0.6818325472186793
False;False;True;False;False;False;False;False;False;True;True;0;True;False;False;True;0;False;False;True;False;0;False;False;False;False;False;0;6;False;0;False;0;6;True;False;False;384c8a7abbb11628fff452022bf0ccc915693d2512a9946619e5d1e47be09246;0.72659401374475;0.5907087047706846;0.8358090292565953;0.6823179625504587
True;False;True;True;False;False;False;False;False;True;False;0;True;False;False;False;0;False;True;False;False;0;False;True;False;True;False;0;0;False;0;False;0;6;True;False;False;7acfef3de69c6b6e000b929dd1d30100e816254a2cacbf6dd51326926e7f1f42;0.618983445142223;0.4856002867162786;0.8069651174824221;0.6470510630915155
False;False;False;False;True;False;True;False;False;True;False;0;False;False;False;True;0;True;False;False;False;0;False;False;False;False;True;0;0;False;0;False;0;6;False;False;False;9ee270513e71fbc85366541193a5bf9abdc8f7a06fc7b4277381476df8a7b7e4;0.5170231106712838;0.3921151253262959;0.8297820708958895;0.6706204380436098
True;False;True;True;False;False;False;False;False;True;True;0;True;False;False;True;0;False;False;False;False;0;True;True;False;False;True;0;24;False;0;False;0;6;False;False;False;0a247c3d426e3f41c6eb7296143644375e69efb2aa451debf757ea924b9bd41d;0.5179908130251664;0.4256121804393201;0.5973245153716356;0.48144685601302073
True;False;False;True;True;False;False;True;False;False;True;0;True;False;False;False;0;False;False;True;False;0;False;True;False;True;False;0;6;False;0;False;0;6;True;False;False;112ea782893f795cbcdffdfa082d89957abdfbee2700b0e5259fcfa920460861;0.73352315626085;0.5663382601776612;0.9028445597524689;0.744548045172999
False;False;True;False;False;False;False;True;False;False;True;0;True;False;False;False;0;False;False;True;False;0;False;False;False;True;False;0;6;False;0;False;0;6;False;False;True;a8eb99b4fcb3dee2d1b0184980ddedf125b6d4b6fbbe292e981c06bc513bca4d;0.8021353201807646;0.6635827430252027;0.8187657298094277;0.6549557095602051
False;False;False;True;True;False;False;True;False;False;True;0;True;False;False;False;0;True;False;False;False;0;False;True;False;True;False;0;6;False;0;True;0;6;False;False;True;a67b2723d2a2713111484aa93d2a415a0cde8182caeff19ac8ba8a945212dd0a;0.803684342863421;0.6463603832916903;0.9203647719670572;0.7684598801322889
False;False;False;False;True;False;True;False;False;True;True;0;False;False;False;False;0;True;False;False;False;0;False;False;False;True;False;0;24;False;0;False;0;6;False;False;True;582c1b0e2f15cd2ca85c8689910adda1dec1925b5fa39cca2d5fa8b9634e2a12;0.7290975704572155;0.5717053703188553;0.8931691458511565;0.7263083004951191
False;False;False;True;True;False;True;True;False;False;True;0;False;False;False;False;0;False;False;False;False;0;True;True;False;True;True;0;6;False;0;True;0;6;False;False;False;9f06f3c6dc6409d944f781fa4e4535995ea3673f5128a1ed299de726af5619c0;0.1610941558800197;0.1013133017016217;0.3531425917122598;0.31256114673496693
True;False;True;True;False;False;True;True;False;False;False;0;False;False;False;True;0;True;False;False;False;0;False;True;False;False;True;0;0;False;0;False;0;6;False;False;False;e244d2aed3027de74094619cc0f8eb868b5ddb92b3c533c94455120b8750fd5e;0.6419662996852648;0.4992915146882624;0.7945609948934647;0.6239563640015343
False;False;False;True;True;False;False;True;False;False;True;0;True;False;False;True;0;False;False;True;False;0;False;True;False;False;False;0;6;False;0;True;0;6;True;False;False;c12c677913526f81b54c64ac2c296bd1e90f4166c71504d3f2734fb32a1530ee;0.7980229827234628;0.6403874628395199;0.9243805059673655;0.7759583204827278
False;False;False;False;True;False;True;False;False;False;True;0;False;False;False;False;0;False;True;False;True;0;False;False;False;True;False;0;18;False;0;False;0;6;True;False;False;bb40bcbecae5abc5a149da87915bf928c12fb9ada923219fe72794ad9eca0a6c;0.7780812687344414;0.6246077024644875;0.9049841255837789;0.7478860470845412
True;False;True;True;False;False;True;True;False;False;False;0;False;False;False;False;0;False;False;True;False;0;False;True;False;True;False;0;0;False;0;False;0;6;True;False;False;3987a91af02dac2a0e3bc83c96199c7eb2946f1bec1668bf9ba8246474948df8;0.6615316853100199;0.5138906443444936;0.8134526757673666;0.6410709232916432
True;False;True;True;False;False;True;False;False;False;True;0;False;False;False;True;0;True;False;False;True;0;False;True;False;False;False;0;18;False;0;False;0;6;False;False;True;5335bcd46272cbbd52abfadcec84b47e8c62426d28b6886d11ba14330dd22dd7;0.8844104512915785;0.7551105663765194;0.8727397631016591;0.7187732867803882
True;False;False;True;True;False;False;False;False;False;True;0;True;False;False;True;0;False;False;False;True;0;True;True;False;False;True;0;18;False;0;False;0;6;False;False;False;afa1340a31e1997b199144868959eaa9a0e5b57444a1b2bad524e74b0f19bafe;0.4829714480865168;0.3758665501013205;0.6758765719170997;0.5514685226058158
False;False;True;False;False;False;True;False;False;True;True;0;False;False;False;False;0;False;False;False;False;0;True;False;False;True;True;0;24;False;0;False;0;6;False;False;False;ce14c4e1611a13baefd5387926809c4ea29e4998d58bad0709c5f61e359eb633;0.1564313106237676;0.1176884957492468;0.3129121894457741;0.29105419476980354
True;False;True;True;False;False;False;False;False;True;False;0;True;False;False;False;0;False;False;True;False;0;False;True;False;True;True;0;0;False;0;False;0;6;False;False;False;a2d17331c83e47682f24da6d543920a6258546c00eba883a99fd7a051964cb95;0.6014498239209047;0.4693896473193534;0.7904671656468383;0.630694986680737
False;False;True;False;False;False;False;True;False;False;True;0;True;False;False;False;0;False;False;True;False;0;False;False;False;True;False;0;18;False;0;False;0;6;True;False;False;469b5bd9f3a43ff94e2a14b56d958f05d22f36d5c11b4115571677a7145bc79a;0.9375704007617508;0.8389885085167881;0.8240327013204762;0.6620693674157369
False;False;False;True;True;False;False;False;False;False;False;0;True;False;False;True;0;True;False;False;True;0;False;True;False;False;True;0;0;False;0;True;0;6;False;False;False;6f4409fd2ec803bcbb6febbd2a33057b3d3b90e01d3a381dd73cbb4dec3ee2f3;0.5251789679196592;0.4038044190901034;0.8093794251073091;0.6457663081724325
True;False;False;True;True;False;True;True;False;False;True;0;False;False;False;True;0;True;False;False;False;0;False;True;False;False;False;0;18;False;0;False;0;6;True;False;False;b152fa5e0565c571ad7f59c9e11144989b45d38773f184090a1406336da4895a;0.8366589900263892;0.687927393820025;0.899537352752497;0.7347345923522702
False;False;True;False;False;False;True;False;False;False;True;0;False;False;False;False;0;True;False;False;True;0;False;False;False;True;False;0;6;False;0;False;0;6;False;False;True;518d1c9c8635f4f561935d4d186fc9b4db7b576efc9131e0d6fa59db24e642d4;0.716030838245776;0.5680173621814992;0.8398445727710984;0.6789589225702071
False;False;True;True;False;False;False;False;False;False;False;0;True;False;False;True;0;False;False;True;True;0;False;True;False;False;True;0;0;False;0;True;0;6;False;False;False;f776cd72826dc56ea06e974f013e2dcad0c23b65671c8a55682f550c52a0b4fb;0.5854428436981172;0.4416805132729656;0.8163482550838125;0.6470787121919095
False;False;True;True;False;False;False;False;False;False;True;0;True;False;False;True;0;False;False;True;True;0;False;True;False;False;False;0;6;False;0;True;0;6;False;False;True;df97cd0f2055e320d10ad58d24c2fa77571bf39b4a52b8ef2aa79ce3c30d5664;0.7620567212938033;0.6080257041991958;0.8419483679758359;0.6789573132339595
False;False;True;True;False;False;False;True;False;False;True;0;True;False;False;False;0;False;True;False;False;0;False;True;False;True;False;0;18;False;0;True;0;6;False;False;True;cbbe49bd7e0d7fb2dd864da257874583eb5ce5d6d0b78f6ca8a1a51f5edffa35;0.8913234948225297;0.7735905270626229;0.7728105598582051;0.6126164799261766
False;False;False;False;True;False;True;False;False;False;True;0;False;False;False;False;0;False;False;False;True;0;True;False;False;True;True;0;6;False;0;False;0;6;False;False;False;74fdd74d40006c1eda3210f09233f4a1419d039e6c7c96896718d87bf699a563;0.1297386888058909;0.0723158352586037;0.3440439083404068;0.2907734687921912
False;False;False;True;True;False;True;False;False;False;True;0;False;False;False;True;0;False;False;True;True;0;False;True;False;False;False;0;24;False;0;True;0;6;True;False;False;d540e9c4f76d55f44dfe062417bb4a87403a965701e1e755a90d8926b27f1b29;0.7448337756976547;0.5798186795102158;0.8769398466314826;0.6947592144517819
False;False;False;False;True;False;False;False;False;False;True;0;True;False;False;False;0;True;False;False;True;0;False;False;False;True;True;0;6;False;0;False;0;6;False;False;False;68ec5e773f0667bd69aade558218756721dc89dca231cd0f118fb373bd0def83;0.6677195590175793;0.5030563697389514;0.8869411301022085;0.719391221862382
False;False;True;True;False;False;False;False;False;True;True;0;True;False;False;False;0;False;True;False;False;0;False;True;False;True;False;0;6;False;0;True;0;6;False;False;True;69841c0325342436fd0e1f670253c9c491075a958f85320ae56134303a898286;0.7829815496176925;0.646517429583361;0.8255180177032584;0.6730256530581388
False;False;True;False;False;False;False;False;False;True;True;0;True;False;False;True;0;True;False;False;False;0;False;False;False;False;True;0;24;False;0;False;0;6;False;False;False;1a3779a8c2ba02f3bfaa0e5a21e38f57aadc8c6134922315b060a688c4195080;0.8440982034295341;0.7232336574246204;0.8260440455668808;0.6607143910978108
False;False;False;True;True;False;False;False;False;False;True;0;True;False;False;True;0;False;False;True;True;0;False;True;False;False;False;0;24;False;0;True;0;6;False;False;True;75ba25ef8930385240134e2606dcebb780aa32856370a69dbb391f3e40e2b60e;0.748101621468174;0.5841238876647278;0.8730338591508099;0.6885603144637344
True;False;False;True;True;False;False;True;False;False;True;0;True;False;False;False;0;True;False;False;False;0;False;True;False;True;False;0;6;False;0;False;0;6;False;False;True;c56555369c9de9b627eba2b851cf08121f73506d213320372cc6d796e39f800b;0.73883758198013;0.5726074054653886;0.9001602570706252;0.7401119974131031
False;False;False;False;True;False;True;False;False;True;True;0;False;False;False;True;0;False;True;False;False;0;False;False;False;False;False;0;24;False;0;False;0;6;True;False;False;b5725cc4b5bd4b9b60bfd1a446941cb95221fc9a28f1de6a195b448698d4b3d7;0.7210499607938965;0.5630314654690354;0.8950720304012262;0.7309778893807447
False;False;True;True;False;False;False;False;False;False;True;0;True;False;False;False;0;False;False;True;True;0;False;True;False;True;True;0;24;False;0;True;0;6;False;False;False;983e148bc7d9cb6fbeda79dbda72354e9d31550c237a85ab6f27236900cb6980;0.788469966635189;0.6345849876042031;0.798096718442736;0.6174053419817472
True;False;True;True;False;False;True;False;False;False;True;0;False;False;False;True;0;False;False;True;True;0;False;True;False;False;True;0;6;False;0;False;0;6;False;False;False;dd0883023133e2850601ee8f9e58f7c6d86333b357eebdf2d5dfb7b6c0617b0e;0.6927942531821306;0.5392974766364754;0.828801402745547;0.6638831085442449
False;False;False;False;True;False;False;False;False;True;True;0;True;False;False;False;0;False;False;True;False;0;False;False;False;True;False;0;18;False;0;False;0;6;False;False;True;a34935c87c3fe0f700a18c1894570f016ec391cd217084b3247776e670c73e54;0.7309673022822258;0.5699013935077165;0.9014389309416599;0.738555641309112
False;False;False;False;True;False;True;False;False;False;False;0;False;False;False;False;0;True;False;False;True;0;False;False;False;True;True;0;0;False;0;False;0;6;False;False;False;0d9f2fc31e448688849a25ced17a3f99206481be7abfc4a2bab04975522c7983;0.519944653897488;0.3993323394718167;0.8112954727242097;0.651002766610319
False;False;False;True;True;False;False;False;False;False;True;0;True;False;False;False;0;True;False;False;True;0;False;True;False;True;True;0;24;False;0;True;0;6;False;False;False;81d071a97226b847284a57eca10d43a84cb895ae29be20a9a8d8af51b4cd5dc9;0.7261387014030597;0.561043837507355;0.8604165882711509;0.6726955213179432
False;False;True;True;False;False;True;False;False;True;True;0;False;False;False;True;0;False;True;False;False;0;False;True;False;False;False;0;24;False;0;True;0;6;False;False;True;e1d59a78e8f319edb6824e8b52e06e470aa40f9fcca68ce79f5b1c037c8d2998;0.8048784501653267;0.6734087916704307;0.7832573045533943;0.6156230243796049
False;False;True;False;False;False;True;False;False;True;True;0;False;False;False;True;0;True;False;False;False;0;False;False;False;False;False;0;18;False;0;False;0;6;True;False;False;783120e74cff835e20cef2fc02de2ad07e5d0f9c9d591ade3e77cb5bc4929c6f;0.8587433255302771;0.7374411537989045;0.8557343698698453;0.703452104582357
True;False;True;True;False;False;False;True;False;False;True;0;True;False;False;False;0;False;True;False;False;0;False;True;False;True;False;0;24;False;0;False;0;6;False;False;True;2575281c126fc2c65f3042681817de355db462ff678917dc7f5efe6be1527195;0.9985150038928;0.9820372788661352;0.8094042498116932;0.6374051826147341
True;False;True;True;False;False;True;False;False;True;True;0;False;False;False;True;0;False;True;False;False;0;False;True;False;False;True;0;24;False;0;False;0;6;False;False;False;2e14575792407b527a1930b72db47bb7d2b4537ff525139b522561acaa6ee2f6;0.8551587055562725;0.7355680918465808;0.8273926055515528;0.6644367214295378
False;False;False;False;True;False;True;True;False;False;True;0;False;False;False;True;0;False;False;True;False;0;False;False;False;False;True;0;18;False;0;False;0;6;False;False;False;57d366d9317253a5f3de208758395cfdbe83823d29b78936cc432dc2e1cc24b7;0.8005128085515624;0.6506835401233737;0.880268269759726;0.7128407609976742
False;False;True;False;False;False;False;True;False;False;True;0;True;False;False;False;0;False;False;False;False;0;True;False;False;True;True;0;18;False;0;False;0;6;False;False;False;c4dbd4c0b37d541c0773e77e3750bc8d8a16363b174e7d055967ce9133298984;0.1696156116347699;0.1236686973161074;0.2937768388282357;0.2638878626177599
True;False;True;True;False;False;False;False;False;True;False;0;True;False;False;False;0;True;False;False;False;0;False;True;False;True;False;0;0;False;0;False;0;6;False;False;True;79444042f68f2d066a3265f1455b710312a91540d79032119354795b2f881696;0.6215969345533172;0.4875429366014181;0.8040350608079702;0.641829738709017
True;False;False;True;True;False;False;False;False;False;True;0;True;False;False;False;0;False;False;False;True;0;True;True;False;True;False;0;6;False;0;False;0;6;True;False;False;0fb33d06a63c3419249379c3acda069fc98d00a7330b6bc6bf4b56ca8cb18a68;0.1422935591934349;0.0843335044275126;0.3617860922985376;0.31353072783925534
False;False;True;False;False;False;False;False;False;True;True;0;True;False;False;False;0;False;False;False;False;0;True;False;False;True;False;0;24;False;0;False;0;6;False;False;True;359380e221abea34e0ae341737c8e313265fb5c2d668f461af441ae3cd482d37;0.164064446110792;0.1264641036163553;0.3204855885651006;0.2968273639438564
False;False;True;False;False;False;False;False;False;True;True;0;True;False;False;False;0;True;False;False;False;0;False;False;False;True;False;0;24;False;0;False;0;6;False;False;True;c19e83fa6250b27b41702155700c1b033c09c1884787039d97a477e2f156b745;0.8782448324338791;0.7619827988193619;0.840123707690563;0.6760815749539285
False;False;False;False;True;False;True;True;False;False;True;0;False;False;False;False;0;True;False;False;False;0;False;False;False;True;False;0;6;False;0;False;0;6;True;False;False;46234b42740e7238fe596b4bf9765292ca128d0afdf5e145cb750ed1117bf989;0.7301446251602579;0.5644901985621255;0.8987608088077591;0.7392068952700033
False;False;False;False;True;False;False;False;False;False;False;0;True;False;False;False;0;False;False;True;True;0;False;False;False;True;False;0;0;False;0;False;0;6;False;False;True;14644ce4b3d9924e1e85ef24808527ed523cd2274c651814dd4d5590b86dac58;0.5346990999139523;0.4124451502136382;0.8220396383698783;0.6627309476334273
True;False;False;True;True;False;False;False;False;True;True;0;True;False;False;True;0;False;True;False;False;0;False;True;False;False;True;0;6;False;0;False;0;6;False;False;False;e44e4fa5144254da4b95619b934782edc9fb92bfcd436c941d933db99ffa896a;0.662369891830851;0.4969393827278811;0.898913998595223;0.7359156427977346
True;False;False;True;True;False;False;False;False;False;True;0;True;False;False;False;0;False;False;True;True;0;False;True;False;True;False;0;18;False;0;False;0;6;False;False;True;521bf828a55d5b8c7aaf4581aed45af1903eeb698035fc5e3e9107ad9cd1385c;0.8001004850887744;0.6435466102932391;0.9104653570937761;0.7519506546277301
True;False;True;True;False;False;True;False;False;False;True;0;False;False;False;False;0;False;False;True;True;0;False;True;False;True;False;0;18;False;0;False;0;6;False;False;True;68139e04217e1e67d9ff5abfde237745ecee012c8b60ef8f48f526d117dd6fdf;0.8865491686659516;0.7562002913942029;0.8733418615308637;0.7186843216777823
True;False;True;True;False;False;False;True;False;False;True;0;True;False;False;True;0;False;False;False;False;0;True;True;False;False;False;0;18;False;0;False;0;6;True;False;False;bc5b2602dbb6d72fa9f3e806ead7dd6d3f68ce99b5888457c2404047c974cec3;0.5963078810012841;0.4891578960181761;0.6172862249424703;0.4983566531768012
True;False;True;True;False;False;True;True;False;False;False;0;False;False;False;False;0;False;True;False;False;0;False;True;False;True;True;0;0;False;0;False;0;6;False;False;False;8af1cf5f4c122602f588240fc7362007fa08daeca0b66e120ca889952ed1e81b;0.640287296405685;0.4961445712051047;0.7934502985194873;0.6222227680232333
True;False;False;True;True;False;True;False;False;True;True;0;False;False;False;True;0;True;False;False;False;0;False;True;False;False;True;0;6;False;0;False;0;6;False;False;False;1f57ac2e64c073c14e502e5e97013689af54fce9a7e83b110b753c065f1abc2c;0.6644081834581392;0.4992547274309979;0.9010488284456372;0.7383060549818545
False;False;True;False;False;False;False;False;False;False;False;0;True;False;False;True;0;True;False;False;True;0;False;False;False;False;False;0;0;False;0;False;0;6;False;False;True;198a8b67e311c0772d7676b89e0ea566f14e73dc7f9fb42cba4451036e76765c;0.6071642367202397;0.4611948322228136;0.8371214933617416;0.6684009410005556
False;False;True;False;False;False;False;False;False;True;True;0;True;False;False;True;0;False;True;False;False;0;False;False;False;False;False;0;18;False;0;False;0;6;True;False;False;c6ef5ce3207ff0603cdac4a852266bf51619596c4cf92b2b9bbb6e2ad4faefc2;0.859258598976582;0.737779855949138;0.8538162408402514;0.7011450011570968
True;False;True;True;False;False;False;False;False;True;True;0;True;False;False;False;0;False;True;False;False;0;False;True;False;True;False;0;6;False;0;False;0;6;True;False;False;76d95532aa18e06b68778bbbe2003eb614e12d0fb76faed388d2fd6e2f93e43d;0.7272244233781496;0.589449088229843;0.8312298770172953;0.6799628403288697
False;False;True;True;False;False;True;False;False;True;False;0;False;False;False;True;0;False;False;False;False;0;True;True;False;False;True;0;0;False;0;True;0;6;False;False;False;efabab0d166696787a44c4ce7504d68cbab410cde6a47105922c3d21054d11f3;0.4111703386923449;0.3159617904484788;0.6061840963204854;0.4779287706905999
False;False;False;False;True;False;True;True;False;False;False;0;False;False;False;True;0;False;True;False;False;0;False;False;False;False;True;0;0;False;0;False;0;6;False;False;False;653cf96d978dc7d4c0ea56b561ec1ee001484d35135ad8fb5744867d0ce9aad1;0.5232504772930134;0.3987100811354983;0.8078848238584226;0.6450313658485938
True;False;False;True;True;False;True;True;False;False;True;0;False;False;False;True;0;False;False;False;False;0;True;True;False;False;False;0;6;False;0;False;0;6;True;False;False;88f437812e316bae6ffb6850153cc9e49ad20645c3d554099a38009513f76594;0.4991613462912745;0.3815021800642263;0.7117443629975968;0.579605081073773
False;False;True;False;False;False;True;False;False;False;True;0;False;False;False;False;0;False;True;False;True;0;False;False;False;True;False;0;24;False;0;False;0;6;False;False;True;268c3827728be26ff40811d7c1c1e048d921d691c9fc0aa5aa5a55220424313f;0.8942788075575878;0.7691210478456558;0.8562077191306435;0.6856228207113925
False;False;False;False;True;False;False;True;False;False;True;0;True;False;False;False;0;False;False;False;False;0;True;False;False;True;False;0;24;False;0;False;0;6;False;False;True;c2df8103cbf799b0c34aba42bebd269e2341c4b0f0c75a4192eb0f5beae2cc3e;0.1550324942114576;0.0971063649371933;0.3371904888976271;0.2900443631546957
False;False;False;True;True;False;True;False;False;True;True;0;False;False;False;False;0;False;False;True;False;0;False;True;False;True;False;0;18;False;0;True;0;6;False;False;True;a5e3e5f1d70168a47ee53009d2efecfcc62beedeae3883c7946b853e04f6fc4c;0.7116901011186247;0.5493259666029255;0.8931676050235025;0.7263606494750362
True;False;False;True;True;False;False;False;False;True;True;0;True;False;False;True;0;False;False;True;False;0;False;True;False;False;False;0;18;False;0;False;0;6;True;False;False;f05ad3f3d7157afeabcd9212c488fb850e90ba093cf760da888b58ea30e80609;0.7357993549859023;0.572869832574931;0.9081907661925845;0.7475162095092027
True;False;True;True;False;False;False;False;False;True;True;0;True;False;False;False;0;False;False;False;False;0;True;True;False;True;False;0;24;False;0;False;0;6;False;False;True;346ca07903a39e6577c4b95f5da98eba3b5752109abd0aa50881a05ba324338c;0.1661497918669567;0.1280504689021372;0.3228324834937258;0.2972883740821392
False;False;False;False;True;False;True;False;False;False;True;0;False;False;False;True;0;False;False;False;True;0;True;False;False;False;False;0;24;False;0;False;0;6;False;False;True;a0b4102a8d3b76b726831d65729541d799edeec390b531aee80b0e3cb5b16d74;0.490416707078214;0.3853438760373255;0.6781955083181863;0.5503911972594611
False;False;True;False;False;False;False;False;False;False;True;0;True;False;False;True;0;True;False;False;True;0;False;False;False;False;True;0;6;False;0;False;0;6;False;False;False;cba85fad6f5704ad7fe73b9e7c70d9c0da7d4f9c5c12a95799ac14e8f2cccb37;0.687733230636221;0.5448205072134654;0.8237589010014652;0.6631172846036207
False;False;True;False;False;False;False;False;False;False;True;0;True;False;False;True;0;True;False;False;True;0;False;False;False;False;False;0;24;False;0;False;0;6;True;False;False;d8a12be17fe8c3cf335edc420dbccb512de48085fc6ed789ea2f6056eda72f78;0.8851229083583465;0.7609235734158459;0.8572785174560633;0.689484771748642
False;False;False;True;True;False;False;False;False;True;False;0;True;False;False;False;0;False;False;False;False;0;True;True;False;True;False;0;0;False;0;True;0;6;False;False;True;a667d6c2eb7595ef1804395eaef35ac867de424b33436115884d4968961f252c;0.1096233623217788;0.0684130264057274;0.34922098818295305;0.2950799588280665
False;False;True;True;False;False;False;True;False;False;True;0;True;False;False;True;0;False;False;False;False;0;True;True;False;False;False;0;6;False;0;True;0;6;True;False;False;5c4ebd5a6bb75486ffaa7aecc4fe1b0568938f924a35ab71ee659b0d88769b96;0.560910218068394;0.4474262881897732;0.6366270558442457;0.5134225083407801
True;False;True;True;False;False;True;False;False;True;False;0;False;False;False;False;0;False;False;True;False;0;False;True;False;True;False;0;0;False;0;False;0;6;True;False;False;704b5ed230c99ecb9d166b7d6f04e7460729e3dbca4ef511e8448491c930279d;0.6191861691344627;0.4853164453829271;0.8073448305707415;0.6471912533885825
False;False;True;True;False;False;True;False;False;True;True;0;False;False;False;True;0;False;False;False;False;0;True;True;False;False;False;0;24;False;0;True;0;6;True;False;False;0905226678bd32d62887eb84a96181bc3ad431b21e04f72228f3be110efef261;0.5220343509128206;0.4212511563042346;0.5971839349551097;0.4743058964647868
True;False;True;True;False;False;True;True;False;False;True;0;False;False;False;True;0;True;False;False;False;0;False;True;False;False;False;0;24;False;0;False;0;6;True;False;False;2d5122affeebce3c2e6afe9cc85ae1d1121741b7231584ff76dae4820d6642e3;0.9918789351723576;0.9661947248903529;0.8175546039377107;0.648037295820485
False;False;False;True;True;False;False;True;False;False;True;0;True;False;False;False;0;False;False;True;False;0;False;True;False;True;False;0;6;False;0;True;0;6;False;False;True;68cc784185f8b1ec57b4d6a03300074280eff53850fdc20a44bed65018522e29;0.802679038694926;0.6454955353642008;0.9205832543725436;0.7692415825547764
False;False;False;False;True;False;False;False;False;False;False;0;True;False;False;False;0;True;False;False;True;0;False;False;False;True;False;0;0;False;0;False;0;6;False;False;True;aa2068f38ea0a2016c5f7f60765acba7066664c9a9db3becb220917af3401a69;0.5353615543050025;0.4125828207306047;0.822154182727347;0.6624838664141957
True;False;True;True;False;False;False;False;False;False;False;0;True;False;False;False;0;False;False;False;True;0;True;True;False;True;True;0;0;False;0;False;0;6;False;False;False;8cb7eaea933da04cdb878e2c8fa0661276613178d5631e5bb60e28e5cf777ba0;0.1298845914662699;0.0823375282824539;0.3367328295804786;0.29032825529095424
True;False;False;True;True;False;True;False;False;False;False;0;False;False;False;False;0;True;False;False;True;0;False;True;False;True;True;0;0;False;0;False;0;6;False;False;False;2b8049774395928ac8b7107406d1476ed73c7e2742997a10a952426de576c910;0.5198242219066997;0.3992184308791419;0.8110210906503517;0.6515499996196974
False;False;True;False;False;False;True;False;False;False;True;0;False;False;False;True;0;False;False;False;True;0;True;False;False;False;True;0;24;False;0;False;0;6;False;False;False;72a85dd6f52f6e3b086f216e487f3ea72629c439dfdc44a7e7ef17d4a5cb8c20;0.5440814580721913;0.4330654561901694;0.6302509662985494;0.495464521107767
True;False;True;True;False;False;True;True;False;False;True;0;False;False;False;False;0;False;False;False;False;0;True;True;False;True;False;0;6;False;0;False;0;6;False;False;True;6dd9c0499119a7fccea997d266a9eeaaf1f9dbfbca3d8d7197aee8d2cf9f1cd3;0.1526369917532553;0.0972470900631616;0.30138170195287645;0.2636935432607363
False;False;True;True;False;False;False;False;False;False;False;0;True;False;False;True;0;True;False;False;True;0;False;True;False;False;False;0;0;False;0;True;0;6;False;False;True;8d9771e13536bf2918f706bf85084c96594b772b39850c68970fcddaaa935d65;0.6058168337038086;0.4599479695216817;0.8311101518823911;0.6618952803189568
False;False;False;True;True;False;True;False;False;False;True;0;False;False;False;False;0;False;False;True;True;0;False;True;False;True;False;0;24;False;0;True;0;6;True;False;False;d006ee9c3c814781f2718af5abbec5bf64e96a2990b80558159d88796bc356e5;0.7456918310995996;0.5812249277863735;0.8771358582110027;0.6943420075949258
False;False;True;True;False;False;True;False;False;True;False;0;False;False;False;True;0;False;True;False;False;0;False;True;False;False;True;0;0;False;0;True;0;6;False;False;False;b8375971b2192cd935fb6eb1448583b6cb271541d74993283033b0c2771b4969;0.5949786555816554;0.4666725702631181;0.7733029138160918;0.6146978717623544
True;False;True;True;False;False;True;True;False;False;False;0;False;False;False;False;0;False;False;True;False;0;False;True;False;True;False;0;0;False;0;False;0;6;False;False;True;c0188090c932bebff5cd507b10916ce139df294983c4c73a527199474016b3c2;0.6638491503353545;0.5165793783015279;0.8090781411703151;0.6360335624405025
False;False;False;True;True;False;False;False;False;False;True;0;True;False;False;False;0;False;False;True;True;0;False;True;False;True;False;0;24;False;0;True;0;6;False;False;True;ffe10b7745d67d596b2904e042203020408d2b47f82c904a6880cfd6781588ec;0.748965897581292;0.584549146790729;0.8720329451450998;0.6868228470342638
False;False;True;False;False;False;True;False;False;False;True;0;False;False;False;False;0;False;False;False;True;0;True;False;False;True;False;0;6;False;0;False;0;6;False;False;True;ac58a95e6c7ed4634727556ba91bd341151bb41949979a0894ceecfc2cf797c9;0.1369410947656775;0.0877899282664737;0.3205125178705665;0.2858746815085047
True;False;True;True;False;False;True;False;False;False;True;0;False;False;False;False;0;True;False;False;True;0;False;True;False;True;False;0;18;False;0;False;0;6;True;False;False;0e7b99448d3646d7e291ee82b015c173a9d6c4914a612323a4ce07fdd2d1d8a3;0.8831898192734132;0.7530863428773761;0.8778322847854592;0.7253701831787659
False;False;False;False;True;False;False;False;False;False;True;0;True;False;False;True;0;False;False;False;True;0;True;False;False;False;False;0;18;False;0;False;0;6;False;False;True;37dd92ca7ddadf95a5a17a767eb40f0d37e2a28fdb6e0aa30f937eb168687346;0.4799404734957299;0.3766340885213083;0.6771717568526511;0.5572558088519328
False;False;True;True;False;False;True;False;False;True;False;0;False;False;False;True;0;False;False;False;False;0;True;True;False;False;False;0;0;False;0;True;0;6;True;False;False;a143060663441b0940951ad0075cf1b7aa6f92b448567686a52ab4186d637642;0.4261820998953854;0.3295772254029055;0.6250484083576658;0.4962359417028058
False;False;False;True;True;False;True;True;False;False;True;0;False;False;False;False;0;True;False;False;False;0;False;True;False;True;True;0;18;False;0;True;0;6;False;False;False;fc4d440393fd34fd9d8253939e54a5ad31a3bcafe3285f8552dbc913d698f3fa;0.7896500822516123;0.6322640936138815;0.8738160335795476;0.6998410105365703
False;False;True;False;False;False;True;True;False;False;False;0;False;False;False;False;0;False;False;True;False;0;False;False;False;True;False;0;0;False;0;False;0;6;True;False;False;54340e01372ad25084857fa91c9396828861136dd8f037b3ae681dbb9f0db9c6;0.6594127350324304;0.5114993188851655;0.8114874605160992;0.6391510921052337
False;False;True;True;False;False;False;False;False;True;True;0;True;False;False;False;0;False;False;False;False;0;True;True;False;True;False;0;6;False;0;True;0;6;True;False;False;ca8238dc990805e3c26cc7d9e771d5afabeb20b16294ddf110f36bc9cc19f64a;0.1722940200388407;0.125495300672662;0.3354896526064588;0.3067699867272014
False;False;True;False;False;False;True;False;False;False;True;0;False;False;False;True;0;False;False;True;True;0;False;False;False;False;False;0;6;False;0;False;0;6;False;False;True;1e0137c96a8834937cb64d7502238a602f5957097515734d78507121ed06ae7a;0.7132080147027947;0.5655654995762525;0.8396306815008566;0.6795342229527009
False;False;False;False;True;False;False;False;False;False;True;0;True;False;False;False;0;False;False;True;True;0;False;False;False;True;True;0;6;False;0;False;0;6;False;False;False;def1be95e3807ddd0ab8128b5d95471bc7aa7c610c70f437ce61582c6f9ced01;0.667095279195466;0.5025660026757498;0.8867114304998714;0.7195368665647555
False;False;True;True;False;False;True;False;False;False;True;0;False;False;False;False;0;False;True;False;True;0;False;True;False;True;False;0;24;False;0;True;0;6;False;False;True;fa302cc866133ce3bf28e2cbb7d97e282bc1da4cc6d97c29f18917b7a43969a3;0.818525893445927;0.6650939093274717;0.810943138683454;0.6305277598823066
False;False;True;False;False;False;True;False;False;False;True;0;False;False;False;True;0;True;False;False;True;0;False;False;False;False;False;0;18;False;0;False;0;6;False;False;True;ea033ed1e64787a507bf1b94b64aa6d8675551114120d01b39f3796bc31c787c;0.8714276249747956;0.7410516038879765;0.8713830923524655;0.7141809287299083
True;False;True;True;False;False;True;True;False;False;True;0;False;False;False;False;0;False;False;False;False;0;True;True;False;True;True;0;24;False;0;False;0;6;False;False;False;ca66cc35ae738d5d54aa8ce9e9a1001054151345b7727692ba48fd2205acf0d4;0.1634720683051895;0.1225902739411364;0.28234450688730883;0.25883062993973976
False;False;False;True;True;False;False;False;False;False;True;0;True;False;False;False;0;False;False;False;True;0;True;True;False;True;False;0;6;False;0;True;0;6;True;False;False;f4af186fe8fb7659e90bcbb159a07376b39a3e64e75e7dae695c69bafbf137a9;0.1586369052567914;0.0969731413270194;0.37168824987734056;0.3277407497515165
False;False;True;False;False;False;False;False;False;True;True;0;True;False;False;False;0;False;True;False;False;0;False;False;False;True;False;0;6;False;0;False;0;6;False;False;True;304cd0fddc9349bb21c3ca97467e9494e45fc0ca8288e97b09bd5c496ec83c9f;0.7327852897345324;0.5963964570753724;0.831627178160848;0.6761933431272393
False;False;False;False;True;False;False;False;False;True;True;0;True;False;False;False;0;True;False;False;False;0;False;False;False;True;False;0;18;False;0;False;0;6;True;False;False;41c73a31713eca57e703c1f55fee5b8e85f47a9dbddb8d51794514ff6c858805;0.7257818928381048;0.5641318562815352;0.902681049737157;0.7404390792691374
False;False;True;True;False;False;False;False;False;False;True;0;True;False;False;False;0;False;False;True;True;0;False;True;False;True;False;0;24;False;0;True;0;6;True;False;False;97ed6aa23dace3d750f806a894953b7c59c6270bc58e22d7299163e630a3e1dc;0.8145639073252945;0.6607882542911977;0.8126319187702971;0.6309523498317532
False;False;False;False;True;False;True;False;False;True;True;0;False;False;False;True;0;False;False;True;False;0;False;False;False;False;False;0;6;False;0;False;0;6;True;False;False;e14a7ce7389e277e47fe15c09603e78af3ef2e196062ae5e06e613d136e30d9b;0.671076460193847;0.501929032981443;0.9096446130651489;0.7456772707790191
True;False;True;True;False;False;False;False;False;False;True;0;True;False;False;True;0;False;False;False;True;0;True;True;False;False;False;0;18;False;0;False;0;6;True;False;False;6e426b796c578e4c3d15f3c4761dc28999c493a66ede6231a0325053b5d03700;0.5530452425902945;0.44551266444743;0.6572599095297975;0.5360237988795746
False;False;True;False;False;False;False;False;False;False;True;0;True;False;False;False;0;False;True;False;True;0;False;False;False;True;True;0;24;False;0;False;0;6;False;False;False;b849d2e74fd2bc372016439a7e1d60c9297fb39959e73e0e9de7f5a69c540894;0.8573301569108366;0.7240618902976109;0.839896161274325;0.6643650135711452
False;False;False;False;True;False;True;True;False;False;False;0;False;False;False;True;0;True;False;False;False;0;False;False;False;False;False;0;0;False;0;False;0;6;False;False;True;fa0e52eff8b34a07bace49aa8198ab92bc6014df0cf0f6ef49606442fa87c6eb;0.5338598130247051;0.4087226512492912;0.8165252141275265;0.6544003235738802
False;False;False;False;True;False;False;False;False;False;True;0;True;False;False;True;0;False;False;False;True;0;True;False;False;False;True;0;6;False;0;False;0;6;False;False;False;03d65239c43d6f38ae1183eed6815dc7396f76f5d33d48c1345bb1afbd1cf16c;0.4310381928102554;0.322461130604502;0.6722336783149865;0.5422064041441619
False;False;False;False;True;False;True;False;False;True;False;0;False;False;False;False;0;False;True;False;False;0;False;False;False;True;True;0;0;False;0;False;0;6;False;False;False;d355593309eab4cccfabfdc9e283daa2ed21a83f323d3daa08d4550af68f7e9c;0.5166290956414478;0.3894984360366704;0.8297930925924584;0.6712336804702758
False;False;True;False;False;False;True;True;False;False;True;0;False;False;False;False;0;False;True;False;False;0;False;False;False;True;False;0;18;False;0;False;0;6;False;False;True;f374ec7a3147f574db04da71dc55debc1bac094aaa849fee496cc75c9081efda;0.9400325500842164;0.8409721278131517;0.8187496315610945;0.6560676159928707
False;False;True;True;False;False;False;False;False;True;False;0;True;False;False;False;0;False;False;True;False;0;False;True;False;True;False;0;0;False;0;True;0;6;False;False;True;34dcdfd0604b74bee240c9926a520bb709aeb92e00b36d6b6f2d3af565d06ab7;0.6164498466546493;0.4864395014140049;0.7886092368749404;0.6284469198786619
False;False;False;True;True;False;True;True;False;False;True;0;False;False;False;False;0;False;False;False;False;0;True;True;False;True;True;0;18;False;0;True;0;6;False;False;False;bc5a81e59c85ac7d66067af38439c7d3181fff6874c982e8d02570073329d4f9;0.1526321920133842;0.0983887688548967;0.34044520673782713;0.294722580738161
False;False;True;True;False;False;False;False;False;False;True;0;True;False;False;True;0;False;False;False;True;0;True;True;False;False;False;0;18;False;0;True;0;6;False;False;True;ec3f027cfb2fb0658f001efc41553b2084b14db7d14659946df2323cae37dea0;0.5097613293576783;0.4009936810120902;0.6161050893560961;0.49389616795427904
False;False;True;False;False;False;True;True;False;False;False;0;False;False;False;True;0;False;False;True;False;0;False;False;False;False;True;0;0;False;0;False;0;6;False;False;False;c14004818267a59497902049203dfdfc5d22998875231a51af792379aeea6700;0.6390473078783436;0.4939010564143927;0.7917630341770571;0.6201398140114551
True;False;True;True;False;False;False;False;False;False;False;0;True;False;False;False;0;True;False;False;True;0;False;True;False;True;True;0;0;False;0;False;0;6;False;False;False;6516b0edbcb0641b29fcea8ba8690cd08d2df1820a29003e77975eb08d71c20a;0.5886982606183354;0.4459960131227339;0.8232865108499074;0.6565469306499058
True;False;True;True;False;False;True;False;False;True;False;0;False;False;False;True;0;False;False;True;False;0;False;True;False;False;True;0;0;False;0;False;0;6;False;False;False;ccae13fa79bdc1261f92201bc4c826f8a1d403716624b911711bd8dd0f49c8ae;0.5994216360892811;0.4664720102056638;0.7874451971786702;0.6254277876817772
True;False;True;True;False;False;True;False;False;False;True;0;False;False;False;False;0;False;True;False;True;0;False;True;False;True;False;0;24;False;0;False;0;6;False;False;True;2a3f25e2b92994170ea3ff9ab4896f20bb7276787cda27e3e589972a6301b073;0.9095575726400074;0.7869741992195025;0.8578815847042845;0.691051575443123
False;False;True;False;False;False;True;False;False;True;True;0;False;False;False;True;0;False;True;False;False;0;False;False;False;False;False;0;24;False;0;False;0;6;True;False;False;6754c5ffcbf5a276be17052f5d887a303d1c35fb7f8850944cbc9210f07bec9b;0.8764060785042935;0.7597397959328521;0.846824635714265;0.6842524954922324
True;False;True;True;False;False;False;False;False;False;False;0;True;False;False;True;0;False;False;False;True;0;True;True;False;False;True;0;0;False;0;False;0;6;False;False;False;df740cfd1af2fa4121bcdf51fcdfd4bdd05334be4f3aae3cac598170f259798d;0.3911518290608212;0.2917450523213338;0.6277551013090444;0.49989320579224134
True;False;False;True;True;False;True;False;False;False;True;0;False;False;False;True;0;False;False;True;True;0;False;True;False;False;True;0;24;False;0;False;0;6;False;False;False;366c58db4d3b9776015973df5afa671ddab4a3117df9a464b7b48826595bd012;0.7671040338370799;0.6127884474467247;0.8798389916062378;0.7097189562360382
False;False;True;True;False;False;True;True;False;False;True;0;False;False;False;True;0;False;False;False;False;0;True;True;False;False;False;0;18;False;0;True;0;6;True;False;False;5af5c3ce70310503d1f3c0d8b4a2e4237bf5734042b9986a6f231e84236fa088;0.5869673003585213;0.4746211293552423;0.6072931704893948;0.4858106236435794
False;False;True;True;False;False;False;False;False;False;True;0;True;False;False;True;0;True;False;False;True;0;False;True;False;False;False;0;24;False;0;True;0;6;True;False;False;e50b03a9ba050ff852334ee275940e894631f5419eb6965b8da643ca99d9852b;0.8125771233004521;0.6596751412577525;0.811402293913218;0.6309303477291821
False;False;False;True;True;False;True;True;False;False;True;0;False;False;False;False;0;False;False;False;False;0;True;True;False;True;False;0;24;False;0;True;0;6;True;False;False;a22e05228a1d934f4cf82e846b0b9eea97fdffe335cbeac7912b75aa8968b13c;0.1560233168415459;0.0969417553989557;0.33726980443204;0.286285044105634
False;False;False;True;True;False;False;True;False;False;True;0;True;False;False;False;0;False;False;False;False;0;True;True;False;True;True;0;24;False;0;True;0;6;False;False;False;112081cad5bc706f72f8947ffd9f5399fe61da4e3a599b0954aeb0755898a31e;0.1525340120989883;0.0964569782296216;0.32728493561559224;0.2779587843820543
True;False;False;True;True;False;True;False;False;False;True;0;False;False;False;False;0;False;False;False;True;0;True;True;False;True;True;0;18;False;0;False;0;6;False;False;False;a0690b7faada861ba79db16f08e37632ee01dace99f8530f9cd0d936c69de385;0.1411861547304261;0.0884178842593822;0.34890122765543147;0.30588699246021783
False;False;True;False;False;False;True;False;False;True;True;0;False;False;False;True;0;False;True;False;False;0;False;False;False;False;False;0;24;False;0;False;0;6;False;False;True;879087be7ab4a28a4b9ba32e412284be70e108bb9cfbf41ae8f27f2f43e5b6cf;0.8780196774427605;0.762376756025668;0.8426673997285737;0.6793229019930961
False;False;True;False;False;False;True;False;False;True;False;0;False;False;False;True;0;False;True;False;False;0;False;False;False;False;False;0;0;False;0;False;0;6;False;False;True;80e5dbab00d3951b73504d0eaee69bb44b404eb86c6760ec4c8a322e26baec41;0.6192745734107257;0.4856168424984936;0.8042468396358727;0.6418769867653037
True;False;False;True;True;False;False;False;False;False;False;0;True;False;False;False;0;True;False;False;True;0;False;True;False;True;False;0;0;False;0;False;0;6;True;False;False;e9d76bd888cfecfbc6e23a92cfa6173c96b52b12d64af819756be5b20e1a32b3;0.5333753359805017;0.4114955187547933;0.8246355163387178;0.6668254149303255
False;False;True;False;False;False;False;True;False;False;True;0;True;False;False;True;0;True;False;False;False;0;False;False;False;False;True;0;18;False;0;False;0;6;False;False;False;335498e3ca528094862ff81f88610ecf1d8b2c637abeaa2a9bf123b659d356e8;0.9089584646523686;0.7996720932719471;0.8068433652856798;0.6417471985265588
True;False;False;True;True;False;False;False;False;False;True;0;True;False;False;False;0;False;False;True;True;0;False;True;False;True;True;0;24;False;0;False;0;6;False;False;False;8463d4e451129250536dae34fbd9558252393caf823a111a98b2638e0579f258;0.7665445437886231;0.6114741101855645;0.8792542304820318;0.7073589735970343
True;False;False;True;True;False;False;False;False;False;True;0;True;False;False;False;0;False;False;False;True;0;True;True;False;True;True;0;24;False;0;False;0;6;False;False;False;d6331a07680f37d0e8049e3f09d6d882208e4a2610cce1435e568170d4d9b6b2;0.1461285233320982;0.0911455810187579;0.34675853194587813;0.3031251120543604
False;False;False;False;True;False;True;False;False;False;True;0;False;False;False;True;0;False;False;False;True;0;True;False;False;False;False;0;18;False;0;False;0;6;False;False;True;821e9dce6da334e459ac809751de192ea15d08f221b92ee163bf4320d10aa6da;0.5000172485717664;0.3909909193838292;0.6967632973519824;0.5719639848307699
False;False;True;False;False;False;True;True;False;False;False;0;False;False;False;True;0;False;True;False;False;0;False;False;False;False;False;0;0;False;0;False;0;6;False;False;True;32d2db01ee8308cdcb161120ca8019a8d1eccdbb15adcbd0dc554b39b24d5623;0.6596699216535954;0.513458669033407;0.8064448407157886;0.6341987005981665
False;False;True;True;False;False;False;False;False;True;True;0;True;False;False;False;0;False;True;False;False;0;False;True;False;True;True;0;6;False;0;True;0;6;False;False;False;6a11c9c59391e9a720ef86e6c83af8f629415541400c4ab8edfa2f3a0cecdf85;0.7562589185708158;0.6171060216861115;0.8124824962703647;0.6578708106151914
False;False;False;True;True;False;True;True;False;False;False;0;False;False;False;False;0;False;True;False;False;0;False;True;False;True;False;0;0;False;0;True;0;6;False;False;True;38066b7a582bc34674ee0ce324c881adf39a86fc5f16006177d59336dd0d983a;0.5423219581529469;0.4147478124536763;0.8202779124900242;0.6555718559537969
True;False;False;True;True;False;False;True;False;False;True;0;True;False;False;True;0;False;False;True;False;0;False;True;False;False;False;0;18;False;0;False;0;6;True;False;False;1868845e5e8d80c07d77f91f690483cb434fabfe6e4c2157e411b11f8bc597b4;0.8402349113807888;0.6918644116512039;0.9023511496561757;0.7382535021469713
False;False;False;True;True;False;False;False;False;True;True;0;True;False;False;True;0;False;False;True;False;0;False;True;False;False;False;0;24;False;0;True;0;6;True;False;False;6f93d49eeb87e8557356e384d650085bd9f4af059ce542491eed1597d31cca65;0.6916001067430857;0.5273850549644044;0.8812302509642115;0.7031645066076576
False;False;True;False;False;False;False;False;False;False;True;0;True;False;False;True;0;False;False;False;True;0;True;False;False;False;False;0;18;False;0;False;0;6;True;False;False;6c942a21bfb8df71bc7dca9a96d8304ba75aa621c3a7fe5b8071e4e70d7d2260;0.5421947786779221;0.4360183855241966;0.6534348091138276;0.5312060657461631
False;False;False;False;True;False;False;False;False;False;True;0;True;False;False;True;0;False;False;True;True;0;False;False;False;False;True;0;18;False;0;False;0;6;False;False;False;ce5ea86e15ed04715c269054adf46dfb76c0d341d3ad9d32ea693a25e770346f;0.7596454714538979;0.6049519692415645;0.8921061037368143;0.7298673979220094
False;False;False;False;True;False;False;False;False;True;True;0;True;False;False;True;0;False;False;False;False;0;True;False;False;False;False;0;6;False;0;False;0;6;False;False;True;f99ceabcf2d8729d7ff221bac8772ddcf00025d5feaab6368685822de9143f05;0.4295932620876282;0.319979379605689;0.6909212181387974;0.5625749850668713
False;False;False;True;True;False;True;False;False;True;False;0;False;False;False;False;0;True;False;False;False;0;False;True;False;True;False;0;0;False;0;True;0;6;False;False;True;858d42cf4187ca50143e241a2f6525fba6eaeb97a2990ccb83d0ba43ab81cb5d;0.5351376542186917;0.4073740955836238;0.8396326954570185;0.6786244109068666
False;False;False;True;True;False;False;False;False;False;True;0;True;False;False;True;0;False;True;False;True;0;False;True;False;False;False;0;24;False;0;True;0;6;False;False;True;cde0bf19d30430c244f9738f38b87229a3176306ad1dce51343f44ad060ee5d2;0.7477301644308478;0.5828710103903549;0.8712847919027069;0.6861729353221703
False;False;False;True;True;False;True;False;False;False;False;0;False;False;False;True;0;False;True;False;True;0;False;True;False;False;False;0;0;False;0;True;0;6;False;False;True;44f799123c0fb04fdbd505dbe24182de078c919cd1a266543c9c25964f3babb9;0.5384208995792356;0.4155747731547089;0.8211403451685884;0.6588156654226645
False;False;False;False;True;False;False;True;False;False;True;0;True;False;False;False;0;True;False;False;False;0;False;False;False;True;True;0;24;False;0;False;0;6;False;False;False;92d470ac8809fec06e0d876ba53802ec3e7f76ce8eba4b2522a51d5207a834b6;0.8023156449246868;0.6554459989408057;0.8628243706971401;0.686478904278075
True;False;False;True;True;False;False;False;False;True;True;0;True;False;False;False;0;False;True;False;False;0;False;True;False;True;True;0;18;False;0;False;0;6;False;False;False;6fbd0ebc9f887e880a83fb4f40ce2c8c9dc8c7f807c63ec5a09d49e5407f7b79;0.7210987904487244;0.5615698508672613;0.8951012746779159;0.7325312608281414
False;False;True;False;False;False;False;False;False;True;True;0;True;False;False;True;0;False;False;True;False;0;False;False;False;False;True;0;24;False;0;False;0;6;False;False;False;bf3925978443e2b009f8cb36df58a0fb0b3c4ff2ce23659dc38f3d0b205fe21b;0.8414754767192435;0.7198168855186582;0.8258201718985746;0.660406982986381
True;False;True;True;False;False;True;True;False;False;False;0;False;False;False;False;0;False;True;False;False;0;False;True;False;True;False;0;0;False;0;False;0;6;True;False;False;63247a82f6dd930cdd5e9ce51c9d2b986d18bb99796283b7823d64a4dbc66e41;0.6609103900780438;0.5136482482661082;0.8124402764067112;0.640329867236034
True;False;False;True;True;False;False;True;False;False;True;0;True;False;False;False;0;False;True;False;False;0;False;True;False;True;True;0;6;False;0;False;0;6;False;False;False;460b863e22c924199ee891a0beaaf54d194482f1a281d930f188566d489bad9f;0.7183963361188273;0.5510563321814139;0.8889171657446202;0.724195028333552
True;False;True;True;False;False;True;False;False;False;False;0;False;False;False;False;0;False;False;False;True;0;True;True;False;True;True;0;0;False;0;False;0;6;False;False;False;c84ff7ed7a08739abb9bd1d8e98b4c4e704545b7d21b464567df57aad5664b67;0.1269934857912815;0.0770721683481674;0.33540170893557175;0.28947503976777605
False;False;True;False;False;False;True;True;False;False;True;0;False;False;False;False;0;False;True;False;False;0;False;False;False;True;False;0;24;False;0;False;0;6;True;False;False;8921968efbc3dadcce67fa22aeb65f0c901c74cbb28f668ae703d92a8897855d;0.9781741513327;0.9270311085619156;0.8177814489435693;0.6448475135938623
False;False;False;False;True;False;False;False;False;True;True;0;True;False;False;True;0;False;False;True;False;0;False;False;False;False;True;0;18;False;0;False;0;6;False;False;False;8fb626c6e0db804de93d6fa922de49f488163ef7662f2664e134751cacaac63e;0.7089951540122051;0.5493501068740917;0.8902346620079316;0.725146593003382
False;False;True;True;False;False;False;True;False;False;True;0;True;False;False;True;0;False;True;False;False;0;False;True;False;False;False;0;18;False;0;True;0;6;False;False;True;3c305385ec9638fe24438d718fb23c7abc69f3eea12d9d5cc34aee4e230e72d3;0.887624980529103;0.7695575872160046;0.7727269213956336;0.6123671440456474
False;False;False;False;True;False;True;False;False;False;True;0;False;False;False;True;0;False;True;False;True;0;False;False;False;False;False;0;18;False;0;False;0;6;True;False;False;8ee227c0c1b565e25582d5626466ca4c0ae5a5ae673b8592199342e272cd4ea5;0.7762988775593519;0.6229327604374292;0.9055956781652001;0.7497305831413889
False;False;False;False;True;False;False;False;False;False;True;0;True;False;False;True;0;False;False;True;True;0;False;False;False;False;True;0;24;False;0;False;0;6;False;False;False;d95609a8b45e6a24f1f73e987a1067b2c83a65565823549586c7621f82d9845f;0.749819427454196;0.5970651060312137;0.8730299502134905;0.7001388793305686
False;False;False;False;True;False;False;False;False;True;True;0;True;False;False;True;0;False;False;True;False;0;False;False;False;False;False;0;18;False;0;False;0;6;True;False;False;a88ece3949a75d78631a2042b015de18e3e57d4b0a05394950c64bb7cd427410;0.7251088296790116;0.5635501831222619;0.9040270195652199;0.7421615244000396
True;False;True;True;False;False;False;False;False;True;True;0;True;False;False;False;0;False;False;False;False;0;True;True;False;True;False;0;18;False;0;False;0;6;False;False;True;6e287193f3435dbbe7e91408d5afa0dfec8cd8a0cd334e6e3fce07eab3b7932b;0.1681086338479155;0.1285582684892614;0.3305568222989021;0.3030282604003741
True;False;False;True;True;False;False;False;False;True;False;0;True;False;False;True;0;False;True;False;False;0;False;True;False;False;False;0;0;False;0;False;0;6;True;False;False;e84e02d5e95df0cc945ee38cd7351f16d413842d8adcebdae441cd2d558d1802;0.5262775718598257;0.3992186649775988;0.8406798321308446;0.6827057086680343
False;False;False;True;True;False;True;True;False;False;True;0;False;False;False;True;0;False;True;False;False;0;False;True;False;False;False;0;6;False;0;True;0;6;False;False;True;030d9ff3dcc1d66145d39301b6fe3ca61d8734098715dbabb548b95c47a38c71;0.8008738339756211;0.6446690731211967;0.9201325189166357;0.7698632971313645
False;False;False;False;True;False;False;False;False;True;True;0;True;False;False;False;0;False;False;False;False;0;True;False;False;True;True;0;24;False;0;False;0;6;False;False;False;57ae330e56bda57f8260296c4dfd5784a930d413e9cb8d8372b6d64680d4244e;0.1358451727036924;0.0786446896662029;0.34397674354489916;0.2902349880908328
True;False;False;True;True;False;True;True;False;False;True;0;False;False;False;True;0;False;False;True;False;0;False;True;False;False;True;0;6;False;0;False;0;6;False;False;False;8c3a2ddf0ad2788088060ed88c51a33ce6e74b53a497d8e0d32e85044bb30b2f;0.718475295866854;0.5506759933404705;0.8897766104744008;0.7261269084530569
False;False;False;False;True;False;False;True;False;False;True;0;True;False;False;False;0;True;False;False;False;0;False;False;False;True;False;0;6;False;0;False;0;6;False;False;True;b859fa83292ce97e325cadd7bc9cb1b8ddf504cc50c11485b24c050c3aa7fe1f;0.7332556170061173;0.568528440101092;0.8960239530391602;0.7343133282159369
False;False;True;False;False;False;True;False;False;False;True;0;False;False;False;False;0;False;False;True;True;0;False;False;False;True;True;0;24;False;0;False;0;6;False;False;False;1a1f745fbd3f47fc95f176ae0939cd4ebbfb4acc5c7e0304b34898992f5c391a;0.8585288931043654;0.7258011220961815;0.8440762398320839;0.6710719443800943
False;False;False;False;True;False;False;True;False;False;False;0;True;False;False;True;0;False;False;True;False;0;False;False;False;False;False;0;0;False;0;False;0;6;False;False;True;90d0493adafb66a5e67665901fa221e35dee3bed5ac89e9c625477a934511efd;0.5353480657933252;0.4101483239397759;0.8191187198189014;0.6574060817323365
False;False;True;True;False;False;True;False;False;False;True;0;False;False;False;False;0;False;False;False;True;0;True;True;False;True;True;0;24;False;0;True;0;6;False;False;False;389c1e4afb68837587d0ef5b243aeec31a8e0b6a30771dba4da73e17f9927843;0.1522080263339499;0.1046975673518729;0.302445919546531;0.27669906442680803
False;False;False;False;True;False;True;True;False;False;True;0;False;False;False;True;0;False;False;False;False;0;True;False;False;False;True;0;6;False;0;False;0;6;False;False;False;41969ce3a70975035fa58f2fc5ff1a4771072fcea61fa5ff16f0775432eee90a;0.4775311265113516;0.3619215811424341;0.6889815350942596;0.5555131144350596
False;False;False;True;True;False;False;False;False;False;True;0;True;False;False;True;0;False;False;True;True;0;False;True;False;False;True;0;6;False;0;True;0;6;False;False;False;00c237e09c76a0eb9111e4bf61e757f0a04f9c87dcaf931f854232e892e92bbd;0.7299031487299887;0.5668270226016043;0.9071335554067192;0.7445413780539035
True;False;True;True;False;False;False;False;False;True;True;0;True;False;False;False;0;False;True;False;False;0;False;True;False;True;False;0;18;False;0;False;0;6;True;False;False;ab50ef4c79c203bdb1b3497a1c33b767303a508deff0d86521a38c83675a9bc1;0.8702593804909682;0.7504431036212799;0.8518176464111019;0.7020600424724145
True;False;False;True;True;False;False;True;False;False;False;0;True;False;False;False;0;False;False;True;False;0;False;True;False;True;True;0;0;False;0;False;0;6;False;False;False;f45bf0c2135cc82c4eb6e1f2d8ff1f612bccf2f310be3a2cecbc009fd8511cc0;0.5230884324220572;0.3977642039619254;0.808337802409789;0.6464642251574239
False;False;False;True;True;False;True;True;False;False;True;0;False;False;False;True;0;True;False;False;False;0;False;True;False;False;False;0;18;False;0;True;0;6;True;False;False;79297c2f2d3e8887f4fcd666393c9de2e661589675f32eb8ad87569bdb944e21;0.8087219892688371;0.6539686466285813;0.8867480043879383;0.7180542651073639
True;False;False;True;True;False;False;True;False;False;True;0;True;False;False;True;0;False;True;False;False;0;False;True;False;False;False;0;6;False;0;False;0;6;True;False;False;146188dadd24b1549582a221d3358b94e501d79777ee306ce9c04e4be70efbc9;0.7316017768163028;0.5660538717144553;0.9012608909702966;0.7435777217802697
False;False;False;False;True;False;False;True;False;False;True;0;True;False;False;True;0;False;False;False;False;0;True;False;False;False;False;0;6;False;0;False;0;6;True;False;False;1193f86cb77a48a719b7668a207d4e98b0ed1c97bb1f8b568b167d6054b1b2a0;0.474621855815047;0.3612358917664393;0.6888804663115331;0.5592627602888259
False;False;True;False;False;False;False;True;False;False;False;0;True;False;False;True;0;True;False;False;False;0;False;False;False;False;False;0;0;False;0;False;0;6;False;False;True;bf9782a680e1046706c97288e6b1a2c09af767d39eb1c72498c2902a78508fc1;0.6599072005085971;0.512970066446104;0.8058766224568903;0.6325519756034306
False;False;True;True;False;False;True;True;False;False;True;0;False;False;False;False;0;False;True;False;False;0;False;True;False;True;False;0;6;False;0;True;0;6;False;False;True;c5ec548d0b5ff1b7b993f7a99edbd41183bd4e8376473c458f8bf54a7b9131c6;0.8545843435054172;0.7176320538776799;0.8224707084074966;0.6617137596342608
True;False;False;True;True;False;False;False;False;True;True;0;True;False;False;False;0;False;True;False;False;0;False;True;False;True;False;0;18;False;0;False;0;6;False;False;True;c6e647d1a544ee9167af069d21ad2ff4cae9a97137c4e2d08fe450da9ac34f23;0.7434915226203017;0.5806983368164628;0.9049934398399342;0.7425595321629966
False;False;True;False;False;False;True;True;False;False;False;0;False;False;False;True;0;True;False;False;False;0;False;False;False;False;False;0;0;False;0;False;0;6;True;False;False;ae374ba7399b10688393cb97c9a014e5c30fcae1169056e926232ad181bacece;0.657027077642819;0.5099273061260848;0.8100501085722946;0.6379334990544242
False;False;True;False;False;False;True;True;False;False;True;0;False;False;False;False;0;False;True;False;False;0;False;False;False;True;True;0;24;False;0;False;0;6;False;False;False;ee50a270ef9e15775e666a740fded904034e80b4454ae57ef84582b6d0ec0b73;0.9435361386293444;0.8566002997947764;0.8006418127667726;0.6243696600234682
True;False;True;True;False;False;True;False;False;True;True;0;False;False;False;True;0;True;False;False;False;0;False;True;False;False;False;0;18;False;0;False;0;6;True;False;False;fa4372afb01369ea99959a17555fd1831640f76ff226d7b47dafe853ccdc965c;0.8670756223725872;0.7476190774985715;0.8535212881489468;0.7049247821849045
False;False;False;False;True;False;True;False;False;False;False;0;False;False;False;False;0;False;False;False;True;0;True;False;False;True;False;0;0;False;0;False;0;6;False;False;True;eea931abdd868892bfbe34ddb90e39e5ab2e04015f57e0bfb308bce5d740bc91;0.0984131579707012;0.059658784759273;0.3279177655581887;0.28035079662169043
False;False;False;False;True;False;True;False;False;True;True;0;False;False;False;True;0;False;False;True;False;0;False;False;False;False;True;0;24;False;0;False;0;6;False;False;False;1e83ab5066244b70726e8da4b596ae72aca47356d428a433ecba2cba61bd6777;0.7033564512232509;0.5446125263516385;0.880988846144194;0.7105845798688553
False;False;False;False;True;False;True;True;False;False;True;0;False;False;False;True;0;False;False;False;False;0;True;False;False;False;False;0;6;False;0;False;0;6;False;False;True;63cca465dab428e4a061566b4ec70c5d536e2ee0f1665c312dc89b5a9e555b7b;0.4877123453007343;0.3703948114796108;0.6986771833948712;0.5641005521498587
True;False;True;True;False;False;True;True;False;False;False;0;False;False;False;False;0;False;False;True;False;0;False;True;False;True;True;0;0;False;0;False;0;6;False;False;False;fa963c163d9d768f01cb0c5bc4490a06b89bb4e6ab4aff1c31f0c8405ae2b3c1;0.6425052803827207;0.4975522919612514;0.7951274375433546;0.6252561894818962
False;False;True;True;False;False;False;True;False;False;True;0;True;False;False;True;0;False;True;False;False;0;False;True;False;False;True;0;6;False;0;True;0;6;False;False;False;9845aed03f4adbee216abbb31c167ec0e11b7855b685994990867e503bf11a83;0.8216510279839929;0.680100267019741;0.8051928410001532;0.6418186559949549
True;False;False;True;True;False;True;True;False;False;True;0;False;False;False;False;0;False;False;True;False;0;False;True;False;True;False;0;6;False;0;False;0;6;False;False;True;ab4c7b6f5d715fafb6a8d6e80e5842329da4473d106af5ca6b9ec9afce20c64d;0.7396963073311185;0.5738731258348896;0.9010095584224558;0.7418072044933985
True;False;True;True;False;False;True;True;False;False;True;0;False;False;False;True;0;True;False;False;False;0;False;True;False;False;False;0;18;False;0;False;0;6;False;False;True;54a812ddfeba19ada324ffaf9e7872a1c11cc3ffd2f53aff82440d19aee2a3b1;0.95107685264596;0.8622208361442534;0.8183690016308426;0.6601156342762615
True;False;True;True;False;False;True;True;False;False;True;0;False;False;False;False;0;False;False;False;False;0;True;True;False;True;False;0;24;False;0;False;0;6;True;False;False;e5ac254487e62803335c5974c4713859c2a168632d0e1bfe66efb6065a7be164;0.1759486859948081;0.1310218658907524;0.2954636224377633;0.2669994846522978
False;False;False;True;True;False;False;False;False;False;False;0;True;False;False;False;0;False;False;False;True;0;True;True;False;True;False;0;0;False;0;True;0;6;True;False;False;e6e9dc802e46d06edf257a8db31d2114d527a424bad741544bacff21e8b656ef;0.1063030795721664;0.0663008195088316;0.3369664191641914;0.2876413744958686
True;False;True;True;False;False;False;False;False;False;True;0;True;False;False;False;0;False;False;False;True;0;True;True;False;True;False;0;24;False;0;False;0;6;True;False;False;f2fb833ac32dc299503a0b30361e23b6149c3e504ccf6738a840b3e5e55f867b;0.170040292179072;0.1202562513547374;0.33072389863304996;0.30615331680309127
True;False;False;True;True;False;False;True;False;False;True;0;True;False;False;False;0;False;True;False;False;0;False;True;False;True;False;0;18;False;0;False;0;6;False;False;True;04011866aaa735cf76cfee18ec8923b23b6640412ae6eadaaa543e4692a17b05;0.848564113253617;0.69984878038789;0.8978156927097407;0.7311033941045535
False;False;False;True;True;False;True;False;False;False;True;0;False;False;False;False;0;False;False;True;True;0;False;True;False;True;True;0;18;False;0;True;0;6;False;False;False;dfe860b3e5629b34642c88f808d0fcd2660ad88232783fdd05e7b33ab2cfa463;0.7522177158200045;0.5888498795309793;0.8912877744501588;0.7222420903369023
False;False;True;False;False;False;False;True;False;False;True;0;True;False;False;True;0;True;False;False;False;0;False;False;False;False;False;0;6;False;0;False;0;6;False;False;True;07ab88232afdf079729eb9be4cc92b509d3a77b7b77fd97c3f773a05d50ceab7;0.8006201020928367;0.6622790081839214;0.8173552251038717;0.6540351318271534
False;False;False;True;True;False;False;False;False;False;True;0;True;False;False;True;0;True;False;False;True;0;False;True;False;False;False;0;18;False;0;True;0;6;True;False;False;4e9c2c352cd31aede13e0c9de0a06a56af57edb418367237e16f623847537ccd;0.7711276353524377;0.6098307429931862;0.9024538404557725;0.738255092351112
False;False;True;False;False;False;True;False;False;True;True;0;False;False;False;True;0;False;False;True;False;0;False;False;False;False;False;0;24;False;0;False;0;6;True;False;False;a9ceb8b8fd7566767bfbae7b900a2a4995805294dd0c08e6cffb648fc6c49a91;0.8780275633191538;0.7621204091217516;0.8471622335899238;0.6854674862186327
True;False;True;True;False;False;True;False;False;False;True;0;False;False;False;False;0;False;False;False;True;0;True;True;False;True;False;0;6;False;0;False;0;6;True;False;False;1a0d8241356986ca075b7620fe15f00a55e41785b3ca0b02663b5efd488ab1ba;0.1441403672946159;0.0954551728727242;0.32868680885691226;0.29623647007802
False;False;True;False;False;False;True;True;False;False;False;0;False;False;False;False;0;True;False;False;False;0;False;False;False;True;False;0;0;False;0;False;0;6;False;False;True;d2550b05efaade198cc6669229d30a8dfcf99c1103b5c8098f864ebd5d1ed8c5;0.6622629293663257;0.5143965524157944;0.8064159517104179;0.6333015640127035
False;False;True;False;False;False;True;False;False;False;False;0;False;False;False;False;0;True;False;False;True;0;False;False;False;True;False;0;0;False;0;False;0;6;True;False;False;b33c7a0cbf37684ddd1479e6a25c5ce4c15d257c22d622c5700d39ed340d0734;0.607115595873608;0.4616389478679171;0.8413670230334986;0.6735546234673612
False;False;False;False;True;False;True;False;False;True;False;0;False;False;False;False;0;False;False;False;False;0;True;False;False;True;False;0;0;False;0;False;0;6;True;False;False;385652685527991d9164c13e478f8c0d41d02b79ad61b67d22175525072791d5;0.1083146656811662;0.0677562735802207;0.34995510433753557;0.297055914618397
True;False;True;True;False;False;True;False;False;False;True;0;False;False;False;True;0;False;True;False;True;0;False;True;False;False;False;0;18;False;0;False;0;6;True;False;False;cb0f90cc5a86dc4ac528363e39e7d43b05a450520a984ee2e5a667fa5fd382bf;0.8803019219646644;0.7504590850050916;0.8781896516651068;0.7256851353232195
False;False;False;True;True;False;False;False;False;False;True;0;True;False;False;True;0;False;False;True;True;0;False;True;False;False;False;0;18;False;0;True;0;6;False;False;True;70e8ea8c1a82699face1219a2ee6c20c726ded8f7025ccc188ff1c9f1ba1d63e;0.7761401706475622;0.615213198210528;0.9022935926444552;0.7361173752506337
False;False;True;True;False;False;True;False;False;False;True;0;False;False;False;True;0;True;False;False;True;0;False;True;False;False;False;0;24;False;0;True;0;6;True;False;False;81f5eb0b9a3c2a5922e82d903467f054123d89cd0d0a73ad4f602d20ea6a8178;0.812156176284935;0.6594691527205779;0.8141497095461172;0.634434873556004
True;False;True;True;False;False;True;False;False;True;True;0;False;False;False;True;0;False;True;False;False;0;False;True;False;False;False;0;24;False;0;False;0;6;True;False;False;773c731319dabbe3771c540f446cff2368d3b8b6f422f5d8898eca8036ada33b;0.8852100609472386;0.7704070358463364;0.8442400835346524;0.6828119284313215
False;False;False;True;True;False;True;False;False;True;True;0;False;False;False;False;0;False;False;True;False;0;False;True;False;True;False;0;18;False;0;True;0;6;True;False;False;0af6040ed01bc959682b2266ecc566c2708723d5a179ef6a1de31e385e50e9e4;0.7073349851041771;0.5454911937829907;0.8953297485642943;0.7301730277349049
False;False;True;False;False;False;False;False;False;False;False;0;True;False;False;True;0;False;False;False;True;0;True;False;False;False;False;0;0;False;0;False;0;6;True;False;False;7bcc049197b6889e1b3ff91cd7eb6d337de66be58b2c253f10844a4160f0ad6a;0.4020460262189075;0.3005351275351227;0.6468411814334402;0.5152465352177105
True;False;True;True;False;False;False;False;False;True;True;0;True;False;False;False;0;False;False;True;False;0;False;True;False;True;False;0;24;False;0;False;0;6;False;False;True;fcef5865f2a7cb0288e914d7d56bd0c5c7b44a1a66430acc0ca6eb2982885d87;0.8862305358892154;0.7724492422043366;0.8374487221958972;0.6759142775496254
True;False;False;True;True;False;True;True;False;False;True;0;False;False;False;True;0;False;False;False;False;0;True;True;False;False;True;0;24;False;0;False;0;6;False;False;False;18b9fc4b0aaad868c85c212be117abc7b6f8c87ae0385cfcf076d9906298f792;0.5214360916661638;0.4072589911156878;0.6643422055895601;0.5259541226508441
True;False;False;True;True;False;False;False;False;True;True;0;True;False;False;False;0;False;True;False;False;0;False;True;False;True;False;0;18;False;0;False;0;6;True;False;False;11d71adbc3c6090887a5b1e8669ca54f3d9e09aea3c5dc84cab71cbc559d3ef8;0.7363846804616249;0.5732172140316404;0.9061475008354697;0.7446401372464168
False;False;True;True;False;False;True;False;False;True;True;0;False;False;False;True;0;False;False;False;False;0;True;True;False;False;False;0;6;False;0;True;0;6;False;False;True;d01f253e4cb0192071ab8b016cf02e3e4ccd3a77f74ca007f212af9aabb757ed;0.5148235195912134;0.4102728448735913;0.6356778667591505;0.516088416070274
True;False;False;True;True;False;True;False;False;True;True;0;False;False;False;False;0;False;False;True;False;0;False;True;False;True;True;0;6;False;0;False;0;6;False;False;False;4a2dd9dd28cf20ba9aa46db6c889277be138a7fcf5290725df541a20c87f2191;0.6638642566094842;0.4975392387882549;0.9022149952005962;0.7390955772373037
False;False;False;True;True;False;True;True;False;False;True;0;False;False;False;False;0;True;False;False;False;0;False;True;False;True;False;0;24;False;0;True;0;6;True;False;False;dece43fa68dca76ac6398aa37dedbd2fdd7f05fa26de3713cc3fdfffdad8442a;0.7876899354594705;0.6280227479330168;0.8568227862175809;0.669133183878781
True;False;True;True;False;False;True;False;False;True;True;0;False;False;False;True;0;True;False;False;False;0;False;True;False;False;False;0;18;False;0;False;0;6;False;False;True;faa66e85d6828f82a7445ab49eeb3cac7af2d1df738194a4251249fea2e2c24a;0.8705419510138833;0.7517038313640881;0.8498337009001016;0.700426932668646
False;False;False;False;True;False;False;True;False;False;True;0;True;False;False;True;0;False;False;True;False;0;False;False;False;False;False;0;18;False;0;False;0;6;False;False;True;ac8f90fd34f84417e71a875f4b0aad1629e32a06883d1bcd7a307e955272cc1c;0.8295326577386536;0.6830676553803411;0.8937560565605787;0.7277296606171847
False;False;False;False;True;False;True;True;False;False;False;0;False;False;False;False;0;False;False;False;False;0;True;False;False;True;False;0;0;False;0;False;0;6;False;False;True;742e44986a4dbd047758798d776a4127bd75b585b6f783209a1afc2d78c62468;0.1036756759992746;0.0630735049607837;0.3276734313770274;0.27377879806843397
True;False;False;True;True;False;True;True;False;False;False;0;False;False;False;False;0;False;True;False;False;0;False;True;False;True;False;0;0;False;0;False;0;6;True;False;False;b0621d7b343e15da0bcef831f47d918efebdf051e46fadcef8849798ce7009c0;0.533369212166118;0.4081843679662938;0.8191045572760932;0.6577096659447066
False;False;True;True;False;False;False;False;False;True;False;0;True;False;False;False;0;False;True;False;False;0;False;True;False;True;True;0;0;False;0;True;0;6;False;False;False;81f38097c7d073a73de124090183610d6e4450248391beda8d2f5ec71d22e65f;0.5923814381408047;0.4636931163352756;0.7703739875840003;0.6107780628461502
True;False;True;True;False;False;True;False;False;False;True;0;False;False;False;True;0;True;False;False;True;0;False;True;False;False;False;0;24;False;0;False;0;6;True;False;False;207d0d288d51f391cbe789734bbec0c94af999437ae2e0a7d86b2652278c9e34;0.9011760059353904;0.777770572956807;0.8617893902711634;0.6970991250645429
False;False;False;True;True;False;True;True;False;False;True;0;False;False;False;False;0;False;True;False;False;0;False;True;False;True;False;0;24;False;0;True;0;6;False;False;True;a9f39d2096cb767dac78e23eec5c1bcff8dcd2c0e41d557d8264d9f83d23c612;0.7928330853926814;0.63300316321647;0.8533215793686169;0.6646405883739508
False;False;False;False;True;False;True;False;False;True;True;0;False;False;False;False;0;False;True;False;False;0;False;False;False;True;False;0;18;False;0;False;0;6;False;False;True;46c2269910dfe0934441663fe204b97bd838e073053afe0ebdad5d45daa08a99;0.7314030273152643;0.570527982561006;0.9004688569591647;0.7372382527841005
False;False;False;False;True;False;True;False;False;True;True;0;False;False;False;True;0;True;False;False;False;0;False;False;False;False;False;0;6;False;0;False;0;6;False;False;True;61245aa765ec183c2956232b91b237e776417f3782cfe04e7f356126b69089ff;0.6754360488751606;0.5076977612221405;0.9076711667904751;0.7438161321416836
False;False;False;True;True;False;False;False;False;True;True;0;True;False;False;True;0;False;False;False;False;0;True;True;False;False;False;0;18;False;0;True;0;6;True;False;False;8c9a2e0fb2a295bbfd18552535a4b59cd02a02adcf4898d3f086bf4f057ac768;0.4530604024701392;0.344349980115899;0.6866861982697547;0.5574823432592213
False;False;True;False;False;False;False;False;False;False;False;0;True;False;False;True;0;True;False;False;True;0;False;False;False;False;False;0;0;False;0;False;0;6;True;False;False;c2af952b7fcda428cee8525579803af13ca1496d70d5a4924bbdbd4a6c724c4a;0.6056221214660443;0.4600238409461609;0.841196259698664;0.6737445637138568
False;False;True;False;False;False;True;False;False;True;False;0;False;False;False;False;0;True;False;False;False;0;False;False;False;True;False;0;0;False;0;False;0;6;True;False;False;6246915101cb4312f76f24f42a2bde489d9b2eee9143304bff6c8e7d094629bc;0.618897504464383;0.4847242099598112;0.807574727272373;0.646359834380365
False;False;True;False;False;False;True;True;False;False;True;0;False;False;False;True;0;False;False;True;False;0;False;False;False;False;True;0;18;False;0;False;0;6;False;False;False;93656f9b9ad69f4351f1762f1a656e754b1333938f71c4a9e98950f825356618;0.9036800457716984;0.7911030866692835;0.8079732373252346;0.6445503848056736
True;False;True;True;False;False;False;False;False;True;False;0;True;False;False;True;0;False;False;False;False;0;True;True;False;False;True;0;0;False;0;False;0;6;False;False;False;50883625989cced7218a700cb5a74578a884cac6fbe654fd8fce88229f80f537;0.3963454601454568;0.3056707282937748;0.5982590872222382;0.47663782219305784
False;False;True;False;False;False;False;False;False;True;True;0;True;False;False;False;0;False;False;False;False;0;True;False;False;True;False;0;24;False;0;False;0;6;True;False;False;33a472b81e57b67e5104dd97836ea543dd48fa43faa02c64628a7ade3fab573b;0.1698415358367387;0.1314478431316596;0.32702838347905616;0.30209804662769624
False;False;False;False;True;False;True;False;False;False;True;0;False;False;False;False;0;False;False;True;True;0;False;False;False;True;False;0;18;False;0;False;0;6;False;False;True;95b73b0d21f3c884ab37e5d0372cc4b39ef1728647cda007cfe60b35e3e501fa;0.7836518719034303;0.6307500793222798;0.9035794038198028;0.7446974935275713
True;False;True;True;False;False;False;False;False;True;True;0;True;False;False;False;0;False;False;False;False;0;True;True;False;True;False;0;24;False;0;False;0;6;True;False;False;6368b40f5eca574b2d08fd328375e7cdcc4d6849f3c29dc52b9582bd7ea7f3e7;0.1719591775232491;0.1330762597741749;0.32935152783855703;0.3028351679179725
False;False;True;False;False;False;False;False;False;True;True;0;True;False;False;False;0;False;True;False;False;0;False;False;False;True;True;0;6;False;0;False;0;6;False;False;False;b2582ca393a012159017246176eb64a2b95506db1b16b31698631a044b15a8a5;0.7079195917018379;0.5694377419326793;0.8200751739670761;0.6629045342190716
False;False;True;True;False;False;True;True;False;False;True;0;False;False;False;False;0;False;True;False;False;0;False;True;False;True;True;0;18;False;0;True;0;6;False;False;False;0eeb8ed3516dad7b4ff436669c1b6eb4d3d5c2b40895592def34894086247e8a;0.8544366807047681;0.7296175280835842;0.7642355170971783;0.606676575473658
True;False;True;True;False;False;False;False;False;False;True;0;True;False;False;True;0;False;False;True;True;0;False;True;False;False;False;0;18;False;0;False;0;6;False;False;True;fa62b9e3f8ecd384a91798f619747ccd2a247447c9c731152050b8e0fe405223;0.8884126061508165;0.7594879806332528;0.8750431428867175;0.7203016388767366
False;False;False;True;True;False;True;True;False;False;False;0;False;False;False;False;0;True;False;False;False;0;False;True;False;True;False;0;0;False;0;True;0;6;False;False;True;5ab4dc98d7d1b11a9503a0718d8f20f901e99773dd5bb8c499c83168d6afae1a;0.5422823995014379;0.4147965154430211;0.8202435728094452;0.6555946251130722
False;False;False;False;True;False;False;False;False;False;True;0;True;False;False;False;0;True;False;False;True;0;False;False;False;True;False;0;24;False;0;False;0;6;False;False;True;62c57e1d5a9fe702ff20e60e1747c2ecc6d5a95e26ddcffb0f42f639af6700d3;0.7774782898888507;0.6275139278799833;0.8852975566600553;0.7164585305844624
False;False;False;True;True;False;False;False;False;True;True;0;True;False;False;True;0;False;False;True;False;0;False;True;False;False;True;0;24;False;0;True;0;6;False;False;False;c3d69a2ab8884b1e4e6d508677ba8729fb3b67c70f7670f71a76a991f478d834;0.6732231954787181;0.5092221610105565;0.8650043887373938;0.6823788327375573
False;False;False;False;True;False;False;False;False;False;True;0;True;False;False;False;0;False;False;True;True;0;False;False;False;True;True;0;18;False;0;False;0;6;False;False;False;c737737150092a7be6ef3bc3c262677af2060f51fd29e157323c0f8cee4bff70;0.760873190179094;0.6059552315726048;0.892554052744619;0.7326710623918441
False;False;True;False;False;False;True;False;False;False;True;0;False;False;False;True;0;False;True;False;True;0;False;False;False;False;True;0;24;False;0;False;0;6;False;False;False;f23628be7902ce6d929ecdc709eacac9f009f42a2626c37758d820c166bde03e;0.8580644281342139;0.7265814781984993;0.8416831345505937;0.665911542383231
True;False;True;True;False;False;True;False;False;True;True;0;False;False;False;False;0;False;False;True;False;0;False;True;False;True;False;0;18;False;0;False;0;6;True;False;False;705cebb9e8ec8dc6693689bd1e60aa09efc3fa33f6ed2a237e2189a8da98942d;0.8683020762802692;0.7489329757626182;0.8532840696901242;0.7046432374630696
False;False;False;True;True;False;True;True;False;False;True;0;False;False;False;True;0;False;False;True;False;0;False;True;False;False;False;0;24;False;0;True;0;6;False;False;True;f27bb448f3ffc25b4a25f0110d50c3e4b99aa8bd4eb2275181553aa6cf3a16fc;0.7900045272425802;0.630771904516244;0.8534747977027237;0.6652231839120248
False;False;True;True;False;False;True;True;False;False;False;0;False;False;False;True;0;False;False;False;False;0;True;True;False;False;False;0;0;False;0;True;0;6;True;False;False;6b59b6dad8c442c29761c61f2747b69d2ed5fecbf2f1eebaa5dbcbb71704dc4f;0.4653740696412063;0.3523565248393838;0.6461885499593749;0.5046774331818858
False;False;False;True;True;False;True;False;False;False;True;0;False;False;False;True;0;False;True;False;True;0;False;True;False;False;False;0;6;False;0;True;0;6;False;False;True;e9369f292955df54c9488f3609fe62306c13f3e8d318c9d3d170c58d82e0c00f;0.7524238164252267;0.5879334518089631;0.9216297028111727;0.7638525495784314
False;False;False;True;True;False;True;False;False;False;True;0;False;False;False;True;0;False;False;False;True;0;True;True;False;False;True;0;18;False;0;True;0;6;False;False;False;0d9be676511cc388ad2c2b47334a1a467163b1ed20d5a62378d6629db147d34c;0.4892584685999609;0.3742194390810233;0.6870288914997504;0.5522187982452418
False;False;True;True;False;False;True;False;False;True;True;0;False;False;False;False;0;False;False;True;False;0;False;True;False;True;False;0;18;False;0;True;0;6;True;False;False;07b1e2f1d428b3f1da23b5fcfa1004722e1af0e67277e1cd3340c0279acf4c7c;0.8048077075464444;0.6744609123132299;0.8012803397632148;0.6467716638854475
True;False;False;True;True;False;False;False;False;True;True;0;True;False;False;False;0;False;False;False;False;0;True;True;False;True;False;0;6;False;0;False;0;6;True;False;False;853eb19488f1f28ed5d6b76326c20f41a3ab837875ef3dc0db47799ee6d1c465;0.1406119507516701;0.0830248359154561;0.36503157085810944;0.3150316106604328
False;False;False;True;True;False;True;True;False;False;True;0;False;False;False;False;0;True;False;False;False;0;False;True;False;True;True;0;24;False;0;True;0;6;False;False;False;09b89acb416b12c16c3b38e02e26f1936a3f7dcf207aa27068f881d3dbe29124;0.765435971897374;0.6021489090379969;0.8424049700010742;0.65100987606668
False;False;True;False;False;False;False;True;False;False;True;0;True;False;False;False;0;False;False;False;False;0;True;False;False;True;False;0;6;False;0;False;0;6;False;False;True;fe62d6ed16492861fd1432b4c6a65b357dc9d43bef85a7e8314ff9b5dfa66f2a;0.1512469459027614;0.0974649142950667;0.30215288525085193;0.26309735996025296
False;False;False;False;True;False;True;False;False;True;True;0;False;False;False;True;0;False;False;False;False;0;True;False;False;False;False;0;24;False;0;False;0;6;False;False;True;c2df56dcc17fdcb6e1baba0270e6e90e7f7a55a1cef53f4787f2cb9a43faf82b;0.4627067120251403;0.3534555302275593;0.6881776222394211;0.557121314140168
True;False;False;True;True;False;False;False;False;False;True;0;True;False;False;False;0;False;False;False;True;0;True;True;False;True;False;0;18;False;0;False;0;6;False;False;True;a5cc50079a6a0390429ad8f2d371e6e9c87c1070244cdd70bbcb99d92412416b;0.150981780534346;0.0952542894055297;0.358987852975022;0.3159065369055976
False;False;True;True;False;False;True;False;False;True;True;0;False;False;False;True;0;True;False;False;False;0;False;True;False;False;False;0;24;False;0;True;0;6;False;False;True;7a90e3edb3e282a148780d0b9ea7d289d555db0ffda6fda38ada56090ce506da;0.8062079171418362;0.674771249762021;0.783313465120267;0.6154927109338441
True;False;False;True;True;False;False;False;False;True;True;0;True;False;False;True;0;False;False;True;False;0;False;True;False;False;False;0;6;False;0;False;0;6;True;False;False;9ec9e805390142b102b3c264a88e6e11bff043e76e4b73b9c3c8f7e2212ab3fd;0.6748520727389034;0.5071018865945863;0.91392679156493;0.75247704071922
True;False;True;True;False;False;True;True;False;False;True;0;False;False;False;True;0;False;True;False;False;0;False;True;False;False;False;0;6;False;0;False;0;6;True;False;False;df3f7a57d93a467b90e93d5bc174d7a9cc0309d10be92b7dceb6127c38e33113;0.7997760267378116;0.6562465478163653;0.824206133382896;0.6613576275395854
False;False;False;True;True;False;True;False;False;False;True;0;False;False;False;True;0;True;False;False;True;0;False;True;False;False;False;0;24;False;0;True;0;6;True;False;False;6127911495b4aee6a2b4db858a91c294c48cb589f93beb4a4d89397583dcb700;0.7437512074954392;0.5796363970591286;0.8759534756309203;0.6943569256099599
False;False;False;False;True;False;False;True;False;False;True;0;True;False;False;True;0;True;False;False;False;0;False;False;False;False;False;0;24;False;0;False;0;6;True;False;False;2a5ccb60f151700333c491bb876ad2a5dd2878d12722aee3de7f6bbb84dfa2f0;0.8229313383022531;0.682747668844368;0.8762968262509027;0.7077045865830096
False;False;True;False;False;False;True;False;False;True;False;0;False;False;False;True;0;True;False;False;False;0;False;False;False;False;False;0;0;False;0;False;0;6;True;False;False;c1a433acb48c125eb9bf6b9b537494ad8f7412d2f42b8da308ead622e998a6ac;0.6174764191734389;0.483653413174341;0.8075323478013908;0.6465268479320216
False;False;True;False;False;False;False;True;False;False;True;0;True;False;False;True;0;False;False;False;False;0;True;False;False;False;True;0;18;False;0;False;0;6;False;False;False;5569c9697f159263f91def245c796f38777a30916e43e6a712e45ab9cd07761d;0.5630922015963113;0.4548692867883214;0.5960153431828968;0.4752764160190347
True;False;False;True;True;False;False;False;False;False;True;0;True;False;False;False;0;False;True;False;True;0;False;True;False;True;True;0;24;False;0;False;0;6;False;False;False;fac29f7db17871c4d52ec8572dba815ff3127ac5c542b943425896e361b8ebf1;0.7675377941515352;0.6139909059454488;0.8796255005950171;0.7057417663747957
False;False;True;True;False;False;False;True;False;False;True;0;True;False;False;False;0;False;False;False;False;0;True;True;False;True;True;0;6;False;0;True;0;6;False;False;False;8d586b738359d9e003fa28b37720067b1c487b30108c639d70101efb4f1c54d8;0.1721447565959853;0.1187700318622553;0.30287387612688826;0.27096020581392716
False;False;True;True;False;False;False;False;False;False;False;0;True;False;False;False;0;True;False;False;True;0;False;True;False;True;True;0;0;False;0;True;0;6;False;False;False;ff2a6cd454aa776e922e9d456e3a4e45155f54c8f3638f6bfbad2aedd1e7402a;0.5866317458513802;0.4452106229445121;0.8164615345022074;0.648604317811005
False;False;False;True;True;False;True;False;False;True;True;0;False;False;False;False;0;False;True;False;False;0;False;True;False;True;False;0;24;False;0;True;0;6;False;False;True;71f8ac7d1d8921332cad666946c8f1b948dad0e4b91dc6b34ad5dfbbcf9a98fd;0.6973571686874882;0.5338041556682646;0.8782667662709561;0.6995351836282506
True;False;False;True;True;False;False;True;False;False;True;0;True;False;False;True;0;False;False;True;False;0;False;True;False;False;False;0;6;False;0;False;0;6;False;False;True;c6da64e68ab8952752177d9fb39749e913df6575b35dd008baefb2db403225c1;0.736955601129789;0.5718579531359986;0.9010468118652392;0.7418915659230315
False;False;False;False;True;False;True;False;False;False;False;0;False;False;False;True;0;False;False;True;True;0;False;False;False;False;False;0;0;False;0;False;0;6;True;False;False;8d823ae1f5ab5bb5b3715b8e6e1827782f084b79b16ae643985bbd0b7b96c4af;0.5323469814210866;0.4101367413540515;0.8241559192226519;0.6653763623682047
False;False;False;False;True;False;False;False;False;False;True;0;True;False;False;False;0;False;False;False;True;0;True;False;False;True;False;0;18;False;0;False;0;6;True;False;False;ce9c7473ba82db08ba5d7b90b1cfd1588845f912c324885916883d9ad861c7f2;0.1536500504648319;0.0966433749637012;0.36113939624977304;0.31364702986400866
False;False;False;True;True;False;True;True;False;False;True;0;False;False;False;True;0;False;False;False;False;0;True;True;False;False;True;0;24;False;0;True;0;6;False;False;False;517fad76f61e43be9b40c526f5d106ff333819716297ed6d90f0fdf87b46f597;0.4932731064173297;0.3754093094513347;0.6459250534209123;0.5002665212020669
False;False;True;True;False;False;True;False;False;False;True;0;False;False;False;False;0;False;True;False;True;0;False;True;False;True;False;0;6;False;0;True;0;6;True;False;False;b92888fee98e46748fc120aac5c909e6240ccd5e32b95af98449c94243a15ab0;0.7599357630590263;0.6060228394327957;0.8436595013591056;0.6828409577795237
False;False;False;False;True;False;True;False;False;False;True;0;False;False;False;True;0;False;False;False;True;0;True;False;False;False;True;0;24;False;0;False;0;6;False;False;False;a26df7225efd6377336b8c1751f1551e578d73f1a6ccfa55bd3cbbd644882821;0.4780962791187151;0.3703582167401363;0.6675412606064567;0.5352274547336072
False;False;True;True;False;False;True;False;False;True;True;0;False;False;False;False;0;False;False;False;False;0;True;True;False;True;True;0;6;False;0;True;0;6;False;False;False;82f4f6f5ccaad88b6fc9941b49dcbcee9c3d0af5e259a407f2e26e9010e03cb2;0.1624094431867533;0.1173917398612364;0.3229124342391805;0.29754760053720736
True;False;False;True;True;False;False;False;False;True;True;0;True;False;False;False;0;False;False;False;False;0;True;True;False;True;False;0;18;False;0;False;0;6;False;False;True;dda939709fc9632fe99194a55d57bd338523374867660e6e628deb085f8eec2e;0.1417293726354367;0.0892410702759224;0.3556096443744507;0.3053702283638366
False;False;False;False;True;False;True;False;False;False;False;0;False;False;False;True;0;False;False;True;True;0;False;False;False;False;False;0;0;False;0;False;0;6;False;False;True;cead097ad71c90ed496e29a1d5aeebec3328a15102ef7758f63b71bfbb248392;0.5333035652839839;0.4109361738759713;0.8210271645709923;0.6617471480402121
True;False;True;True;False;False;False;False;False;True;True;0;True;False;False;False;0;True;False;False;False;0;False;True;False;True;False;0;18;False;0;False;0;6;False;False;True;320b7b615ecfa3cb3918a1c71065aa6a7b186c1994cf99967b2fb86d6c0a169a;0.8744541001282551;0.7550977783114191;0.8486620763072963;0.6977007909893422
False;False;False;False;True;False;False;False;False;False;True;0;True;False;False;False;0;False;False;False;True;0;True;False;False;True;False;0;24;False;0;False;0;6;True;False;False;f90f7471236583cf7ca63a94605bef0ed50bffab470de9e42c00e4f4ec69f645;0.1500105663038541;0.0896320922175184;0.35388774313770843;0.30439761131889387
False;False;True;False;False;False;True;True;False;False;True;0;False;False;False;False;0;True;False;False;False;0;False;False;False;True;False;0;6;False;0;False;0;6;False;False;True;ddb6c0eb05ead39a2dcbc6d48819c366a2d851d18f833a89187366e303fb88bd;0.8039478751779642;0.6655201771780788;0.8178524786971869;0.6539563819295858
False;False;True;False;False;False;False;False;False;False;True;0;True;False;False;True;0;False;False;False;True;0;True;False;False;False;True;0;6;False;0;False;0;6;False;False;False;95e28aa2b6c15bab3b634addd3618a36995739974f18578c6d845083af03514e;0.4478106837255646;0.3465508740836999;0.62230430919199;0.49818025604851496
False;False;False;True;True;False;False;False;False;False;True;0;True;False;False;True;0;False;False;True;True;0;False;True;False;False;True;0;18;False;0;True;0;6;False;False;False;27bebe95def04e9bbe88e650b41d1ddf7e240499600cbf526a4f5cf8f0a4c7b3;0.7517369593578219;0.5881679460745948;0.8885149604521532;0.7176797266463127
False;False;False;True;True;False;True;False;False;False;False;0;False;False;False;False;0;False;False;False;True;0;True;True;False;True;False;0;0;False;0;True;0;6;False;False;True;66782d46340b01cecc38dc332dbba1507bdce450d15e55a7144672aff76b89c2;0.100427008209979;0.0624465557320716;0.3284239589480496;0.28124134093490516
False;False;False;False;True;False;True;False;False;False;False;0;False;False;False;True;0;False;False;False;True;0;True;False;False;False;False;0;0;False;0;False;0;6;True;False;False;b3f8cdde3b3534fa4ddd6c73feeb932e90de127c38bc09974805c0b546afb590;0.3710110803186605;0.2845939424178955;0.6574340972038669;0.5283225377904603
False;False;True;True;False;False;False;False;False;True;True;0;True;False;False;True;0;False;False;True;False;0;False;True;False;False;False;0;18;False;0;True;0;6;False;False;True;b101d0c391b0e72fc4657780e4a495a8050285d6f1f4adb4f1bfc988ed570d3d;0.8081563422173361;0.6781875064386945;0.7968241768570402;0.6403127930922501
True;False;True;True;False;False;False;False;False;True;True;0;True;False;False;True;0;False;False;True;False;0;False;True;False;False;False;0;18;False;0;False;0;6;False;False;True;2536947e4059898f55d13f405afccc5ced1bf3144b5e3ff39facdfa42d489ddf;0.8715554425647138;0.7526985733178666;0.8493716310448557;0.6986845235035406
True;False;True;True;False;False;True;True;False;False;True;0;False;False;False;False;0;False;True;False;False;0;False;True;False;True;False;0;6;False;0;False;0;6;False;False;True;46ef159e0f764067c303150434a08763ebdcf4f16ed84cd89461986a19503c60;0.807733393612154;0.664327818978236;0.8189355146705544;0.6541049309011259
False;False;False;False;True;False;True;False;False;False;True;0;False;False;False;False;0;False;True;False;True;0;False;False;False;True;False;0;6;False;0;False;0;6;True;False;False;1c189c4f2ffda9b041443ccde767544c2dd5825292580bc427aa3eac5fd556e8;0.6838836718998397;0.5166174954868187;0.8999561326877233;0.7366845043828117
False;False;False;True;True;False;False;False;False;True;False;0;True;False;False;True;0;False;False;False;False;0;True;True;False;False;False;0;0;False;0;True;0;6;False;False;True;c3c25344040e1400cce35ae033d1347ffe99a494cdc516094ad675b8b7d14ac4;0.3562910771519619;0.2737765286519444;0.6519389252027357;0.5278807409641072
False;False;True;False;False;False;False;False;False;False;True;0;True;False;False;False;0;False;False;False;True;0;True;False;False;True;True;0;18;False;0;False;0;6;False;False;False;77dc033a6de8049474d62a39b2bd62a76e21379fcf8faceb43e19feee00b7667;0.1620633270527245;0.1176732159686455;0.3247365408359192;0.30063421865940254
True;False;True;True;False;False;False;True;False;False;False;0;True;False;False;True;0;False;False;False;False;0;True;True;False;False;True;0;0;False;0;False;0;6;False;False;False;2576bee3e63c17f9a9eae6e38d96f747e61322f12e3ed34a3af3d0e90b51805d;0.4343576306091671;0.3283139097786981;0.613570765859221;0.4809238337648463
False;False;True;False;False;False;True;False;False;True;False;0;False;False;False;True;0;True;False;False;False;0;False;False;False;False;True;0;0;False;0;False;0;6;False;False;False;785b0b3ed831f28e20e273484ca9dbf1cfbe1c8ca2827dad200fe18c31fabd22;0.600907823934822;0.4685713906148488;0.7897650239134792;0.6283217284987588
False;False;True;False;False;False;False;False;False;True;False;0;True;False;False;False;0;True;False;False;False;0;False;False;False;True;True;0;0;False;0;False;0;6;False;False;False;f1e8ee2f787c4b65d5bc118b9c9ba67ce91e9db8966a8976104792effe6a11dd;0.5981288349276153;0.4658355302141305;0.788941219242022;0.6276862691571146
False;False;True;True;False;False;False;True;False;False;False;0;True;False;False;False;0;True;False;False;False;0;False;True;False;True;True;0;0;False;0;True;0;6;False;False;False;83d89c5b6ec2083ddf5f1f0ac37a0329b36c929597027fab1105d3b30465008c;0.6345649187238186;0.49188560794932;0.7835626183287475;0.6134384855377941
False;False;False;False;True;False;True;True;False;False;True;0;False;False;False;False;0;False;False;False;False;0;True;False;False;True;False;0;6;False;0;False;0;6;False;False;True;cc5747a7052c9f5dddab56bc6ebfdde38138c60d32b0116d0a1780e8a170a0a3;0.1441865890644938;0.0847794301259277;0.34395854501878226;0.29492993845990617
False;False;False;True;True;False;True;True;False;False;True;0;False;False;False;True;0;False;False;False;False;0;True;True;False;False;False;0;18;False;0;True;0;6;False;False;True;02152752da657da4af2af356ff8536934748a565e357940676884c2a57902530;0.5265899989327955;0.4139558125654841;0.6843306848680194;0.5511443893918274
False;False;True;True;False;False;False;True;False;False;True;0;True;False;False;True;0;False;True;False;False;0;False;True;False;False;True;0;24;False;0;True;0;6;False;False;False;0453b441746d20c897ce72a17b962c2e8bc4c3e607d6866ef36dd77380e75c96;0.8639886812501041;0.7324103811718811;0.7390001839188138;0.5580692428110953
False;False;False;False;True;False;False;False;False;False;True;0;True;False;False;True;0;True;False;False;True;0;False;False;False;False;True;0;24;False;0;False;0;6;False;False;False;66837179692d7ca0201777a26340688748add4d824fb41603e4d250229d03900;0.7513805640244868;0.6004616128288848;0.8720171873087127;0.6994021663849862
False;False;False;True;True;False;True;False;False;False;False;0;False;False;False;True;0;False;False;False;True;0;True;True;False;False;False;0;0;False;0;True;0;6;True;False;False;d0ed79ead8b3b4c50c0a386b3f46c2d2b2a92e437dcdea30ef4913a57c77d975;0.3753452423139866;0.2884675648519801;0.6571629976668997;0.5254096355629199
False;False;True;False;False;False;True;True;False;False;False;0;False;False;False;True;0;False;True;False;False;0;False;False;False;False;False;0;0;False;0;False;0;6;True;False;False;1091e8efb4acc265e71b89034e465d19ec504386de6720fc1298bb1876b7dcdb;0.6575129571118631;0.5106785998795076;0.810953343918333;0.6395223897390949
False;False;False;False;True;False;True;True;False;False;True;0;False;False;False;True;0;False;False;False;False;0;True;False;False;False;True;0;18;False;0;False;0;6;False;False;False;715750cc993d2829998c1d16b18dc64908e303873e07e590e42f79fbe8a852cb;0.5162313099807934;0.4016057191317801;0.6771858713399216;0.5445197801071251
False;False;False;False;True;False;True;False;False;True;False;0;False;False;False;False;0;False;False;False;False;0;True;False;False;True;False;0;0;False;0;False;0;6;False;False;True;6d74c30e553f35043e4e3c8a00b6fb8fe43d6fc39af64181823c564e82a8e4e0;0.1046509852726784;0.0641392998688331;0.3442728774443111;0.2916133339250783
False;False;True;False;False;False;False;False;False;True;False;0;True;False;False;False;0;False;True;False;False;0;False;False;False;True;False;0;0;False;0;False;0;6;False;False;True;0aba3a1a04015100716c74b299c3b5e26bb40474b85cf0aa94b238199bab730b;0.6216401385424978;0.4869020468667848;0.8043186376281672;0.6409187586908771
False;False;False;True;True;False;False;True;False;False;True;0;True;False;False;True;0;True;False;False;False;0;False;True;False;False;True;0;18;False;0;True;0;6;False;False;False;e1f7a470c5934df5c4bef634e4ee294b269a4a7162d225764a98d503d610690b;0.7912105159553482;0.6357657518457323;0.8705120020900952;0.6967182863150034
False;False;False;False;True;False;False;True;False;False;True;0;True;False;False;True;0;False;False;False;False;0;True;False;False;False;False;0;18;False;0;False;0;6;False;False;True;69f17613feb928978a136e331dc1f14d109bca152afd69ff0505ea8d46272c35;0.5079851891008714;0.401252098523551;0.6678410922054624;0.5430039490293573
True;False;False;True;True;False;True;False;False;True;True;0;False;False;False;False;0;False;False;True;False;0;False;True;False;True;True;0;24;False;0;False;0;6;False;False;False;3165f5b3300ae0e267d282144e9481e5d33ca05539e7b3e68de4f57b0b922938;0.7156414513632673;0.5562334228911427;0.8857780866092243;0.7170598093846285
True;False;True;True;False;False;True;False;False;True;True;0;False;False;False;True;0;False;True;False;False;0;False;True;False;False;True;0;18;False;0;False;0;6;False;False;False;d8763feb088dccde5243216a2e856d942b00e050429e14f534add44190e5e8b4;0.8402762287966924;0.7191021462999413;0.8383302872204155;0.6865765659325905
False;False;False;False;True;False;True;False;False;False;False;0;False;False;False;False;0;False;True;False;True;0;False;False;False;True;False;0;0;False;0;False;0;6;False;False;True;d09b212d261a27ef72cf9f050ecd2b5792fd77636b8aab584614658b0bb52cd4;0.5350471227594906;0.4123096262772131;0.8211202256945823;0.6613378729288953
False;False;False;False;True;False;True;False;False;True;True;0;False;False;False;False;0;False;False;True;False;0;False;False;False;True;True;0;18;False;0;False;0;6;False;False;False;27735d5e5766aa3cc9545dabb48038abfa8df48cccd1e51445b04306dd2a3c04;0.7085198189266979;0.5492922418544608;0.8904512820790018;0.7262980423318757
False;False;True;True;False;False;True;False;False;False;True;0;False;False;False;True;0;False;False;False;True;0;True;True;False;False;True;0;18;False;0;True;0;6;False;False;False;839a9125e3e6f58d29b9455275c18db00ebbadb4f177cf022c692321577f78c6;0.5180992562919282;0.4029425416693286;0.6261775168391518;0.4965401894628961
True;False;False;True;True;False;False;True;False;False;True;0;True;False;False;False;0;False;True;False;False;0;False;True;False;True;False;0;24;False;0;False;0;6;False;False;True;fd302f70f7d847d16d62217ca6a954774995f92495b680328397d4a930cd6c68;0.8485181392349875;0.7061644812875185;0.879280298299013;0.7062167344711537
False;False;True;True;False;False;False;False;False;False;True;0;True;False;False;False;0;False;True;False;True;0;False;True;False;True;True;0;6;False;0;True;0;6;False;False;False;2233bf1a099ea00052c45c23ddffb5195c0e8b908ab2be5e13ebcaf9dd3c204f;0.7386635625480915;0.5855653980821937;0.827354193655508;0.6625891116116162
False;False;True;False;False;False;True;False;False;True;True;0;False;False;False;False;0;False;True;False;False;0;False;False;False;True;False;0;24;False;0;False;0;6;False;False;True;21d0c7810ae297e7cfc0bcace8189f5c06b70362d9eda10314a4e5746b9ed6af;0.8829654224303796;0.7674047785671247;0.8432325637754639;0.6797226410290934
False;False;False;False;True;False;False;False;False;True;True;0;True;False;False;False;0;False;False;False;False;0;True;False;False;True;False;0;18;False;0;False;0;6;True;False;False;064656e1b4f291fd2e0080b36a3b72f5984d22d21e0e67e0f436f4086c587ea5;0.1444567764640206;0.0909338269478591;0.35819694805071367;0.30481925322631015
True;False;False;True;True;False;False;False;False;True;False;0;True;False;False;False;0;False;True;False;False;0;False;True;False;True;True;0;0;False;0;False;0;6;False;False;False;fe34db4beca4a51042e4e17a175775288a3ab870905af8348e54a3e35034bde7;0.5165691964347439;0.3903056351220514;0.829296207314996;0.6709702506350499
True;False;False;True;True;False;True;True;False;False;True;0;False;False;False;False;0;True;False;False;False;0;False;True;False;True;False;0;6;False;0;False;0;6;True;False;False;9fb77bd6f125fc67c8b84914b11b480799eeb7ebd4acd785ddbe0feb54b6f604;0.7352842694174982;0.5689195416374216;0.9026840123511677;0.7448436311431123
False;False;True;False;False;False;True;False;False;True;False;0;False;False;False;False;0;False;True;False;False;0;False;False;False;True;True;0;0;False;0;False;0;6;False;False;False;d88a9cd74349bd41424cd4faaafbf671a2aa19a26080e4d7a358c8d9c773f1b1;0.5975011422696375;0.4650044582787058;0.7877785474233368;0.6251802489560981
False;False;False;False;True;False;False;False;False;False;True;0;True;False;False;True;0;False;False;False;True;0;True;False;False;False;False;0;24;False;0;False;0;6;False;False;True;330d1c1a00e0c4d2f502654ee06a8e59edbf04f7f53f82b8dc651f2c6b4c81ea;0.4678805596256196;0.3682150752316403;0.6570624199678975;0.533476788214547
True;False;False;True;True;False;False;False;False;False;False;0;True;False;False;True;0;False;False;False;True;0;True;True;False;False;True;0;0;False;0;False;0;6;False;False;False;22498e975cf38aea657d3023860d2c4880ae24da45b298006622d8b8d85ca165;0.3490590844868635;0.2677021109590394;0.6257921275974507;0.5034737659959412
True;False;False;True;True;False;True;False;False;False;True;0;False;False;False;True;0;False;False;True;True;0;False;True;False;False;True;0;6;False;0;False;0;6;False;False;False;410267a3d1497743d4ce0937048cce95d935ab4827e88d2989a69608491e950f;0.6728607720532855;0.5049857677999282;0.8919531120401766;0.7246421650074366
True;False;True;True;False;False;False;False;False;True;False;0;True;False;False;True;0;False;False;False;False;0;True;True;False;False;False;0;0;False;0;False;0;6;True;False;False;234bfb3ad509ab79e286d6f32bb361542a0b2a686df6ae49c6dd2ad28cd3234e;0.4108645796360698;0.3172537175055741;0.6185980422735077;0.49254774771618987
False;False;True;False;False;False;True;False;False;True;True;0;False;False;False;True;0;False;False;False;False;0;True;False;False;False;False;0;18;False;0;False;0;6;True;False;False;41998dcf4e59e0cf02e768dfb6215807db32899e28f592cb3e0ec688ba03d16d;0.5500319193525854;0.4494773448649695;0.6501490469038844;0.5316708560018084
True;False;False;True;True;False;True;False;False;True;True;0;False;False;False;False;0;True;False;False;False;0;False;True;False;True;False;0;18;False;0;False;0;6;True;False;False;f972e90ac4dd08ea388a4652b6fbe30e1d40c41a10b4a3b673c5015e429badac;0.7349835150461895;0.5722781234749856;0.9054970832707483;0.7441585987793782
False;False;False;False;True;False;True;True;False;False;False;0;False;False;False;False;0;False;False;True;False;0;False;False;False;True;False;0;0;False;0;False;0;6;False;False;True;b48d41f50e00bd7eef7869e86a606bff57b662cb03a47126eb1557b9acf38068;0.5352878015989716;0.4098299236778943;0.8171571546606737;0.6552239964585252
False;False;False;False;True;False;False;True;False;False;True;0;True;False;False;False;0;True;False;False;False;0;False;False;False;True;False;0;24;False;0;False;0;6;True;False;False;90b57473bfb160204a56d07830f2ea2aa3c8e5118f08a8cc4a647690b7797148;0.8254783179651185;0.6854882470754686;0.8784043316749035;0.7088715985638124
True;False;False;True;True;False;True;False;False;False;False;0;False;False;False;True;0;False;True;False;True;0;False;True;False;False;False;0;0;False;0;False;0;6;True;False;False;fe99da47da97a07e3e3798f760b331d2fbb573f8b17af74ac13fe0d97bbc5edf;0.5317319721049402;0.4100578277441223;0.8243008415661448;0.6670632523082193
True;False;False;True;True;False;True;False;False;False;True;0;False;False;False;False;0;False;True;False;True;0;False;True;False;True;False;0;6;False;0;False;0;6;False;False;True;2b2c6f6a031d5e90a22e67b112b16dbc44127878082558fdebce62bb30f13702;0.6945904766365286;0.5257506732094297;0.9030107124678353;0.7398064730541456
False;False;False;False;True;False;False;False;False;True;True;0;True;False;False;True;0;False;True;False;False;0;False;False;False;False;False;0;6;False;0;False;0;6;True;False;False;964ecfe267d78e1dd68a0d62a71421a2fd69c4c1b89bf6bb0c3f40a86c107dc5;0.6689487094442663;0.5008761807127291;0.9080865751259011;0.7442997318070329
False;False;False;True;True;False;True;False;False;False;True;0;False;False;False;False;0;True;False;False;True;0;False;True;False;True;False;0;18;False;0;True;0;6;True;False;False;587001df4cd1d9c2b85cb969103065aef2c3691c83c28e422592c626401cf92a;0.7710577348189901;0.6092710191394639;0.9037840078176383;0.7389862244786474
False;False;True;True;False;False;False;False;False;True;True;0;True;False;False;False;0;False;True;False;False;0;False;True;False;True;False;0;18;False;0;True;0;6;False;False;True;0f23acb6c9a3e0bc72cb785482d37b59469664b1a0cc1750d9373ecfaa647ee5;0.8108678526562914;0.6803055266374585;0.7956340509538107;0.6390671916730074
False;False;True;False;False;False;False;True;False;False;True;0;True;False;False;True;0;False;False;True;False;0;False;False;False;False;True;0;18;False;0;False;0;6;False;False;False;ebcf90cf62c71c9486d6079c36e41c09fafe12530af05a26aabf02de870f9e0d;0.907320274023744;0.7964340717243515;0.8072394449434821;0.6409789853662313
False;False;True;True;False;False;True;False;False;True;True;0;False;False;False;True;0;True;False;False;False;0;False;True;False;False;False;0;18;False;0;True;0;6;True;False;False;d9f11120474799d52d8862d943501f640aa9d07a34b695496d87a2a0d2bcdc82;0.8035841102655122;0.6729742560060936;0.801238674958402;0.6468883936272638
True;False;True;True;False;False;True;False;False;True;True;0;False;False;False;True;0;True;False;False;False;0;False;True;False;False;False;0;6;False;0;False;0;6;True;False;False;1dac96c65a35d319ad11bf04084c4a257bc5e856c5aa8a76a9a7ddbc706f4600;0.7260097905671102;0.5890889415933138;0.8313368549008834;0.6811549322154399
False;False;True;True;False;False;True;True;False;False;True;0;False;False;False;False;0;True;False;False;False;0;False;True;False;True;False;0;18;False;0;True;0;6;False;False;True;f43ff3e5da53a14c2ef8bf419e70aef860e6a1c7ec373391e6f3738df7f909dc;0.8870779080023066;0.7683667257564003;0.7747028256043719;0.6153572597217702
False;False;False;False;True;False;True;False;False;False;False;0;False;False;False;False;0;False;True;False;True;0;False;False;False;True;False;0;0;False;0;False;0;6;True;False;False;a9823f722ddef99d84405b3e15e100f300ed8a47051b04cd7a8f39dece6e3ca0;0.5326725609399595;0.4103424085943359;0.8237239802409703;0.6649696316307614
False;False;True;False;False;False;False;True;False;False;True;0;True;False;False;True;0;False;True;False;False;0;False;False;False;False;True;0;18;False;0;False;0;6;False;False;False;3a635ad00b4c9d77f1d525f8735fa535feff2595202700707dd1982dfc61543f;0.9067566788186237;0.7962645083977433;0.8035407356770968;0.6375151750077047
False;False;True;False;False;False;False;True;False;False;True;0;True;False;False;True;0;False;False;False;False;0;True;False;False;False;False;0;6;False;0;False;0;6;True;False;False;8eb1d19565138d9270bc305048662534319058d810cb80cc1d0b97ed90dd4970;0.5205912657227193;0.4138147085306921;0.6268370682847958;0.5030220571768425
False;False;False;False;True;False;True;False;False;False;True;0;False;False;False;True;0;False;False;True;True;0;False;False;False;False;False;0;18;False;0;False;0;6;True;False;False;4cecaf64841f082a50b9c9eefefcbab735c2cb1f5dd3ded676c66b98ec5e9273;0.7771016305638586;0.6230026910988964;0.9053381602290338;0.7487167612383473
False;False;True;True;False;False;False;False;False;True;True;0;True;False;False;True;0;False;False;False;False;0;True;True;False;False;True;0;18;False;0;True;0;6;False;False;False;1503938952f09e2d6d213e3fdc5c7858eb7be090aa4e18ad8e9b302ea638064d;0.4891512701768304;0.3947734638806285;0.5795583000950277;0.46751628830826797
True;False;False;True;True;False;True;True;False;False;False;0;False;False;False;True;0;False;True;False;False;0;False;True;False;False;True;0;0;False;0;False;0;6;False;False;False;9455938a7edb79d810921025ad87dcc04043e3132aef7c03d767a6354659e913;0.5233358222758088;0.3989214034257191;0.8079089186754663;0.6454873232498728
True;False;False;True;True;False;True;False;False;True;True;0;False;False;False;True;0;False;False;False;False;0;True;True;False;False;False;0;18;False;0;False;0;6;False;False;True;794a556ad5d202c0eb6a0e5f7be1b46e91a6c04212a13c5228beed81db537ea4;0.477485099593642;0.3654637194198547;0.7030859090996203;0.5731775165911027
False;False;True;True;False;False;True;True;False;False;False;0;False;False;False;True;0;True;False;False;False;0;False;True;False;False;False;0;0;False;0;True;0;6;True;False;False;51e35030e5583f689c1820acd8dc589f7d6c4e2015d03abfd0630262ff403534;0.6526695041540711;0.5077428223422567;0.8018524363286051;0.6289499640290765
False;False;True;False;False;False;True;False;False;False;True;0;False;False;False;False;0;True;False;False;True;0;False;False;False;True;True;0;6;False;0;False;0;6;False;False;False;fe776f2af996c8c6adbfba888a2d96a67c8b85b8ab3bb93adab0ca20c7fd486c;0.6919739785728407;0.5472179347871206;0.8281292194798983;0.6665757372483943
True;False;True;True;False;False;False;False;False;False;False;0;True;False;False;True;0;False;True;False;True;0;False;True;False;False;False;0;0;False;0;False;0;6;True;False;False;9968b58333f11519ba1f7b85ecc0c307b7a0620be2a959f07ec54a90c5a901e8;0.606264531276514;0.4617078710180876;0.8421416865644399;0.6759098297467075
False;False;True;False;False;False;False;False;False;False;True;0;True;False;False;False;0;False;False;True;True;0;False;False;False;True;False;0;18;False;0;False;0;6;True;False;False;85cc455b5a7093f87db84c90b27358779201742d9629823bb3d2adc0ab1fbd29;0.8728883802232014;0.7418722411599078;0.8772731873191664;0.7208138330619083
True;False;True;True;False;False;True;True;False;False;False;0;False;False;False;False;0;True;False;False;False;0;False;True;False;True;False;0;0;False;0;False;0;6;False;False;True;db282d817fb71850a87b93470aff3f075545f6b3e0438f6a0ad7630003571c3c;0.6645774013479907;0.5171878666353369;0.8082863289430733;0.6351240098662244
False;False;True;True;False;False;True;False;False;False;True;0;False;False;False;True;0;False;False;False;True;0;True;True;False;False;False;0;24;False;0;True;0;6;False;False;True;b91762019573650e45a9dea0dec8b9ea452d137132e22698f093758a3ce1ad59;0.5218535825684457;0.40492405839192;0.6123204419016471;0.475209774134959
False;False;True;False;False;False;True;False;False;True;True;0;False;False;False;True;0;True;False;False;False;0;False;False;False;False;False;0;24;False;0;False;0;6;True;False;False;69e4324ed70f4a9e297ff5771a198c90f376fae5cf451df57e646060a9a414b2;0.8774004922408601;0.7614868927994946;0.8468321822761373;0.6846879089585033
False;False;True;True;False;False;False;True;False;False;True;0;True;False;False;True;0;False;False;True;False;0;False;True;False;False;True;0;18;False;0;True;0;6;False;False;False;3e402f123a22c8a6df7aa57f581e7a3e190ff5f5b13245b97a7c673a694bdb6e;0.8549991708267873;0.7276002798764661;0.7597046477611951;0.5984291874769839
False;False;False;True;True;False;True;True;False;False;True;0;False;False;False;False;0;False;False;True;False;0;False;True;False;True;False;0;24;False;0;True;0;6;False;False;True;4b997f885451fbd78f1660a2e1ad41a1289d99a5d771b0351fdd03bbd6cc1483;0.7914965172881866;0.6321137783684717;0.8538064664952477;0.6651629319788365
False;False;False;True;True;False;False;False;False;False;False;0;True;False;False;False;0;False;True;False;True;0;False;True;False;True;False;0;0;False;0;True;0;6;True;False;False;8d6b2eadb5deb3788f153d75175ddfa155d5ecf25c07f72f32eb6f3205046e49;0.5392099870032233;0.4154480772504378;0.8242301002849886;0.6621208502582555
False;False;True;False;False;False;False;False;False;True;True;0;True;False;False;True;0;False;True;False;False;0;False;False;False;False;False;0;18;False;0;False;0;6;False;False;True;58a4ac96fa69f6861fd00f896d6af7c7a3930cd50531f4a099c5f4fb18025cda;0.8624476469652079;0.7414120972855428;0.850137800200936;0.6957019714929574
False;False;False;False;True;False;True;False;False;True;True;0;False;False;False;False;0;False;False;True;False;0;False;False;False;True;False;0;6;False;0;False;0;6;True;False;False;5c2f67aa03771b97377a926a2b9effa23ea470f8145cc074c61e041f58905afb;0.6717926125759255;0.5027924041799838;0.9096736017184514;0.7454974817915349
False;False;True;False;False;False;False;True;False;False;True;0;True;False;False;True;0;False;False;True;False;0;False;False;False;False;True;0;24;False;0;False;0;6;False;False;False;f577383156758aa5d7742c8787659e7216735bbb3860c170e467e9d717191a70;0.9400707261467256;0.8499794296835863;0.7977656349865406;0.6179466796053987
False;False;True;True;False;False;False;False;False;False;True;0;True;False;False;False;0;False;False;False;True;0;True;True;False;True;False;0;24;False;0;True;0;6;False;False;True;944af8292d9e866e9b37ed685917ac51560eb578d30cc1ec8cb702c8036af37a;0.1606513994579207;0.1100822578386296;0.3113637084629661;0.2813159980694637
False;False;True;False;False;False;True;False;False;True;True;0;False;False;False;True;0;True;False;False;False;0;False;False;False;False;False;0;6;False;0;False;0;6;True;False;False;e58927bb7829dd29e603e257009a47b534e9e5e7dc816796671f09e2dd27fc7d;0.72709874535123;0.5914242678417688;0.8347619316339892;0.6822732843639161
False;False;False;True;True;False;False;False;False;False;False;0;True;False;False;True;0;False;False;True;True;0;False;True;False;False;False;0;0;False;0;True;0;6;True;False;False;09624b95226af9f2b923991800034952429ea6b84558f932255baee93ca63340;0.5392514098751131;0.4157995505586534;0.8264386567751206;0.6648489315254623
False;False;True;True;False;False;True;True;False;False;True;0;False;False;False;True;0;False;True;False;False;0;False;True;False;False;False;0;6;False;0;True;0;6;False;False;True;9d9e038d0da73f382aba1f35ddc11d901ff9566ed61399caff64418b221ed41b;0.8503130276535489;0.7138586362550772;0.8221663155706219;0.6617308606321934
True;False;True;True;False;False;True;True;False;False;True;0;False;False;False;True;0;False;False;True;False;0;False;True;False;False;True;0;6;False;0;False;0;6;False;False;False;fd968c440de49243ec1602a19cb1ab9b42b3bec3e8af03593cbba10b6e0260ef;0.7797865838133299;0.6334397600007025;0.8091462229169936;0.6442791665360156
False;False;False;False;True;False;False;False;False;False;True;0;True;False;False;False;0;False;True;False;True;0;False;False;False;True;False;0;24;False;0;False;0;6;False;False;True;a3499fa20f796e2a8cf28cf80e81bb46d679868da4c52d97fe6221b1ab695647;0.7780136830200117;0.6280727498006299;0.884789125809401;0.7157974129000616
True;False;False;True;True;False;False;False;False;True;False;0;True;False;False;False;0;True;False;False;False;0;False;True;False;True;False;0;0;False;0;False;0;6;False;False;True;b36ddb00f391c3b92df4708d81a88add9b8b43239423dd9e068cb597b4ffbbc0;0.5308774514008429;0.4036022464553269;0.8395960219448355;0.68103608401026
False;False;True;True;False;False;False;False;False;True;True;0;True;False;False;False;0;True;False;False;False;0;False;True;False;True;False;0;24;False;0;True;0;6;True;False;False;030362bbc78dfffc7bd8301977af5903ab83e44debc5e8337125decba4d53541;0.8039096782421586;0.6727180963295036;0.7827998258299176;0.6145780587816684
False;False;True;False;False;False;True;False;False;True;False;0;False;False;False;True;0;False;False;True;False;0;False;False;False;False;False;0;0;False;0;False;0;6;True;False;False;5775afd5f1aaf4d643ddcca96ef2b134327fa20ee78cea4e1a8beefcc07851c4;0.6186120721883814;0.4840742929784719;0.8082116675791498;0.6467610143954073
False;False;False;False;True;False;False;False;False;True;False;0;True;False;False;True;0;False;False;False;False;0;True;False;False;False;False;0;0;False;0;False;0;6;False;False;True;94b43550df1d7f5b6e83d8a3d52a81099693a3077f843a0613dff7c5d991534d;0.3514972042042455;0.2699800012345059;0.6502324474159098;0.5284760551687789
True;False;False;True;True;False;True;False;False;False;True;0;False;False;False;False;0;False;False;True;True;0;False;True;False;True;False;0;18;False;0;False;0;6;False;False;True;10e1ef0b2393662580c2875bb8ade719578ea444357d96f0c709e74638938bad;0.7989069553851071;0.6426739558843008;0.9100917748898749;0.7510821606807019
True;False;True;True;False;False;False;False;False;True;True;0;True;False;False;True;0;False;False;False;False;0;True;True;False;False;True;0;6;False;0;False;0;6;False;False;False;8a5bc73da88d84d4177fb4b8996a3449298b9bd1204e9ef456d1630fa7a61773;0.4529199654796284;0.3581704669914527;0.6111920654659154;0.4964379563359219
True;False;False;True;True;False;False;False;False;False;True;0;True;False;False;True;0;True;False;False;True;0;False;True;False;False;False;0;24;False;0;False;0;6;False;False;True;2cc76d6f46de36e1d8b6b086337c1f240dfdc2e049bc713cc4fd9e9564f2027a;0.7910836855661676;0.6383444397148412;0.8899260331864669;0.7207097499751702
True;False;True;True;False;False;False;False;False;True;True;0;True;False;False;True;0;False;True;False;False;0;False;True;False;False;False;0;6;False;0;False;0;6;False;False;True;2010b7da97aece84232d1d3132799d0047f8360dfa510785e136e04038898f43;0.7295263338828787;0.5915354385426111;0.8287602521961679;0.6754450171868097
True;False;False;True;True;False;False;True;False;False;False;0;True;False;False;True;0;False;False;True;False;0;False;True;False;False;False;0;0;False;0;False;0;6;True;False;False;fb6f08711124e85b7333bb3d39732db5fa6d13c99eee583e371e14a40e8b47f9;0.5341386425713538;0.4092508325874037;0.8218219043514527;0.6607482542569062
False;False;False;False;True;False;False;False;False;False;False;0;True;False;False;False;0;True;False;False;True;0;False;False;False;True;True;0;0;False;0;False;0;6;False;False;False;49c0bb17e4d4f6e0dbd8d01cac09f73a8ca3a50b4b359e8ab51f5f3259b1789e;0.5215083512738109;0.4004458283010429;0.8125479165748231;0.6526124047217019
True;False;True;True;False;False;True;False;False;True;True;0;False;False;False;False;0;True;False;False;False;0;False;True;False;True;True;0;6;False;0;False;0;6;False;False;False;7a92e58d91c23f17c07e969bee38b27872bdc9aa08e38e274c5877421e94be1a;0.7077960357598427;0.5686146328101883;0.8178148906978019;0.664441376734729
False;False;True;True;False;False;False;False;False;False;True;0;True;False;False;False;0;False;False;True;True;0;False;True;False;True;False;0;18;False;0;True;0;6;True;False;False;b755ad9fd8dbf829ef4cafc352c012b8f8abe8b2928189d0af25f33ca74af373;0.8162536433308832;0.6692326447903306;0.8328972047512149;0.67132045348935
True;False;False;True;True;False;True;True;False;False;True;0;False;False;False;False;0;False;True;False;False;0;False;True;False;True;False;0;18;False;0;False;0;6;False;False;True;b41410f9f5c75201550ed8b93335347093b03a9129b962b63b89133424557b0d;0.8470148596107718;0.6980241242770953;0.8979783065358441;0.7311189963538551
True;False;True;True;False;False;False;False;False;False;True;0;True;False;False;True;0;False;False;False;True;0;True;True;False;False;True;0;6;False;0;False;0;6;False;False;False;3c07567c855b57ddd5f39f080fc12ac00fcfe659e25169f89127e3d357ffba5f;0.4503441324765321;0.3471589397900152;0.6236466604083526;0.5004390504326021
False;False;True;False;False;False;False;True;False;False;True;0;True;False;False;False;0;False;True;False;False;0;False;False;False;True;True;0;18;False;0;False;0;6;False;False;False;127b969509d273a745cd11d160f50a3ce762ec6147bf47313f91d4b06f736f98;0.9091471485670016;0.7991362932234498;0.8065227405605152;0.6411965265175513
False;False;True;True;False;False;True;True;False;False;False;0;False;False;False;True;0;False;False;True;False;0;False;True;False;False;False;0;0;False;0;True;0;6;True;False;False;0bee021c811cea7909ff042eb15af09db9ff5b816b92b04e874f40ac7e077ac2;0.6544255646685522;0.50888408170899;0.8032328195992918;0.6300005725901664
True;False;True;True;False;False;False;True;False;False;True;0;True;False;False;False;0;True;False;False;False;0;False;True;False;True;False;0;18;False;0;False;0;6;True;False;False;d0f45da0202babf22f2fd78c0d0f11658e51b065209e47d3bacc2b27aa341951;0.9528650283035076;0.8652517099486753;0.8240354391218413;0.6666418826485054
False;False;True;False;False;False;True;False;False;True;True;0;False;False;False;False;0;False;False;True;False;0;False;False;False;True;False;0;24;False;0;False;0;6;False;False;True;a4885cd3eb15edea408ee7a96b26ef989e1e2e54791ce4cc2e9c51d9e92164d3;0.8810622296930785;0.7660086883206272;0.8431928545629144;0.6800657757017199
False;False;True;False;False;False;True;True;False;False;True;0;False;False;False;False;0;True;False;False;False;0;False;False;False;True;True;0;24;False;0;False;0;6;False;False;False;fdc097078533156d89fba19bab58409b0243f20822c95a8c0858006cb4dfa47a;0.9435575610865224;0.8565370474389989;0.800450560742137;0.6234069033999402
False;False;True;True;False;False;False;False;False;False;False;0;True;False;False;True;0;False;False;True;True;0;False;True;False;False;False;0;0;False;0;True;0;6;False;False;True;874b7e9e9019a9af35854d875f6778a9f20bc1ebfa6522c7a7262a3cf7ce529e;0.6065138343529128;0.4605471229091711;0.833083253354038;0.6630150455144272
True;False;True;True;False;False;True;False;False;True;False;0;False;False;False;False;0;False;True;False;False;0;False;True;False;True;False;0;0;False;0;False;0;6;True;False;False;4f5d3373a84c7a07b2581c242af411e1cebb1b2e896f7783ce6e7a45a06cb9b4;0.6189247479976725;0.4856361892151564;0.8068483774739171;0.6467003627642226
True;False;True;True;False;False;True;False;False;True;True;0;False;False;False;True;0;False;True;False;False;0;False;True;False;False;False;0;18;False;0;False;0;6;True;False;False;0caf60706f3b6916bee7f9561abedf7d67aed4dde71120bfc796e91e7ac9a6ce;0.8662572649822333;0.746699585496316;0.8537250842962906;0.7051203276172533
False;False;True;True;False;False;False;True;False;False;True;0;True;False;False;False;0;True;False;False;False;0;False;True;False;True;False;0;18;False;0;True;0;6;False;False;True;e89c032e44ec225f8aaf28e9e6117475e2079d8b71a0292939a14a4e6c334440;0.8910417806127064;0.7731049507076576;0.7734396687739189;0.6129262504247195
False;False;False;False;True;False;False;True;False;False;True;0;True;False;False;False;0;False;True;False;False;0;False;False;False;True;False;0;6;False;0;False;0;6;True;False;False;284cbf169c0862efd1204c9a8d243a110a8b16c9f56a4a1780533d522f562ec1;0.728246400172811;0.5624891767378591;0.8975990272641402;0.737795542014195
True;False;True;True;False;False;False;False;False;True;True;0;True;False;False;False;0;False;False;False;False;0;True;True;False;True;False;0;18;False;0;False;0;6;True;False;False;6b09b25fceac80e7f7b299f287ed7be4ec7f7098b7fd9d285409139555e6577c;0.1740051567174523;0.1337029632656227;0.33730575799958473;0.30862086825615137
False;False;True;True;False;False;True;False;False;True;True;0;False;False;False;False;0;False;True;False;False;0;False;True;False;True;True;0;6;False;0;True;0;6;False;False;False;a84eced8fe5f408afaf79d2df68d7a8f0ea23192a9d55ddf5a238c192580ec36;0.7568500598232942;0.6183845628486894;0.8135299243697215;0.6600676894046876
False;False;False;False;True;False;False;True;False;False;True;0;True;False;False;True;0;True;False;False;False;0;False;False;False;False;False;0;6;False;0;False;0;6;False;False;True;4a5ae0b6d8dd9f448815dd08d8f8cc11aa2afa01add261109d645469e3fb9c46;0.7311847415983049;0.5678400349060795;0.8945015119021471;0.7331614807242637
False;False;True;True;False;False;False;False;False;False;True;0;True;False;False;False;0;False;False;False;True;0;True;True;False;True;False;0;18;False;0;True;0;6;True;False;False;c4fcbbd7e266a977e3c935dc557b2309eedad5000d32dc36dc0da299b1d043b8;0.1726855348628437;0.1234518542951228;0.3326332793349141;0.302459660949286
False;False;False;False;True;False;True;False;False;True;True;0;False;False;False;True;0;False;False;True;False;0;False;False;False;False;True;0;18;False;0;False;0;6;False;False;False;95e4da8c3f96911978cd9744c35e4d453a22d2aee606041f67dabc943288da64;0.7058258340435687;0.5460246487432523;0.8884248403521433;0.7244042666835728
False;False;True;True;False;False;False;False;False;False;True;0;True;False;False;True;0;True;False;False;True;0;False;True;False;False;False;0;6;False;0;True;0;6;True;False;False;024cb68d834b4193f2a790cf4b7ec1c6f1f750693fafb0cffce3291f6c775adf;0.7581623805729393;0.6044605382931932;0.8429237549353464;0.6823325763622237
False;False;True;False;False;False;True;False;False;True;True;0;False;False;False;True;0;False;False;False;False;0;True;False;False;False;False;0;18;False;0;False;0;6;False;False;True;0c4787500cb049f40e1c39e3f249519acedcc75137db07c8fcc1191178fcecf9;0.5401207918497754;0.4406720159392914;0.6401854846113679;0.5221443226579379
False;False;False;True;True;False;False;True;False;False;True;0;True;False;False;False;0;False;True;False;False;0;False;True;False;True;True;0;24;False;0;True;0;6;False;False;False;2a567044cde14883915a744877afa3f13b8e83ebe70c79b8b67e0d1fc0fd5c42;0.7647952929627464;0.6022529604541703;0.8387587362272709;0.6474283625841821
False;False;False;True;True;False;False;False;False;True;True;0;True;False;False;False;0;True;False;False;False;0;False;True;False;True;False;0;24;False;0;True;0;6;False;False;True;74613f98aa2e09851a6792e02c5279a8ac8c52cad7145c65793de56fe808eec7;0.6969618942917537;0.5328077437943572;0.8776493476182878;0.6979786869786854
True;False;True;True;False;False;True;False;False;False;True;0;False;False;False;False;0;True;False;False;True;0;False;True;False;True;False;0;24;False;0;False;0;6;False;False;True;b8839d70320d4e9dfa71983bea2a19d49df6b2fff340da6b971ef1c00ddbb53e;0.9092690039250624;0.7865852330142453;0.8578076335172667;0.6909339350568728
False;False;True;False;False;False;True;False;False;True;True;0;False;False;False;True;0;True;False;False;False;0;False;False;False;False;False;0;24;False;0;False;0;6;False;False;True;bfae8cd1ad5c0567df2dd5e1baddc78aff2768607efe6d213af6271c205c654e;0.8797209165137803;0.7643700959114619;0.8429123356067442;0.6793972480453213
False;False;True;False;False;False;False;False;False;False;True;0;True;False;False;True;0;False;False;True;True;0;False;False;False;False;False;0;24;False;0;False;0;6;True;False;False;7392393b62c1685c8585327a839b6cfc0d4ce8650b6deaae79ed59ae668a157f;0.8862269523365646;0.7604999293283576;0.859712215764557;0.6906241600183215
False;False;True;False;False;False;False;True;False;False;False;0;True;False;False;False;0;False;True;False;False;0;False;False;False;True;False;0;0;False;0;False;0;6;True;False;False;887f3a8ec9bb1086819c445f5cf5896d6d34bfc912d337bfd0bd711dec993371;0.6586400791840067;0.5111260957782499;0.8103796172568444;0.6384040771706168
False;False;True;True;False;False;True;False;False;True;True;0;False;False;False;False;0;False;False;False;False;0;True;True;False;True;False;0;24;False;0;True;0;6;True;False;False;2b18d1858d9317e708678707fd36c27aa70779870c3097d01a275e4026aed8b3;0.1629810000419956;0.1213165026202478;0.3102718564219388;0.2785834518650406
True;False;True;True;False;False;False;True;False;False;True;0;True;False;False;True;0;True;False;False;False;0;False;True;False;False;False;0;18;False;0;False;0;6;False;False;True;723120b06c899bffe8acf39c072ba62cf99612e8eebeb3b6dee3c2d57f45738c;0.9556401371984152;0.8704584859282856;0.8178761689454185;0.658540553316007
True;False;True;True;False;False;True;True;False;False;True;0;False;False;False;False;0;False;True;False;False;0;False;True;False;True;False;0;24;False;0;False;0;6;True;False;False;cd7a51c95114dc6dc3917415952e077d50890a463d8014cc745f1ec5559f2520;0.9944482213027328;0.973094131611154;0.8179796081756938;0.648683620817958
False;False;True;False;False;False;False;False;False;False;False;0;True;False;False;True;0;False;False;False;True;0;True;False;False;False;True;0;0;False;0;False;0;6;False;False;False;ed55c60aa2c51022baf4fa85371c78da1d5b4902e16e74895dceb2504b7c7b5e;0.3908089370399335;0.2915361277941861;0.6275927979711571;0.49940982652744353
True;False;True;True;False;False;False;True;False;False;True;0;True;False;False;False;0;False;False;False;False;0;True;True;False;True;False;0;18;False;0;False;0;6;False;False;True;f77958a1973e5b3ccf0fa410625f93023f3d0d2f630416dc3bb14c27e7017f3c;0.1726891939273449;0.1252545007158404;0.2996187930462584;0.26815573966158984
False;False;True;False;False;False;False;True;False;False;True;0;True;False;False;True;0;True;False;False;False;0;False;False;False;False;True;0;24;False;0;False;0;6;False;False;False;ce36597e1737323d5f504aaad94ee0f8e92780c7231b01bd19cabcb618fb8fce;0.9415713662384664;0.8520779349526914;0.796734040969869;0.6181141014179701
True;False;False;True;True;False;False;False;False;True;True;0;True;False;False;True;0;True;False;False;False;0;False;True;False;False;False;0;24;False;0;False;0;6;False;False;True;f92e82811ac20b17d36479673b8905a5b0f0c5f078901da5b315ff92361cfc88;0.7362519217172929;0.5773348307498776;0.8951570804955508;0.7279185489694454
False;False;False;False;True;False;True;False;False;False;True;0;False;False;False;True;0;False;True;False;True;0;False;False;False;False;False;0;18;False;0;False;0;6;False;False;True;6a5d27873b158b961b2d9b1eb9c82946fe378f8916aa253c838c7748fdb4a9e3;0.7812751162327859;0.6294292559766304;0.9033429584929699;0.7459901830369285
False;False;True;False;False;False;True;False;False;False;True;0;False;False;False;False;0;True;False;False;True;0;False;False;False;True;False;0;24;False;0;False;0;6;True;False;False;c3afdac9bcfc6244cfc2571c24242d1e21ed9401203fd58c9eaf1e94cfd8ff16;0.8896237040094735;0.7651044131006667;0.8606949401999198;0.6929932937454736
True;False;False;True;True;False;True;True;False;False;False;0;False;False;False;True;0;False;False;False;False;0;True;True;False;False;True;0;0;False;0;False;0;6;False;False;False;388aeec45e93b66368ebd616e9bf728e400c54dc7abc361b437a2faabaffad0e;0.3681607347335159;0.2767644095756996;0.6435575497136303;0.5123531715742606
False;False;False;False;True;False;True;True;False;False;True;0;False;False;False;False;0;False;False;True;False;0;False;False;False;True;True;0;24;False;0;False;0;6;False;False;False;1d92edf95eb9e1ccce5be721940e6b10235558a9a6e55b0d6a80f330b300e1fb;0.8043914195265663;0.6567942561328213;0.8664057433196787;0.6920645890208442
False;False;False;True;True;False;True;False;False;False;True;0;False;False;False;True;0;False;True;False;True;0;False;True;False;False;True;0;18;False;0;True;0;6;False;False;False;3900baccb3308c0c01c5897f6b99dd03553a17274a5a296230675b4bd73ca16e;0.7513057329337584;0.5893545936189152;0.8891756673177715;0.7194252023679448
True;False;True;True;False;False;True;True;False;False;True;0;False;False;False;False;0;False;False;True;False;0;False;True;False;True;False;0;6;False;0;False;0;6;False;False;True;317bdde29cbb32a3181621f3f69e96cff97037e2ab7f46c8f7043edb2343ef32;0.8061070671035353;0.6631207747171138;0.8194411280461753;0.6546626639793335
False;False;True;False;False;False;False;False;False;False;True;0;True;False;False;False;0;True;False;False;True;0;False;False;False;True;False;0;18;False;0;False;0;6;True;False;False;54c04b68a14d698eb7c708f158615a70b3a3d2463a8cbd8b50f497ae3a00cb9e;0.8733400532995795;0.7424502353991345;0.8772671104756233;0.7207921957566621
False;False;True;True;False;False;False;False;False;True;False;0;True;False;False;False;0;False;False;False;False;0;True;True;False;True;True;0;0;False;0;True;0;6;False;False;False;2c9085e0d5936ffe3c0b6f8a5889a3218a2b848ba290cf6955765fa993570998;0.1431529764402852;0.0957897885302425;0.330111471476366;0.2791670503303715
False;False;True;False;False;False;True;False;False;True;False;0;False;False;False;False;0;False;True;False;False;0;False;False;False;True;False;0;0;False;0;False;0;6;True;False;False;b5507fc8454a49a7bca06768423ae07d189af0f52a7d01f6f4b1662c988e190e;0.6188190322323496;0.4846810970483046;0.8075946103009659;0.6465072541422366
True;False;False;True;True;False;True;True;False;False;False;0;False;False;False;True;0;False;True;False;False;0;False;True;False;False;False;0;0;False;0;False;0;6;True;False;False;8d14750c36d3f7e2075a8556cec37961016d6a0f3dc88641ef74e562a08f7495;0.5325161563842399;0.4079770452414271;0.8199335713261999;0.65912616415123
False;False;False;False;True;False;True;False;False;False;True;0;False;False;False;False;0;False;False;False;True;0;True;False;False;True;False;0;18;False;0;False;0;6;False;False;True;352c559bba43817de26f72324dd5fecc91a946d0c3754bc915afe8b42a2afeea;0.1449836260708799;0.0907010671626029;0.3513697719101442;0.3060414102729446
False;False;True;True;False;False;True;False;False;True;True;0;False;False;False;False;0;False;False;True;False;0;False;True;False;True;False;0;18;False;0;True;0;6;False;False;True;ba627dfdd52d0df4aed1df281fe6662374735397d53e44a16e7cf28828ec140f;0.8079369759661017;0.6775306789669254;0.7986419205459888;0.6434171910656217
False;False;True;True;False;False;True;False;False;False;True;0;False;False;False;True;0;False;False;True;True;0;False;True;False;False;False;0;24;False;0;True;0;6;False;False;True;ab26398b454666ce62aa1f9af4fc913bd23521399be918a58505cbc29752e6ef;0.8154814883566547;0.6622232155007929;0.8108694817277252;0.6305084132004993
False;False;True;False;False;False;True;False;False;True;True;0;False;False;False;True;0;False;False;True;False;0;False;False;False;False;False;0;6;False;0;False;0;6;True;False;False;8efa32a734abf70eccc00c18cc3b4e497a2c5f44d434ebfcbde4845d95db217f;0.7278682301521309;0.5920593395925453;0.8352723645932807;0.6823322857582261
True;False;True;True;False;False;False;False;False;True;True;0;True;False;False;False;0;False;False;True;False;0;False;True;False;True;False;0;6;False;0;False;0;6;True;False;False;665dd71ff8e7987e999141258e8fa548f7ac8975b4ab1e40704949b1261f2a15;0.7267778340804995;0.588798850432852;0.8317425795715553;0.6801173119323932
False;False;True;True;False;False;False;False;False;False;True;0;True;False;False;True;0;False;False;True;True;0;False;True;False;False;False;0;18;False;0;True;0;6;True;False;False;052be3f3ddcf42c5ad37084838feed488a4fa720ac890a10bc70de1b6d77f28b;0.815572063036237;0.6688675785143483;0.834149549856164;0.6728980627202118
True;False;True;True;False;False;True;True;False;False;True;0;False;False;False;True;0;False;False;True;False;0;False;True;False;False;False;0;18;False;0;False;0;6;True;False;False;5386d66dc12dcc89679ad595da5a8ad13149787141d18cbdac09b30c051785d3;0.9467583821498494;0.8553359092308304;0.8239591808088044;0.6676178067115079
False;False;False;True;True;False;True;False;False;False;True;0;False;False;False;False;0;False;True;False;True;0;False;True;False;True;False;0;18;False;0;True;0;6;True;False;False;bba90ba2d6d7dd98b9371d9d88070e170bc36dd2acd5558850c3e5cbbc5c7366;0.7710038642079129;0.6091647931908776;0.9037691742597319;0.739059336781476
True;False;True;True;False;False;True;False;False;False;False;0;False;False;False;False;0;True;False;False;True;0;False;True;False;True;False;0;0;False;0;False;0;6;False;False;True;eef9e749fc1d82db9770875f19460061b721b75d23c62f51e26f351b5ccba341;0.6091374700625519;0.4633940301527214;0.8368909616883402;0.6693047190409381
False;False;True;False;False;False;True;False;False;True;True;0;False;False;False;False;0;False;True;False;False;0;False;False;False;True;False;0;24;False;0;False;0;6;True;False;False;952bc39b69fea69f88a040dc9c929280ef1a600a940f9ed01194a2c2309fb4ef;0.8792187408284196;0.7638011449559702;0.8469222944927826;0.6847650580109975
False;False;False;False;True;False;False;False;False;True;True;0;True;False;False;False;0;False;False;True;False;0;False;False;False;True;False;0;6;False;0;False;0;6;False;False;True;3db311b963c53b5fe08060d0e3e79c04dbbf5b61324ba3fb16564714604458da;0.6753848932833888;0.507519915905144;0.9083555806314283;0.7441541230554576
False;False;True;True;False;False;True;True;False;False;False;0;False;False;False;False;0;True;False;False;False;0;False;True;False;True;True;0;0;False;0;True;0;6;False;False;False;3a0d59b58ecad7e29669404d49bba88caff07d670ec4504a7ccb153ec1010a65;0.63388143021035;0.4909392643529445;0.7838313930477709;0.6121954279373684
False;False;True;True;False;False;True;False;False;False;False;0;False;False;False;True;0;False;False;True;True;0;False;True;False;False;False;0;0;False;0;True;0;6;True;False;False;8ab9ec0d2d75b58d2d5785f76b0e51807bc92e6cbcbeb9c0c914e6bfc4aaa4e8;0.6056608109437022;0.4596661196987911;0.835840859337304;0.6667660083613658
True;False;True;True;False;False;True;True;False;False;True;0;False;False;False;False;0;False;True;False;False;0;False;True;False;True;True;0;18;False;0;False;0;6;False;False;False;d983923d8bb80c87af83c57627a3053d3e3cfb45d3d51ec30bf117775d4c62a6;0.918936745607824;0.8163952717521212;0.80741192170473;0.6498574911508349
True;False;True;True;False;False;False;True;False;False;True;0;True;False;False;False;0;True;False;False;False;0;False;True;False;True;False;0;6;False;0;False;0;6;True;False;False;5831146186018fd3933f72943bc63d8cf4327627e317879f1f559f3803369495;0.8019822516972697;0.6578815598305784;0.8252346747726665;0.6621280404620592
True;False;False;True;True;False;False;False;False;True;True;0;True;False;False;True;0;False;True;False;False;0;False;True;False;False;False;0;6;False;0;False;0;6;False;False;True;ae6af925e0900d30574851434841eec349b38a5e72401d93e19d78ba2048c30c;0.6789503159951152;0.5125102280265442;0.9108714230466357;0.7484699886336493
True;False;True;True;False;False;True;True;False;False;False;0;False;False;False;False;0;False;True;False;False;0;False;True;False;True;False;0;0;False;0;False;0;6;False;False;True;3ea2c2cce62ce5f08c4092c6f184498dab2541cd4a0e3a0b6db4690639237d03;0.6647512081545154;0.5171677448370025;0.8083688575224784;0.6349474148493927
True;False;False;True;True;False;False;True;False;False;True;0;True;False;False;True;0;False;True;False;False;0;False;True;False;False;False;0;18;False;0;False;0;6;False;False;True;4217b73e728d336d452df6739976df449cb5ebaaf50da4bfe14a77e5d26da29a;0.8443482685262085;0.6973043956938398;0.897338077489022;0.7312617751255225
True;False;True;True;False;False;True;False;False;True;True;0;False;False;False;False;0;False;True;False;False;0;False;True;False;True;False;0;6;False;0;False;0;6;False;False;True;9169e6b1d07772b081de640b6706418ca87270a2f9d252625b2dd685cd52ce47;0.7336217144067767;0.5958198584821013;0.8293805470716762;0.6763661140416846
True;False;False;True;True;False;False;False;False;True;True;0;True;False;False;False;0;False;False;True;False;0;False;True;False;True;False;0;6;False;0;False;0;6;False;False;True;43499f07366ab0e4d5286ea15ce5fd97ecdc2125a5e35207a6be60c5ea351603;0.6802127851585099;0.5130379149188897;0.9118626571341082;0.7493169533869289
False;False;True;False;False;False;True;False;False;False;True;0;False;False;False;True;0;False;False;False;True;0;True;False;False;False;True;0;6;False;0;False;0;6;False;False;False;fffb6c826e94ac7ab0dbb8641e942a078d43b9539b5298d040cfd8c75e7a0163;0.4614122099061223;0.3543751576842436;0.6373001380310509;0.5074155515364642
False;False;True;True;False;False;True;True;False;False;True;0;False;False;False;True;0;False;False;True;False;0;False;True;False;False;True;0;6;False;0;True;0;6;False;False;False;353d851c54130a49bc5cf8be3577f7446287334ddce44dbe2f47e2a91c04e761;0.8250716368702848;0.6834232296970504;0.8106721231810025;0.6480743929685121
False;False;False;False;True;False;False;False;False;False;True;0;True;False;False;False;0;False;False;True;True;0;False;False;False;True;False;0;24;False;0;False;0;6;True;False;False;06ccdf00d22fc526de019b41a96efe7c922508416787cfd8ddd6275ec14926ee;0.7714994623049791;0.6216919422170321;0.8880543374670203;0.7225639779435252
False;False;False;True;True;False;True;False;False;True;True;0;False;False;False;True;0;False;False;True;False;0;False;True;False;False;False;0;18;False;0;True;0;6;False;False;True;0e21f02117104302b9b3e5f2d47192e0403afc2ee6e87969a308b66629df9e9c;0.7103761724492126;0.5480652223578618;0.8930301215953679;0.7263472964514146
False;False;True;False;False;False;False;False;False;False;True;0;True;False;False;False;0;False;False;True;True;0;False;False;False;True;False;0;18;False;0;False;0;6;False;False;True;07c3ad2192ed2554ed61d769f4f679f34ba4a4894690049675f82bdb8c34b180;0.8762032497806161;0.7452374483970736;0.8723928125551578;0.7139206677158305
True;False;True;True;False;False;True;True;False;False;True;0;False;False;False;False;0;False;False;False;False;0;True;True;False;True;True;0;18;False;0;False;0;6;False;False;False;da541062bae6a085f7196ecc1532d6a869ca7a7306188c19cafd0c60fd7fd640;0.1628532679252579;0.1169841934135364;0.29211811156658823;0.26518257069717394
False;False;False;True;True;False;False;True;False;False;True;0;True;False;False;True;0;False;False;False;False;0;True;True;False;False;True;0;24;False;0;True;0;6;False;False;False;3648aafc7cce9b4d8462e6fd7149cd81a60063130dff87858df3aa2522a866a7;0.4740024556673596;0.3611789239603109;0.6260212961990567;0.4852431307773879
True;False;True;True;False;False;True;True;False;False;True;0;False;False;False;True;0;True;False;False;False;0;False;True;False;False;True;0;24;False;0;False;0;6;False;False;False;14b7ca53b2edb22a716c59fcbc26e1b2ee69a1c380007896bd193a9e8fcbb628;0.9574477075432546;0.8819595157417773;0.7991957816890334;0.6258398001953124
True;False;False;True;True;False;True;True;False;False;False;0;False;False;False;True;0;True;False;False;False;0;False;True;False;False;False;0;0;False;0;False;0;6;True;False;False;1e16c5562c6b8e68a599cdcd276e2aa9ce4d3254768836ca88414535ad960e37;0.5318078558916287;0.4067378363202899;0.8188890936319652;0.6571580658331104
True;False;True;True;False;False;True;False;False;False;True;0;False;False;False;True;0;False;False;True;True;0;False;True;False;False;False;0;24;False;0;False;0;6;False;False;True;6ef41330817400568daed357344533ef4fd499b5043cce277433bf7c33cd25f9;0.9054492664160524;0.78289883137837;0.8577965961052034;0.6910808648440273
False;False;True;False;False;False;False;True;False;False;False;0;True;False;False;True;0;True;False;False;False;0;False;False;False;False;True;0;0;False;0;False;0;6;False;False;False;19cceec9d20c47e8d9388b62775b298761d443a2e712c470ce7f4af4795a1826;0.6357247650420721;0.4930244033103281;0.7906449665413054;0.6199638148381837
True;False;False;True;True;False;True;True;False;False;True;0;False;False;False;False;0;False;False;False;False;0;True;True;False;True;True;0;18;False;0;False;0;6;False;False;False;ea7e0db61b7d98966795de6873bd4eba3bc1cc651d726235c866207ad438df7c;0.1493121204975081;0.0957267804147468;0.3395705251564412;0.2920131217689597
False;False;False;True;True;False;False;False;False;True;True;0;True;False;False;True;0;False;True;False;False;0;False;True;False;False;False;0;24;False;0;True;0;6;False;False;True;635aea817061293a32e529ef641a2a0cfb9fe0b4190c7ff4960f376560c87bd7;0.6948356960997237;0.5308943619654052;0.8767947615174384;0.6971356424789249
False;False;False;True;True;False;True;False;False;True;True;0;False;False;False;False;0;False;False;False;False;0;True;True;False;True;False;0;6;False;0;True;0;6;False;False;True;e6a8fda7d4b12f7d1abcfc4347e812628b89d69912a551a01a067135a8b25b05;0.1497051748612107;0.0927078749677894;0.3674145121336323;0.3243155432320242
False;False;False;True;True;False;False;False;False;True;False;0;True;False;False;True;0;False;False;True;False;0;False;True;False;False;False;0;0;False;0;True;0;6;True;False;False;f0f45da1f225a415f8d63ec1f6ed2e8b472071bd89853f3d2eed31b327eae728;0.5322583127528165;0.4043387380145766;0.8435451610524829;0.6829113695537381
False;False;True;True;False;False;True;True;False;False;True;0;False;False;False;False;0;True;False;False;False;0;False;True;False;True;True;0;24;False;0;True;0;6;False;False;False;b9e362899aefc2c4419bf8680f4d4619118ce1c619cf08bcbac128410657d650;0.8660426742213436;0.734058927354028;0.7467286393235079;0.566562221571797
True;False;True;True;False;False;True;False;False;False;True;0;False;False;False;True;0;False;False;True;True;0;False;True;False;False;False;0;18;False;0;False;0;6;True;False;False;b12706a46c0684de6e9f5c09a9530ab66bffa773f49eb7789fd0e2e3aa381c09;0.8812208809362165;0.7506154082683971;0.877800458670481;0.7256059552548386
False;False;False;True;True;False;False;False;False;True;True;0;True;False;False;False;0;False;False;False;False;0;True;True;False;True;True;0;24;False;0;True;0;6;False;False;False;11ef93354085d3cec06e2acabfba63585da2d209b94d1b172f63fd16f10f3772;0.1363122325889595;0.0769742185968449;0.34545231358342143;0.2884907923628267
False;False;True;True;False;False;False;False;False;False;True;0;True;False;False;False;0;False;True;False;True;0;False;True;False;True;False;0;18;False;0;True;0;6;True;False;False;2333a18994e7c4fc82446f5197997e72ece58ed50b7911b7da3d21da03f0ad8f;0.8166083718874791;0.6697201974737014;0.8323946535292636;0.6712169662726233
True;False;True;True;False;False;False;False;False;False;True;0;True;False;False;False;0;False;False;False;True;0;True;True;False;True;False;0;24;False;0;False;0;6;False;False;True;44d35435b10119f3f50a962c87ff487778430984fe0ecda140a1a54f808bc748;0.1643969138365149;0.1162016426175741;0.3238030585299782;0.30016379071273547
False;False;False;False;True;False;False;False;False;True;True;0;True;False;False;False;0;True;False;False;False;0;False;False;False;True;True;0;18;False;0;False;0;6;False;False;False;d830ca2e6bcc881322dc9716eb941a19218019df0f4aed73baa65afb8ebfcec1;0.7110827565303488;0.5508630597727545;0.8911663405398232;0.7268211412419663
False;False;True;True;False;False;True;False;False;True;True;0;False;False;False;True;0;False;True;False;False;0;False;True;False;False;False;0;18;False;0;True;0;6;False;False;True;9018c8bda0b408ab638726fc90aacaef557815d678cfed68ce1524a4d5007e9c;0.8052572348571861;0.6752230782497473;0.7985236570362344;0.643502737845785
True;False;True;True;False;False;False;False;False;True;True;0;True;False;False;True;0;False;True;False;False;0;False;True;False;False;False;0;18;False;0;False;0;6;True;False;False;1cb9087a8774da5b993f5e68105f91a2e689b2a69301b73c98499088c11c83b1;0.8674535655208703;0.7476528691164256;0.8515675853635791;0.7016465588506527
False;False;True;False;False;False;False;False;False;True;True;0;True;False;False;True;0;False;False;True;False;0;False;False;False;False;False;0;18;False;0;False;0;6;False;False;True;36409855586faacc4442ff8f04a4bebb7ce6a9f9e1d02b462a68b535da97cd2b;0.8626688631319499;0.7419546730413037;0.8514634937124058;0.6977304009496565
False;False;True;False;False;False;True;False;False;True;False;0;False;False;False;False;0;False;False;False;False;0;True;False;False;True;False;0;0;False;0;False;0;6;True;False;False;9f051cbd84424e7281df26a3a247b03e3a4ff14a5c57dc104ce8a36d2bdf6e4a;0.1487621889589132;0.0990896948441693;0.34693188396074076;0.2958600767874175
True;False;True;True;False;False;True;True;False;False;True;0;False;False;False;True;0;False;False;True;False;0;False;True;False;False;False;0;18;False;0;False;0;6;False;False;True;ec90554f023e15ad9070511883960b00c6a716e88dedb112e896232178f752fb;0.9515128428543966;0.8628770117317497;0.818968392661326;0.6618473351809709
False;False;True;True;False;False;True;False;False;True;True;0;False;False;False;False;0;True;False;False;False;0;False;True;False;True;False;0;24;False;0;True;0;6;False;False;True;c1a8e9ab7dd2b7035b0a0f104261d31ad27930ac9d571dee67c24fc17a0af67d;0.8089449415510169;0.6772145310939026;0.7834527930234607;0.6155320542326973
False;False;False;False;True;False;False;True;False;False;False;0;True;False;False;False;0;False;True;False;False;0;False;False;False;True;True;0;0;False;0;False;0;6;False;False;False;29f859743a41d23b5360d4c981930eecf94bb160036c4c0953295d1192203123;0.5207936875996143;0.3970104009348085;0.8063487728493048;0.6446071021785051
False;False;True;False;False;False;True;False;False;True;True;0;False;False;False;False;0;False;True;False;False;0;False;False;False;True;True;0;6;False;0;False;0;6;False;False;False;6ce01800c088300b05a96044b586a2eea4a10be74f8b165bca5592d923ad0656;0.7099142142554928;0.5720446758298185;0.8213679692978324;0.664994490326274
True;False;True;True;False;False;True;False;False;True;True;0;False;False;False;False;0;True;False;False;False;0;False;True;False;True;False;0;6;False;0;False;0;6;True;False;False;e69abb3baa2d79ad5397987030abdee5052412a3221ee5d020de236746945c1b;0.7280767664814606;0.5907504665969898;0.8317177663411038;0.6808326230622943
True;False;True;True;False;False;False;False;False;False;True;0;True;False;False;False;0;False;True;False;True;0;False;True;False;True;False;0;6;False;0;False;0;6;True;False;False;640cb45f7b50a5f4587f89ecdcfd3ec44663a8518f210485f51cf7065067a9bc;0.7128662482337323;0.5598987317006117;0.8439270806056677;0.6830461992373886
False;False;True;True;False;False;False;False;False;True;False;0;True;False;False;True;0;False;True;False;False;0;False;True;False;False;True;0;0;False;0;True;0;6;False;False;False;42fe466a150aa340f9cdec41d34a415ca7d287f5b7ab365fdd1ac37f0549e81b;0.5930475982308585;0.464569046223438;0.771031424773513;0.6120847377328725
False;False;True;False;False;False;True;True;False;False;True;0;False;False;False;False;0;True;False;False;False;0;False;False;False;True;True;0;18;False;0;False;0;6;False;False;False;4630655a7ebbf0bad9f27fc0b118a035665cd656d77a4cedbd2431349a26a54b;0.905267094907887;0.7937512698263209;0.8082698845665997;0.6449359987315448
True;False;False;True;True;False;False;False;False;True;True;0;True;False;False;False;0;False;False;False;False;0;True;True;False;True;False;0;6;False;0;False;0;6;False;False;True;977f1f5472683279ebe8a0a799b350424695ebdd8e57962c286c8417ca98b58a;0.1369708582990273;0.0799218274865796;0.3597220483753698;0.30952333278323607
False;False;False;True;True;False;False;True;False;False;True;0;True;False;False;True;0;False;False;False;False;0;True;True;False;False;False;0;18;False;0;True;0;6;False;False;True;655d80542f3385d7c406ec245fc309dbc70bca1bce13e306b2e6cd2214bda9e0;0.5065530331281572;0.3984212358486138;0.6645813059877206;0.5347742571801473
False;False;False;False;True;False;True;True;False;False;True;0;False;False;False;True;0;False;False;True;False;0;False;False;False;False;False;0;6;False;0;False;0;6;True;False;False;15953223d54fa28da10802b117e24933b149e79c1341a5f21598108b4bf7744c;0.7291539465261069;0.5635352139809922;0.8991431046730715;0.7399308569150196
False;False;False;True;True;False;False;True;False;False;False;0;True;False;False;True;0;True;False;False;False;0;False;True;False;False;True;0;0;False;0;True;0;6;False;False;False;91e2f229b4b306835260a39c258636b748eeac7fa61e7d52b27d6c1bad82a471;0.5266136156962041;0.4007901179145943;0.8087979115302957;0.6437976201874196
False;False;False;False;True;False;True;False;False;False;True;0;False;False;False;True;0;True;False;False;True;0;False;False;False;False;True;0;6;False;0;False;0;6;False;False;False;425f25aa47b96743bef5955cb446ac9ec9859cc921cefe83efd7de66afcc3811;0.6698767220095804;0.5042417059010774;0.8868583279390446;0.7173793919595707
False;False;False;True;True;False;True;False;False;False;True;0;False;False;False;True;0;True;False;False;True;0;False;True;False;False;False;0;24;False;0;True;0;6;False;False;True;ea2c8a49b8ab192ad830baf3db44fcb6ef8ae98af45217517d316c02dc4b652c;0.7480778706354929;0.5841046767961169;0.8731079360076117;0.6899932147422501
False;False;True;False;False;False;False;False;False;False;True;0;True;False;False;True;0;False;False;False;True;0;True;False;False;False;False;0;18;False;0;False;0;6;False;False;True;2330b577e891898019b8acd6a0f8439662273e2f5e34f98d83cb0ceab263bd17;0.5324283236756516;0.4274593638623959;0.6423284156760023;0.5194205158766934
False;False;True;False;False;False;False;False;False;True;False;0;True;False;False;False;0;False;True;False;False;0;False;False;False;True;True;0;0;False;0;False;0;6;False;False;False;68387cff55fecd0e586af41e8bf78c86c06388fdc8e1cbf7f30ce71c3a7a6431;0.5968770102800178;0.4644310794390959;0.787325802287162;0.6244485715571286
False;False;False;True;True;False;True;True;False;False;False;0;False;False;False;True;0;True;False;False;False;0;False;True;False;False;True;0;0;False;0;True;0;6;False;False;False;20c0a09d7f3acf5a088ead165163da0bea77570d869de47a1a926125b892d619;0.5282170909948664;0.403120713532842;0.8102300140310801;0.6442615051207025
False;False;True;True;False;False;True;True;False;False;True;0;False;False;False;False;0;False;False;True;False;0;False;True;False;True;False;0;24;False;0;True;0;6;False;False;True;78d063a3a8fcc031e627ef880b2ed80c499c41a971bca1e4e7acf4a1da04005c;0.9015635057371776;0.7804425174204089;0.7574167172552567;0.5782591284707834
False;False;False;True;True;False;True;False;False;False;True;0;False;False;False;True;0;False;False;False;True;0;True;True;False;False;True;0;24;False;0;True;0;6;False;False;False;93fee58fde3c6ffeda94e51264ec9d9e146b90479a8208175010b47db9b52559;0.4681283605666418;0.3530053734896145;0.6620754704585158;0.5193112914438961
False;False;False;False;True;False;False;True;False;False;True;0;True;False;False;True;0;False;False;True;False;0;False;False;False;False;False;0;18;False;0;False;0;6;True;False;False;8a1a7965cc6c38629803925e24e90eb0d718efe0c6ab85387284ed65f6e9f537;0.8243676503505287;0.6767944897310937;0.8963956716545837;0.7315334102862437
True;False;True;True;False;False;True;False;False;True;True;0;False;False;False;False;0;False;True;False;False;0;False;True;False;True;True;0;24;False;0;False;0;6;False;False;False;7252cf4d92fcb37d83acde3717e9517645242350adaf0d57868115b3cae931e1;0.8574653028561319;0.737459829925951;0.8298334594747611;0.6693558677323734
False;False;True;True;False;False;False;False;False;False;True;0;True;False;False;True;0;False;False;False;True;0;True;True;False;False;False;0;24;False;0;True;0;6;False;False;True;429f333ed746dbdabb53a825a3826bc3a8e47218f7e6c146c8955064c9753a74;0.5005069051652706;0.3877907104236521;0.5925410909317409;0.45981794306158497
False;False;False;True;True;False;False;False;False;True;False;0;True;False;False;False;0;False;False;True;False;0;False;True;False;True;True;0;0;False;0;True;0;6;False;False;False;ce31fdfcab816e2a3786d5eb7962a1b146323974b7ccfe9e51138a2238350a0f;0.5229864856536042;0.3940530533718732;0.8316951134834331;0.6700651363027906
False;False;False;True;True;False;True;False;False;False;True;0;False;False;False;True;0;False;False;False;True;0;True;True;False;False;False;0;18;False;0;True;0;6;False;False;True;b0d2c28901bf6b6488de31d85abab0e0937380729379d79c66aa7c535ac11fab;0.5008910250127511;0.3878208793682952;0.6972111724671324;0.5657492930918219
False;False;False;False;True;False;False;True;False;False;False;0;True;False;False;True;0;False;False;True;False;0;False;False;False;False;False;0;0;False;0;False;0;6;True;False;False;e923f80de55ea94b6100e6d02561665435233eb80eae4ee7d13aa2b97cdb70c2;0.5338675027561615;0.4088953219926591;0.8216988966058476;0.660477496178988
True;False;True;True;False;False;False;False;False;True;True;0;True;False;False;False;0;False;False;True;False;0;False;True;False;True;True;0;24;False;0;False;0;6;False;False;False;d5b4eca69fe6b341c253c56afca1cd0e533bd0b353a60f4f8568538a0044e3ef;0.8537944657136732;0.7331930917739925;0.8268494441178865;0.6666458823709888
False;False;True;True;False;False;True;False;False;True;True;0;False;False;False;False;0;True;False;False;False;0;False;True;False;True;False;0;6;False;0;True;0;6;True;False;False;e990d86eca1791e44d96a91e5a45db928f9c1d6ab3eda14172f71d3e97c0321a;0.7778666305454554;0.6411178369087893;0.8278043412195164;0.6768259856648061
False;False;True;False;False;False;True;False;False;True;True;0;False;False;False;False;0;True;False;False;False;0;False;False;False;True;False;0;18;False;0;False;0;6;False;False;True;5998b9945c85eba7f08eaeae5f9df9e9cb7976d47e7eb3f9ff7a20c35e80a6d4;0.8649783096487007;0.7435890692579853;0.8521234473399066;0.6981543382170302
False;False;False;True;True;False;True;False;False;False;False;0;False;False;False;True;0;True;False;False;True;0;False;True;False;False;True;0;0;False;0;True;0;6;False;False;False;d854dc3cb8b5b1e67ba8412d6e9e8062a1782d36fd936bdbcc5c0e0f7ed7d1ef;0.525646200491488;0.4035467305517772;0.8102416255616114;0.6450541286972797
False;False;False;False;True;False;False;False;False;True;True;0;True;False;False;False;0;False;False;False;False;0;True;False;False;True;False;0;24;False;0;False;0;6;True;False;False;3a013b2d6f61be123359cae3b456f2318e6b16d909273e7392766c3c849af01c;0.1415959055232731;0.083763289713214;0.3541824194870747;0.2994869241262175
False;False;False;True;True;False;False;True;False;False;True;0;True;False;False;False;0;True;False;False;False;0;False;True;False;True;False;0;6;False;0;True;0;6;True;False;False;0fc7d353114d576b1f9cf51b15d0d67dea2aded9cb5aa6c9b421a39a7619f537;0.7986541176421981;0.6411169248671725;0.9230994856413262;0.7744502732373645
False;False;True;False;False;False;False;False;False;True;True;0;True;False;False;True;0;False;False;False;False;0;True;False;False;False;True;0;18;False;0;False;0;6;False;False;False;fd0c58a4afcd80c75f89f9cf9ce7849962ae71d8b1f5f5e14a05705e2c048349;0.5088330830525448;0.4160060512074002;0.6118431015368855;0.4981912712297638
False;False;True;True;False;False;True;False;False;True;False;0;False;False;False;True;0;True;False;False;False;0;False;True;False;False;False;0;0;False;0;True;0;6;False;False;True;041fb2f4f788306e0b1db639ada91f496686ca61d8e94f53a7ffba73bebf90ca;0.6150866839598703;0.4852218314393757;0.7873476840972747;0.6270593173832822
False;False;False;False;True;False;False;False;False;True;True;0;True;False;False;False;0;False;True;False;False;0;False;False;False;True;False;0;24;False;0;False;0;6;True;False;False;1b0426cd33750d5ac74d40d4271d545319581c79630cf8386230073dfb4bcf13;0.7214567385868809;0.5630760026981483;0.8940593254791473;0.7284086346175762
False;False;True;False;False;False;True;False;False;True;True;0;False;False;False;False;0;False;True;False;False;0;False;False;False;True;True;0;18;False;0;False;0;6;False;False;False;67dd44ce0c6400949301702a5eed3b2ea5c3776637e40f1b1678c0359ae24e2c;0.8340041565441345;0.7099737327676984;0.8411163064697041;0.6869110125493516
False;False;True;False;False;False;False;False;False;True;True;0;True;False;False;False;0;True;False;False;False;0;False;False;False;True;False;0;18;False;0;False;0;6;True;False;False;1ec05aaa2fd3ee9672c8a2cb1f6e1c191b33bbd6008f0d6dce6eb4ec3654b812;0.8614518637259128;0.7402419959824386;0.8544300699993745;0.7015975225352586
False;False;True;False;False;False;False;False;False;True;True;0;True;False;False;False;0;False;False;True;False;0;False;False;False;True;False;0;24;False;0;False;0;6;True;False;False;5dca15b21312cc443fbe4fcc0bf290d7856852e6f2ceb09e8e94f125b484ee47;0.8744941312867048;0.7582903346857336;0.8436497400987898;0.6809063381914434
True;False;True;True;False;False;False;False;False;False;True;0;True;False;False;False;0;True;False;False;True;0;False;True;False;True;False;0;24;False;0;False;0;6;False;False;True;561cd78397425940adaa27da1350ece557e6902754f67e50af86d219e0537dcb;0.906985134634294;0.7838101971240192;0.8561339446494765;0.6880842031944626
False;False;False;False;True;False;True;True;False;False;True;0;False;False;False;True;0;False;False;False;False;0;True;False;False;False;False;0;24;False;0;False;0;6;False;False;True;0b2f13b2236f57fbdb22a31585865d0d124e38224a007121ad5bf72fb28b17e2;0.5234258523528493;0.415646323650913;0.6681691053070288;0.536033278903583
False;False;False;False;True;False;False;True;False;False;True;0;True;False;False;True;0;False;False;True;False;0;False;False;False;False;False;0;6;False;0;False;0;6;False;False;True;2be718decfbff89574a40b55c52e163b526103bdf42cadfea1ebf4af79f04af8;0.7314140820279363;0.5672586771486934;0.8968231254181023;0.7355917104596206
False;False;False;False;True;False;True;True;False;False;False;0;False;False;False;False;0;False;True;False;False;0;False;False;False;True;False;0;0;False;0;False;0;6;False;False;True;170078f5ed57c05c110b634a311a33c8e888bff2df040886ea0b73aa4d09149b;0.5358716335253813;0.4101256011051554;0.8168413389255963;0.6547537011866762
True;False;False;True;True;False;True;False;False;True;False;0;False;False;False;False;0;False;True;False;False;0;False;True;False;True;True;0;0;False;0;False;0;6;False;False;False;89c9f316cf4bd683d5ed212f76871b28ec3257683d1d6f80b32e3aa648837d49;0.5171210230874619;0.3898251210347879;0.8298197508084274;0.6711011909414328
False;False;False;False;True;False;False;False;False;False;True;0;True;False;False;True;0;False;False;False;True;0;True;False;False;False;True;0;24;False;0;False;0;6;False;False;False;bd7179c296472654ca93f893a6f6b0c39275f8e72683366cd517788afd9748fc;0.4600940380098;0.3598917467460323;0.6489407984694993;0.5223542397755369
False;False;True;True;False;False;False;False;False;True;True;0;True;False;False;True;0;False;True;False;False;0;False;True;False;False;False;0;18;False;0;True;0;6;False;False;True;0e938a034aed74ad27c2f4835e8115ac0cfae115d51085a76afa0ad40fb5d011;0.8078091266010482;0.677228305997604;0.795569362627607;0.6384663221181165
True;False;True;True;False;False;True;False;False;False;False;0;False;False;False;True;0;True;False;False;True;0;False;True;False;False;False;0;0;False;0;False;0;6;False;False;True;081ca05e84e64c02c869d65c282006f8617138bfb960025162d679ed2d6aff3d;0.6063878188251225;0.4607895172771529;0.8362963949077044;0.6684240122028372
False;False;False;True;True;False;False;False;False;False;False;0;True;False;False;False;0;True;False;False;True;0;False;True;False;True;False;0;0;False;0;True;0;6;False;False;True;9996615ce8a392d9fb7e8ccf38e7b6a07f6c0cfb227bb3170894b3f624c60d60;0.5412703022709828;0.4169085852176696;0.8221124884243728;0.6588333257588709
False;False;False;True;True;False;False;False;False;False;False;0;True;False;False;False;0;False;False;False;True;0;True;True;False;True;False;0;0;False;0;True;0;6;False;False;True;60345b82a4dc2ea1cbcaace935c2d10c8ac3f86253cb511c9555c3ef934d9b87;0.1026690857582618;0.0631155441321215;0.3312343122504212;0.2825799145900381
False;False;False;False;True;False;False;True;False;False;False;0;True;False;False;False;0;False;False;False;False;0;True;False;False;True;True;0;0;False;0;False;0;6;False;False;False;1695e280a8a57843a76393728b96250970ede75266d10942e7c42824b00bc598;0.1013791848481915;0.0619095155184595;0.32345112621007394;0.2706093116018199
False;False;True;True;False;False;False;False;False;False;False;0;True;False;False;False;0;False;True;False;True;0;False;True;False;True;True;0;0;False;0;True;0;6;False;False;False;76e40d72b9325e876083f6da7512419ba4d73a1aa6def64cf9c3e2211d7d088d;0.5845632907295;0.443442327993687;0.8153676039785362;0.6466568598758081
False;False;True;True;False;False;False;False;False;True;False;0;True;False;False;True;0;False;False;True;False;0;False;True;False;False;False;0;0;False;0;True;0;6;False;False;True;b7da36140e06ca58bc250e029d53c301e02a5460b7877cf7b76c5cbc56f6db2b;0.6160277734220638;0.4856488948199154;0.7896735074248042;0.6295881454658816
False;False;True;True;False;False;False;False;False;True;True;0;True;False;False;True;0;False;True;False;False;0;False;True;False;False;True;0;6;False;0;True;0;6;False;False;False;c9f33df4d6ce49ed0f4b608252e19c47351a91a005638cd41c78153c3218a878;0.7520771346332565;0.6136931573396344;0.8078721596136772;0.6514368545142448
True;False;True;True;False;False;False;False;False;False;True;0;True;False;False;False;0;True;False;False;True;0;False;True;False;True;True;0;24;False;0;False;0;6;False;False;False;97d327d91fe9a0584b76a1dda5b66dd6c1a80653b748d5516a2ee6da11af5e2a;0.8719178240015517;0.7411494074269704;0.842945692201575;0.6724030896994648
True;False;False;True;True;False;True;True;False;False;True;0;False;False;False;True;0;False;False;True;False;0;False;True;False;False;False;0;6;False;0;False;0;6;True;False;False;8b4728fc11fcc2f2f754666782cc036440da96b06cfca88808134f7726141ce0;0.7343060309624179;0.567471972049604;0.903077017343375;0.7453097678912505
True;False;True;True;False;False;False;False;False;True;True;0;True;False;False;False;0;True;False;False;False;0;False;True;False;True;False;0;24;False;0;False;0;6;True;False;False;c112d343e84311c53d68ac23962115306730c74ae645a8eb4e9466b8a7eb45d7;0.8841478753949082;0.769639421740291;0.8412020885188123;0.6793749746146188
False;False;True;True;False;False;True;True;False;False;True;0;False;False;False;True;0;False;False;False;False;0;True;True;False;False;False;0;18;False;0;True;0;6;False;False;True;aca9ae833941d0196219c17ff607862a000aa3a9fea9554b2ce05ab2fed7a2d2;0.5766076316544223;0.4653139093452458;0.596893108668993;0.475743731153526
False;False;False;True;True;False;False;True;False;False;True;0;True;False;False;False;0;False;True;False;False;0;False;True;False;True;True;0;18;False;0;True;0;6;False;False;False;f03a7752562b49671c45eba89e2c9c1166d03cc96d42646e270821e2a1f3a39c;0.7923706622644152;0.6357375494915527;0.8721580313279768;0.6984353348399821
False;False;True;False;False;False;False;False;False;True;False;0;True;False;False;False;0;False;False;True;False;0;False;False;False;True;False;0;0;False;0;False;0;6;True;False;False;df35700f7e4de98c3aa347a4b1aa3b0210bb64d1f590f960fd4e6ddb9670b2b4;0.6190956271486179;0.4842175238626323;0.8084825934406906;0.6472418553305519
False;False;False;True;True;False;False;False;False;False;True;0;True;False;False;False;0;False;False;False;True;0;True;True;False;True;False;0;24;False;0;True;0;6;True;False;False;e2e45c0e7ad9e7657f26f04277525a0516e8d3c418d41f8b3d296dfbcc209cb2;0.1514816932629568;0.0899360159923213;0.35295454922548725;0.3014932226360684
True;False;True;True;False;False;False;True;False;False;True;0;True;False;False;True;0;False;True;False;False;0;False;True;False;False;True;0;24;False;0;False;0;6;False;False;False;a0f0593cd25b376403e53368ccfd92668aae08f5ecdb639136271e6edc073b4b;0.954858669198674;0.877242380446297;0.7925660218668928;0.6173475293623918
False;False;True;True;False;False;True;False;False;False;True;0;False;False;False;False;0;True;False;False;True;0;False;True;False;True;False;0;18;False;0;True;0;6;False;False;True;10d28d0fd5fd5ad75ca45273f4fc1926885b5d3184a290a69a38a0a3db64b791;0.8175061956073251;0.6704831673559664;0.8295590088647284;0.6683275311791795
True;False;False;True;True;False;False;True;False;False;True;0;True;False;False;False;0;False;True;False;False;0;False;True;False;True;True;0;24;False;0;False;0;6;False;False;False;7ad3918d2ed16bf4615b8eb451467fd443a829d730391773a80e8e21b5211708;0.8188502809878319;0.6732364873218213;0.8677786922337517;0.6914405193724266
True;False;False;True;True;False;True;False;False;False;True;0;False;False;False;True;0;False;False;False;True;0;True;True;False;False;False;0;24;False;0;False;0;6;True;False;False;54542f5804faf2c4d1769dd6e1b001fe10abc8932847f60fa8529f6e841cd156;0.5102611221000293;0.399715228618385;0.6953647112390645;0.5643640770682226
False;False;True;True;False;False;False;False;False;True;True;0;True;False;False;False;0;False;False;False;False;0;True;True;False;True;True;0;18;False;0;True;0;6;False;False;False;740ddd387d1bc2bf5280c7d1812d0ee1f32e8044f26eb803bee54949b3cc5734;0.1614946540568418;0.1209776973684757;0.3131099294573489;0.28281760745846257
True;False;False;True;True;False;False;False;False;True;True;0;True;False;False;False;0;False;False;True;False;0;False;True;False;True;False;0;24;False;0;False;0;6;False;False;True;9f3b5d1dfc6675ee8d1688ecbcdf53506040036465710382b25c711d449ec39d;0.7373825917863489;0.578263163370142;0.8963628479828037;0.7294273647999211
True;False;True;True;False;False;True;False;False;False;True;0;False;False;False;True;0;False;True;False;True;0;False;True;False;False;False;0;24;False;0;False;0;6;False;False;True;deeca0f50fa91f8068c3f3b56c990a674356b30b642008ce7f6977607c241a76;0.9038096035693206;0.781157202781165;0.8577262160290492;0.6909337458063106
True;False;False;True;True;False;True;True;False;False;False;0;False;False;False;True;0;False;False;False;False;0;True;True;False;False;False;0;0;False;0;False;0;6;True;False;False;ebb2dd7b060ec707bb458be732eedc66856d1e1965af8dedc4827a26c69d9257;0.3801995616056184;0.2916251338591408;0.6615351842263604;0.5314493256482732
False;False;True;True;False;False;False;False;False;True;True;0;True;False;False;True;0;False;False;False;False;0;True;True;False;False;False;0;6;False;0;True;0;6;True;False;False;553c178bbfda8be5a8d844e7e03691c803fa17a9779a8616bc9a0dc6187ce432;0.5029944616983452;0.4021306875371455;0.6264747616265681;0.5108558006051473
False;False;True;False;False;False;False;False;False;True;False;0;True;False;False;True;0;True;False;False;False;0;False;False;False;False;True;0;0;False;0;False;0;6;False;False;False;ce0f795423d3884a482ab468585fa1af2429ac3c3512cabaf600303ada8e32ed;0.5979215511123132;0.4654322227380694;0.7887843789140275;0.6270916137241874
False;False;False;True;True;False;True;False;False;False;True;0;False;False;False;True;0;False;True;False;True;0;False;True;False;False;False;0;24;False;0;True;0;6;True;False;False;3a5867caf99c1df992bc4f46195eb8878af93ce6a3ee3b7f56c9ac5722d460ad;0.7439537183328924;0.5798041672214309;0.8770844938539696;0.6949970276490579
False;False;True;True;False;False;True;False;False;False;True;0;False;False;False;False;0;False;False;True;True;0;False;True;False;True;True;0;24;False;0;True;0;6;False;False;False;e532b6ada24ead0e38ae69b72f4aed7670a3db74e49ae167a2a2f6eb3424fc0c;0.7887261374438898;0.6340792185662923;0.8012726781489847;0.6202789605196016
False;False;True;False;False;False;True;True;False;False;True;0;False;False;False;True;0;False;False;True;False;0;False;False;False;False;False;0;6;False;0;False;0;6;True;False;False;9e35b7dcfb30f077fdd63bc60c32965ec7626ae80d3c9b74b0345a75d7e0a130;0.7975388836289703;0.6600108646482082;0.8234170401205061;0.6619029608071109
False;False;True;True;False;False;True;False;False;True;False;0;False;False;False;False;0;False;False;False;False;0;True;True;False;True;False;0;0;False;0;True;0;6;False;False;True;0ead3585ffc2dd5c5898461e08a6b0f6d15b9e1b36ea1fb6dc100cf1761fae41;0.1463215089688194;0.0980783726771716;0.3367629983759201;0.2852965464661029
True;False;True;True;False;False;False;False;False;True;True;0;True;False;False;True;0;False;False;True;False;0;False;True;False;False;False;0;24;False;0;False;0;6;True;False;False;5408efba504214dc3305fa0eb359b3f6ae6b1e91c7fd2bd53dd4b1fb45c920e6;0.8827903919702338;0.7673957955586326;0.8421024897935184;0.6797170785455683
True;False;False;True;True;False;False;False;False;True;False;0;True;False;False;True;0;False;False;True;False;0;False;True;False;False;False;0;0;False;0;False;0;6;False;False;True;c394e98bca57f4881aa669ec3a34433314acb9f3ae78f7b830af6c7b89d11545;0.529860522579511;0.4037381945186301;0.8407064162336365;0.6831995520416099
True;False;False;True;True;False;True;False;False;True;True;0;False;False;False;False;0;False;False;True;False;0;False;True;False;True;True;0;18;False;0;False;0;6;False;False;False;1bb08b550cf21a9d089b68f4ffdc392591cba18444a3e0601fae7c059feed9e4;0.7177323832054731;0.556879844493869;0.8937756834341143;0.7301312709775004
True;False;False;True;True;False;True;True;False;False;False;0;False;False;False;True;0;False;False;True;False;0;False;True;False;False;False;0;0;False;0;False;0;6;False;False;True;3e084b55e249188f1c10034817a41a8e87024f651dfd639289a9387077cd3e85;0.5345066322071848;0.4095228181802576;0.8170405664099378;0.655263987482969
False;False;True;False;False;False;False;False;False;False;True;0;True;False;False;False;0;False;False;False;True;0;True;False;False;True;False;0;18;False;0;False;0;6;False;False;True;ece62945fb745de06a4245fa7dad9f6cc01ecda3bb69a6ea3b9a7fe42c41ac7f;0.165136915347942;0.1170961984506151;0.33170681810426705;0.30463064340922236
True;False;True;True;False;False;True;False;False;True;False;0;False;False;False;False;0;False;False;True;False;0;False;True;False;True;False;0;0;False;0;False;0;6;False;False;True;fc473834f66764ad150d4acc05ecc1cccd2bbce1f563b51b360a57da9ff16b01;0.6208638928011713;0.4868858868217297;0.803625510330456;0.6415737903850254
True;False;False;True;True;False;False;False;False;False;True;0;True;False;False;True;0;False;False;False;True;0;True;True;False;False;True;0;24;False;0;False;0;6;False;False;False;dd4544f345de8a515a1d4d590167a010afc6e3e7aaf8131731d5ab1a62792ce1;0.4712798854160993;0.3669773903312781;0.6564064729998327;0.5262007364309819
True;False;False;True;True;False;True;True;False;False;True;0;False;False;False;False;0;False;False;False;False;0;True;True;False;True;False;0;24;False;0;False;0;6;False;False;True;9622811711b8809bdeedfd2e2a2f6e25d3137a0f06eb2deb8da3c7a9f3e1463f;0.1548335866115853;0.0987076518501293;0.34037701441967294;0.2952796870837971
False;False;False;False;True;False;True;False;False;False;True;0;False;False;False;True;0;True;False;False;True;0;False;False;False;False;False;0;24;False;0;False;0;6;False;False;True;810cc7969fd5cfe6e12e433beb4f3f4a41fc65a99eb625e5467609c07bd11814;0.7773132903220791;0.6285702250955295;0.8862142278188561;0.7194281184146157
False;False;True;True;False;False;True;False;False;True;True;0;False;False;False;True;0;True;False;False;False;0;False;True;False;False;True;0;18;False;0;True;0;6;False;False;False;5d8f7e4546d1aa49462f3fdffaccc3c976049889eab262ebefd2481f90a89769;0.7811436022049791;0.6483878825282782;0.788545002095315;0.6320707977396623
False;False;False;True;True;False;False;True;False;False;True;0;True;False;False;True;0;False;True;False;False;0;False;True;False;False;False;0;18;False;0;True;0;6;True;False;False;1badc0deaf68406adbf54d277fb5976467965cff8225f727f4881258255787eb;0.8111264238396135;0.6564617554736134;0.886179520292043;0.716597871437106
True;False;True;True;False;False;False;False;False;True;True;0;True;False;False;True;0;False;False;True;False;0;False;True;False;False;False;0;24;False;0;False;0;6;False;False;True;53c7bdfc3a2370d578fa878e93654855579c4d6d81270c3884ac156d0ca9543a;0.8849325282457108;0.7708919722804264;0.8382062514435529;0.6762651504220493
True;False;True;True;False;False;False;False;False;True;True;0;True;False;False;True;0;True;False;False;False;0;False;True;False;False;False;0;6;False;0;False;0;6;True;False;False;40de60a9979d4dfda8ba551d9c7a7ef1830e6bd78e64684b80017e9fce707374;0.7252738230722994;0.5876057281419125;0.830797414139219;0.6799319965547538
False;False;True;True;False;False;False;False;False;False;True;0;True;False;False;False;0;False;True;False;True;0;False;True;False;True;True;0;24;False;0;True;0;6;False;False;False;3fb99385eba64b3be87b4b951f63d48ba417f81766f52561e0ed0e85533cb842;0.7865442792071025;0.6314430466551533;0.7957777916410118;0.6119992802500175
False;False;True;True;False;False;True;False;False;False;True;0;False;False;False;True;0;False;True;False;True;0;False;True;False;False;False;0;18;False;0;True;0;6;False;False;True;0b4d14c4604dce225f78dc6d4f3dd94a8628fa8ba7582b4a5464e3f42740b9bb;0.8131320583618892;0.6671849868623687;0.8297238099468782;0.6693489450289282
True;False;False;True;True;False;False;False;False;True;False;0;True;False;False;True;0;False;False;False;False;0;True;True;False;False;False;0;0;False;0;False;0;6;True;False;False;4bec5346c1ea3822f0ff5a48a240f5c07f9bf48fcdce65d0e5558c49714466cb;0.3573804715835271;0.2751618136652939;0.6586552931009217;0.5367878398817687
False;False;False;True;True;False;True;False;False;True;True;0;False;False;False;False;0;False;False;True;False;0;False;True;False;True;True;0;24;False;0;True;0;6;False;False;False;6c5a0db4f58f5f36ace370f05ec4c17e52d51b8fca115d841845a1fd80edaa93;0.6764215783498583;0.5132066159947337;0.868773361705862;0.6898241255496079
False;False;True;True;False;False;True;True;False;False;True;0;False;False;False;False;0;True;False;False;False;0;False;True;False;True;False;0;24;False;0;True;0;6;True;False;False;4e1fa002512e687e69b347f730fbe7d0dc6ce3dd8abe3f164be4d782e4daa68f;0.8993153589838379;0.7785988548909586;0.7623230880829155;0.5842440527257843
True;False;True;True;False;False;False;True;False;False;True;0;True;False;False;True;0;True;False;False;False;0;False;True;False;False;False;0;6;False;0;False;0;6;False;False;True;d62a51506b42ed3fcdc2ab545e074e4378c496ebd65772131d058c9ab855775a;0.8040626925343228;0.6612355371999066;0.8186419758547029;0.6541904721125033
False;False;False;False;True;False;False;False;False;False;False;0;True;False;False;True;0;True;False;False;True;0;False;False;False;False;False;0;0;False;0;False;0;6;True;False;False;a1dbaab65c325ec28baa233ef3719c9db29e3c1f8e96effdab3b4b8b57d536b2;0.5316149592993518;0.4095292515844702;0.823660733695082;0.6652643400947049
False;False;False;True;True;False;True;True;False;False;True;0;False;False;False;False;0;True;False;False;False;0;False;True;False;True;False;0;18;False;0;True;0;6;True;False;False;8651c13bcf436da3f0ef2ebe019cb6c9c5afedeb10c2b2f475382ca96b239fd8;0.8108040519868499;0.6556812688642206;0.8873172091159343;0.7182308676812745
False;False;True;False;False;False;False;False;False;True;True;0;True;False;False;True;0;False;False;True;False;0;False;False;False;False;False;0;6;False;0;False;0;6;False;False;True;2c499a158c73ad23a5a39755fc278d30790c604dbe946a88077c53da2e45584f;0.7300873135693159;0.5942142930729125;0.8325666372583204;0.6776489115808059
False;False;True;True;False;False;True;False;False;False;False;0;False;False;False;False;0;False;False;False;True;0;True;True;False;True;False;0;0;False;0;True;0;6;True;False;False;6844467c5fc531306a6468607f1d907c5119707ca72eca6fd82911a797bf3b30;0.1422406485715118;0.0895108916199126;0.35199069477159045;0.30172390957225215
False;False;True;False;False;False;False;True;False;False;True;0;True;False;False;True;0;False;True;False;False;0;False;False;False;False;False;0;24;False;0;False;0;6;True;False;False;453b1397263139a33290f6e0bc471a11f318265dc3c6fceb2b3279b3349b0ba4;0.9738678670832596;0.9173209728070016;0.8146413458986504;0.6403151749450994
False;False;False;True;True;False;False;False;False;True;False;0;True;False;False;False;0;False;False;False;False;0;True;True;False;True;True;0;0;False;0;True;0;6;False;False;False;0ca1011f954f2cd3577cc6fda8f7cb0a521121c1b116b002731f07cad5562826;0.1051873592297688;0.0670445739364862;0.3424972554936523;0.2906421976546828
False;False;False;False;True;False;True;False;False;True;True;0;False;False;False;False;0;False;False;True;False;0;False;False;False;True;True;0;24;False;0;False;0;6;False;False;False;e591fcac9a64830c5a5313ea5240aca76dc8b94e872a0a15259b193dbb4fab64;0.7056865104563699;0.547008152671945;0.8829012199512172;0.713592935364791
True;False;True;True;False;False;False;False;False;False;False;0;True;False;False;True;0;False;True;False;True;0;False;True;False;False;True;0;0;False;0;False;0;6;False;False;False;1ca0e8841bd423de9b6f9a7236a5b1434ed959d464fd6a4e2377d914be99c1c5;0.588445444332573;0.4463866598313765;0.820329615579281;0.6538009186270809
False;False;True;True;False;False;False;True;False;False;True;0;True;False;False;True;0;False;False;False;False;0;True;True;False;False;True;0;18;False;0;True;0;6;False;False;False;60073cf3c8285fcf997a15eb339017fe1fb91158ae7ce09227732e0e6367098c;0.5465716786113326;0.4375389037228384;0.573353669264191;0.4548125012087047
False;False;True;True;False;False;True;True;False;False;True;0;False;False;False;True;0;False;False;False;False;0;True;True;False;False;False;0;6;False;0;True;0;6;False;False;True;15300be255e9cf5b41318d972c9d7ef461eed83b94a2165a36fa0fa8b9cae5cc;0.5721088746689145;0.4553243525190316;0.6421078471351993;0.5145093916254707
False;False;True;True;False;False;True;True;False;False;False;0;False;False;False;False;0;False;True;False;False;0;False;True;False;True;False;0;0;False;0;True;0;6;True;False;False;f5dc0fbf2e0f844d1acdf9544ae4b340cfaaa1369b0015ef53cf06078b7d9fc8;0.6545012716128501;0.5089260872480196;0.802398779851948;0.6291801005904722
False;False;True;True;False;False;False;True;False;False;True;0;True;False;False;False;0;True;False;False;False;0;False;True;False;True;False;0;6;False;0;True;0;6;True;False;False;31d8992c23df6e90947e0a7c0f9583fdfee41275a058386665e21cead94b820c;0.8512467841828251;0.7130116238913518;0.8289579474438318;0.6688067071009282
False;False;False;False;True;False;False;False;False;False;True;0;True;False;False;True;0;False;True;False;True;0;False;False;False;False;False;0;24;False;0;False;0;6;True;False;False;8edf1e2dc909c7a23d1a6271e40250bab5368da3ea875af1fd81f849121643fe;0.7693733785869473;0.6199420995079314;0.8864586900091073;0.720352324070008
True;False;False;True;True;False;True;True;False;False;True;0;False;False;False;True;0;False;False;False;False;0;True;True;False;False;False;0;18;False;0;False;0;6;True;False;False;d579dc431c3c766c1577f98984e2e3c059426bbb5bcd69c9fe91366f370f6a10;0.5489421781370434;0.4321541458965656;0.7034815490867846;0.5716206712796932
True;False;False;True;True;False;False;True;False;False;True;0;True;False;False;False;0;True;False;False;False;0;False;True;False;True;True;0;18;False;0;False;0;6;False;False;False;82616d63edb9a45c76c12c950acc152a7d835961f291032371b834f476704459;0.819499635692957;0.6687497310033726;0.8862885750737104;0.7189498763823662
False;False;False;True;True;False;True;False;False;False;True;0;False;False;False;True;0;True;False;False;True;0;False;True;False;False;True;0;6;False;0;True;0;6;False;False;False;f96e52000140d81b828c7b32f1a70cbc5223f5cac247b20cffd187209a44cfed;0.7331630878299988;0.5686827769095548;0.9081585531844037;0.7454478206754335
True;False;True;True;False;False;True;True;False;False;True;0;False;False;False;True;0;False;False;False;False;0;True;True;False;False;True;0;18;False;0;False;0;6;False;False;False;40a83c0d9a3c400abd9211cac3dba496d33ca4ba4290bbbadcbd4d24658cff83;0.5950761769102869;0.4818897186111446;0.6174339413105278;0.49422096986362696
False;False;True;False;False;False;False;False;False;False;True;0;True;False;False;False;0;True;False;False;True;0;False;False;False;True;False;0;24;False;0;False;0;6;False;False;True;19141f170293c7a86d0b50711bf14106721655776802f38d7dec5fb9271a90f0;0.8916876810263656;0.7667486891963061;0.8542041557378954;0.6830089168970536
True;False;False;True;True;False;False;False;False;True;True;0;True;False;False;True;0;False;False;True;False;0;False;True;False;False;True;0;6;False;0;False;0;6;False;False;False;b91bd77bbffd3b08b0b48ee78737b5b3b8cb744f5260572e83a63e35711920fc;0.6607653920282679;0.4947676301264981;0.9008889884528462;0.7362725892194476
False;False;False;False;True;False;False;False;False;True;True;0;True;False;False;True;0;True;False;False;False;0;False;False;False;False;True;0;6;False;0;False;0;6;False;False;False;4cb01e46c1049c2c77e3ff2c2fd552a223421c3b2182690468a3bc9d184fcb1a;0.6570475975049127;0.4912748441111227;0.8964120272344518;0.7312617893429169
True;False;True;True;False;False;False;False;False;True;True;0;True;False;False;False;0;True;False;False;False;0;False;True;False;True;False;0;24;False;0;False;0;6;False;False;True;4a085033b5f2cfce6dfe495a4fb5349812b313146c1d2006e5bb2eb47493065a;0.8878881129452548;0.7735762049807208;0.8376656287766187;0.6757409649792052
True;False;True;True;False;False;False;False;False;True;True;0;True;False;False;True;0;False;False;True;False;0;False;True;False;False;False;0;18;False;0;False;0;6;True;False;False;8a023fbc6f1f2505f7c2ddeb1cd791b9580877754d7dfd09ede6384127b2186b;0.8687178215428317;0.748722878323557;0.8532061673931378;0.7032706302094365
False;False;False;True;True;False;False;False;False;True;True;0;True;False;False;False;0;False;False;False;False;0;True;True;False;True;False;0;6;False;0;True;0;6;True;False;False;fe7d165809edf00d359d5ae32d97fda690ef4ce64248e87efa8b1ec5e4e5b4cf;0.1568114914916984;0.0979716435316934;0.37639179096986697;0.332952251141162
False;False;True;True;False;False;True;True;False;False;True;0;False;False;False;False;0;False;True;False;False;0;False;True;False;True;False;0;24;False;0;True;0;6;True;False;False;b08faf78c80819467d5096552f08b8c8c719549eade186a97ad70b060cc68a42;0.8992911846137388;0.7786471942152597;0.7623673758283802;0.5842568811601523
False;False;False;False;True;False;False;True;False;False;False;0;True;False;False;True;0;True;False;False;False;0;False;False;False;False;True;0;0;False;0;False;0;6;False;False;False;e8cd44fb296ec5558945ae71f7b58cdb9d01215363cccf29b7889c99b63fd389;0.5202792255096341;0.397344120786541;0.8053400610113408;0.6437902953365335
False;False;True;False;False;False;True;False;False;True;True;0;False;False;False;False;0;False;True;False;False;0;False;False;False;True;True;0;24;False;0;False;0;6;False;False;False;830508660fda07a6fdc0b3c85bf163ecce4e8529f83543778a290a4f6059e1c8;0.8488188526041879;0.7259874382414072;0.831974903608156;0.6676687851341265
False;False;True;False;False;False;True;False;False;False;False;0;False;False;False;False;0;False;True;False;True;0;False;False;False;True;False;0;0;False;0;False;0;6;False;False;True;7427f4c769677e9428c4999fa3647bae4f0548265e0d7f45ec4e913f95397fac;0.6090837996957464;0.462420060254366;0.8370321108750163;0.6680752059328618
False;False;True;False;False;False;False;False;False;True;False;0;True;False;False;True;0;False;True;False;False;0;False;False;False;False;False;0;0;False;0;False;0;6;True;False;False;3e3674313916055f412e3d805d9b1f8f9f15102d808440bd590f30bee393649c;0.618064920516404;0.4830149328096838;0.8081814882466127;0.6462569134582378
True;False;True;True;False;False;True;False;False;True;True;0;False;False;False;False;0;False;False;False;False;0;True;True;False;True;False;0;6;False;0;False;0;6;False;False;True;3d973ab36aa16fbedb41fa529f88b81c736803f9d035d42ca4d26f3aa35ee626;0.1467839711525205;0.1001460044614332;0.3260937914424666;0.29620760417630176
True;False;True;True;False;False;False;True;False;False;True;0;True;False;False;True;0;False;False;False;False;0;True;True;False;False;False;0;24;False;0;False;0;6;True;False;False;69cc148be8be9f351d012a4384aabfccf61ede5aa9da2babd89386ac29b87f77;0.612005755985066;0.512315546290379;0.6002226914332095;0.47621344991413755
False;False;False;True;True;False;False;True;False;False;False;0;True;False;False;True;0;False;True;False;False;0;False;True;False;False;True;0;0;False;0;True;0;6;False;False;False;938eeef773289ec136eac7712947cbbb294782f88cbbc9a6b41df7fefc6a054e;0.5293894053087789;0.4031114739606591;0.8094896088976453;0.645723782372892
False;False;True;False;False;False;True;True;False;False;True;0;False;False;False;False;0;False;False;True;False;0;False;False;False;True;True;0;18;False;0;False;0;6;False;False;False;e7e20a2f6e9901f0dd68a8e5e6a6cbedfe6da5d1dd3d923774159fa6a97309a6;0.9058402949256272;0.7935461371851277;0.8101851059601692;0.6474601657699743
True;False;False;True;True;False;False;False;False;False;True;0;True;False;False;False;0;False;False;False;True;0;True;True;False;True;False;0;24;False;0;False;0;6;True;False;False;82845786892b2edab9f8ff72588264d239044f5f7ec36cda34600d4f86de985f;0.1532733019856776;0.0934816829112014;0.35921403801743607;0.3128709317795786
True;False;False;True;True;False;False;False;False;True;True;0;True;False;False;True;0;False;True;False;False;0;False;True;False;False;True;0;18;False;0;False;0;6;False;False;False;f7232794ded29b804822efe3a83123ba29541c92ae197f79221770639236a3b0;0.7189039126643478;0.5607168714113222;0.8914043226769148;0.7286526380552433
False;False;True;True;False;False;True;True;False;False;True;0;False;False;False;True;0;False;False;True;False;0;False;True;False;False;False;0;18;False;0;True;0;6;False;False;True;f0779ba2c6d5eb28143d5d60313fe38fac554cde1a0d8b0fb0b55f9912c93d0d;0.8841691359102978;0.7658753200596558;0.7750833263341844;0.6159037411772877
True;False;True;True;False;False;False;False;False;False;False;0;True;False;False;True;0;False;False;True;True;0;False;True;False;False;False;0;0;False;0;False;0;6;True;False;False;8ade6bceffcf725cb3c661d4b1071bdd294325691012b5716180d820ce7e7d37;0.6073391240176583;0.4623906261647116;0.8438458439776668;0.6773981551286339
False;False;False;False;True;False;False;False;False;True;False;0;True;False;False;False;0;False;False;False;False;0;True;False;False;True;True;0;0;False;0;False;0;6;False;False;False;9563459c0259f3e4823d7ffe7d90242126773c7f491641b17b6a56f8499756bf;0.1026226659383287;0.0645813335117216;0.3406612076132979;0.2896818731215529
False;False;True;False;False;False;True;False;False;False;False;0;False;False;False;True;0;False;False;True;True;0;False;False;False;False;False;0;0;False;0;False;0;6;False;False;True;b7d8b0601f84336eece2d6ee18c535ed01ec4b261f8c09420134753d922c6af5;0.606983947208702;0.4609413716122265;0.8369315009531669;0.6682833472392479
False;False;True;False;False;False;False;True;False;False;True;0;True;False;False;True;0;False;False;True;False;0;False;False;False;False;False;0;24;False;0;False;0;6;False;False;True;c7f561974bc2ac3e38a97b067caa3ba1060a3c9a38c93446ba4d0046205e8bbf;0.9778856903218308;0.9260828644321965;0.8103727372717098;0.6346380560011355
False;False;False;True;True;False;True;False;False;False;True;0;False;False;False;False;0;True;False;False;True;0;False;True;False;True;False;0;24;False;0;True;0;6;False;False;True;3d36e54c5863e5b98020892fc17cd6b74eb083885f567b251705d79cf448e4ef;0.7510122773416592;0.586088316444072;0.873742224223266;0.6896911829300906
True;False;True;True;False;False;False;False;False;False;True;0;True;False;False;True;0;False;False;False;True;0;True;True;False;False;True;0;24;False;0;False;0;6;False;False;False;d3078fbb849d80f5a90f934415c95495a2659cce926b7a131c0822a26394d88c;0.5338673662349726;0.4293650263734935;0.6154577246535459;0.48649223322987195
False;False;True;True;False;False;True;False;False;True;True;0;False;False;False;False;0;False;False;True;False;0;False;True;False;True;False;0;24;False;0;True;0;6;False;False;True;0a5eff54e5473451aa854a26b6afae7e2cb802e01047eb23a53c98da375de2a3;0.8075705266240877;0.675669608007562;0.7835843064707629;0.6155520730859915
False;False;True;True;False;False;True;False;False;False;False;0;False;False;False;False;0;True;False;False;True;0;False;True;False;True;True;0;0;False;0;True;0;6;False;False;False;525b39da9d2a60344c17f7b76a3a7d450171f587c89f72d181873b3af4cbe5d0;0.5849051764126142;0.4431769748984903;0.8158268024080129;0.647481244355168
True;False;False;True;True;False;True;True;False;False;True;0;False;False;False;True;0;False;False;False;False;0;True;True;False;False;False;0;24;False;0;False;0;6;False;False;True;65979b09a4ae73fcbea892645cb1fab2ee22a825c8c133f50880ac9ae8bed63e;0.5352263499775959;0.4245442940439795;0.6745791334900642;0.5394098172666199
False;False;False;True;True;False;False;False;False;False;False;0;True;False;False;True;0;False;False;False;True;0;True;True;False;False;False;0;0;False;0;True;0;6;False;False;True;d6731e01031821709943dcc9b9a531c70fb58be66046db1de87a2e34a6f19c83;0.3562253670352764;0.2732042280058681;0.632774259684557;0.5052193982300186
False;False;False;False;True;False;False;False;False;False;False;0;True;False;False;False;0;False;False;False;True;0;True;False;False;True;False;0;0;False;0;False;0;6;True;False;False;8406e42d8ca744976297cbd684641a5707ba3be7ae7a094c2b3e2637d95d16fe;0.1040516130116648;0.0631945615353657;0.3363840984452929;0.28635135548382795
False;False;True;False;False;False;False;True;False;False;True;0;True;False;False;False;0;False;True;False;False;0;False;False;False;True;True;0;6;False;0;False;0;6;False;False;False;72d2d5eec6cd92b393082da1c8ae3ef6296335947f8df0f156fb1891f14e61d9;0.7756595503864664;0.6324630202228505;0.8058298710410933;0.6402227692400471
True;False;True;True;False;False;True;False;False;True;False;0;False;False;False;True;0;True;False;False;False;0;False;True;False;False;True;0;0;False;0;False;0;6;False;False;False;f807231746321a79587ad83895f07051644dd9c7b2c67b9947ea18da9747518c;0.6008649599575117;0.4702281514547235;0.7887228406642985;0.6285151015101592
True;False;False;True;True;False;True;True;False;False;True;0;False;False;False;False;0;False;True;False;False;0;False;True;False;True;False;0;24;False;0;False;0;6;False;False;True;e4902f9cedf487b6327428a66474e95eabee7c0dd44392da1c54fc1feadb7ed6;0.8516026390869171;0.7101086322089246;0.8820123108366625;0.7109258787183319
False;False;False;False;True;False;False;False;False;False;True;0;True;False;False;False;0;False;False;True;True;0;False;False;False;True;False;0;6;False;0;False;0;6;True;False;False;89d0650eb1e868d2f8ea5e78bd166b4834159d2240775b3da371a5204a6b9d12;0.6824440840884268;0.51508691306227;0.8996075167605981;0.7365631271543341
True;False;False;True;True;False;True;True;False;False;True;0;False;False;False;False;0;True;False;False;False;0;False;True;False;True;False;0;18;False;0;False;0;6;False;False;True;23c8f0c956d6f66ff3978806331a78f3a8dbd585351f4a7e6804303794351a0c;0.8467170267945995;0.6978626512831781;0.897918747972054;0.7310555197946811
False;False;True;True;False;False;True;True;False;False;True;0;False;False;False;True;0;False;True;False;False;0;False;True;False;False;True;0;18;False;0;True;0;6;False;False;False;d9da52a92f272e67063ad3f4c0f003565c05c9dfaadc4a3abda0083019a404e9;0.8523843587558237;0.7274815294940652;0.7641815786391603;0.6045793401766063
False;False;True;True;False;False;True;False;False;True;True;0;False;False;False;True;0;False;False;True;False;0;False;True;False;False;True;0;18;False;0;True;0;6;False;False;False;d340c0c50c0072f5045c97e28d0dd254aabbd6254959c3f564fd2ddfa7230584;0.777035815938788;0.6439827875073446;0.7860042474049438;0.6303595743045743
False;False;False;True;True;False;True;True;False;False;True;0;False;False;False;False;0;False;False;True;False;0;False;True;False;True;False;0;18;False;0;True;0;6;True;False;False;f306ca4a4f1908dcdb7aa93039bf4a81366a8b17a2760bd9dc4bcbf5da88f49f;0.8106068279780233;0.6553422695171467;0.8877874319226295;0.7189598518377902
False;False;False;True;True;False;True;False;False;False;True;0;False;False;False;True;0;False;True;False;True;0;False;True;False;False;False;0;24;False;0;True;0;6;False;False;True;6c3c5f51b7c52793397142c787d04a3d2dd2831f67aacb031ce4619ba23dc29c;0.7473574106723038;0.5839704991414767;0.8737320460197425;0.6907945484141135
False;False;False;True;True;False;False;False;False;True;True;0;True;False;False;False;0;False;False;True;False;0;False;True;False;True;False;0;6;False;0;True;0;6;False;False;True;2a1e8f3ad608486da7eb9f165fa6389c641a895232a3dcc7a9b1cd22741150cf;0.7357016739712176;0.5718769441214809;0.9315712698611247;0.7827620163346296
True;False;True;True;False;False;True;False;False;True;False;0;False;False;False;False;0;False;True;False;False;0;False;True;False;True;True;0;0;False;0;False;0;6;False;False;False;cd5f0844e445d6ab574976706eb2929d22072940c7433eab15c9894501181460;0.5975925001661198;0.4657958957739559;0.7869251946568682;0.6255654029793325
False;False;False;True;True;False;True;False;False;False;True;0;False;False;False;False;0;False;True;False;True;0;False;True;False;True;False;0;24;False;0;True;0;6;False;False;True;094802099a954f021532ac747c687c91a2a7716fb3c0456bf06bb770299e0de7;0.7510822060867837;0.5861338687008855;0.8737596112572333;0.6896814998366944
