slice_timing_correction/ref_slice/middle;distorsion_correction;signal_modeling/temporal_noise_autocorrelation/FAST;slice_timing_correction;signal_modeling/temporal_noise_autocorrelation/AR1;spatial_normalization/algorithm/linear;motion_correction_realignment/register_to/mean;signal_modeling/hrf/temporal_derivs;spatial_normalization/algorithm/DARTEL;signal_modeling/hrf/canonical;signal_modeling/nuisance_regressors;spatial_normalization/bias_regularisation/extremely_light;motion_correction_realignment/register_to/first;spatial_normalization/bias_regularisation;spatial_normalization/template/MNI152_nonlinear;coregistration/source_target/func_on_anat;spatial_normalization/bias_regularisation/light;coregistration/cost_function/entropy_correlation_coefficient;coregistration/cost_function/normalised_mutual_information;coregistration/cost_function/mutual_information;signal_modeling/hrf/temporal_dispersion_derivs;spatial_normalization/bias_regularisation/very_light;coregistration/cost_function/normalised_cross_correlation;slice_timing_correction/ref_slice;signal_modeling/nuisance_regressors/comp_cor;coregistration/source_target/anat_on_func;spatial_normalization/interpolation/nearest_neighbour;spatial_normalization/bias_regularisation/heavy;signal_modeling/nuisance_regressors/motion;spatial_normalization/template/MNI152_linear;spatial_normalization/bias_regularisation/medium;slice_timing_correction/ref_slice/first;spatial_normalization/bias_fwhm;spatial_smoothing/fwhm;spatial_normalization/interpolation/trilinear;spatial_normalization/template/MNI305;spatial_normalization/interpolation/bspline;id;pearson_from_ref;spearman_from_ref;pearson_from_mean;spearman_from_mean
False;False;True;True;False;False;False;True;False;False;True;0;True;False;False;True;0;True;False;False;False;0;False;True;False;False;False;0;24;False;0;True;0;6;True;False;False;84c27a9d96a41f520b1de0bf3ef88093bcf9761b45e45efa195b0f16e989e3b8;0.8974794963956164;0.7756936442573958;0.7597561691034472;0.5795727128233209
False;False;True;True;False;False;True;False;False;False;False;0;False;False;False;True;0;False;False;False;True;0;True;True;False;False;False;0;0;False;0;True;0;6;True;False;False;0c7beba1bec8f4ff1c5ebff7e2af248230c4ce91c277751ff035fe2b84549194;0.4174285017061168;0.3102603591633239;0.6530219625229189;0.5161007287678432
True;False;False;True;True;False;True;True;False;False;True;0;False;False;False;False;0;True;False;False;False;0;False;True;False;True;False;0;24;False;0;False;0;6;False;False;True;bd680f4a5114da7b91609bc9ea47b7323842816ba6343500c37d9e15d8cb6f6a;0.8513208942773167;0.7097034226299054;0.8899198466129603;0.7210324295777022
False;False;True;True;False;False;False;False;False;True;False;0;True;False;False;False;0;False;True;False;False;0;False;True;False;True;False;0;0;False;0;True;0;6;True;False;False;5e45d48fd8f51054004b526f637b058b012d8347df6b379b7c290f2f1510c2a1;0.6145806465604783;0.4846038818896219;0.7859991274375456;0.6271932399675679
True;False;False;True;True;False;True;False;False;False;True;0;False;False;False;False;0;False;False;False;True;0;True;True;False;True;True;0;24;False;0;False;0;6;False;False;False;65249358b716d0e236e4b9b958145dc2137d380bd674c5891cff2f7bdb6f263b;0.139546984456631;0.0849421841365151;0.3251381178701143;0.28158565856296675
False;False;False;False;True;False;True;False;False;False;True;0;False;False;False;True;0;False;False;True;True;0;False;False;False;False;False;0;6;False;0;False;0;6;False;False;True;09fbdd872a931ffaeb2422e212856182fa02f1b84a666edfe1e21a6d24c00371;0.6865327332322364;0.5203826376853459;0.9031351641905382;0.7397203134912701
False;False;True;True;False;False;True;True;False;False;True;0;False;False;False;False;0;False;True;False;False;0;False;True;False;True;False;0;18;False;0;True;0;6;False;False;True;beb8afa67126e0aa717713f6dbdddf3446f0d68dce25d530f34bc102e660f3b0;0.8871590998338796;0.7684106349668449;0.7766079277624959;0.6169523446782667
False;False;True;False;False;False;True;False;False;True;True;0;False;False;False;False;0;False;False;False;False;0;True;False;False;True;False;0;24;False;0;False;0;6;True;False;False;2f0e7ad8253c445ff3da78b9247c711ad87c3d315a75924cc7dca7616f201149;0.1674036321452699;0.129073756091179;0.3087338558008225;0.29007063042938996
False;False;False;False;True;False;False;False;False;True;True;0;True;False;False;False;0;True;False;False;False;0;False;False;False;True;False;0;24;False;0;False;0;6;True;False;False;372b3afc48d30350a8acb9063fe403d1973351c14ab330d8e43ddab50cf79e9a;0.7214376147142408;0.5631729929969421;0.9007521729109378;0.7370808596305178
True;False;False;True;True;False;False;False;False;False;True;0;True;False;False;False;0;True;False;False;True;0;False;True;False;True;False;0;6;False;0;False;0;6;False;False;True;8a4709269a1982174652a20cbc65958984de19fcda912e49591d4c50f85015a8;0.6926207536829369;0.5236789179806822;0.9071929419956877;0.7447455372579382
False;False;False;True;True;False;False;False;False;True;True;0;True;False;False;False;0;False;False;True;False;0;False;True;False;True;False;0;18;False;0;True;0;6;False;False;True;0266b3232982f82a5805d77c2e660b1d24f7074577e05102f062d08dcda0de03;0.7134410837324175;0.5506645611173225;0.8964100580457679;0.729997565733392
False;False;True;False;False;False;False;True;False;False;True;0;True;False;False;True;0;True;False;False;False;0;False;False;False;False;False;0;18;False;0;False;0;6;False;False;True;7be92b93b9f316ba6c9e633abe79bdb4983cc2a6f094d51e48d53db3dba884a6;0.941060646800458;0.8452791649004223;0.8252396704416521;0.6629104316448997
False;False;False;True;True;False;False;False;False;True;True;0;True;False;False;True;0;False;False;True;False;0;False;True;False;False;False;0;6;False;0;True;0;6;False;False;True;708dd7fec31c772cf37721435f95c01c48c52cd6d1a4a2bf800a1af5a73c13da;0.7349131844998854;0.5710144072162323;0.9381679528114137;0.7928139409519254
False;False;False;False;True;False;True;False;False;False;False;0;False;False;False;True;0;True;False;False;True;0;False;False;False;False;True;0;0;False;0;False;0;6;False;False;False;cb445b23bd743f2eb435319d69c69b82684c52ca4fb6209f61dba5672c4a7d2d;0.5204890257474335;0.4002290918388669;0.8030922573755482;0.6409468877935585
True;False;False;True;True;False;False;False;False;True;True;0;True;False;False;True;0;False;True;False;False;0;False;True;False;False;False;0;24;False;0;False;0;6;True;False;False;69c31e23ecb05f7a7b692631aa1a75f7ec65fd6101e12239f03570fc522bc770;0.7303178127551528;0.5701701895212665;0.9029248669400509;0.738886070627148
False;False;False;True;True;False;True;False;False;True;True;0;False;False;False;True;0;False;False;True;False;0;False;True;False;False;False;0;24;False;0;True;0;6;True;False;False;b1eae33dabea5786fe0e2e32e100cc71926b4d05481fe2bf187d018ca17e9b5f;0.6911238792018453;0.5269968168780881;0.8834841801729688;0.7076422149824364
False;False;False;False;True;False;True;False;False;True;True;0;False;False;False;False;0;True;False;False;False;0;False;False;False;True;False;0;24;False;0;False;0;6;True;False;False;91c4d802ab3727316973b6b457a0e6ff5a9efe843c0d8f65df9909e33e46a216;0.7228232466339695;0.5651980988800365;0.9007856415943194;0.7381759284378113
False;False;False;True;True;False;False;True;False;False;True;0;True;False;False;True;0;False;False;True;False;0;False;True;False;False;True;0;6;False;0;True;0;6;False;False;False;6eb651258e96cf2fc25ed07c1059383e3a3afbe40a71f2f132146fcc8aab0083;0.7765511477333249;0.6185699859875267;0.9130422210910791;0.7584852281839121
False;False;False;True;True;False;True;True;False;False;True;0;False;False;False;True;0;True;False;False;False;0;False;True;False;False;True;0;18;False;0;True;0;6;False;False;False;204864d765f4ab917958405915f862c7d6853a887b6d3e9995f240fb7335faca;0.7894045879414846;0.6332441641655172;0.8759663259889002;0.7035356304507026
False;False;True;True;False;False;False;False;False;False;False;0;True;False;False;False;0;True;False;False;True;0;False;True;False;True;False;0;0;False;0;True;0;6;False;False;True;0684fc36a34b15b2207e279359d87410742460f885bdaf80fd108a8f49fc2b6b;0.6079400086927234;0.4611914908099261;0.8251825339063891;0.6535609707873993
False;False;False;True;True;False;True;False;False;True;True;0;False;False;False;True;0;False;False;False;False;0;True;True;False;False;False;0;18;False;0;True;0;6;False;False;True;15cbb32efa5f5db467b601cda64b21f57fe54ec77ccc4277f655300482f127e7;0.4630021593652922;0.3508247889482319;0.6976205729013749;0.5652731292098145
False;False;True;False;False;False;False;False;False;False;False;0;True;False;False;True;0;False;False;False;True;0;True;False;False;False;False;0;0;False;0;False;0;6;False;False;True;baaa11570dd1cb62ce8a9e3b12f95c1fc1021f165c6f4b2f8653fbf3175b4cbf;0.394701970051269;0.2944970659339872;0.632301593371808;0.5016611207476696
False;False;True;True;False;False;False;False;False;False;True;0;True;False;False;False;0;False;True;False;True;0;False;True;False;True;False;0;6;False;0;True;0;6;True;False;False;0097ae61b909f10d98ac36c0540e8dac9fb11c68cfe99ff91e88e0d3a35f7970;0.7605742492336272;0.6062409987592454;0.8472157129619957;0.6851127813368915
True;False;True;True;False;False;False;False;False;False;False;0;True;False;False;False;0;True;False;False;True;0;False;True;False;True;False;0;0;False;0;False;0;6;False;False;True;f04ef681338f874f41d908051953de2251871df7ef7a11739929746c1c9820d2;0.6092169629912019;0.4636487404125868;0.8314059698358308;0.6624076186796416
True;False;True;True;False;False;True;True;False;False;True;0;False;False;False;False;0;False;False;True;False;0;False;True;False;True;True;0;6;False;0;False;0;6;False;False;False;2ac5cad819eca20edc7cae909048afdbd56cae8846cd85d6a972d9d0e4ce2412;0.7796988760160262;0.6327567232061245;0.8159326600328011;0.6524967032365936
False;False;False;True;True;False;False;False;False;False;True;0;True;False;False;False;0;False;False;False;True;0;True;True;False;True;False;0;18;False;0;True;0;6;False;False;True;7c6abc5e7c2b21cfcc0c17d5dc8250a768245eaf743062f7a04430c197f39d59;0.1531012005609878;0.0970748992695442;0.3417692850003998;0.30145355246618766
True;False;True;True;False;False;False;False;False;True;False;0;True;False;False;False;0;True;False;False;False;0;False;True;False;True;True;0;0;False;0;False;0;6;False;False;False;83a37e2585d8a602087385664f30937412fafa09872322488d772eacb05fe465;0.5982388567063819;0.4667571702832964;0.7829219767299244;0.6225947916518876
False;False;True;True;False;False;False;True;False;False;False;0;True;False;False;True;0;True;False;False;False;0;False;True;False;False;False;0;0;False;0;True;0;6;True;False;False;1856a5c7995b9e96041ecb95ec05830d82ad4b28c0fbc6c9ff02eac11df39c4c;0.6526240095978374;0.5079492750107589;0.7969902002884205;0.6242223157350754
False;False;False;False;True;False;False;False;False;False;False;0;True;False;False;True;0;False;True;False;True;0;False;False;False;False;True;0;0;False;0;False;0;6;False;False;False;11ae3ff55165cd75a454410bec59b8c2f9deb729c8014dd23de821b3d4d67b39;0.5224941814570812;0.402309592530282;0.8026379514224314;0.6436140292905133
False;False;False;False;True;False;True;False;False;True;True;0;False;False;False;False;0;True;False;False;False;0;False;False;False;True;False;0;18;False;0;False;0;6;False;False;True;1385b5e3271fdce38cd0a3631cd2dfebe84a8d5de60a23c1f62ec4cfa3775135;0.7312514766455588;0.5704041561159021;0.9066340274632276;0.745663633819293
True;False;False;True;True;False;False;True;False;False;True;0;True;False;False;True;0;True;False;False;False;0;False;True;False;False;False;0;18;False;0;False;0;6;False;False;True;c7287019945ce16f07fee07b3bd774e5cf70110df0ba3887da3c567149738fab;0.8451003979174841;0.6979195971891355;0.9052397259025421;0.7421221249726757
False;False;False;False;True;False;False;False;False;False;True;0;True;False;False;True;0;True;False;False;True;0;False;False;False;False;True;0;6;False;0;False;0;6;False;False;False;a38d5ab6708363f7c1d4b1583253e0ca744f3d5f0a3c036c7a35275fe7f74e35;0.6660698493907737;0.5028197469041995;0.8885886912030976;0.7216318411732013
False;False;True;False;False;False;True;False;False;True;True;0;False;False;False;True;0;True;False;False;False;0;False;False;False;False;True;0;24;False;0;False;0;6;False;False;False;1f2540ee0e84511e13fe7402c8bcd2e109cdca4e18395020b6d835db22754099;0.8498775423782621;0.7272336262255774;0.8366521276933762;0.6710474390594915
True;False;True;True;False;False;True;True;False;False;True;0;False;False;False;False;0;True;False;False;False;0;False;True;False;True;True;0;18;False;0;False;0;6;False;False;False;f1d788c241721702e81200cffd4b84009600c5c028975cd7a79ab67ff69584e2;0.9187232342512144;0.8160727860389251;0.8144663827780579;0.6570537584225608
False;False;False;False;True;False;True;True;False;False;False;0;False;False;False;False;0;False;True;False;False;0;False;False;False;True;False;0;0;False;0;False;0;6;True;False;False;9fb9c4f1f6975095efa4ae7c029dfe2aa301abe03b9cd00137daca53aef592b4;0.5331764868976986;0.4078955960242369;0.8114159772287507;0.6490068829073514
False;False;False;False;True;False;False;False;False;True;True;0;True;False;False;False;0;False;True;False;False;0;False;False;False;True;False;0;24;False;0;False;0;6;False;False;True;9ffc67e28bd8607e9ecb86eedaccf215fbf62db4726f99d26c6029134944b267;0.7277675004159393;0.5701109093067164;0.8986237162702483;0.7324944624242085
False;False;True;False;False;False;False;True;False;False;True;0;True;False;False;False;0;False;False;True;False;0;False;False;False;True;False;0;6;False;0;False;0;6;True;False;False;fabb4970223d95e3397ec14c7fb55ff7a39a5d2fa5e411c50fb025b7ae2855a1;0.7983940303268945;0.6593384075950876;0.830461613790614;0.6692961231072799
False;False;True;False;False;False;False;True;False;False;True;0;True;False;False;False;0;True;False;False;False;0;False;False;False;True;True;0;6;False;0;False;0;6;False;False;False;337e0a46dc645d66f6a2e01b30a4945cf4881e9499db4c5e4c7f70d66f757758;0.7758408035223311;0.6330997792424449;0.8139559316137965;0.649815928380218
False;False;False;True;True;False;False;False;False;True;True;0;True;False;False;True;0;False;False;True;False;0;False;True;False;False;False;0;18;False;0;True;0;6;False;False;True;bf8f8650c653f518df06060cce26a58c3207721dcca00a6cde7ff5940ee526ce;0.7127569455047522;0.5502277316676903;0.8974964411283185;0.7315614379119469
True;False;False;True;True;False;True;False;False;False;True;0;False;False;False;False;0;False;False;True;True;0;False;True;False;True;False;0;6;False;0;False;0;6;True;False;False;af2fff6e29e794b36cfac4ff9525d73de5ff91cbe4d427b3568f72907e39d275;0.6888517733085424;0.520478030835742;0.9097337611170773;0.7494918780578735
False;False;True;False;False;False;True;False;False;True;False;0;False;False;False;False;0;True;False;False;False;0;False;False;False;True;True;0;0;False;0;False;0;6;False;False;False;b8f84fd7bca73dc9468ae7117d9cbb3e238113afc6a08fd38baccb7038f131d1;0.5970008414370165;0.4637740476970124;0.7829833686539442;0.6198099168275104
False;False;False;False;True;False;True;True;False;False;True;0;False;False;False;True;0;True;False;False;False;0;False;False;False;False;True;0;24;False;0;False;0;6;False;False;False;9d92b5d42f9ef1a06e6e17ed3e113952128def000080432dc18aee81b9b85993;0.8051385490247049;0.6605857197668793;0.8723700850599726;0.6990521886875953
False;False;False;True;True;False;True;False;False;False;True;0;False;False;False;True;0;False;False;False;True;0;True;True;False;False;False;0;24;False;0;True;0;6;False;False;True;f5551236423162707983bf965fd8f68a205e92039f7369572ab96fbe51922437;0.4794054174496389;0.3655048097246579;0.6740311862467316;0.533480599112498
False;False;True;True;False;False;False;True;False;False;True;0;True;False;False;False;0;False;False;True;False;0;False;True;False;True;True;0;6;False;0;True;0;6;False;False;False;4150776ee5b0cefb02ae31b164f05b914db69ff0823a10fc2e80d7528a918769;0.8261066301215856;0.6841399069427996;0.8176044368616189;0.6561362871848282
False;False;False;False;True;False;True;False;False;False;True;0;False;False;False;True;0;False;True;False;True;0;False;False;False;False;True;0;6;False;0;False;0;6;False;False;False;0966d3c0776383e44e7a1eb178c127da2890d3743b9efab106d98d1f521a0613;0.6686707113515641;0.5029624315516112;0.8910486011120947;0.7235265335163278
False;False;True;True;False;False;True;False;False;True;True;0;False;False;False;False;0;False;False;False;False;0;True;True;False;True;False;0;18;False;0;True;0;6;True;False;False;d0cd740571ace231ca9dd473c5dfd496c1820a7329013643cf41b8a930fe80b1;0.1672958892414527;0.1264569450100126;0.3075786694844859;0.281864283815411
False;False;False;True;True;False;True;False;False;True;True;0;False;False;False;False;0;False;False;False;False;0;True;True;False;True;False;0;18;False;0;True;0;6;True;False;False;3b6ea4c53af75b1075100f6c330cc5b2c6d461cd1b84cbcf3e78e95f3a23eada;0.1422418359124211;0.0877444886444769;0.342157666440227;0.2914524572866163
True;False;True;True;False;False;False;False;False;False;True;0;True;False;False;False;0;False;True;False;True;0;False;True;False;True;True;0;6;False;0;False;0;6;False;False;False;6a749f4733b31c4546a80216359a31ae989d727af9f73f35606c30c77dfbf4d8;0.6923420829214891;0.542314658347756;0.8302745355624761;0.6654772596181147
False;False;True;True;False;False;False;False;False;True;False;0;True;False;False;False;0;False;False;True;False;0;False;True;False;True;True;0;0;False;0;True;0;6;False;False;False;8259c474115ef1638278a430ef92872bf1dff16cb8e4d68004aada85b204a55e;0.5969367147245817;0.4681599842808855;0.7694942380979781;0.6109026043791351
False;False;True;False;False;False;True;True;False;False;True;0;False;False;False;True;0;False;False;False;False;0;True;False;False;False;True;0;6;False;0;False;0;6;False;False;False;cfd7a8409419cd37d819f16614dc6b6015ee574c2c0fd619d4b2399f15500700;0.5231282137502569;0.4121855488653023;0.631523255409627;0.504996757940196
False;False;False;True;True;False;False;True;False;False;True;0;True;False;False;True;0;True;False;False;False;0;False;True;False;False;False;0;6;False;0;True;0;6;True;False;False;8dcc7d0113dd2eec2f1b71832c76b8844f3d53ee49d5a73e73cebff9689b6494;0.7960192138154212;0.6389127023466491;0.9277467796064571;0.782121912361404
True;False;True;True;False;False;False;True;False;False;True;0;True;False;False;True;0;False;False;True;False;0;False;True;False;False;True;0;18;False;0;False;0;6;False;False;False;c77f73fc02afd5b43793ea225286a784281e8d497a1b73fd4ed7bfe2a1c5adee;0.9209151208745352;0.8176726045030348;0.8136743922921262;0.6530373241248417
False;False;True;True;False;False;True;True;False;False;True;0;False;False;False;True;0;False;True;False;False;0;False;True;False;False;True;0;6;False;0;True;0;6;False;False;False;4eebfaedf4a06082f4a133b6cfaf00776c9b250775d51e1e0e61bf7f316018ee;0.8222638917703459;0.6810445843828781;0.8147320417744457;0.6514040159536364
False;False;True;True;False;False;True;False;False;False;True;0;False;False;False;False;0;False;False;False;True;0;True;True;False;True;True;0;6;False;0;True;0;6;False;False;False;2be8e21e18a568b0c3155c5eca9ca297737be597bb9e92cea031b387327dfb4c;0.1545084267912973;0.1045909930220535;0.3048876668323588;0.28319388120788375
True;False;False;True;True;False;True;False;False;False;False;0;False;False;False;False;0;False;True;False;True;0;False;True;False;True;False;0;0;False;0;False;0;6;False;False;True;2a67cfbdbce93f4f9cc5bfdf8352013a6b7f37bb1c738e15319f0ae41ebf0098;0.5352213332505604;0.4127701612655809;0.813179274441679;0.6535579871823741
False;False;False;True;True;False;False;False;False;False;True;0;True;False;False;False;0;True;False;False;True;0;False;True;False;True;False;0;18;False;0;True;0;6;True;False;False;98771e9d1ba7c8061a8a94c8319a4183e4623c5ea9c97273a4ead75acab4457e;0.7732979711014235;0.6113735319788404;0.9069959188945078;0.7422334860005476
False;False;False;True;True;False;False;False;False;False;True;0;True;False;False;True;0;False;False;False;True;0;True;True;False;False;True;0;24;False;0;True;0;6;False;False;False;9fcd10b89f1636957b99ab3e4594a52ba61275feeafb8cd6e25dca14d02dfa19;0.4509002342748066;0.340340640243555;0.6456294543535557;0.5075116136482526
True;False;True;True;False;False;True;True;False;False;True;0;False;False;False;True;0;False;True;False;False;0;False;True;False;False;False;0;24;False;0;False;0;6;False;False;True;33ed5b5116017043ca6e664eec40164fb72cb04d0c7086c2bbce1e54e5c5e858;0.993925522031774;0.9743592721785248;0.818351708668083;0.6479372999376503
True;False;False;True;True;False;False;False;False;False;True;0;True;False;False;False;0;True;False;False;True;0;False;True;False;True;True;0;24;False;0;False;0;6;False;False;False;522349ea0d0531c7be3e6549be810f5bc19ba0918ea1427166b1795044bed95a;0.7664886194842282;0.611982009417403;0.8853506782679517;0.7134358071121332
True;False;False;True;True;False;False;True;False;False;True;0;True;False;False;True;0;False;False;True;False;0;False;True;False;False;True;0;24;False;0;False;0;6;False;False;False;1ead45b6a3eeef090dcc5a9a45c74748dcb1512c4b1b73342c14693addf4bad6;0.8157846953063713;0.6690381760560627;0.8751623318127731;0.7010208198388375
True;False;True;True;False;False;True;True;False;False;True;0;False;False;False;False;0;False;False;False;False;0;True;True;False;True;False;0;24;False;0;False;0;6;False;False;True;291a8d89c3ed1cb890029c0567c39fc9aa0fe3724462c23a1be12f857a31cf5c;0.1692473940371588;0.1250779103529491;0.27242822049241167;0.2491928029183582
False;False;False;False;True;False;True;False;False;False;True;0;False;False;False;True;0;True;False;False;True;0;False;False;False;False;True;0;18;False;0;False;0;6;False;False;False;53b7d360a3add6debd3a7c11c944946387da21d018248128d9123cab9e697ccf;0.7604040202232755;0.6078589831478022;0.8980742365087929;0.738483674966482
False;False;True;True;False;False;False;False;False;True;True;0;True;False;False;False;0;False;True;False;False;0;False;True;False;True;False;0;24;False;0;True;0;6;True;False;False;8261f19a6d45f2c4ac6ad50647ebd34254a10b0624d66d56fa0219c3e36f11cd;0.8039901308793331;0.672825663502304;0.7824276180661681;0.6139774053641021
False;False;True;True;False;False;True;True;False;False;False;0;False;False;False;True;0;False;True;False;False;0;False;True;False;False;True;0;0;False;0;True;0;6;False;False;False;e5168ba3087ae2bd141a1da92419761d246a338518db2f61b5f4c9330f0048c5;0.6347855723619578;0.4927158259524616;0.7806163539912118;0.6081315289082905
True;False;False;True;True;False;False;True;False;False;False;0;True;False;False;True;0;True;False;False;False;0;False;True;False;False;False;0;0;False;0;False;0;6;True;False;False;5870217a81d49605f9b3c195a51cd350213b09c924d9af2ed0f05d94e06c2b80;0.5321832127746777;0.4072342496845732;0.8113882681118112;0.6493820775464265
True;False;True;True;False;False;True;False;False;False;True;0;False;False;False;True;0;True;False;False;True;0;False;True;False;False;True;0;6;False;0;False;0;6;False;False;False;1685a0e84b2680b7193bebaafe20d5ea19f8b3903481f3a835976924be509b34;0.6939721062098495;0.5416731863312985;0.8300105249653191;0.6639364124191266
False;False;False;True;True;False;False;True;False;False;True;0;True;False;False;False;0;False;False;True;False;0;False;True;False;True;False;0;6;False;0;True;0;6;True;False;False;a9ed64c56248f10eb443568ac166b16e6a3c501586489a773566df3969ce6f9c;0.7988527045751048;0.6405888567225224;0.9306703669520441;0.7846381496971244
True;False;False;True;True;False;True;False;False;False;True;0;False;False;False;False;0;False;False;False;True;0;True;True;False;True;False;0;18;False;0;False;0;6;False;False;True;1a95bada1b79ca8d7449d0fd9c974f3171565f63b1d40c3a1431473c27f35175;0.1470981379509416;0.093123473517071;0.33784376169930597;0.29623729206403526
False;False;False;False;True;False;False;True;False;False;True;0;True;False;False;False;0;False;False;True;False;0;False;False;False;True;True;0;6;False;0;False;0;6;False;False;False;69ff00cb33c1ac7b5a814a7da1e1c04f80a0b3acfcb937a294fa190a83a1364e;0.7111934032628068;0.5463829791593706;0.8909009756816516;0.7281607644724613
False;False;False;True;True;False;True;True;False;False;False;0;False;False;False;True;0;True;False;False;False;0;False;True;False;False;False;0;0;False;0;True;0;6;True;False;False;ebdbd27189824ba40d9cb14499581c1f2a3c743cfa900aa374c76d3464419a92;0.5381527097410095;0.4110329274112204;0.8147570305160362;0.6497622084969911
False;False;True;True;False;False;False;False;False;False;True;0;True;False;False;True;0;False;False;True;True;0;False;True;False;False;False;0;24;False;0;True;0;6;False;False;True;1dee1f5ed3c55554a68cf4b1035f4e6a2252bc8db9176402b18f5f5eccca3b03;0.8161411658948781;0.6628771642153699;0.8090457231565584;0.6254583744565939
True;False;False;True;True;False;False;True;False;False;False;0;True;False;False;True;0;False;False;False;False;0;True;True;False;False;False;0;0;False;0;False;0;6;False;False;True;fb197e3c74c4ea4bc5fbab20be2bcf176390d693a6d8893da5ab2050e25c42f0;0.3617467611240073;0.2766901524724859;0.6336859586123137;0.5074463775697339
False;False;False;True;True;False;True;False;False;True;False;0;False;False;False;False;0;False;False;False;False;0;True;True;False;True;False;0;0;False;0;True;0;6;False;False;True;9c057b7d06f8d6baf6a24c7987d89e0f888576a07347bd2c23cd8193cad760c6;0.107407094139897;0.0673891309995567;0.3334698417205621;0.28528229717647496
False;False;False;True;True;False;True;False;False;True;True;0;False;False;False;False;0;False;True;False;False;0;False;True;False;True;False;0;6;False;0;True;0;6;True;False;False;ff2ffeaa5efd697b52de8872322677fdc6eacda72a361790cac248ab6f222b6c;0.731325297204764;0.5671226143639027;0.9379951687313332;0.793165458894305
False;False;False;True;True;False;True;True;False;False;True;0;False;False;False;True;0;False;False;False;False;0;True;True;False;False;False;0;6;False;0;True;0;6;False;False;True;ef34468dc2d6605a531fe1d13150c4af1c19b7ee8d6c1ab2408c1cbe97987367;0.5335401987562217;0.4140287866332579;0.7231984922656147;0.5909740293620073
True;False;True;True;False;False;True;False;False;True;True;0;False;False;False;False;0;False;False;True;False;0;False;True;False;True;True;0;18;False;0;False;0;6;False;False;False;026993fe6c83ab534910835496138af57c128901a3f9b76ec3da38d5e12dd500;0.8417901947248185;0.7189053208399955;0.8455433747982387;0.6956322604967644
True;False;True;True;False;False;True;False;False;False;True;0;False;False;False;False;0;False;False;False;True;0;True;True;False;True;True;0;18;False;0;False;0;6;False;False;False;9c8916901da85a3b72390cbbeb972867ab230936f9280ecb2609d10b8e54f4e0;0.1552208518388538;0.11122050345808;0.3067205138959439;0.29195889013946585
False;False;True;False;False;False;False;False;False;False;True;0;True;False;False;False;0;False;False;True;True;0;False;False;False;True;False;0;24;False;0;False;0;6;False;False;True;097bca07005890f973864e8bb809e1050b620acd57aa5c02f9f8bd36630f1d76;0.8901507362104751;0.7652145992066407;0.8585741272546472;0.6872825483656639
False;False;True;True;False;False;True;False;False;True;True;0;False;False;False;True;0;False;False;True;False;0;False;True;False;False;False;0;6;False;0;True;0;6;True;False;False;740d38bf6eec26f94075b2bc7ae1c90a67b32accef09e0f08b2e8dbae6de5de2;0.7770155702580779;0.640485107101931;0.8337438825918897;0.6842455585377568
False;False;True;False;False;False;True;False;False;True;True;0;False;False;False;False;0;False;False;True;False;0;False;False;False;True;False;0;6;False;0;False;0;6;True;False;False;343c7a34458579b797352e2dc5011e416a8b60de1144016d7b2fcbf2da8fb245;0.7287872709077305;0.5926444224026779;0.8398766734996589;0.686905952361633
True;False;True;True;False;False;False;False;False;True;False;0;True;False;False;False;0;False;True;False;False;0;False;True;False;True;False;0;0;False;0;False;0;6;True;False;False;7acfef3de69c6b6e000b929dd1d30100e816254a2cacbf6dd51326926e7f1f42;0.618983445142223;0.4856002867162786;0.8019153292291846;0.6418139139523601
False;False;False;False;True;False;True;False;False;True;False;0;False;False;False;True;0;True;False;False;False;0;False;False;False;False;True;0;0;False;0;False;0;6;False;False;False;9ee270513e71fbc85366541193a5bf9abdc8f7a06fc7b4277381476df8a7b7e4;0.5170231106712838;0.3921151253262959;0.8233375532008985;0.6635827055214425
True;False;True;True;False;False;False;False;False;True;True;0;True;False;False;True;0;False;False;False;False;0;True;True;False;False;True;0;24;False;0;False;0;6;False;False;False;0a247c3d426e3f41c6eb7296143644375e69efb2aa451debf757ea924b9bd41d;0.5179908130251664;0.4256121804393201;0.6011197933250885;0.4853843806954725
True;False;True;True;False;False;True;True;False;False;True;0;False;False;False;True;0;False;False;False;False;0;True;True;False;False;True;0;6;False;0;False;0;6;False;False;False;0b8ca4ced224e3d6bf1cb95d0dd00851dab4c8dba3a81e484df08076eccd2ef5;0.5261226497439953;0.4139966545419153;0.632515680983075;0.5057637001752255
False;False;True;False;False;False;False;True;False;False;True;0;True;False;False;False;0;False;False;True;False;0;False;False;False;True;False;0;6;False;0;False;0;6;False;False;True;a8eb99b4fcb3dee2d1b0184980ddedf125b6d4b6fbbe292e981c06bc513bca4d;0.8021353201807646;0.6635827430252027;0.8250125177755162;0.6620596652342345
True;False;True;True;False;False;False;True;False;False;True;0;True;False;False;False;0;True;False;False;False;0;False;True;False;True;False;0;18;False;0;False;0;6;False;False;True;08b5afad4426ab4137c4b08bd03e678f1d01148768a4c0e0c2e5edbfdd000b8e;0.9587683566478944;0.8736483878142206;0.8259795670543763;0.6680804652087411
False;False;False;True;True;False;False;True;False;False;True;0;True;False;False;False;0;True;False;False;False;0;False;True;False;True;False;0;6;False;0;True;0;6;False;False;True;a67b2723d2a2713111484aa93d2a415a0cde8182caeff19ac8ba8a945212dd0a;0.803684342863421;0.6463603832916903;0.9273510888626705;0.7782933834250867
False;False;False;True;True;False;True;True;False;False;True;0;False;False;False;False;0;False;False;False;False;0;True;True;False;True;True;0;6;False;0;True;0;6;False;False;False;9f06f3c6dc6409d944f781fa4e4535995ea3673f5128a1ed299de726af5619c0;0.1610941558800197;0.1013133017016217;0.3364911167257262;0.2998155582135679
False;False;False;True;True;False;False;True;False;False;True;0;True;False;False;True;0;False;False;True;False;0;False;True;False;False;False;0;6;False;0;True;0;6;True;False;False;c12c677913526f81b54c64ac2c296bd1e90f4166c71504d3f2734fb32a1530ee;0.7980229827234628;0.6403874628395199;0.9313045545983637;0.7858746576496054
False;False;True;False;False;False;False;True;False;False;True;0;True;False;False;False;0;False;True;False;False;0;False;False;False;True;False;0;18;False;0;False;0;6;True;False;False;77cff53d612be5987448790788b488e0ce4d0cbf1fdc245d140974f1e047cd9f;0.9382485678473578;0.8406263730181317;0.8308666204216681;0.6703582120986423
True;False;True;True;False;False;True;True;False;False;False;0;False;False;False;False;0;False;False;True;False;0;False;True;False;True;False;0;0;False;0;False;0;6;True;False;False;3987a91af02dac2a0e3bc83c96199c7eb2946f1bec1668bf9ba8246474948df8;0.6615316853100199;0.5138906443444936;0.8086604239707398;0.6358978596141492
True;False;False;True;True;False;False;False;False;False;True;0;True;False;False;True;0;False;False;False;True;0;True;True;False;False;True;0;18;False;0;False;0;6;False;False;False;afa1340a31e1997b199144868959eaa9a0e5b57444a1b2bad524e74b0f19bafe;0.4829714480865168;0.3758665501013205;0.6815180380458503;0.5571635664075061
False;False;True;True;False;False;False;False;False;False;True;0;True;False;False;False;0;True;False;False;True;0;False;True;False;True;False;0;6;False;0;True;0;6;True;False;False;0d61eb2223760c3b630797df555ef40ec68ae2e2a4e5f728cb6b710a7a443036;0.7604886721925178;0.6058555585504619;0.8477443697323139;0.6853089530452602
True;False;True;True;False;False;True;True;False;False;True;0;False;False;False;False;0;True;False;False;False;0;False;True;False;True;False;0;24;False;0;False;0;6;False;False;True;84b580d704d4f5760336cefa94fe50f5d61069d8a067bdad053d8a561d45422f;0.9996914080940464;0.9983133613603812;0.8184836858130441;0.648058652361987
False;False;True;False;False;False;False;True;False;False;True;0;True;False;False;False;0;False;False;True;False;0;False;False;False;True;False;0;18;False;0;False;0;6;True;False;False;469b5bd9f3a43ff94e2a14b56d958f05d22f36d5c11b4115571677a7145bc79a;0.9375704007617508;0.8389885085167881;0.8314525566703298;0.6706817464398988
True;False;False;True;True;False;True;True;False;False;True;0;False;False;False;True;0;True;False;False;False;0;False;True;False;False;False;0;18;False;0;False;0;6;True;False;False;b152fa5e0565c571ad7f59c9e11144989b45d38773f184090a1406336da4895a;0.8366589900263892;0.687927393820025;0.9075827952136729;0.7454628907092419
False;False;True;False;False;False;True;False;False;True;False;0;False;False;False;True;0;False;True;False;False;0;False;False;False;False;False;0;0;False;0;False;0;6;True;False;False;12cc6991f2b55ac11c33d2df829af2b4fed77bd48aa0315d2277497d1d9b0b55;0.61778051457149;0.4836008494332527;0.8033745005961153;0.6418626101731438
False;False;True;False;False;False;True;False;False;False;True;0;False;False;False;False;0;True;False;False;True;0;False;False;False;True;False;0;6;False;0;False;0;6;False;False;True;518d1c9c8635f4f561935d4d186fc9b4db7b576efc9131e0d6fa59db24e642d4;0.716030838245776;0.5680173621814992;0.8429815173926688;0.6819613689402746
True;False;True;True;False;False;True;True;False;False;True;0;False;False;False;False;0;False;True;False;False;0;False;True;False;True;True;0;6;False;0;False;0;6;False;False;False;b1c4368d226689ca4deb03684f7cfbea183e17060b3a2ac406f3ac46f81d2e48;0.7795176295490976;0.6327875657814361;0.812704274597492;0.6489372053252916
False;False;True;True;False;False;False;True;False;False;True;0;True;False;False;False;0;False;True;False;False;0;False;True;False;True;False;0;18;False;0;True;0;6;False;False;True;cbbe49bd7e0d7fb2dd864da257874583eb5ce5d6d0b78f6ca8a1a51f5edffa35;0.8913234948225297;0.7735905270626229;0.7747185099983375;0.6139579790487685
False;False;False;True;True;False;True;False;False;False;True;0;False;False;False;True;0;False;False;True;True;0;False;True;False;False;False;0;24;False;0;True;0;6;True;False;False;d540e9c4f76d55f44dfe062417bb4a87403a965701e1e755a90d8926b27f1b29;0.7448337756976547;0.5798186795102158;0.8795642513694188;0.6971792930898761
True;False;False;True;True;False;False;False;False;False;False;0;True;False;False;False;0;False;False;False;True;0;True;True;False;True;False;0;0;False;0;False;0;6;True;False;False;53b7060790877483007e68570869b5362a32160af8b42d45c6c637a06962a85c;0.1034138981936233;0.0635982648135123;0.32405220194123563;0.2817774694772553
False;False;True;True;False;False;False;False;False;True;True;0;True;False;False;False;0;False;True;False;False;0;False;True;False;True;False;0;6;False;0;True;0;6;False;False;True;69841c0325342436fd0e1f670253c9c491075a958f85320ae56134303a898286;0.7829815496176925;0.646517429583361;0.8309851360373215;0.6790635000497589
False;False;False;True;True;False;False;False;False;False;True;0;True;False;False;True;0;False;False;True;True;0;False;True;False;False;False;0;24;False;0;True;0;6;False;False;True;75ba25ef8930385240134e2606dcebb780aa32856370a69dbb391f3e40e2b60e;0.748101621468174;0.5841238876647278;0.8758076583773537;0.6912091042661014
False;False;True;True;False;False;False;False;False;False;False;0;True;False;False;False;0;False;True;False;True;0;False;True;False;True;False;0;0;False;0;True;0;6;False;False;True;d029703bb12762799a0a2cbff06f4829bd2ce5ab741040f83f079e6e31fe601b;0.6077913443794375;0.4609804289471984;0.8243887284516594;0.6531660047936823
True;False;False;True;True;False;True;False;False;True;True;0;False;False;False;True;0;False;False;True;False;0;False;True;False;False;False;0;6;False;0;False;0;6;True;False;False;aa5a39cb3cc2dd153ed7dbc5af7671d8bae95d9e92a84fed984b61200cb94fe5;0.6756963625812739;0.507901417914252;0.9184995694670784;0.7588461615455218
True;False;False;True;True;False;True;False;False;True;True;0;False;False;False;True;0;False;False;True;False;0;False;True;False;False;False;0;18;False;0;False;0;6;False;False;True;fb890a2f538d4481d0a502b1791e645caf9812e526b8c344a205769af29e893a;0.7391071022977425;0.5779153598650558;0.9105354102583281;0.7522512953704555
False;False;True;True;False;False;True;True;False;False;True;0;False;False;False;False;0;False;False;False;False;0;True;True;False;True;True;0;6;False;0;True;0;6;False;False;False;27027690d8bf22e39cc2870ea6d096e82f39852d04fd800cb0853d8b4a21f6e7;0.1667016610849064;0.1121125807562457;0.28718505549994783;0.26250858185666576
True;False;True;True;False;False;True;False;False;False;True;0;False;False;False;True;0;False;False;True;True;0;False;True;False;False;True;0;6;False;0;False;0;6;False;False;False;dd0883023133e2850601ee8f9e58f7c6d86333b357eebdf2d5dfb7b6c0617b0e;0.6927942531821306;0.5392974766364754;0.8319919706660517;0.6662030199525645
False;False;False;False;True;False;False;False;False;True;True;0;True;False;False;False;0;False;False;True;False;0;False;False;False;True;False;0;18;False;0;False;0;6;False;False;True;a34935c87c3fe0f700a18c1894570f016ec391cd217084b3247776e670c73e54;0.7309673022822258;0.5699013935077165;0.9078117342999148;0.7472074821193446
False;False;True;True;False;False;True;False;False;True;True;0;False;False;False;True;0;False;True;False;False;0;False;True;False;False;False;0;24;False;0;True;0;6;False;False;True;e1d59a78e8f319edb6824e8b52e06e470aa40f9fcca68ce79f5b1c037c8d2998;0.8048784501653267;0.6734087916704307;0.7833048514143747;0.6150977374960324
True;False;True;True;False;False;False;True;False;False;True;0;True;False;False;False;0;False;True;False;False;0;False;True;False;True;False;0;24;False;0;False;0;6;False;False;True;2575281c126fc2c65f3042681817de355db462ff678917dc7f5efe6be1527195;0.9985150038928;0.9820372788661352;0.8162015107211578;0.6446405057172019
True;False;True;True;False;False;False;False;False;True;False;0;True;False;False;False;0;True;False;False;False;0;False;True;False;True;False;0;0;False;0;False;0;6;False;False;True;79444042f68f2d066a3265f1455b710312a91540d79032119354795b2f881696;0.6215969345533172;0.4875429366014181;0.7990207208187374;0.6366672739854915
False;False;True;False;False;False;True;True;False;False;True;0;False;False;False;False;0;True;False;False;False;0;False;False;False;True;True;0;6;False;0;False;0;6;False;False;False;99cc19f9fe735f41af832b5f29a11c6b9a464acff361c9db8bf5b368f7ffa58d;0.7753441699232708;0.6324039510186401;0.8114552034305113;0.6471178212075156
True;False;False;True;True;False;False;False;False;False;True;0;True;False;False;False;0;False;False;False;True;0;True;True;False;True;False;0;6;False;0;False;0;6;True;False;False;0fb33d06a63c3419249379c3acda069fc98d00a7330b6bc6bf4b56ca8cb18a68;0.1422935591934349;0.0843335044275126;0.34552326513225207;0.3002359509776722
False;False;True;False;False;False;False;False;False;True;True;0;True;False;False;False;0;False;False;False;False;0;True;False;False;True;False;0;24;False;0;False;0;6;False;False;True;359380e221abea34e0ae341737c8e313265fb5c2d668f461af441ae3cd482d37;0.164064446110792;0.1264641036163553;0.30409749835586525;0.2853652318493617
False;False;False;False;True;False;False;False;False;False;False;0;True;False;False;False;0;False;False;True;True;0;False;False;False;True;False;0;0;False;0;False;0;6;False;False;True;14644ce4b3d9924e1e85ef24808527ed523cd2274c651814dd4d5590b86dac58;0.5346990999139523;0.4124451502136382;0.8144594982320079;0.6543450514187296
True;False;False;True;True;False;False;False;False;True;True;0;True;False;False;True;0;False;True;False;False;0;False;True;False;False;True;0;6;False;0;False;0;6;False;False;False;e44e4fa5144254da4b95619b934782edc9fb92bfcd436c941d933db99ffa896a;0.662369891830851;0.4969393827278811;0.9041891174905072;0.742704426487443
True;False;True;True;False;False;True;False;False;False;False;0;False;False;False;True;0;False;True;False;True;0;False;True;False;False;False;0;0;False;0;False;0;6;True;False;False;27d70cccbff1792e0719f3bcb1fef845b848905b4d859267591eb285b3c18b0e;0.605816800891367;0.4610414733365956;0.8355521939609604;0.6679493297287824
True;False;False;True;True;False;False;False;False;False;True;0;True;False;False;False;0;False;False;True;True;0;False;True;False;True;False;0;18;False;0;False;0;6;False;False;True;521bf828a55d5b8c7aaf4581aed45af1903eeb698035fc5e3e9107ad9cd1385c;0.8001004850887744;0.6435466102932391;0.9175172413839086;0.7616540292909848
True;False;False;True;True;False;True;True;False;False;True;0;False;False;False;True;0;False;True;False;False;0;False;True;False;False;False;0;6;False;0;False;0;6;False;False;True;1c06e3471f13d96c1049e9838f699d0f3918b30ad146bfc97d6548af696ae27a;0.7375997826839061;0.5725162086780998;0.9070841630911224;0.7498299464222196
True;False;True;True;False;False;True;False;False;False;True;0;False;False;False;False;0;False;False;True;True;0;False;True;False;True;False;0;18;False;0;False;0;6;False;False;True;68139e04217e1e67d9ff5abfde237745ecee012c8b60ef8f48f526d117dd6fdf;0.8865491686659516;0.7562002913942029;0.8782583128299127;0.7241687533431882
True;False;True;True;False;False;False;True;False;False;True;0;True;False;False;True;0;False;False;False;False;0;True;True;False;False;False;0;18;False;0;False;0;6;True;False;False;bc5b2602dbb6d72fa9f3e806ead7dd6d3f68ce99b5888457c2404047c974cec3;0.5963078810012841;0.4891578960181761;0.6228169761084347;0.5037095892775522
True;False;False;True;True;False;True;False;False;True;True;0;False;False;False;True;0;True;False;False;False;0;False;True;False;False;True;0;6;False;0;False;0;6;False;False;False;1f57ac2e64c073c14e502e5e97013689af54fce9a7e83b110b753c065f1abc2c;0.6644081834581392;0.4992547274309979;0.9063078157245386;0.7453060740700588
False;False;True;False;False;False;False;False;False;False;False;0;True;False;False;True;0;True;False;False;True;0;False;False;False;False;False;0;0;False;0;False;0;6;False;False;True;198a8b67e311c0772d7676b89e0ea566f14e73dc7f9fb42cba4451036e76765c;0.6071642367202397;0.4611948322228136;0.8306063785963067;0.6607013010203499
False;False;True;False;False;False;False;False;False;True;True;0;True;False;False;True;0;False;True;False;False;0;False;False;False;False;False;0;18;False;0;False;0;6;True;False;False;c6ef5ce3207ff0603cdac4a852266bf51619596c4cf92b2b9bbb6e2ad4faefc2;0.859258598976582;0.737779855949138;0.8591647177089246;0.7073720145700927
True;False;True;True;False;False;False;False;False;True;True;0;True;False;False;False;0;False;True;False;False;0;False;True;False;True;False;0;6;False;0;False;0;6;True;False;False;76d95532aa18e06b68778bbbe2003eb614e12d0fb76faed388d2fd6e2f93e43d;0.7272244233781496;0.589449088229843;0.8358024339531048;0.6850156679060797
False;False;True;True;False;False;False;True;False;False;False;0;True;False;False;False;0;False;False;True;False;0;False;True;False;True;True;0;0;False;0;True;0;6;False;False;False;78707444f7e62c9fa8fd9667260dd9f5b98a0a42076eee9f25c46f80bbc78282;0.6360756784043012;0.4934905660535927;0.7798887029350909;0.6095860499637134
False;False;False;False;True;False;False;True;False;False;True;0;True;False;False;False;0;False;False;False;False;0;True;False;False;True;False;0;24;False;0;False;0;6;False;False;True;c2df8103cbf799b0c34aba42bebd269e2341c4b0f0c75a4192eb0f5beae2cc3e;0.1550324942114576;0.0971063649371933;0.3189930288968493;0.2724855014589944
True;False;False;True;True;False;False;False;False;True;True;0;True;False;False;True;0;False;False;True;False;0;False;True;False;False;False;0;18;False;0;False;0;6;True;False;False;f05ad3f3d7157afeabcd9212c488fb850e90ba093cf760da888b58ea30e80609;0.7357993549859023;0.572869832574931;0.9143146350258861;0.7562672918491692
False;False;False;False;True;False;True;False;False;False;True;0;False;False;False;True;0;False;False;False;True;0;True;False;False;False;False;0;24;False;0;False;0;6;False;False;True;a0b4102a8d3b76b726831d65729541d799edeec390b531aee80b0e3cb5b16d74;0.490416707078214;0.3853438760373255;0.6841123179516783;0.5562237290821732
False;False;True;False;False;False;False;False;False;False;True;0;True;False;False;True;0;True;False;False;True;0;False;False;False;False;True;0;6;False;0;False;0;6;False;False;False;cba85fad6f5704ad7fe73b9e7c70d9c0da7d4f9c5c12a95799ac14e8f2cccb37;0.687733230636221;0.5448205072134654;0.8264982096004797;0.6656649661092744
False;False;False;True;True;False;True;False;False;False;True;0;False;False;False;False;0;False;True;False;True;0;False;True;False;True;False;0;6;False;0;True;0;6;False;False;True;9709b9665278aefa0dd22bdcd7e824c43c4da238d9d2d24c194b875c2b7bfa6b;0.7560495107747179;0.5906010418962765;0.9267765630590934;0.7702053598720615
True;False;True;True;False;False;True;False;False;True;False;0;False;False;False;False;0;False;False;True;False;0;False;True;False;True;False;0;0;False;0;False;0;6;True;False;False;704b5ed230c99ecb9d166b7d6f04e7460729e3dbca4ef511e8448491c930279d;0.6191861691344627;0.4853164453829271;0.8023665074977542;0.6420209781496701
False;False;True;True;False;False;True;False;False;True;True;0;False;False;False;True;0;False;False;False;False;0;True;True;False;False;False;0;24;False;0;True;0;6;True;False;False;0905226678bd32d62887eb84a96181bc3ad431b21e04f72228f3be110efef261;0.5220343509128206;0.4212511563042346;0.5970102379267099;0.47404784967803426
False;False;False;False;True;False;False;True;False;False;True;0;True;False;False;True;0;True;False;False;False;0;False;False;False;False;True;0;18;False;0;False;0;6;False;False;False;4a3524089c12a5064cd9d2395b617f6d047391f5ed6dda412cfd5c669d258f4a;0.8049915621743345;0.6560394143962448;0.888069620860011;0.7220543146591184
False;False;True;True;False;False;True;False;False;True;False;0;False;False;False;True;0;False;True;False;False;0;False;True;False;False;True;0;0;False;0;True;0;6;False;False;False;b8375971b2192cd935fb6eb1448583b6cb271541d74993283033b0c2771b4969;0.5949786555816554;0.4666725702631181;0.7678621836568008;0.6094377125049645
True;False;True;True;False;False;True;True;False;False;False;0;False;False;False;False;0;False;False;True;False;0;False;True;False;True;False;0;0;False;0;False;0;6;False;False;True;c0188090c932bebff5cd507b10916ce139df294983c4c73a527199474016b3c2;0.6638491503353545;0.5165793783015279;0.8043179624281621;0.6308599204704672
True;False;True;True;False;False;False;False;False;True;False;0;True;False;False;False;0;False;False;False;False;0;True;True;False;True;True;0;0;False;0;False;0;6;False;False;False;ab74644f0568416e655ec942b2e3e1946f6c245d38ddd91cf92f8f16c95547e4;0.1406061425180499;0.0934696956399978;0.32064852764066626;0.277428937314582
False;False;True;False;False;False;True;False;False;False;True;0;False;False;False;False;0;False;False;False;True;0;True;False;False;True;False;0;6;False;0;False;0;6;False;False;True;ac58a95e6c7ed4634727556ba91bd341151bb41949979a0894ceecfc2cf797c9;0.1369410947656775;0.0877899282664737;0.30658845511618715;0.2780289717168555
False;False;False;True;True;False;True;False;False;False;True;0;False;False;False;False;0;False;False;True;True;0;False;True;False;True;False;0;18;False;0;True;0;6;True;False;False;5142c85cb9236bc25edf5b3fff44722edcff9b8b84efa1ef92e438ce528909a1;0.7708255661377139;0.6088665721080032;0.9070931942415333;0.7426873295779439
False;False;True;True;False;False;False;True;False;False;True;0;True;False;False;False;0;False;False;True;False;0;False;True;False;True;False;0;18;False;0;True;0;6;False;False;True;925d43fb98ed4b9ce02e8d82cf44d5d054d9e2572460ab5e28338fcf185bbd70;0.8898764696830768;0.7720521794931162;0.7754609179076934;0.614484376071117
True;False;True;True;False;False;False;False;False;True;True;0;True;False;False;False;0;True;False;False;False;0;False;True;False;True;True;0;24;False;0;False;0;6;False;False;False;330993a9fda662389ba53a1b3bd6bbbfdfff376fe6295f47d43d311ba3812a97;0.8526513651350004;0.7309549940580861;0.8298289808408399;0.6677346698312439
False;False;False;False;True;False;False;False;False;False;True;0;True;False;False;True;0;False;False;False;True;0;True;False;False;False;False;0;18;False;0;False;0;6;False;False;True;37dd92ca7ddadf95a5a17a767eb40f0d37e2a28fdb6e0aa30f937eb168687346;0.4799404734957299;0.3766340885213083;0.6829848233293717;0.5631604576195419
False;False;True;True;False;False;True;False;False;True;False;0;False;False;False;True;0;False;False;False;False;0;True;True;False;False;False;0;0;False;0;True;0;6;True;False;False;a143060663441b0940951ad0075cf1b7aa6f92b448567686a52ab4186d637642;0.4261820998953854;0.3295772254029055;0.6217820750959847;0.4936794086319968
False;False;False;True;True;False;True;True;False;False;True;0;False;False;False;False;0;True;False;False;False;0;False;True;False;True;True;0;18;False;0;True;0;6;False;False;False;fc4d440393fd34fd9d8253939e54a5ad31a3bcafe3285f8552dbc913d698f3fa;0.7896500822516123;0.6322640936138815;0.8771477663768037;0.7038742104581395
False;False;True;True;False;False;False;False;False;True;True;0;True;False;False;False;0;False;False;False;False;0;True;True;False;True;False;0;6;False;0;True;0;6;True;False;False;ca8238dc990805e3c26cc7d9e771d5afabeb20b16294ddf110f36bc9cc19f64a;0.1722940200388407;0.125495300672662;0.32158840091230795;0.29946486382723403
False;False;True;True;False;False;True;False;False;True;True;0;False;False;False;False;0;False;True;False;False;0;False;True;False;True;False;0;6;False;0;True;0;6;True;False;False;b4357c2881a921bb14d8b46589381e297f3d187ac98c6b5504c139565f2d2415;0.7778106923572641;0.6409997806397356;0.8332338420129289;0.6829007238017418
False;False;False;False;True;False;False;False;False;False;True;0;True;False;False;False;0;False;False;True;True;0;False;False;False;True;True;0;6;False;0;False;0;6;False;False;False;def1be95e3807ddd0ab8128b5d95471bc7aa7c610c70f437ce61582c6f9ced01;0.667095279195466;0.5025660026757498;0.8912765867023213;0.7248253190999938
False;False;True;False;False;False;True;False;False;False;True;0;False;False;False;True;0;True;False;False;True;0;False;False;False;False;False;0;18;False;0;False;0;6;False;False;True;ea033ed1e64787a507bf1b94b64aa6d8675551114120d01b39f3796bc31c787c;0.8714276249747956;0.7410516038879765;0.8763793593893181;0.7198970883760452
False;False;False;True;True;False;False;False;False;False;True;0;True;False;False;False;0;False;False;False;True;0;True;True;False;True;False;0;6;False;0;True;0;6;True;False;False;f4af186fe8fb7659e90bcbb159a07376b39a3e64e75e7dae695c69bafbf137a9;0.1586369052567914;0.0969731413270194;0.35495196792221556;0.3147708333263101
False;False;False;False;True;False;False;False;False;True;True;0;True;False;False;False;0;True;False;False;False;0;False;False;False;True;False;0;18;False;0;False;0;6;True;False;False;41c73a31713eca57e703c1f55fee5b8e85f47a9dbddb8d51794514ff6c858805;0.7257818928381048;0.5641318562815352;0.9089384922578635;0.749049953918996
False;False;True;True;False;False;False;False;False;False;True;0;True;False;False;False;0;False;False;True;True;0;False;True;False;True;False;0;24;False;0;True;0;6;True;False;False;97ed6aa23dace3d750f806a894953b7c59c6270bc58e22d7299163e630a3e1dc;0.8145639073252945;0.6607882542911977;0.8116692009171608;0.6286407102468053
False;False;False;False;True;False;True;False;False;True;True;0;False;False;False;True;0;False;False;True;False;0;False;False;False;False;False;0;6;False;0;False;0;6;True;False;False;e14a7ce7389e277e47fe15c09603e78af3ef2e196062ae5e06e613d136e30d9b;0.671076460193847;0.501929032981443;0.9151010116277507;0.7530640754305017
False;False;False;False;True;False;True;True;False;False;False;0;False;False;False;True;0;True;False;False;False;0;False;False;False;False;False;0;0;False;0;False;0;6;False;False;True;fa0e52eff8b34a07bace49aa8198ab92bc6014df0cf0f6ef49606442fa87c6eb;0.5338598130247051;0.4087226512492912;0.8089389070328012;0.6460387676471989
False;False;False;False;True;False;False;False;False;False;True;0;True;False;False;True;0;False;False;False;True;0;True;False;False;False;True;0;6;False;0;False;0;6;False;False;False;03d65239c43d6f38ae1183eed6815dc7396f76f5d33d48c1345bb1afbd1cf16c;0.4310381928102554;0.322461130604502;0.676616297591368;0.5463537062696848
True;False;False;True;True;False;True;False;False;False;True;0;False;False;False;True;0;True;False;False;True;0;False;True;False;False;True;0;18;False;0;False;0;6;False;False;False;855022962cb484456cc3c3266a7cb91c1ecbe604637b7c3195d82950e6229c4b;0.774386273045052;0.6190052088491736;0.9041483524590389;0.7450552014932523
False;False;True;False;False;False;False;False;False;False;True;0;True;False;False;False;0;True;False;False;True;0;False;False;False;True;True;0;18;False;0;False;0;6;False;False;False;b4e26555d30f50c15e0107590564fe7081936fb49b7f35997c7ee6c55b7fff6a;0.8469018906884775;0.7122091344977206;0.8643433888453148;0.7052379910095637
False;False;True;True;False;False;False;False;False;True;False;0;True;False;False;False;0;False;False;True;False;0;False;True;False;True;False;0;0;False;0;True;0;6;False;False;True;34dcdfd0604b74bee240c9926a520bb709aeb92e00b36d6b6f2d3af565d06ab7;0.6164498466546493;0.4864395014140049;0.7835835637760296;0.623504420833143
True;False;False;True;True;False;True;True;False;False;True;0;False;False;False;True;0;False;False;True;False;0;False;True;False;False;False;0;24;False;0;False;0;6;True;False;False;16b3ae21e14be064ae2478c2eb7e8dbff389174ef86594c22630871110cda4e6;0.843145848608893;0.7019305647691283;0.8934043342320205;0.7275605021846688
False;False;True;True;False;False;True;False;False;False;True;0;False;False;False;False;0;False;False;False;True;0;True;True;False;True;True;0;18;False;0;True;0;6;False;False;False;dda13e080d9ea3d7184ecefc4174ccdc035b25b0bf4649705826e8b0c4e364ff;0.1584186772416607;0.111298247270318;0.3028234621485996;0.2833399147361643
True;False;True;True;False;False;True;False;False;True;False;0;False;False;False;True;0;False;False;True;False;0;False;True;False;False;True;0;0;False;0;False;0;6;False;False;False;ccae13fa79bdc1261f92201bc4c826f8a1d403716624b911711bd8dd0f49c8ae;0.5994216360892811;0.4664720102056638;0.7822878060975947;0.62005482976938
False;False;True;False;False;False;True;False;False;True;True;0;False;False;False;True;0;False;True;False;False;0;False;False;False;False;False;0;24;False;0;False;0;6;True;False;False;6754c5ffcbf5a276be17052f5d887a303d1c35fb7f8850944cbc9210f07bec9b;0.8764060785042935;0.7597397959328521;0.8515569166528746;0.6893265492044134
True;False;False;True;True;False;False;False;False;True;True;0;True;False;False;True;0;False;False;False;False;0;True;True;False;False;False;0;24;False;0;False;0;6;True;False;False;5b3d682ad07a8c781e5e9f78ebdf14940cd08ae7561da231dc29023e83c19cea;0.45922778284282;0.3513327255257177;0.6895601626032629;0.561228338445895
True;False;False;True;True;False;True;False;False;False;True;0;False;False;False;True;0;False;False;True;True;0;False;True;False;False;True;0;24;False;0;False;0;6;False;False;False;366c58db4d3b9776015973df5afa671ddab4a3117df9a464b7b48826595bd012;0.7671040338370799;0.6127884474467247;0.8864111029938814;0.7177696762916885
False;False;True;False;False;False;True;False;False;True;True;0;False;False;False;True;0;False;True;False;False;0;False;False;False;False;False;0;24;False;0;False;0;6;False;False;True;879087be7ab4a28a4b9ba32e412284be70e108bb9cfbf41ae8f27f2f43e5b6cf;0.8780196774427605;0.762376756025668;0.8474243734012497;0.6842733840787943
True;False;False;True;True;False;False;False;False;False;True;0;True;False;False;False;0;False;False;False;True;0;True;True;False;True;True;0;24;False;0;False;0;6;False;False;False;d6331a07680f37d0e8049e3f09d6d882208e4a2610cce1435e568170d4d9b6b2;0.1461285233320982;0.0911455810187579;0.3287159759107504;0.285673017594886
True;False;False;True;True;False;False;False;False;False;False;0;True;False;False;True;0;False;True;False;True;0;False;True;False;False;False;0;0;False;0;False;0;6;False;False;True;8e048e75414f3d974e3873618e61473eb4d29057497b4abad5d0bb611540874f;0.5336882759978423;0.4114344544056114;0.8140218307445447;0.654503888459272
False;False;False;True;True;False;True;True;False;False;False;0;False;False;False;False;0;False;True;False;False;0;False;True;False;True;False;0;0;False;0;True;0;6;False;False;True;38066b7a582bc34674ee0ce324c881adf39a86fc5f16006177d59336dd0d983a;0.5423219581529469;0.4147478124536763;0.8126343736905308;0.6471780473799701
True;False;False;True;True;False;True;False;False;True;True;0;False;False;False;True;0;False;False;False;False;0;True;True;False;False;True;0;6;False;0;False;0;6;False;False;False;6cc951f4c161cf27d25e37cb394c6338ce4c1f4e84216229b1859b7aff619802;0.4437466225314807;0.3318839137212042;0.7088992876651072;0.5784510839068765
False;False;True;False;False;False;True;False;False;True;True;0;False;False;False;True;0;False;False;False;False;0;True;False;False;False;True;0;6;False;0;False;0;6;False;False;False;5814e5da77ac2b9862925c5dc8eaa58c5eb41ae9609ec241d0feb2f1ab1cc809;0.4666514683974845;0.3663277376071519;0.6326887757401916;0.5119080339135554
False;False;True;False;False;False;False;False;False;False;True;0;True;False;False;True;0;False;False;False;True;0;True;False;False;False;False;0;18;False;0;False;0;6;True;False;False;6c942a21bfb8df71bc7dca9a96d8304ba75aa621c3a7fe5b8071e4e70d7d2260;0.5421947786779221;0.4360183855241966;0.6577120551533628;0.5351946274059517
False;False;False;True;True;False;True;False;False;True;False;0;False;False;False;False;0;True;False;False;False;0;False;True;False;True;False;0;0;False;0;True;0;6;False;False;True;858d42cf4187ca50143e241a2f6525fba6eaeb97a2990ccb83d0ba43ab81cb5d;0.5351376542186917;0.4073740955836238;0.8332347182248783;0.6715609292983347
False;False;False;False;True;False;False;True;False;False;True;0;True;False;False;False;0;True;False;False;False;0;False;False;False;True;True;0;24;False;0;False;0;6;False;False;False;92d470ac8809fec06e0d876ba53802ec3e7f76ce8eba4b2522a51d5207a834b6;0.8023156449246868;0.6554459989408057;0.8705684779886517;0.6956223540733713
False;False;True;False;False;False;False;False;False;True;True;0;True;False;False;True;0;False;False;True;False;0;False;False;False;False;True;0;24;False;0;False;0;6;False;False;False;bf3925978443e2b009f8cb36df58a0fb0b3c4ff2ce23659dc38f3d0b205fe21b;0.8414754767192435;0.7198168855186582;0.8303392811211175;0.6648874692601671
True;False;True;True;False;False;False;False;False;True;False;0;True;False;False;True;0;True;False;False;False;0;False;True;False;False;False;0;0;False;0;False;0;6;False;False;True;720dc3490b27a8985bb5bca7b4a704c46c5c0baf97e5ffc7c4865e84abe3e02d;0.6199201426982629;0.4864324440382309;0.7983274315270313;0.6364020117284683
True;False;True;True;False;False;True;True;False;False;False;0;False;False;False;False;0;False;True;False;False;0;False;True;False;True;False;0;0;False;0;False;0;6;True;False;False;63247a82f6dd930cdd5e9ce51c9d2b986d18bb99796283b7823d64a4dbc66e41;0.6609103900780438;0.5136482482661082;0.8075681578286191;0.6350132768151183
False;False;False;False;True;False;False;True;False;False;False;0;True;False;False;True;0;True;False;False;False;0;False;False;False;False;False;0;0;False;0;False;0;6;False;False;True;00fcd5f1d62dda97980a7181a73be65bfd43988827059254160d5375d30e7664;0.5343336152208527;0.4090307206857688;0.8092236769890896;0.6465846739186627
False;False;True;False;False;False;True;True;False;False;True;0;False;False;False;False;0;False;True;False;False;0;False;False;False;True;False;0;24;False;0;False;0;6;True;False;False;8921968efbc3dadcce67fa22aeb65f0c901c74cbb28f668ae703d92a8897855d;0.9781741513327;0.9270311085619156;0.8246165866033417;0.6523603237282082
False;False;False;False;True;False;False;False;False;True;True;0;True;False;False;True;0;False;False;True;False;0;False;False;False;False;True;0;18;False;0;False;0;6;False;False;False;8fb626c6e0db804de93d6fa922de49f488163ef7662f2664e134751cacaac63e;0.7089951540122051;0.5493501068740917;0.8962105928579207;0.7329123810944376
False;False;True;True;False;False;False;True;False;False;True;0;True;False;False;True;0;False;True;False;False;0;False;True;False;False;False;0;18;False;0;True;0;6;False;False;True;3c305385ec9638fe24438d718fb23c7abc69f3eea12d9d5cc34aee4e230e72d3;0.887624980529103;0.7695575872160046;0.7746206365587082;0.6137647310154027
False;False;False;False;True;False;True;False;False;False;True;0;False;False;False;True;0;False;True;False;True;0;False;False;False;False;False;0;18;False;0;False;0;6;True;False;False;8ee227c0c1b565e25582d5626466ca4c0ae5a5ae673b8592199342e272cd4ea5;0.7762988775593519;0.6229327604374292;0.9125576380500383;0.7591426367363951
True;False;True;True;False;False;False;False;False;True;True;0;True;False;False;False;0;False;False;False;False;0;True;True;False;True;False;0;18;False;0;False;0;6;False;False;True;6e287193f3435dbbe7e91408d5afa0dfec8cd8a0cd334e6e3fce07eab3b7932b;0.1681086338479155;0.1285582684892614;0.3148235254200129;0.2926268235620247
True;False;False;True;True;False;False;False;False;True;False;0;True;False;False;True;0;False;True;False;False;0;False;True;False;False;False;0;0;False;0;False;0;6;True;False;False;e84e02d5e95df0cc945ee38cd7351f16d413842d8adcebdae441cd2d558d1802;0.5262775718598257;0.3992186649775988;0.8344895991677003;0.6758756369527947
False;False;False;True;True;False;True;True;False;False;True;0;False;False;False;True;0;False;True;False;False;0;False;True;False;False;False;0;6;False;0;True;0;6;False;False;True;030d9ff3dcc1d66145d39301b6fe3ca61d8734098715dbabb548b95c47a38c71;0.8008738339756211;0.6446690731211967;0.9271508535359213;0.7798011609789643
True;False;False;True;True;False;False;False;False;False;False;0;True;False;False;False;0;False;False;False;True;0;True;True;False;True;True;0;0;False;0;False;0;6;False;False;False;72ebae07e29282cebdea0ae938bc954d22f4aa79b8c377cad18d2c9523926868;0.0958015452392322;0.0600299801669789;0.31105143418993747;0.27093732850175595
True;False;False;True;True;False;True;True;False;False;True;0;False;False;False;True;0;False;False;True;False;0;False;True;False;False;True;0;6;False;0;False;0;6;False;False;False;8c3a2ddf0ad2788088060ed88c51a33ce6e74b53a497d8e0d32e85044bb30b2f;0.718475295866854;0.5506759933404705;0.8962671306676997;0.7340645557582854
False;False;False;False;True;False;False;True;False;False;False;0;True;False;False;True;0;False;False;True;False;0;False;False;False;False;False;0;0;False;0;False;0;6;False;False;True;90d0493adafb66a5e67665901fa221e35dee3bed5ac89e9c625477a934511efd;0.5353480657933252;0.4101483239397759;0.8116190267421576;0.6491208774946589
False;False;True;True;False;False;True;False;False;False;True;0;False;False;False;False;0;False;False;False;True;0;True;True;False;True;True;0;24;False;0;True;0;6;False;False;False;389c1e4afb68837587d0ef5b243aeec31a8e0b6a30771dba4da73e17f9927843;0.1522080263339499;0.1046975673518729;0.288100841037091;0.26910060776158495
False;False;False;False;True;False;True;True;False;False;True;0;False;False;False;True;0;False;False;False;False;0;True;False;False;False;True;0;6;False;0;False;0;6;False;False;False;41969ce3a70975035fa58f2fc5ff1a4771072fcea61fa5ff16f0775432eee90a;0.4775311265113516;0.3619215811424341;0.6948345264223911;0.5613786013615522
True;False;False;True;True;False;False;True;False;False;False;0;True;False;False;False;0;False;False;True;False;0;False;True;False;True;True;0;0;False;0;False;0;6;False;False;False;f45bf0c2135cc82c4eb6e1f2d8ff1f612bccf2f310be3a2cecbc009fd8511cc0;0.5230884324220572;0.3977642039619254;0.8006526360443985;0.6379907295468903
False;False;False;True;True;False;True;True;False;False;True;0;False;False;False;True;0;True;False;False;False;0;False;True;False;False;False;0;18;False;0;True;0;6;True;False;False;79297c2f2d3e8887f4fcd666393c9de2e661589675f32eb8ad87569bdb944e21;0.8087219892688371;0.6539686466285813;0.8905625608768208;0.7224001530587087
True;False;False;True;True;False;False;True;False;False;True;0;True;False;False;True;0;False;True;False;False;0;False;True;False;False;False;0;6;False;0;False;0;6;True;False;False;146188dadd24b1549582a221d3358b94e501d79777ee306ce9c04e4be70efbc9;0.7316017768163028;0.5660538717144553;0.9078104671012376;0.7522135911389916
True;False;False;True;True;False;True;False;False;False;True;0;False;False;False;True;0;False;True;False;True;0;False;True;False;False;True;0;18;False;0;False;0;6;False;False;False;e5e463b7f4a0b483b07efd93b757a82a338011580545a0f81781aa6de8e87944;0.7733642038731599;0.6167615247221783;0.9044488405427501;0.7447340221860147
False;False;True;True;False;False;True;True;False;False;True;0;False;False;False;False;0;False;True;False;False;0;False;True;False;True;False;0;6;False;0;True;0;6;False;False;True;c5ec548d0b5ff1b7b993f7a99edbd41183bd4e8376473c458f8bf54a7b9131c6;0.8545843435054172;0.7176320538776799;0.8291380419051294;0.669294878879007
True;False;True;True;False;False;True;True;False;False;False;0;False;False;False;True;0;True;False;False;False;0;False;True;False;False;False;0;0;False;0;False;0;6;False;False;True;fcb9eb0a3bf42d2154b8fb885a4e75e6d89ba2b376e66318eac47fe27ab6e9cf;0.6619234396200185;0.5153501302037169;0.8028729161044545;0.6291241624679803
True;False;False;True;True;False;False;True;False;False;True;0;True;False;False;True;0;False;True;False;False;0;False;True;False;False;True;0;18;False;0;False;0;6;False;False;False;ad2b26a4b82411abfaf9dcf701ae40a8a019cb964f7c6b2e8469b6234e9cc09a;0.8180522720716589;0.6684644308173441;0.8915665844290054;0.7261493501923642
False;False;True;False;False;False;True;True;False;False;False;0;False;False;False;True;0;True;False;False;False;0;False;False;False;False;False;0;0;False;0;False;0;6;True;False;False;ae374ba7399b10688393cb97c9a014e5c30fcae1169056e926232ad181bacece;0.657027077642819;0.5099273061260848;0.8052472914614415;0.6327318864886946
False;False;True;False;False;False;True;False;False;True;True;0;False;False;False;False;0;True;False;False;False;0;False;False;False;True;True;0;18;False;0;False;0;6;False;False;False;b3af0cae5082e3cd427e21527488bf6344323879b30ca5757ea3b16cbe46bb28;0.8337566257446333;0.7090353587204629;0.8463792283497659;0.6917039423675866
True;False;True;True;False;False;True;False;False;True;True;0;False;False;False;True;0;True;False;False;False;0;False;True;False;False;False;0;18;False;0;False;0;6;True;False;False;fa4372afb01369ea99959a17555fd1831640f76ff226d7b47dafe853ccdc965c;0.8670756223725872;0.7476190774985715;0.8585275746468333;0.7105555002105682
False;False;False;False;True;False;True;False;False;False;False;0;False;False;False;False;0;False;False;False;True;0;True;False;False;True;False;0;0;False;0;False;0;6;False;False;True;eea931abdd868892bfbe34ddb90e39e5ab2e04015f57e0bfb308bce5d740bc91;0.0984131579707012;0.059658784759273;0.3152424325401334;0.27342655669474003
False;False;False;True;True;False;False;False;False;False;True;0;True;False;False;True;0;False;False;False;True;0;True;True;False;False;False;0;6;False;0;True;0;6;True;False;False;b6bd91ed71a45e1bfa013f6013a080a9668a073e895e932855a60ab4d16130a0;0.48593805422091;0.3692595152701701;0.7086795921689499;0.5763565095113496
False;False;False;False;True;False;True;False;False;True;True;0;False;False;False;True;0;False;False;True;False;0;False;False;False;False;True;0;24;False;0;False;0;6;False;False;False;1e83ab5066244b70726e8da4b596ae72aca47356d428a433ecba2cba61bd6777;0.7033564512232509;0.5446125263516385;0.8868801834633455;0.7177797228480634
True;False;True;True;False;False;True;True;False;False;False;0;False;False;False;False;0;False;False;True;False;0;False;True;False;True;True;0;0;False;0;False;0;6;False;False;False;fa963c163d9d768f01cb0c5bc4490a06b89bb4e6ab4aff1c31f0c8405ae2b3c1;0.6425052803827207;0.4975522919612514;0.7902081328183171;0.6199691814509606
False;False;True;True;False;False;False;True;False;False;True;0;True;False;False;True;0;False;True;False;False;0;False;True;False;False;True;0;6;False;0;True;0;6;False;False;False;9845aed03f4adbee216abbb31c167ec0e11b7855b685994990867e503bf11a83;0.8216510279839929;0.680100267019741;0.8115408191731992;0.6485889216663602
True;False;False;True;True;False;True;True;False;False;True;0;False;False;False;False;0;False;False;True;False;0;False;True;False;True;False;0;6;False;0;False;0;6;False;False;True;ab4c7b6f5d715fafb6a8d6e80e5842329da4473d106af5ca6b9ec9afce20c64d;0.7396963073311185;0.5738731258348896;0.9077628399185755;0.750653864788905
True;False;False;True;True;False;True;True;False;False;True;0;False;False;False;True;0;True;False;False;False;0;False;True;False;False;True;0;6;False;0;False;0;6;False;False;False;3dcc6416544786fc97bae75a87fc73b579701f8bfd6bcde25132e8228e983b61;0.7196560602497182;0.5536879337216224;0.8947925152398456;0.7311845524472574
True;False;True;True;False;False;True;True;False;False;True;0;False;False;False;False;0;True;False;False;False;0;False;True;False;True;False;0;18;False;0;False;0;6;False;False;True;ba14c45c3067e174ef851e94a9b3cf21c4e4252553a9e84e9a0a6370375eaa47;0.95520772989765;0.8666449140734138;0.8257901034397137;0.6689899580259231
False;False;False;True;True;False;False;False;False;False;False;0;True;False;False;False;0;False;False;False;True;0;True;True;False;True;False;0;0;False;0;True;0;6;True;False;False;e6e9dc802e46d06edf257a8db31d2114d527a424bad741544bacff21e8b656ef;0.1063030795721664;0.0663008195088316;0.32424923575118686;0.281469277119535
True;False;False;True;True;False;False;True;False;False;True;0;True;False;False;False;0;False;True;False;False;0;False;True;False;True;False;0;18;False;0;False;0;6;False;False;True;04011866aaa735cf76cfee18ec8923b23b6640412ae6eadaaa543e4692a17b05;0.848564113253617;0.69984878038789;0.9059886867196411;0.7419900012197552
False;False;False;True;True;False;False;False;False;False;True;0;True;False;False;True;0;True;False;False;True;0;False;True;False;False;False;0;18;False;0;True;0;6;True;False;False;4e9c2c352cd31aede13e0c9de0a06a56af57edb418367237e16f623847537ccd;0.7711276353524377;0.6098307429931862;0.9053716267647267;0.741630945493915
False;False;False;True;True;False;False;True;False;False;False;0;True;False;False;True;0;False;False;False;False;0;True;True;False;False;True;0;0;False;0;True;0;6;False;False;False;a784d948759b34c7f06112abffbed57701ff167144c599dba5e240c30ba9bf6a;0.3599872137333372;0.2707013344680393;0.6272775827973924;0.4981195906406789
True;False;True;True;False;False;True;False;False;False;True;0;False;False;False;False;0;False;False;False;True;0;True;True;False;True;False;0;6;False;0;False;0;6;True;False;False;1a0d8241356986ca075b7620fe15f00a55e41785b3ca0b02663b5efd488ab1ba;0.1441403672946159;0.0954551728727242;0.3150595407417759;0.289170837849189
True;False;False;True;True;False;True;False;False;True;True;0;False;False;False;False;0;False;False;False;False;0;True;True;False;True;True;0;18;False;0;False;0;6;False;False;False;e82de971e70aff3333fd6b3a3131d249fc0e33deef500067a0b9f98c223a33e4;0.1336002778257876;0.0840561227230399;0.3293517019470822;0.2802665201698853
False;False;True;False;False;False;True;False;False;False;False;0;False;False;False;False;0;True;False;False;True;0;False;False;False;True;False;0;0;False;0;False;0;6;True;False;False;b33c7a0cbf37684ddd1479e6a25c5ce4c15d257c22d622c5700d39ed340d0734;0.607115595873608;0.4616389478679171;0.8348874818539369;0.6656929067776085
True;False;True;True;False;False;False;False;False;False;True;0;True;False;False;True;0;False;True;False;True;0;False;True;False;False;False;0;6;False;0;False;0;6;True;False;False;1a284909f5a0c4af6dff9fa2d8a788ae0b873e48071a1291520e55073ef1ccbd;0.710857551844319;0.5583258023079121;0.8471693605420744;0.685939428469832
False;False;True;True;False;False;True;False;False;False;True;0;False;False;False;True;0;True;False;False;True;0;False;True;False;False;False;0;24;False;0;True;0;6;True;False;False;81f5eb0b9a3c2a5922e82d903467f054123d89cd0d0a73ad4f602d20ea6a8178;0.812156176284935;0.6594691527205779;0.8130422928899227;0.6321533970547742
False;False;True;True;False;False;True;False;False;False;False;0;False;False;False;True;0;True;False;False;True;0;False;True;False;False;False;0;0;False;0;True;0;6;True;False;False;d71dea768f20b322b6a0acc72fee0336b5e3333c2a97dc4c44d5e26308a8fc86;0.604283566417784;0.4589583267137082;0.8281106500327624;0.6581826807438437
False;False;False;True;True;False;False;True;False;False;True;0;True;False;False;False;0;False;False;False;False;0;True;True;False;True;True;0;6;False;0;True;0;6;False;False;False;fd8a807b07215bce3617885071525fbb58d2faff1396969c65cf5d114a55b802;0.1655600295009126;0.1053812275045784;0.3376204210132433;0.3020478857513665
True;False;False;True;True;False;False;False;False;False;True;0;True;False;False;False;0;False;False;True;True;0;False;True;False;True;False;0;6;False;0;False;0;6;False;False;True;8ddc43ccd99de46131878aca07b940183b5315abf4fa53a1be24e5bb7ec17b5a;0.6914733100457945;0.5229451416537638;0.9072451105254776;0.7453195333706879
True;False;False;True;True;False;True;True;False;False;True;0;False;False;False;True;0;False;False;False;False;0;True;True;False;False;True;0;24;False;0;False;0;6;False;False;False;18b9fc4b0aaad868c85c212be117abc7b6f8c87ae0385cfcf076d9906298f792;0.5214360916661638;0.4072589911156878;0.6709566174356535;0.5324620787479427
False;False;True;True;False;False;True;False;False;True;True;0;False;False;False;True;0;False;False;False;False;0;True;True;False;False;False;0;6;False;0;True;0;6;False;False;True;d01f253e4cb0192071ab8b016cf02e3e4ccd3a77f74ca007f212af9aabb757ed;0.5148235195912134;0.4102728448735913;0.6399217500214044;0.5205242265660053
True;False;False;True;True;False;True;False;False;True;True;0;False;False;False;False;0;False;False;True;False;0;False;True;False;True;True;0;6;False;0;False;0;6;False;False;False;4a2dd9dd28cf20ba9aa46db6c889277be138a7fcf5290725df541a20c87f2191;0.6638642566094842;0.4975392387882549;0.9075725848289251;0.7463128789338376
False;False;False;True;True;False;True;True;False;False;True;0;False;False;False;False;0;True;False;False;False;0;False;True;False;True;False;0;24;False;0;True;0;6;True;False;False;dece43fa68dca76ac6398aa37dedbd2fdd7f05fa26de3713cc3fdfffdad8442a;0.7876899354594705;0.6280227479330168;0.8603227335796858;0.6726605811439956
False;False;False;False;True;False;False;True;False;False;True;0;True;False;False;True;0;False;False;True;False;0;False;False;False;False;False;0;18;False;0;False;0;6;False;False;True;ac8f90fd34f84417e71a875f4b0aad1629e32a06883d1bcd7a307e955272cc1c;0.8295326577386536;0.6830676553803411;0.9021363593816814;0.7387351414317543
False;False;False;False;True;False;True;True;False;False;False;0;False;False;False;False;0;False;False;False;False;0;True;False;False;True;False;0;0;False;0;False;0;6;False;False;True;742e44986a4dbd047758798d776a4127bd75b585b6f783209a1afc2d78c62468;0.1036756759992746;0.0630735049607837;0.315517510391726;0.267737615915464
False;False;False;False;True;False;True;False;False;True;True;0;False;False;False;False;0;False;False;False;False;0;True;False;False;True;False;0;24;False;0;False;0;6;False;False;True;d93e080f9c5c43ef17234d2268ea9a20d9aab52e7bac7e21e656dd41bf42efc7;0.1344857309763452;0.0791402626556184;0.32803289029326405;0.2761115354339663
True;False;True;True;False;False;True;False;False;False;True;0;False;False;False;True;0;True;False;False;True;0;False;True;False;False;False;0;24;False;0;False;0;6;True;False;False;207d0d288d51f391cbe789734bbec0c94af999437ae2e0a7d86b2652278c9e34;0.9011760059353904;0.777770572956807;0.8659682202536052;0.700950432614943
False;False;False;False;True;False;True;False;False;True;True;0;False;False;False;False;0;False;True;False;False;0;False;False;False;True;False;0;18;False;0;False;0;6;False;False;True;46c2269910dfe0934441663fe204b97bd838e073053afe0ebdad5d45daa08a99;0.7314030273152643;0.570527982561006;0.9066733117365132;0.7457394554757644
False;False;True;False;False;False;True;False;False;True;True;0;False;False;False;False;0;False;True;False;False;0;False;False;False;True;False;0;6;False;0;False;0;6;True;False;False;570b313f150dd5ff35390b679f6e2fcfcc6d87bfaa42a4fc35d4258de339a78b;0.7291271720468956;0.5932460481327617;0.8396001062310917;0.6871143325041952
False;False;True;False;False;False;False;False;False;False;False;0;True;False;False;True;0;True;False;False;True;0;False;False;False;False;False;0;0;False;0;False;0;6;True;False;False;c2af952b7fcda428cee8525579803af13ca1496d70d5a4924bbdbd4a6c724c4a;0.6056221214660443;0.4600238409461609;0.8346941684197243;0.665954912259679
False;False;True;False;False;False;False;False;False;True;True;0;True;False;False;False;0;False;False;False;False;0;True;False;False;True;False;0;24;False;0;False;0;6;True;False;False;33a472b81e57b67e5104dd97836ea543dd48fa43faa02c64628a7ade3fab573b;0.1698415358367387;0.1314478431316596;0.31063715680492976;0.29065135140954695
True;False;True;True;False;False;False;False;False;False;True;0;True;False;False;True;0;True;False;False;True;0;False;True;False;False;False;0;6;False;0;False;0;6;True;False;False;756cdc99b45730d5555b6126c3064e1e5e240020794b747148d476f4e6371c16;0.7104926414621197;0.5582198267718529;0.8462890948201641;0.6854958446164306
False;False;False;False;True;False;True;False;False;False;True;0;False;False;False;False;0;False;False;True;True;0;False;False;False;True;False;0;18;False;0;False;0;6;False;False;True;95b73b0d21f3c884ab37e5d0372cc4b39ef1728647cda007cfe60b35e3e501fa;0.7836518719034303;0.6307500793222798;0.9106327445827703;0.7541852715109905
False;False;True;False;False;False;False;False;False;True;True;0;True;False;False;False;0;False;True;False;False;0;False;False;False;True;True;0;6;False;0;False;0;6;False;False;False;b2582ca393a012159017246176eb64a2b95506db1b16b31698631a044b15a8a5;0.7079195917018379;0.5694377419326793;0.8241779517295548;0.6674279553388877
False;False;True;True;False;False;True;False;False;False;True;0;False;False;False;True;0;True;False;False;True;0;False;True;False;False;False;0;24;False;0;True;0;6;False;False;True;68deac5df7814b4ec082551aef172c2d9cea341325875fc10076e1891560a7d4;0.8151951388739206;0.6619191402909748;0.8094868416552499;0.6279623598615109
True;False;True;True;False;False;False;False;False;False;True;0;True;False;False;True;0;False;False;True;True;0;False;True;False;False;False;0;18;False;0;False;0;6;False;False;True;fa62b9e3f8ecd384a91798f619747ccd2a247447c9c731152050b8e0fe405223;0.8884126061508165;0.7594879806332528;0.8800454775694121;0.7259187087673996
True;False;True;True;False;False;False;False;False;False;True;0;True;False;False;True;0;False;True;False;True;0;False;True;False;False;False;0;18;False;0;False;0;6;True;False;False;3adc3e8d4bbe9839feb19e719569848aae34127bedbcd6353220d95f177b5a48;0.8835185257080724;0.7535394871241108;0.8827512529733808;0.7302881463871864
False;False;True;False;False;False;True;False;False;False;True;0;False;False;False;True;0;False;True;False;True;0;False;False;False;False;True;0;24;False;0;False;0;6;False;False;False;f23628be7902ce6d929ecdc709eacac9f009f42a2626c37758d820c166bde03e;0.8580644281342139;0.7265814781984993;0.845952775198467;0.670157629922071
False;False;False;True;True;False;True;True;False;False;True;0;False;False;False;True;0;False;False;True;False;0;False;True;False;False;False;0;24;False;0;True;0;6;False;False;True;f27bb448f3ffc25b4a25f0110d50c3e4b99aa8bd4eb2275181553aa6cf3a16fc;0.7900045272425802;0.630771904516244;0.8571202141577994;0.6686627075488659
False;False;True;True;False;False;True;True;False;False;False;0;False;False;False;True;0;False;False;False;False;0;True;True;False;False;False;0;0;False;0;True;0;6;True;False;False;6b59b6dad8c442c29761c61f2747b69d2ed5fecbf2f1eebaa5dbcbb71704dc4f;0.4653740696412063;0.3523565248393838;0.6434299188404345;0.5022394042373757
False;False;True;True;False;False;True;False;False;True;True;0;False;False;False;True;0;False;False;True;False;0;False;True;False;False;True;0;24;False;0;True;0;6;False;False;False;363d34a76899392e5b37568f26828f80029b12647ce5d85b51ac3a1f67f51204;0.7750852748612752;0.6410627976741405;0.7706644670916909;0.6031344672491498
True;False;False;True;True;False;False;False;False;True;True;0;True;False;False;False;0;False;False;False;False;0;True;True;False;True;False;0;6;False;0;False;0;6;True;False;False;853eb19488f1f28ed5d6b76326c20f41a3ab837875ef3dc0db47799ee6d1c465;0.1406119507516701;0.0830248359154561;0.3487718957214734;0.3007660163002881
False;False;False;False;True;False;True;False;False;True;True;0;False;False;False;True;0;False;False;False;False;0;True;False;False;False;False;0;24;False;0;False;0;6;False;False;True;c2df56dcc17fdcb6e1baba0270e6e90e7f7a55a1cef53f4787f2cb9a43faf82b;0.4627067120251403;0.3534555302275593;0.6937587626770629;0.5630937102676888
False;False;True;True;False;False;True;False;False;True;True;0;False;False;False;True;0;True;False;False;False;0;False;True;False;False;False;0;24;False;0;True;0;6;False;False;True;7a90e3edb3e282a148780d0b9ea7d289d555db0ffda6fda38ada56090ce506da;0.8062079171418362;0.674771249762021;0.7833496625151881;0.614988061541458
True;False;True;True;False;False;True;True;False;False;True;0;False;False;False;True;0;False;True;False;False;0;False;True;False;False;False;0;6;False;0;False;0;6;True;False;False;df3f7a57d93a467b90e93d5bc174d7a9cc0309d10be92b7dceb6127c38e33113;0.7997760267378116;0.6562465478163653;0.8304098685554637;0.6684703834635055
False;False;False;False;True;False;False;True;False;False;True;0;True;False;False;True;0;True;False;False;False;0;False;False;False;False;False;0;24;False;0;False;0;6;True;False;False;2a5ccb60f151700333c491bb876ad2a5dd2878d12722aee3de7f6bbb84dfa2f0;0.8229313383022531;0.682747668844368;0.8842374637785538;0.7173143211064235
False;False;True;False;False;False;True;False;False;True;False;0;False;False;False;True;0;True;False;False;False;0;False;False;False;False;False;0;0;False;0;False;0;6;True;False;False;c1a433acb48c125eb9bf6b9b537494ad8f7412d2f42b8da308ead622e998a6ac;0.6174764191734389;0.483653413174341;0.8026213017945113;0.6413859230733686
False;False;True;False;False;False;False;True;False;False;True;0;True;False;False;True;0;False;False;False;False;0;True;False;False;False;True;0;18;False;0;False;0;6;False;False;False;5569c9697f159263f91def245c796f38777a30916e43e6a712e45ab9cd07761d;0.5630922015963113;0.4548692867883214;0.601951632617556;0.4809148421953829
False;False;True;True;False;False;False;False;False;False;False;0;True;False;False;False;0;True;False;False;True;0;False;True;False;True;True;0;0;False;0;True;0;6;False;False;False;ff2a6cd454aa776e922e9d456e3a4e45155f54c8f3638f6bfbad2aedd1e7402a;0.5866317458513802;0.4452106229445121;0.8092173692225146;0.6403440745633984
False;False;True;False;False;False;True;True;False;False;False;0;False;False;False;False;0;False;False;False;False;0;True;False;False;True;False;0;0;False;0;False;0;6;False;False;True;661a3e9991a0a489e9447c04d1e39861d9525c2cbea1ba82ef65f980162ccdb5;0.1402765448085379;0.0872630173584841;0.3096658415446453;0.26081986699206716
True;False;False;True;True;False;True;False;False;True;True;0;False;False;False;True;0;True;False;False;False;0;False;True;False;False;False;0;6;False;0;False;0;6;False;False;True;7b21c66defff5ad9dc4508275fb4d1b05227ea037f0e5c7aea9b253cc115e814;0.6800899089820476;0.5131351702470534;0.916549999982916;0.7561917621413433
False;False;False;False;True;False;True;False;False;False;True;0;False;False;False;True;0;False;False;False;True;0;True;False;False;False;True;0;24;False;0;False;0;6;False;False;False;a26df7225efd6377336b8c1751f1551e578d73f1a6ccfa55bd3cbbd644882821;0.4780962791187151;0.3703582167401363;0.6734677974648328;0.5407666039648591
True;False;False;True;True;False;False;False;False;True;True;0;True;False;False;False;0;False;False;False;False;0;True;True;False;True;False;0;18;False;0;False;0;6;False;False;True;dda939709fc9632fe99194a55d57bd338523374867660e6e628deb085f8eec2e;0.1417293726354367;0.0892410702759224;0.3383756537727827;0.28932223069005775
False;False;True;False;False;False;True;False;False;True;True;0;False;False;False;False;0;False;True;False;False;0;False;False;False;True;False;0;18;False;0;False;0;6;True;False;False;7e08e5da4e36471194f30ce05545f5c5b59be6f29caa7db39e83726791dafa6d;0.8604411192779917;0.7393829121836039;0.8609647436032948;0.7097084315755314
True;False;True;True;False;False;False;False;False;True;True;0;True;False;False;False;0;True;False;False;False;0;False;True;False;True;False;0;18;False;0;False;0;6;False;False;True;320b7b615ecfa3cb3918a1c71065aa6a7b186c1994cf99967b2fb86d6c0a169a;0.8744541001282551;0.7550977783114191;0.8537697954224612;0.7034395808639833
False;False;True;False;False;False;False;False;False;False;True;0;True;False;False;True;0;False;False;False;True;0;True;False;False;False;True;0;6;False;0;False;0;6;False;False;False;95e28aa2b6c15bab3b634addd3618a36995739974f18578c6d845083af03514e;0.4478106837255646;0.3465508740836999;0.6255910347680304;0.5012804853905224
False;False;False;False;True;False;True;True;False;False;True;0;False;False;False;False;0;True;False;False;False;0;False;False;False;True;True;0;6;False;0;False;0;6;False;False;False;68720d6db5acf246edb96c91849c9ea5e504842fd282f8c92dd142bcf2c388f5;0.7144751948475323;0.5492760557491022;0.8920812684938387;0.7293424844037913
True;False;True;True;False;False;False;True;False;False;True;0;True;False;False;False;0;False;True;False;False;0;False;True;False;True;True;0;24;False;0;False;0;6;False;False;False;df1a734ce96602627be9fbe70a32c087ed49679f521a2d437a0a2583107870ed;0.9569657019941296;0.8800451397716398;0.8029697606381734;0.6284109384536944
False;False;False;True;True;False;True;False;False;False;False;0;False;False;False;False;0;False;False;False;True;0;True;True;False;True;False;0;0;False;0;True;0;6;False;False;True;66782d46340b01cecc38dc332dbba1507bdce450d15e55a7144672aff76b89c2;0.100427008209979;0.0624465557320716;0.3158387979443483;0.27516709699068687
False;False;True;True;False;False;False;False;False;True;True;0;True;False;False;False;0;True;False;False;False;0;False;True;False;True;True;0;6;False;0;True;0;6;False;False;False;93ae6598d095ca04984891fa32f61809a3f8abd6f3cac308068a77ddb2d8015b;0.7559398329740681;0.6167798424001755;0.8190674701615902;0.6653646080848447
False;False;False;False;True;False;True;True;False;False;True;0;False;False;False;True;0;False;True;False;False;0;False;False;False;False;True;0;24;False;0;False;0;6;False;False;False;97b23ded50dfeb189523ac5fb2ce7aac61f67809d942793374ef04a1e8f671c8;0.8044119196163806;0.6596219995462287;0.8727177028894483;0.6982891348077584
False;False;True;True;False;False;False;False;False;True;True;0;True;False;False;True;0;False;False;True;False;0;False;True;False;False;False;0;18;False;0;True;0;6;False;False;True;b101d0c391b0e72fc4657780e4a495a8050285d6f1f4adb4f1bfc988ed570d3d;0.8081563422173361;0.6781875064386945;0.7975743092544374;0.6407434204876072
True;False;True;True;False;False;False;False;False;True;True;0;True;False;False;True;0;False;False;True;False;0;False;True;False;False;False;0;18;False;0;False;0;6;False;False;True;2536947e4059898f55d13f405afccc5ced1bf3144b5e3ff39facdfa42d489ddf;0.8715554425647138;0.7526985733178666;0.8545571328898007;0.7044697391905601
False;False;True;True;False;False;False;False;False;True;True;0;True;False;False;False;0;True;False;False;False;0;False;True;False;True;False;0;6;False;0;True;0;6;True;False;False;d78416c92fc4811f8e7ca40c799564dc1618469d649b148094b70fe89390cc26;0.7778569432235989;0.6410198004449976;0.8331609467789519;0.6821425813154756
False;False;True;True;False;False;False;False;False;False;True;0;True;False;False;False;0;False;True;False;True;0;False;True;False;True;False;0;24;False;0;True;0;6;True;False;False;be71dbedb2aa3425fcb109f2cb1c48ea0234c6e3df1ad63a5df1ee82b337eb4f;0.8147444371622831;0.6609129574501343;0.8109695378432683;0.6282360638349908
False;False;True;False;False;False;False;False;False;True;False;0;True;False;False;False;0;True;False;False;False;0;False;False;False;True;True;0;0;False;0;False;0;6;False;False;False;f1e8ee2f787c4b65d5bc118b9c9ba67ce91e9db8966a8976104792effe6a11dd;0.5981288349276153;0.4658355302141305;0.7837792933047857;0.6222879073822117
False;False;False;False;True;False;False;True;False;False;True;0;True;False;False;False;0;False;False;True;False;0;False;False;False;True;False;0;18;False;0;False;0;6;True;False;False;49621ae1cc16986f06e1b8df0b3d95c421a6524586d592b61d371ec21f69a485;0.8251014957832299;0.6767707313113502;0.903573383709402;0.7405192074289699
False;False;False;False;True;False;True;True;False;False;True;0;False;False;False;False;0;False;False;False;False;0;True;False;False;True;False;0;6;False;0;False;0;6;False;False;True;cc5747a7052c9f5dddab56bc6ebfdde38138c60d32b0116d0a1780e8a170a0a3;0.1441865890644938;0.0847794301259277;0.3275720098322075;0.2815494434032946
False;False;True;True;False;False;False;True;False;False;True;0;True;False;False;True;0;False;True;False;False;0;False;True;False;False;True;0;24;False;0;True;0;6;False;False;False;0453b441746d20c897ce72a17b962c2e8bc4c3e607d6866ef36dd77380e75c96;0.8639886812501041;0.7324103811718811;0.7400627947341434;0.558581714438971
False;False;False;False;True;False;False;False;False;False;True;0;True;False;False;True;0;True;False;False;True;0;False;False;False;False;True;0;24;False;0;False;0;6;False;False;False;66837179692d7ca0201777a26340688748add4d824fb41603e4d250229d03900;0.7513805640244868;0.6004616128288848;0.878444416812748;0.7070508000634188
False;False;False;False;True;False;True;True;False;False;True;0;False;False;False;True;0;False;False;False;False;0;True;False;False;False;True;0;18;False;0;False;0;6;False;False;False;715750cc993d2829998c1d16b18dc64908e303873e07e590e42f79fbe8a852cb;0.5162313099807934;0.4016057191317801;0.6841228225607964;0.5511474667571948
False;False;False;False;True;False;True;False;False;True;False;0;False;False;False;False;0;False;False;False;False;0;True;False;False;True;False;0;0;False;0;False;0;6;False;False;True;6d74c30e553f35043e4e3c8a00b6fb8fe43d6fc39af64181823c564e82a8e4e0;0.1046509852726784;0.0641392998688331;0.3313434388618176;0.28356051638945506
False;False;False;True;True;False;False;True;False;False;True;0;True;False;False;True;0;True;False;False;False;0;False;True;False;False;True;0;18;False;0;True;0;6;False;False;False;e1f7a470c5934df5c4bef634e4ee294b269a4a7162d225764a98d503d610690b;0.7912105159553482;0.6357657518457323;0.8741400403929941;0.7009150720622576
False;False;False;False;True;False;False;True;False;False;True;0;True;False;False;True;0;False;False;False;False;0;True;False;False;False;False;0;18;False;0;False;0;6;False;False;True;69f17613feb928978a136e331dc1f14d109bca152afd69ff0505ea8d46272c35;0.5079851891008714;0.401252098523551;0.6744457337473406;0.5496816605282102
True;False;False;True;True;False;True;False;False;True;True;0;False;False;False;False;0;False;False;True;False;0;False;True;False;True;True;0;24;False;0;False;0;6;False;False;False;3165f5b3300ae0e267d282144e9481e5d33ca05539e7b3e68de4f57b0b922938;0.7156414513632673;0.5562334228911427;0.8914982294958254;0.724421016718511
False;False;False;True;True;False;True;True;False;False;False;0;False;False;False;False;0;False;True;False;False;0;False;True;False;True;True;0;0;False;0;True;0;6;False;False;False;8fd5f18c33d0b6cde9ae7d90d8129d293db679d4d73a2d3027c5ba474d07ca1d;0.5276634154777411;0.4005965793179008;0.8020068724262773;0.6364993557539168
False;False;True;True;False;False;True;False;False;False;True;0;False;False;False;True;0;False;False;False;True;0;True;True;False;False;True;0;18;False;0;True;0;6;False;False;False;839a9125e3e6f58d29b9455275c18db00ebbadb4f177cf022c692321577f78c6;0.5180992562919282;0.4029425416693286;0.6259603139611871;0.49569638201681926
True;False;False;True;True;False;False;False;False;True;False;0;True;False;False;False;0;False;True;False;False;0;False;True;False;True;True;0;0;False;0;False;0;6;False;False;False;fe34db4beca4a51042e4e17a175775288a3ab870905af8348e54a3e35034bde7;0.5165691964347439;0.3903056351220514;0.8225248714854597;0.6635639565067345
True;False;False;True;True;False;True;True;False;False;True;0;False;False;False;False;0;True;False;False;False;0;False;True;False;True;False;0;6;False;0;False;0;6;True;False;False;9fb77bd6f125fc67c8b84914b11b480799eeb7ebd4acd785ddbe0feb54b6f604;0.7352842694174982;0.5689195416374216;0.9092576181301171;0.7533663974613337
True;False;False;True;True;False;True;False;False;False;False;0;False;False;False;False;0;False;False;True;True;0;False;True;False;True;False;0;0;False;0;False;0;6;False;False;True;1094afc115613073194a46cb1f04124adf7539585686955b2063ebf04307880b;0.5341843390957829;0.4122785233479243;0.8134356012387849;0.6539003637168394
False;False;False;False;True;False;False;True;False;False;True;0;True;False;False;True;0;False;False;True;False;0;False;False;False;False;True;0;24;False;0;False;0;6;False;False;False;a3bfe471f4eb1b526e80a2d7c2d24b57cabc410764a79f22e99babfe990ac281;0.800768583567172;0.6533691801528613;0.8709535167524144;0.6963189580697308
True;False;False;True;True;False;False;False;False;True;False;0;True;False;False;False;0;False;True;False;False;0;False;True;False;True;False;0;0;False;0;False;0;6;True;False;False;09e3e34e51c7937e3e15d13877774a2e97fa6120c880f80c2d3c3f154915eaf3;0.5274587836925528;0.3999658142584373;0.8343400843670133;0.6752251027078066
False;False;True;True;False;False;False;True;False;False;True;0;True;False;False;False;0;False;False;False;False;0;True;True;False;True;True;0;18;False;0;True;0;6;False;False;False;112e3be187eae8fadc0df161f903b7a4fa3c1449755b5f39948054bdb2469c1d;0.1689332511635429;0.1236148986000773;0.2718208276321562;0.24845799039017444
False;False;False;False;True;False;False;False;False;False;True;0;True;False;False;True;0;False;False;False;True;0;True;False;False;False;False;0;24;False;0;False;0;6;False;False;True;330d1c1a00e0c4d2f502654ee06a8e59edbf04f7f53f82b8dc651f2c6b4c81ea;0.4678805596256196;0.3682150752316403;0.6627213265984562;0.539117814225637
True;False;False;True;True;False;False;False;False;False;False;0;True;False;False;True;0;False;False;False;True;0;True;True;False;False;True;0;0;False;0;False;0;6;False;False;False;22498e975cf38aea657d3023860d2c4880ae24da45b298006622d8b8d85ca165;0.3490590844868635;0.2677021109590394;0.6215711381949118;0.4996922110983006
True;False;True;True;False;False;False;False;False;True;False;0;True;False;False;True;0;False;False;False;False;0;True;True;False;False;False;0;0;False;0;False;0;6;True;False;False;234bfb3ad509ab79e286d6f32bb361542a0b2a686df6ae49c6dd2ad28cd3234e;0.4108645796360698;0.3172537175055741;0.6154861100378306;0.49008532734948157
False;False;True;False;False;False;True;False;False;True;True;0;False;False;False;True;0;False;False;False;False;0;True;False;False;False;False;0;18;False;0;False;0;6;True;False;False;41998dcf4e59e0cf02e768dfb6215807db32899e28f592cb3e0ec688ba03d16d;0.5500319193525854;0.4494773448649695;0.6547900664962567;0.5365732825108939
True;False;False;True;True;False;True;False;False;True;True;0;False;False;False;False;0;True;False;False;False;0;False;True;False;True;False;0;18;False;0;False;0;6;True;False;False;f972e90ac4dd08ea388a4652b6fbe30e1d40c41a10b4a3b673c5015e429badac;0.7349835150461895;0.5722781234749856;0.9115185424463286;0.752757996949096
False;False;False;False;True;False;True;True;False;False;False;0;False;False;False;False;0;False;False;True;False;0;False;False;False;True;False;0;0;False;0;False;0;6;False;False;True;b48d41f50e00bd7eef7869e86a606bff57b662cb03a47126eb1557b9acf38068;0.5352878015989716;0.4098299236778943;0.8096273954341526;0.6468509533229247
True;False;False;True;True;False;True;False;False;False;False;0;False;False;False;True;0;False;True;False;True;0;False;True;False;False;False;0;0;False;0;False;0;6;True;False;False;fe99da47da97a07e3e3798f760b331d2fbb573f8b17af74ac13fe0d97bbc5edf;0.5317319721049402;0.4100578277441223;0.8166600905829754;0.6585021367236961
False;False;True;False;False;False;False;True;False;False;True;0;True;False;False;True;0;False;False;True;False;0;False;False;False;False;True;0;18;False;0;False;0;6;False;False;False;ebcf90cf62c71c9486d6079c36e41c09fafe12530af05a26aabf02de870f9e0d;0.907320274023744;0.7964340717243515;0.8143302337720809;0.6490497534888916
False;False;True;True;False;False;True;True;False;False;True;0;False;False;False;False;0;True;False;False;False;0;False;True;False;True;False;0;18;False;0;True;0;6;False;False;True;f43ff3e5da53a14c2ef8bf419e70aef860e6a1c7ec373391e6f3738df7f909dc;0.8870779080023066;0.7683667257564003;0.7765535207147147;0.6168039114032695
False;False;True;False;False;False;False;True;False;False;True;0;True;False;False;True;0;False;True;False;False;0;False;False;False;False;True;0;18;False;0;False;0;6;False;False;False;3a635ad00b4c9d77f1d525f8735fa535feff2595202700707dd1982dfc61543f;0.9067566788186237;0.7962645083977433;0.8106716935941121;0.645395382594787
False;False;False;False;True;False;True;False;False;False;True;0;False;False;False;True;0;False;False;True;True;0;False;False;False;False;False;0;18;False;0;False;0;6;True;False;False;4cecaf64841f082a50b9c9eefefcbab735c2cb1f5dd3ded676c66b98ec5e9273;0.7771016305638586;0.6230026910988964;0.9123534369634918;0.7581871819637463
False;False;False;True;True;False;False;True;False;False;True;0;True;False;False;True;0;False;True;False;False;0;False;True;False;False;False;0;6;False;0;True;0;6;False;False;True;01b9c816ffe143badabf992b5f5e585e172ab64b00f6f59a1f56cab9872259c8;0.8009067843851196;0.6442991770462634;0.9261790677882921;0.7772237874774823
False;False;False;False;True;False;False;False;False;True;True;0;True;False;False;False;0;False;False;True;False;0;False;False;False;True;True;0;24;False;0;False;0;6;False;False;False;f5f41d15c6d3e7bcd44f29f2efdcca78c791487311d5a8bfb0e940a7dcba64c7;0.7052437259051625;0.5471349021599342;0.887932174428551;0.7193037923636798
False;False;False;True;True;False;True;False;False;True;True;0;False;False;False;True;0;True;False;False;False;0;False;True;False;False;True;0;24;False;0;True;0;6;False;False;False;fbe88e95b14e3f0640aed7554450a602c7a9f2ac0f6f0c0d000ebfebaa54c2c9;0.6756486634590364;0.5139991382837538;0.8697115231010294;0.6908155944899537
True;False;False;True;True;False;True;False;False;True;True;0;False;False;False;True;0;False;False;False;False;0;True;True;False;False;False;0;18;False;0;False;0;6;False;False;True;794a556ad5d202c0eb6a0e5f7be1b46e91a6c04212a13c5228beed81db537ea4;0.477485099593642;0.3654637194198547;0.7085136881039772;0.5794052965960956
False;False;True;True;False;False;True;True;False;False;False;0;False;False;False;True;0;True;False;False;False;0;False;True;False;False;False;0;0;False;0;True;0;6;True;False;False;51e35030e5583f689c1820acd8dc589f7d6c4e2015d03abfd0630262ff403534;0.6526695041540711;0.5077428223422567;0.7970620763153405;0.6240571406031269
False;False;True;False;False;False;True;False;False;False;True;0;False;False;False;False;0;True;False;False;True;0;False;False;False;True;True;0;6;False;0;False;0;6;False;False;False;fe776f2af996c8c6adbfba888a2d96a67c8b85b8ab3bb93adab0ca20c7fd486c;0.6919739785728407;0.5472179347871206;0.8308289780789252;0.6686972207181907
True;False;True;True;False;False;False;False;False;False;True;0;True;False;False;True;0;False;False;True;True;0;False;True;False;False;False;0;18;False;0;False;0;6;True;False;False;81e14e4b8b5dd82871fbf9f258e7f1f19b096a41165d733aee88b509b6930a78;0.8852793734593027;0.7550733947968536;0.8849101671113289;0.7328277774237204
False;False;True;False;False;False;False;False;False;False;True;0;True;False;False;False;0;False;False;True;True;0;False;False;False;True;False;0;18;False;0;False;0;6;True;False;False;85cc455b5a7093f87db84c90b27358779201742d9629823bb3d2adc0ab1fbd29;0.8728883802232014;0.7418722411599078;0.8823613220626944;0.7267009372929301
False;False;True;True;False;False;True;False;False;False;True;0;False;False;False;True;0;False;False;False;True;0;True;True;False;False;False;0;24;False;0;True;0;6;False;False;True;b91762019573650e45a9dea0dec8b9ea452d137132e22698f093758a3ce1ad59;0.5218535825684457;0.40492405839192;0.6114448395344437;0.47354404320899973
False;False;True;True;False;False;False;True;False;False;True;0;True;False;False;True;0;False;False;True;False;0;False;True;False;False;True;0;18;False;0;True;0;6;False;False;False;3e402f123a22c8a6df7aa57f581e7a3e190ff5f5b13245b97a7c673a694bdb6e;0.8549991708267873;0.7276002798764661;0.7612620858087806;0.5993590531486805
False;False;False;True;True;False;True;True;False;False;True;0;False;False;False;False;0;False;False;True;False;0;False;True;False;True;False;0;24;False;0;True;0;6;False;False;True;4b997f885451fbd78f1660a2e1ad41a1289d99a5d771b0351fdd03bbd6cc1483;0.7914965172881866;0.6321137783684717;0.8574308936520117;0.6687035116175474
False;False;False;False;True;False;True;False;False;True;True;0;False;False;False;False;0;False;False;True;False;0;False;False;False;True;False;0;6;False;0;False;0;6;True;False;False;5c2f67aa03771b97377a926a2b9effa23ea470f8145cc074c61e041f58905afb;0.6717926125759255;0.5027924041799838;0.9151131526445573;0.7527603014884403
False;False;True;True;False;False;True;True;False;False;True;0;False;False;False;True;0;False;True;False;False;0;False;True;False;False;False;0;6;False;0;True;0;6;False;False;True;9d9e038d0da73f382aba1f35ddc11d901ff9566ed61399caff64418b221ed41b;0.8503130276535489;0.7138586362550772;0.8288542980258692;0.6692589691181462
False;False;False;False;True;False;False;False;False;False;False;0;True;False;False;True;0;False;False;False;True;0;True;False;False;False;False;0;0;False;0;False;0;6;False;False;True;0ac49b577ce8c7ace7e28634d9a3dfbcfe54188f1f1fd1b061db258f57816f62;0.3519616999668847;0.2696344888387364;0.6287215434484688;0.5038988441749057
False;False;False;True;True;False;False;False;False;False;True;0;True;False;False;False;0;False;False;True;True;0;False;True;False;True;True;0;6;False;0;True;0;6;False;False;False;ad3236c11a1bca89e98da4b8ea5804c7746e9b957b6ca9ec15bc398c3cad846d;0.7317302310336952;0.5677462644893431;0.9132714717078254;0.7538300981340561
False;False;False;False;True;False;False;False;False;False;True;0;True;False;False;False;0;False;True;False;True;0;False;False;False;True;False;0;24;False;0;False;0;6;False;False;True;a3499fa20f796e2a8cf28cf80e81bb46d679868da4c52d97fe6221b1ab695647;0.7780136830200117;0.6280727498006299;0.8915204510395226;0.7240183928156639
False;False;False;True;True;False;True;False;False;True;True;0;False;False;False;True;0;True;False;False;False;0;False;True;False;False;False;0;6;False;0;True;0;6;False;False;True;df4bf44bdba339cfe7c467479cde578758b874e6e14733f200543fc836b879c1;0.7348298872150295;0.5708452645501885;0.936433128457256;0.7905023757411151
False;False;False;False;True;False;False;False;False;True;False;0;True;False;False;True;0;False;False;False;False;0;True;False;False;False;False;0;0;False;0;False;0;6;False;False;True;94b43550df1d7f5b6e83d8a3d52a81099693a3077f843a0613dff7c5d991534d;0.3514972042042455;0.2699800012345059;0.646967266728715;0.5256908340201107
True;False;False;True;True;False;True;False;False;False;True;0;False;False;False;False;0;False;False;True;True;0;False;True;False;True;False;0;18;False;0;False;0;6;False;False;True;10e1ef0b2393662580c2875bb8ade719578ea444357d96f0c709e74638938bad;0.7989069553851071;0.6426739558843008;0.9170859056673439;0.7607527672440522
False;False;True;True;False;False;False;False;False;True;True;0;True;False;False;False;0;False;False;True;False;0;False;True;False;True;False;0;6;False;0;True;0;6;True;False;False;abacb3510aee05063ed4ebd256bd2ce5c66a21b497dac169162978b55602c8de;0.7777547625356217;0.6411341715166292;0.8334593339157644;0.6826321368069518
True;False;True;True;False;False;False;False;False;True;True;0;True;False;False;True;0;False;False;False;False;0;True;True;False;False;True;0;6;False;0;False;0;6;False;False;False;8a5bc73da88d84d4177fb4b8996a3449298b9bd1204e9ef456d1630fa7a61773;0.4529199654796284;0.3581704669914527;0.6152447379756;0.5006634636309149
False;False;True;True;False;False;False;False;False;True;True;0;True;False;False;False;0;False;True;False;False;0;False;True;False;True;False;0;6;False;0;True;0;6;True;False;False;313f741fa1a781b599d3db20da94b7e914928d5b5579950a49e6f178249f7843;0.7781006707450179;0.6411549938456022;0.8327453387607792;0.6816839871041761
False;False;False;True;True;False;True;False;False;True;True;0;False;False;False;True;0;False;False;True;False;0;False;True;False;False;False;0;6;False;0;True;0;6;True;False;False;02a80dc0e755c4bc17a4e72677719cc601262c66e9635350f84ddf59bcf2901c;0.7307838944275696;0.5660841422074805;0.9387365578710553;0.7943651779634691
True;False;True;True;False;False;False;False;False;True;True;0;True;False;False;True;0;False;True;False;False;0;False;True;False;False;False;0;6;False;0;False;0;6;False;False;True;2010b7da97aece84232d1d3132799d0047f8360dfa510785e136e04038898f43;0.7295263338828787;0.5915354385426111;0.833447749183442;0.6805682928497482
False;False;False;True;True;False;True;True;False;False;True;0;False;False;False;True;0;True;False;False;False;0;False;True;False;False;False;0;24;False;0;True;0;6;True;False;False;2322219ef374ca341b69230d7a037301ee4adc0e53db07a31ec782bc06cbe341;0.7856377304664042;0.6265876477857484;0.8595796663199687;0.6728891885659232
False;False;True;False;False;False;True;False;False;True;True;0;False;False;False;False;0;False;False;True;False;0;False;False;False;True;True;0;24;False;0;False;0;6;False;False;False;67bc1a4641f4e21ac11ce3b42f3b099abab6259c6135053daf5b12f2eaffc1e3;0.8490267412569353;0.7273518936417479;0.8379703726118618;0.6739457152825057
True;False;True;True;False;False;True;False;False;False;True;0;False;False;False;False;0;False;True;False;True;0;False;True;False;True;False;0;18;False;0;False;0;6;True;False;False;aa1a5c5f8ac17444fbced145e64af6c07dcfc7c4c82296996865e6d326f53196;0.8831295786265977;0.7530828605390799;0.882616281302873;0.7306624395862585
False;False;True;True;False;False;True;False;False;False;False;0;False;False;False;False;0;False;False;False;True;0;True;True;False;True;True;0;0;False;0;True;0;6;False;False;False;1071660b58a401ab8088adf531cb52d5c998c8c3f3b310a37985749c55c714f0;0.132097048845644;0.0821736564855473;0.32367767501390005;0.2850370386298005
True;False;True;True;False;False;False;False;False;False;True;0;True;False;False;True;0;False;False;False;True;0;True;True;False;False;True;0;6;False;0;False;0;6;False;False;False;3c07567c855b57ddd5f39f080fc12ac00fcfe659e25169f89127e3d357ffba5f;0.4503441324765321;0.3471589397900152;0.626947906592301;0.5035838878713894
False;False;False;True;True;False;True;False;False;True;True;0;False;False;False;True;0;True;False;False;False;0;False;True;False;False;False;0;18;False;0;True;0;6;False;False;True;28ac6ce00e690665ee6fc0253d401083ad3004ceaa85b9087ff89964fc47a81f;0.7103897655903865;0.5478935071720876;0.8955253145724277;0.7299006409599899
False;False;True;False;False;False;False;True;False;False;True;0;True;False;False;False;0;False;True;False;False;0;False;False;False;True;True;0;18;False;0;False;0;6;False;False;False;127b969509d273a745cd11d160f50a3ce762ec6147bf47313f91d4b06f736f98;0.9091471485670016;0.7991362932234498;0.8134209733538211;0.648954316579603
True;False;True;True;False;False;False;True;False;False;True;0;True;False;False;False;0;True;False;False;False;0;False;True;False;True;False;0;18;False;0;False;0;6;True;False;False;d0f45da0202babf22f2fd78c0d0f11658e51b065209e47d3bacc2b27aa341951;0.9528650283035076;0.8652517099486753;0.8312110696932777;0.6748993261443402
True;False;True;True;False;False;True;False;False;True;False;0;False;False;False;False;0;False;True;False;False;0;False;True;False;True;False;0;0;False;0;False;0;6;True;False;False;4f5d3373a84c7a07b2581c242af411e1cebb1b2e896f7783ce6e7a45a06cb9b4;0.6189247479976725;0.4856361892151564;0.8017954292410427;0.6415164619236619
False;False;True;True;False;False;True;False;False;True;False;0;False;False;False;True;0;False;False;False;False;0;True;True;False;False;False;0;0;False;0;True;0;6;False;False;True;8629d7362cc0387006444d0039027aa26c3a5dd396a49cc6af560e0e4679d66f;0.4191700895970868;0.3242909155554954;0.6127507415747373;0.48539869030358046
True;False;True;True;False;False;False;False;False;True;True;0;True;False;False;False;0;False;False;False;False;0;True;True;False;True;False;0;18;False;0;False;0;6;True;False;False;6b09b25fceac80e7f7b299f287ed7be4ec7f7098b7fd9d285409139555e6577c;0.1740051567174523;0.1337029632656227;0.3216067018994079;0.29837391939565927
True;False;False;True;True;False;False;True;False;False;True;0;True;False;False;False;0;False;False;True;False;0;False;True;False;True;False;0;18;False;0;False;0;6;False;False;True;998ad08db638286c5a650525093d4ef0c745daf2586fec8eed042e26df7e333e;0.8465862030232006;0.6986466814996019;0.9068126139129532;0.743566034210636
False;False;True;True;False;False;False;False;False;False;True;0;True;False;False;True;0;True;False;False;True;0;False;True;False;False;False;0;6;False;0;True;0;6;True;False;False;024cb68d834b4193f2a790cf4b7ec1c6f1f750693fafb0cffce3291f6c775adf;0.7581623805729393;0.6044605382931932;0.8463266239541125;0.6851437144758117
False;False;False;True;True;False;False;False;False;True;True;0;True;False;False;False;0;True;False;False;False;0;False;True;False;True;False;0;24;False;0;True;0;6;False;False;True;74613f98aa2e09851a6792e02c5279a8ac8c52cad7145c65793de56fe808eec7;0.6969618942917537;0.5328077437943572;0.8803820127862739;0.7013866490981944
False;False;False;False;True;False;True;False;False;False;False;0;False;False;False;False;0;False;False;True;True;0;False;False;False;True;True;0;0;False;0;False;0;6;False;False;False;355fb41a0d50c30d01c06245cdea8735a7637c9df2824c635c2eefc8bdbd90af;0.5213699816503227;0.3999038421613698;0.8045423821611134;0.6437505577959239
False;False;True;False;False;False;False;False;False;False;True;0;True;False;False;True;0;False;False;True;True;0;False;False;False;False;False;0;24;False;0;False;0;6;True;False;False;7392393b62c1685c8585327a839b6cfc0d4ce8650b6deaae79ed59ae668a157f;0.8862269523365646;0.7604999293283576;0.8641900829702274;0.6949227897730447
False;False;True;False;False;False;False;True;False;False;False;0;True;False;False;False;0;False;True;False;False;0;False;False;False;True;False;0;0;False;0;False;0;6;True;False;False;887f3a8ec9bb1086819c445f5cf5896d6d34bfc912d337bfd0bd711dec993371;0.6586400791840067;0.5111260957782499;0.8055834583413642;0.6331853668571318
False;False;True;True;False;False;True;False;False;False;True;0;False;False;False;False;0;False;False;True;True;0;False;True;False;True;False;0;6;False;0;True;0;6;False;False;True;e57a40a5acafc92f72a970beb0cd0617251977317023a47a007b154388a84629;0.7627962508271852;0.6083750206925951;0.8442764205494183;0.6807598540156323
True;False;True;True;False;False;False;True;False;False;True;0;True;False;False;True;0;True;False;False;False;0;False;True;False;False;False;0;18;False;0;False;0;6;False;False;True;723120b06c899bffe8acf39c072ba62cf99612e8eebeb3b6dee3c2d57f45738c;0.9556401371984152;0.8704584859282856;0.8250138397305026;0.6666910609471466
True;False;True;True;False;False;True;True;False;False;True;0;False;False;False;False;0;False;True;False;False;0;False;True;False;True;False;0;24;False;0;False;0;6;True;False;False;cd7a51c95114dc6dc3917415952e077d50890a463d8014cc745f1ec5559f2520;0.9944482213027328;0.973094131611154;0.8246193203022687;0.6558640520258813
True;False;True;True;False;False;False;True;False;False;True;0;True;False;False;False;0;False;False;False;False;0;True;True;False;True;False;0;18;False;0;False;0;6;False;False;True;f77958a1973e5b3ccf0fa410625f93023f3d0d2f630416dc3bb14c27e7017f3c;0.1726891939273449;0.1252545007158404;0.2845566901804771;0.25715364458569806
False;False;True;False;False;False;False;True;False;False;True;0;True;False;False;True;0;True;False;False;False;0;False;False;False;False;True;0;24;False;0;False;0;6;False;False;False;ce36597e1737323d5f504aaad94ee0f8e92780c7231b01bd19cabcb618fb8fce;0.9415713662384664;0.8520779349526914;0.8033393291697853;0.6250690630928141
True;False;False;True;True;False;False;False;False;True;True;0;True;False;False;True;0;True;False;False;False;0;False;True;False;False;False;0;24;False;0;False;0;6;False;False;True;f92e82811ac20b17d36479673b8905a5b0f0c5f078901da5b315ff92361cfc88;0.7362519217172929;0.5773348307498776;0.9010370531303028;0.7358162707536566
False;False;True;False;False;False;False;False;False;True;True;0;True;False;False;False;0;False;False;False;False;0;True;False;False;True;False;0;18;False;0;False;0;6;False;False;True;6ab089b037bc5499f9a4ee5cbb61cd3ed6fff7040e304a46dcf2ee14249fbc59;0.1671907003805564;0.1285485836637143;0.31329760487413344;0.2908328420228377
False;False;False;False;True;False;True;True;False;False;True;0;False;False;False;False;0;False;False;True;False;0;False;False;False;True;True;0;24;False;0;False;0;6;False;False;False;1d92edf95eb9e1ccce5be721940e6b10235558a9a6e55b0d6a80f330b300e1fb;0.8043914195265663;0.6567942561328213;0.874223088946262;0.7013726370745595
False;False;False;False;True;False;True;False;False;True;False;0;False;False;False;True;0;False;True;False;False;0;False;False;False;False;False;0;0;False;0;False;0;6;False;False;True;3c6943a90440460e677c655253ec271d52d22453fdd107ac41c375380647d7ee;0.5280403163739783;0.4021247253209861;0.8330958678231486;0.674625346575875
True;False;True;True;False;False;True;True;False;False;True;0;False;False;False;False;0;False;False;True;False;0;False;True;False;True;False;0;6;False;0;False;0;6;False;False;True;317bdde29cbb32a3181621f3f69e96cff97037e2ab7f46c8f7043edb2343ef32;0.8061070671035353;0.6631207747171138;0.8258508846489572;0.661893474636416
False;False;True;False;False;False;False;False;False;False;True;0;True;False;False;False;0;True;False;False;True;0;False;False;False;True;False;0;18;False;0;False;0;6;True;False;False;54c04b68a14d698eb7c708f158615a70b3a3d2463a8cbd8b50f497ae3a00cb9e;0.8733400532995795;0.7424502353991345;0.8823035386778677;0.7266958005793034
False;False;True;False;False;False;False;True;False;False;True;0;True;False;False;True;0;False;False;True;False;0;False;False;False;False;False;0;24;False;0;False;0;6;True;False;False;6837437fd4f4160f179a9a9358fa4375c52819fc924a74cd404f2b47b8d7535a;0.9755902546236094;0.9206240111799386;0.8238604498545173;0.6503725745254637
False;False;True;True;False;False;False;False;False;True;False;0;True;False;False;False;0;False;False;False;False;0;True;True;False;True;True;0;0;False;0;True;0;6;False;False;False;2c9085e0d5936ffe3c0b6f8a5889a3218a2b848ba290cf6955765fa993570998;0.1431529764402852;0.0957897885302425;0.3185810745801505;0.27477099063524896
True;False;True;True;False;False;False;False;False;False;True;0;True;False;False;True;0;False;True;False;True;0;False;True;False;False;False;0;6;False;0;False;0;6;False;False;True;b0622491775c7cc1e47273aba41c1df42641852657859105f6868600dfa2486a;0.7142668721669584;0.5618830359871881;0.8438050244510737;0.6813503321747194
True;False;False;True;True;False;True;True;False;False;False;0;False;False;False;True;0;False;True;False;False;0;False;True;False;False;False;0;0;False;0;False;0;6;True;False;False;8d14750c36d3f7e2075a8556cec37961016d6a0f3dc88641ef74e562a08f7495;0.5325161563842399;0.4079770452414271;0.8123521801795096;0.6507698991846914
False;False;True;True;False;False;True;False;False;True;True;0;False;False;False;False;0;False;False;True;False;0;False;True;False;True;False;0;18;False;0;True;0;6;False;False;True;ba627dfdd52d0df4aed1df281fe6662374735397d53e44a16e7cf28828ec140f;0.8079369759661017;0.6775306789669254;0.7993409622501532;0.6438069427740835
False;False;False;False;True;False;False;False;False;False;True;0;True;False;False;True;0;False;False;False;True;0;True;False;False;False;True;0;18;False;0;False;0;6;False;False;False;786a415e4d3f1e694fba6a2db511aeadf5cd9fe117d5530a95a01881bb2340ca;0.471983268438492;0.3685488748220976;0.6745347202559397;0.552609419326895
False;False;True;True;False;False;True;False;False;False;True;0;False;False;False;False;0;False;False;False;True;0;True;True;False;True;False;0;24;False;0;True;0;6;True;False;False;289f0dde14971be4fc63590b2c1602372029958579dff0bcd2684e23d495ca07;0.1636143674623806;0.1131906768430703;0.30263837343314176;0.27977762943340223
False;False;True;True;False;False;True;False;False;False;True;0;False;False;False;True;0;False;False;True;True;0;False;True;False;False;False;0;24;False;0;True;0;6;False;False;True;ab26398b454666ce62aa1f9af4fc913bd23521399be918a58505cbc29752e6ef;0.8154814883566547;0.6622232155007929;0.8099011742091343;0.6282745462111567
False;False;True;False;False;False;True;False;False;True;True;0;False;False;False;True;0;False;False;True;False;0;False;False;False;False;False;0;6;False;0;False;0;6;True;False;False;8efa32a734abf70eccc00c18cc3b4e497a2c5f44d434ebfcbde4845d95db217f;0.7278682301521309;0.5920593395925453;0.83978229504004;0.687386915498137
True;False;True;True;False;False;False;False;False;True;True;0;True;False;False;False;0;False;False;True;False;0;False;True;False;True;False;0;6;False;0;False;0;6;True;False;False;665dd71ff8e7987e999141258e8fa548f7ac8975b4ab1e40704949b1261f2a15;0.7267778340804995;0.588798850432852;0.8364018599041794;0.6852355199129079
False;False;True;True;False;False;True;True;False;False;False;0;False;False;False;False;0;True;False;False;False;0;False;True;False;True;True;0;0;False;0;True;0;6;False;False;False;3a0d59b58ecad7e29669404d49bba88caff07d670ec4504a7ccb153ec1010a65;0.63388143021035;0.4909392643529445;0.778620000067705;0.6068443535815029
False;False;True;True;False;False;False;False;False;False;True;0;True;False;False;True;0;False;False;False;True;0;True;True;False;False;False;0;6;False;0;True;0;6;True;False;False;d909fb2633be9a8a0b246b17a166a1bdd3ba91eb91e25186ec140ec9d3584394;0.4939346187328391;0.3816064153865515;0.6409524681703188;0.5152055940311218
False;False;True;True;False;False;True;False;False;False;False;0;False;False;False;True;0;False;False;True;True;0;False;True;False;False;False;0;0;False;0;True;0;6;True;False;False;8ab9ec0d2d75b58d2d5785f76b0e51807bc92e6cbcbeb9c0c914e6bfc4aaa4e8;0.6056608109437022;0.4596661196987911;0.8291190234013799;0.6585329423668762
True;False;True;True;False;False;True;True;False;False;True;0;False;False;False;False;0;False;True;False;False;0;False;True;False;True;True;0;18;False;0;False;0;6;False;False;False;d983923d8bb80c87af83c57627a3053d3e3cfb45d3d51ec30bf117775d4c62a6;0.918936745607824;0.8163952717521212;0.8140535303558255;0.6572589315271246
True;False;True;True;False;False;False;True;False;False;True;0;True;False;False;False;0;True;False;False;False;0;False;True;False;True;False;0;6;False;0;False;0;6;True;False;False;5831146186018fd3933f72943bc63d8cf4327627e317879f1f559f3803369495;0.8019822516972697;0.6578815598305784;0.831469667328149;0.6691535334895219
False;False;False;False;True;False;False;False;False;True;True;0;True;False;False;True;0;False;False;True;False;0;False;False;False;False;False;0;24;False;0;False;0;6;False;False;True;4e32ecfadcd37999d32c177b93e0bbba234586294746a7e866fb626557389a1f;0.725146493150462;0.5678658664033884;0.8997911064991528;0.734613036068483
True;False;False;True;True;False;False;False;False;True;True;0;True;False;False;True;0;False;True;False;False;0;False;True;False;False;False;0;6;False;0;False;0;6;False;False;True;ae6af925e0900d30574851434841eec349b38a5e72401d93e19d78ba2048c30c;0.6789503159951152;0.5125102280265442;0.9163731570280123;0.7559108543806422
True;False;False;True;True;False;True;True;False;False;True;0;False;False;False;True;0;True;False;False;False;0;False;True;False;False;False;0;24;False;0;False;0;6;True;False;False;c4074c0987329db8f063465daf3aa58e99d3f765cd3104414ed27c33930635ae;0.8418294572745006;0.7010132791198981;0.8921843166302675;0.7261746042484533
True;False;False;True;True;False;False;False;False;True;True;0;True;False;False;False;0;False;False;True;False;0;False;True;False;True;False;0;6;False;0;False;0;6;False;False;True;43499f07366ab0e4d5286ea15ce5fd97ecdc2125a5e35207a6be60c5ea351603;0.6802127851585099;0.5130379149188897;0.9174511301642584;0.7568828364093917
False;False;True;False;False;False;True;False;False;False;True;0;False;False;False;True;0;False;False;False;True;0;True;False;False;False;True;0;6;False;0;False;0;6;False;False;False;fffb6c826e94ac7ab0dbb8641e942a078d43b9539b5298d040cfd8c75e7a0163;0.4614122099061223;0.3543751576842436;0.6407833150857619;0.5108451832701625
False;False;True;True;False;False;True;True;False;False;True;0;False;False;False;True;0;False;False;True;False;0;False;True;False;False;True;0;6;False;0;True;0;6;False;False;False;353d851c54130a49bc5cf8be3577f7446287334ddce44dbe2f47e2a91c04e761;0.8250716368702848;0.6834232296970504;0.8170770769530724;0.6546717642629732
False;False;False;False;True;False;False;False;False;False;True;0;True;False;False;False;0;False;False;True;True;0;False;False;False;True;False;0;24;False;0;False;0;6;True;False;False;06ccdf00d22fc526de019b41a96efe7c922508416787cfd8ddd6275ec14926ee;0.7714994623049791;0.6216919422170321;0.8948220435362687;0.7307708061197791
False;False;True;True;False;False;True;False;False;True;True;0;False;False;False;False;0;False;False;True;False;0;False;True;False;True;True;0;24;False;0;True;0;6;False;False;False;1fc9e9fe3a561bac1581b7fe2fd39c08d4709d36d9bf6906f205ef0fc8144381;0.7790373909693862;0.6452756869369705;0.7741900077806698;0.6060557035371303
False;False;False;True;True;False;True;False;False;True;True;0;False;False;False;True;0;False;False;True;False;0;False;True;False;False;False;0;18;False;0;True;0;6;False;False;True;0e21f02117104302b9b3e5f2d47192e0403afc2ee6e87969a308b66629df9e9c;0.7103761724492126;0.5480652223578618;0.8959293995548885;0.7302761625624307
False;False;True;False;False;False;False;False;False;False;True;0;True;False;False;False;0;False;False;True;True;0;False;False;False;True;False;0;18;False;0;False;0;6;False;False;True;07c3ad2192ed2554ed61d769f4f679f34ba4a4894690049675f82bdb8c34b180;0.8762032497806161;0.7452374483970736;0.8775485896472175;0.7198528265043123
False;False;True;True;False;False;True;False;False;True;True;0;False;False;False;False;0;False;True;False;False;0;False;True;False;True;True;0;24;False;0;True;0;6;False;False;False;5f60c7d4b7d0967c4b1734abb564d6541f6b5c36f4da6628b1b88f51db99ab97;0.7757543881725794;0.6426271131460356;0.7706746113604709;0.6042085640476219
True;False;False;True;True;False;True;False;False;True;False;0;False;False;False;True;0;False;False;False;False;0;True;True;False;False;False;0;0;False;0;False;0;6;False;False;True;f3cf4077d544bec4951c2921ba1b9d8cab2682bf05d66d407764cc6f0117b7f8;0.3654019123688159;0.2813646147723676;0.6633040920254694;0.539133811129475
True;False;True;True;False;False;True;True;False;False;True;0;False;False;False;True;0;True;False;False;False;0;False;True;False;False;True;0;24;False;0;False;0;6;False;False;False;14b7ca53b2edb22a716c59fcbc26e1b2ee69a1c380007896bd193a9e8fcbb628;0.9574477075432546;0.8819595157417773;0.8056143589176419;0.6322990673799376
True;False;False;True;True;False;True;True;False;False;False;0;False;False;False;True;0;True;False;False;False;0;False;True;False;False;False;0;0;False;0;False;0;6;True;False;False;1e16c5562c6b8e68a599cdcd276e2aa9ce4d3254768836ca88414535ad960e37;0.5318078558916287;0.4067378363202899;0.8112655189506314;0.648721031863381
False;False;True;False;False;False;False;True;False;False;False;0;True;False;False;True;0;True;False;False;False;0;False;False;False;False;True;0;0;False;0;False;0;6;False;False;False;19cceec9d20c47e8d9388b62775b298761d443a2e712c470ce7f4af4795a1826;0.6357247650420721;0.4930244033103281;0.7853664199885214;0.6145284381402546
True;False;False;True;True;False;False;False;False;True;True;0;True;False;False;False;0;False;True;False;False;0;False;True;False;True;True;0;24;False;0;False;0;6;False;False;False;274020c232a35dd1f4b4a4c7d3675c752e2a8b430c4afe4974d2f2810c5f5079;0.7161007352774642;0.5584427787691355;0.8913946648648329;0.7240245459244451
False;False;False;True;True;False;True;False;False;True;True;0;False;False;False;False;0;False;False;False;False;0;True;True;False;True;False;0;6;False;0;True;0;6;False;False;True;e6a8fda7d4b12f7d1abcfc4347e812628b89d69912a551a01a067135a8b25b05;0.1497051748612107;0.0927078749677894;0.3507503538431854;0.31019660779746566
False;False;False;True;True;False;False;False;False;True;False;0;True;False;False;True;0;False;False;True;False;0;False;True;False;False;False;0;0;False;0;True;0;6;True;False;False;f0f45da1f225a415f8d63ec1f6ed2e8b472071bd89853f3d2eed31b327eae728;0.5322583127528165;0.4043387380145766;0.8372441184385905;0.6759965486065979
True;False;True;True;False;False;False;False;False;False;True;0;True;False;False;False;0;False;False;False;True;0;True;True;False;True;False;0;24;False;0;False;0;6;False;False;True;44d35435b10119f3f50a962c87ff487778430984fe0ecda140a1a54f808bc748;0.1643969138365149;0.1162016426175741;0.30756156409193774;0.28977796724463034
False;False;True;True;False;False;True;True;False;False;True;0;False;False;False;True;0;False;False;False;False;0;True;True;False;False;True;0;18;False;0;True;0;6;False;False;False;8e0de72a9263e56c1158efb8c48910a463244fa3202ef0ed569855f9325f6746;0.5657743576325686;0.4532384272425421;0.5928143093145646;0.46977072770288547
True;False;True;True;False;False;False;False;False;True;True;0;True;False;False;True;0;False;True;False;False;0;False;True;False;False;False;0;18;False;0;False;0;6;True;False;False;1cb9087a8774da5b993f5e68105f91a2e689b2a69301b73c98499088c11c83b1;0.8674535655208703;0.7476528691164256;0.8566471499841968;0.7073288531946492
False;False;True;False;False;False;False;False;False;True;True;0;True;False;False;True;0;False;False;True;False;0;False;False;False;False;False;0;18;False;0;False;0;6;False;False;True;36409855586faacc4442ff8f04a4bebb7ce6a9f9e1d02b462a68b535da97cd2b;0.8626688631319499;0.7419546730413037;0.8569239359797979;0.7039635521205804
True;False;True;True;False;False;True;False;False;True;True;0;False;False;False;True;0;False;False;True;False;0;False;True;False;False;True;0;18;False;0;False;0;6;False;False;False;340871486be62c33bea8a408dfb6a07cbda3aa0e06c1c5d891e9068b6dae6530;0.8392932173315257;0.7165596907105973;0.8422313620508131;0.6924806432806706
False;False;False;False;True;False;False;True;False;False;False;0;True;False;False;False;0;False;True;False;False;0;False;False;False;True;True;0;0;False;0;False;0;6;False;False;False;29f859743a41d23b5360d4c981930eecf94bb160036c4c0953295d1192203123;0.5207936875996143;0.3970104009348085;0.7982111519350454;0.63573885271694
False;False;True;False;False;False;True;True;False;False;True;0;False;False;False;False;0;True;False;False;False;0;False;False;False;True;True;0;18;False;0;False;0;6;False;False;False;4630655a7ebbf0bad9f27fc0b118a035665cd656d77a4cedbd2431349a26a54b;0.905267094907887;0.7937512698263209;0.8151265911552937;0.6526060473427787
True;False;True;True;False;False;True;False;False;False;True;0;False;False;False;False;0;False;False;False;True;0;True;True;False;True;False;0;24;False;0;False;0;6;True;False;False;a2544009fe3cb50f987322322f7bf4c88e345cdc0a455cafd9b61be2612835ff;0.1671313688091986;0.118447587977937;0.3123577674544973;0.29483301205779894
False;False;False;False;True;False;True;False;False;False;True;0;False;False;False;True;0;True;False;False;True;0;False;False;False;False;True;0;6;False;0;False;0;6;False;False;False;425f25aa47b96743bef5955cb446ac9ec9859cc921cefe83efd7de66afcc3811;0.6698767220095804;0.5042417059010774;0.8913615048481479;0.7225937790356955
True;False;True;True;False;False;True;False;False;False;True;0;False;False;False;False;0;False;True;False;True;0;False;True;False;True;False;0;6;False;0;False;0;6;False;False;True;75cd5be6633f05f9bbb855e2f92eab9b2add570f5cad5fad9285b41cb8f560d0;0.7179268640258616;0.5651248136068124;0.8436747406440968;0.6808607996603228
False;False;False;False;True;False;True;True;False;False;True;0;False;False;False;True;0;True;False;False;False;0;False;False;False;False;False;0;18;False;0;False;0;6;False;False;True;c5273f5b394a9432eeba9bf1ef0461db8a035fa6741193ca319cd49034a9c7f2;0.8275360313110853;0.6806439565435786;0.9000694844338901;0.7362827726793865
False;False;False;True;True;False;True;True;False;False;False;0;False;False;False;True;0;True;False;False;False;0;False;True;False;False;True;0;0;False;0;True;0;6;False;False;False;20c0a09d7f3acf5a088ead165163da0bea77570d869de47a1a926125b892d619;0.5282170909948664;0.403120713532842;0.8023502157765399;0.6356128892154863
True;False;True;True;False;False;True;False;False;True;True;0;False;False;False;False;0;False;True;False;False;0;False;True;False;True;True;0;24;False;0;False;0;6;False;False;False;7252cf4d92fcb37d83acde3717e9517645242350adaf0d57868115b3cae931e1;0.8574653028561319;0.737459829925951;0.8338755365000786;0.6732719578348029
False;False;False;True;True;False;False;False;False;True;False;0;True;False;False;False;0;False;False;True;False;0;False;True;False;True;True;0;0;False;0;True;0;6;False;False;False;ce31fdfcab816e2a3786d5eb7962a1b146323974b7ccfe9e51138a2238350a0f;0.5229864856536042;0.3940530533718732;0.8252332129995213;0.6629969253640547
False;False;True;False;False;False;True;False;False;True;True;0;False;False;False;False;0;False;False;False;False;0;True;False;False;True;False;0;6;False;0;False;0;6;False;False;True;4600c4fcc975d159a5e3ffbfcdd460a5f0b55113d1a74f9251f432d5c087b232;0.1435617909260385;0.0963496830312574;0.3113489104639625;0.284817044925297
False;False;False;False;True;False;False;True;False;False;False;0;True;False;False;True;0;False;False;True;False;0;False;False;False;False;False;0;0;False;0;False;0;6;True;False;False;e923f80de55ea94b6100e6d02561665435233eb80eae4ee7d13aa2b97cdb70c2;0.5338675027561615;0.4088953219926591;0.8141693216302002;0.6522089557410143
False;False;True;True;False;False;True;False;False;True;True;0;False;False;False;False;0;True;False;False;False;0;False;True;False;True;False;0;6;False;0;True;0;6;True;False;False;e990d86eca1791e44d96a91e5a45db928f9c1d6ab3eda14172f71d3e97c0321a;0.7778666305454554;0.6411178369087893;0.8332237304728795;0.6828764032179684
False;False;True;False;False;False;True;False;False;True;True;0;False;False;False;False;0;True;False;False;False;0;False;False;False;True;False;0;18;False;0;False;0;6;False;False;True;5998b9945c85eba7f08eaeae5f9df9e9cb7976d47e7eb3f9ff7a20c35e80a6d4;0.8649783096487007;0.7435890692579853;0.8574103638114663;0.7042143433380648
False;False;False;True;True;False;False;True;False;False;True;0;True;False;False;False;0;True;False;False;False;0;False;True;False;True;False;0;6;False;0;True;0;6;True;False;False;0fc7d353114d576b1f9cf51b15d0d67dea2aded9cb5aa6c9b421a39a7619f537;0.7986541176421981;0.6411169248671725;0.9299944155325088;0.7842747001509948
False;False;True;False;False;False;False;False;False;True;True;0;True;False;False;True;0;False;False;False;False;0;True;False;False;False;True;0;18;False;0;False;0;6;False;False;False;fd0c58a4afcd80c75f89f9cf9ce7849962ae71d8b1f5f5e14a05705e2c048349;0.5088330830525448;0.4160060512074002;0.6163885010482065;0.5026150673772519
False;False;False;False;True;False;False;False;False;True;True;0;True;False;False;False;0;False;True;False;False;0;False;False;False;True;False;0;24;False;0;False;0;6;True;False;False;1b0426cd33750d5ac74d40d4271d545319581c79630cf8386230073dfb4bcf13;0.7214567385868809;0.5630760026981483;0.9000919088715068;0.7362274597303583
False;False;True;False;False;False;True;False;False;True;True;0;False;False;False;False;0;False;True;False;False;0;False;False;False;True;True;0;18;False;0;False;0;6;False;False;False;67dd44ce0c6400949301702a5eed3b2ea5c3776637e40f1b1678c0359ae24e2c;0.8340041565441345;0.7099737327676984;0.8459646911244337;0.6922559821486794
False;False;True;False;False;False;False;False;False;True;True;0;True;False;False;False;0;True;False;False;False;0;False;False;False;True;False;0;18;False;0;False;0;6;True;False;False;1ec05aaa2fd3ee9672c8a2cb1f6e1c191b33bbd6008f0d6dce6eb4ec3654b812;0.8614518637259128;0.7402419959824386;0.859805601480409;0.7078220403325232
False;False;True;False;False;False;False;False;False;True;True;0;True;False;False;False;0;False;False;True;False;0;False;False;False;True;False;0;24;False;0;False;0;6;True;False;False;5dca15b21312cc443fbe4fcc0bf290d7856852e6f2ceb09e8e94f125b484ee47;0.8744941312867048;0.7582903346857336;0.8484753160291306;0.6858153383446624
True;False;False;True;True;False;True;True;False;False;True;0;False;False;False;True;0;False;False;False;False;0;True;True;False;False;False;0;18;False;0;False;0;6;False;False;True;b72d95c3e74cf6706df56d5ffc8dd7c6aba6b3893c8deae60c6f2bb14940f709;0.5404579883712222;0.4257462569269383;0.7003484876296562;0.5690129693451099
False;False;False;False;True;False;True;True;False;False;True;0;False;False;False;True;0;False;False;False;False;0;True;False;False;False;False;0;24;False;0;False;0;6;False;False;True;0b2f13b2236f57fbdb22a31585865d0d124e38224a007121ad5bf72fb28b17e2;0.5234258523528493;0.415646323650913;0.674941035702271;0.5426825905353124
False;False;False;False;True;False;False;True;False;False;True;0;True;False;False;True;0;False;False;True;False;0;False;False;False;False;False;0;6;False;0;False;0;6;False;False;True;2be718decfbff89574a40b55c52e163b526103bdf42cadfea1ebf4af79f04af8;0.7314140820279363;0.5672586771486934;0.903444103322257;0.7440919299421408
False;False;True;False;False;False;False;True;False;False;False;0;True;False;False;False;0;False;False;True;False;0;False;False;False;True;False;0;0;False;0;False;0;6;False;False;True;82778a7017571f964113694e14fefd8be6e4a95fc18109f0b8e10ea9fa3192d8;0.6616573716488003;0.514190156967129;0.80290750103213;0.6297356123847831
False;False;False;True;True;False;False;False;False;False;False;0;True;False;False;False;0;True;False;False;True;0;False;True;False;True;False;0;0;False;0;True;0;6;False;False;True;9996615ce8a392d9fb7e8ccf38e7b6a07f6c0cfb227bb3170894b3f624c60d60;0.5412703022709828;0.4169085852176696;0.814149521300887;0.6499348068356787
False;False;False;False;True;False;False;True;False;False;False;0;True;False;False;False;0;False;False;False;False;0;True;False;False;True;True;0;0;False;0;False;0;6;False;False;False;1695e280a8a57843a76393728b96250970ede75266d10942e7c42824b00bc598;0.1013791848481915;0.0619095155184595;0.3111421111335617;0.26432570029137487
False;False;True;True;False;False;False;False;False;True;False;0;True;False;False;True;0;False;False;True;False;0;False;True;False;False;False;0;0;False;0;True;0;6;False;False;True;b7da36140e06ca58bc250e029d53c301e02a5460b7877cf7b76c5cbc56f6db2b;0.6160277734220638;0.4856488948199154;0.7846413599060433;0.6247120574418193
True;False;False;True;True;False;True;True;False;False;True;0;False;False;False;True;0;False;False;True;False;0;False;True;False;False;False;0;6;False;0;False;0;6;True;False;False;8b4728fc11fcc2f2f754666782cc036440da96b06cfca88808134f7726141ce0;0.7343060309624179;0.567471972049604;0.909745649179023;0.7539317691198
False;False;True;False;False;False;False;False;False;True;False;0;True;False;False;False;0;False;False;True;False;0;False;False;False;True;False;0;0;False;0;False;0;6;True;False;False;df35700f7e4de98c3aa347a4b1aa3b0210bb64d1f590f960fd4e6ddb9670b2b4;0.6190956271486179;0.4842175238626323;0.8036494328571743;0.6421880138930014
False;False;False;True;True;False;False;False;False;False;True;0;True;False;False;False;0;False;False;False;True;0;True;True;False;True;False;0;24;False;0;True;0;6;True;False;False;e2e45c0e7ad9e7657f26f04277525a0516e8d3c418d41f8b3d296dfbcc209cb2;0.1514816932629568;0.0899360159923213;0.33579240506295466;0.2860907770995412
False;False;True;True;False;False;True;False;False;False;True;0;False;False;False;False;0;True;False;False;True;0;False;True;False;True;False;0;18;False;0;True;0;6;False;False;True;10d28d0fd5fd5ad75ca45273f4fc1926885b5d3184a290a69a38a0a3db64b791;0.8175061956073251;0.6704831673559664;0.8293536072151373;0.6671253163163944
False;False;True;False;False;False;False;False;False;True;False;0;True;False;False;False;0;False;False;True;False;0;False;False;False;True;True;0;0;False;0;False;0;6;False;False;False;05b4a26132f27dfde04ae45be498d623ba32ba65229737f800c938498bc7689c;0.6015260542548388;0.4681511388334133;0.786512476437488;0.6248147289224881
True;False;False;True;True;False;False;True;False;False;True;0;True;False;False;False;0;False;True;False;False;0;False;True;False;True;True;0;24;False;0;False;0;6;False;False;False;7ad3918d2ed16bf4615b8eb451467fd443a829d730391773a80e8e21b5211708;0.8188502809878319;0.6732364873218213;0.875261098182102;0.7005325500978171
True;False;False;True;True;False;True;False;False;False;True;0;False;False;False;True;0;False;False;False;True;0;True;True;False;False;False;0;24;False;0;False;0;6;True;False;False;54542f5804faf2c4d1769dd6e1b001fe10abc8932847f60fa8529f6e841cd156;0.5102611221000293;0.399715228618385;0.7010551092472607;0.570446090613128
False;False;False;True;True;False;False;False;False;False;True;0;True;False;False;True;0;False;True;False;True;0;False;True;False;False;True;0;6;False;0;True;0;6;False;False;False;ad55f89e807a1b8afbf2145e93f2923d9373726119b5697661bb56b49852d04c;0.7313402975580314;0.5693348355773186;0.9097440341255661;0.7487148238297265
False;False;False;True;True;False;True;False;False;False;True;0;False;False;False;True;0;False;True;False;True;0;False;True;False;False;False;0;24;False;0;True;0;6;True;False;False;3a5867caf99c1df992bc4f46195eb8878af93ce6a3ee3b7f56c9ac5722d460ad;0.7439537183328924;0.5798041672214309;0.8796489137678944;0.6974100064252763
True;False;True;True;False;False;False;False;False;True;False;0;True;False;False;False;0;True;False;False;False;0;False;True;False;True;False;0;0;False;0;False;0;6;True;False;False;6db060de8ef554ec8f1f121f4aefcd075d9e4734afbcd352db9daa5a00eee5b3;0.6191442894948191;0.485621678508258;0.8025209538454647;0.6420884145038713
False;False;True;False;False;False;True;True;False;False;True;0;False;False;False;True;0;False;False;False;False;0;True;False;False;False;False;0;18;False;0;False;0;6;True;False;False;a62f9cbbc1933858afb8ee2d9c9c1df625cec88c9f08a281ee4578319dd2dab6;0.6068279941379977;0.4955314434350805;0.6390448751710099;0.5152746561168667
False;False;True;True;False;False;True;False;False;False;True;0;False;False;False;False;0;False;False;True;True;0;False;True;False;True;True;0;24;False;0;True;0;6;False;False;False;e532b6ada24ead0e38ae69b72f4aed7670a3db74e49ae167a2a2f6eb3424fc0c;0.7887261374438898;0.6340792185662923;0.8002926478532482;0.6180565014924744
False;False;True;False;False;False;True;True;False;False;True;0;False;False;False;True;0;False;False;True;False;0;False;False;False;False;False;0;6;False;0;False;0;6;True;False;False;9e35b7dcfb30f077fdd63bc60c32965ec7626ae80d3c9b74b0345a75d7e0a130;0.7975388836289703;0.6600108646482082;0.8295045998578277;0.6688275634850551
False;False;True;True;False;False;True;False;False;True;False;0;False;False;False;False;0;False;False;False;False;0;True;True;False;True;False;0;0;False;0;True;0;6;False;False;True;0ead3585ffc2dd5c5898461e08a6b0f6d15b9e1b36ea1fb6dc100cf1761fae41;0.1463215089688194;0.0980783726771716;0.3252914734569453;0.2810730026745607
True;False;False;True;True;False;True;True;False;False;False;0;False;False;False;False;0;True;False;False;False;0;False;True;False;True;True;0;0;False;0;False;0;6;False;False;False;36b6bf9f3ea2c72e99c696c525595242d0674d406bdffd1f608c150693a091ac;0.5213821316852479;0.3973865587440273;0.7988291613672729;0.6367308972493864
False;False;True;False;False;False;False;False;False;True;True;0;True;False;False;True;0;False;True;False;False;0;False;False;False;False;True;0;24;False;0;False;0;6;False;False;False;d3fe0d1cb7a5c29d20ecef454a99881571cb018ffbf34cb5e200589d13858393;0.8409919025489391;0.7182206087116183;0.8270659824926081;0.6596573792746303
False;False;False;False;True;False;False;False;False;True;True;0;True;False;False;False;0;False;False;True;False;0;False;False;False;True;True;0;6;False;0;False;0;6;False;False;False;ff9a28308865589dfc45683fc12ce5919ddc6d0d997682edc294296d82f3b7de;0.658412349022552;0.4915922387777606;0.9034591459556278;0.740078175273057
True;False;False;True;True;False;False;False;False;True;False;0;True;False;False;True;0;False;False;True;False;0;False;True;False;False;False;0;0;False;0;False;0;6;False;False;True;c394e98bca57f4881aa669ec3a34433314acb9f3ae78f7b830af6c7b89d11545;0.529860522579511;0.4037381945186301;0.8345891904536245;0.6763838640835655
False;False;True;True;False;False;True;False;False;False;False;0;False;False;False;False;0;False;False;True;True;0;False;True;False;True;False;0;0;False;0;True;0;6;True;False;False;2ae4ccfc2f641560e81530e0b58d79ab19588d0483cceac3a293eea5de97b572;0.606633225513184;0.4607315875456194;0.8293360280158212;0.6589783473704923
True;False;False;True;True;False;True;True;False;False;False;0;False;False;False;True;0;False;False;True;False;0;False;True;False;False;False;0;0;False;0;False;0;6;False;False;True;3e084b55e249188f1c10034817a41a8e87024f651dfd639289a9387077cd3e85;0.5345066322071848;0.4095228181802576;0.8095086962402839;0.6469343412323265
False;False;True;False;False;False;False;False;False;False;True;0;True;False;False;False;0;False;False;False;True;0;True;False;False;True;False;0;18;False;0;False;0;6;False;False;True;ece62945fb745de06a4245fa7dad9f6cc01ecda3bb69a6ea3b9a7fe42c41ac7f;0.165136915347942;0.1170961984506151;0.31555440687353137;0.2927339229852604
True;False;True;True;False;False;True;False;False;True;False;0;False;False;False;False;0;False;False;True;False;0;False;True;False;True;False;0;0;False;0;False;0;6;False;False;True;fc473834f66764ad150d4acc05ecc1cccd2bbce1f563b51b360a57da9ff16b01;0.6208638928011713;0.4868858868217297;0.7986719144234414;0.636454157860935
True;False;False;True;True;False;False;False;False;False;True;0;True;False;False;True;0;False;False;False;True;0;True;True;False;False;True;0;24;False;0;False;0;6;False;False;False;dd4544f345de8a515a1d4d590167a010afc6e3e7aaf8131731d5ab1a62792ce1;0.4712798854160993;0.3669773903312781;0.6618522069580891;0.5315778752458733
False;False;False;False;True;False;True;False;False;False;True;0;False;False;False;True;0;True;False;False;True;0;False;False;False;False;False;0;24;False;0;False;0;6;False;False;True;810cc7969fd5cfe6e12e433beb4f3f4a41fc65a99eb625e5467609c07bd11814;0.7773132903220791;0.6285702250955295;0.8929702113998534;0.7276465651284617
False;False;True;False;False;False;True;False;False;False;True;0;False;False;False;False;0;True;False;False;True;0;False;False;False;True;False;0;18;False;0;False;0;6;False;False;True;f9b751d84fe934568fec0e00d0fcf5ec8035cc532c3bbc05d6a9f976abb361ea;0.8750149962484844;0.743793812205417;0.8768088480976891;0.7193177116403381
True;False;True;True;False;False;False;False;False;True;True;0;True;False;False;True;0;True;False;False;False;0;False;True;False;False;False;0;6;False;0;False;0;6;True;False;False;40de60a9979d4dfda8ba551d9c7a7ef1830e6bd78e64684b80017e9fce707374;0.7252738230722994;0.5876057281419125;0.8353215462003347;0.684961334601161
False;False;True;True;False;False;False;False;False;False;True;0;True;False;False;False;0;False;True;False;True;0;False;True;False;True;True;0;24;False;0;True;0;6;False;False;False;3fb99385eba64b3be87b4b951f63d48ba417f81766f52561e0ed0e85533cb842;0.7865442792071025;0.6314430466551533;0.7944201297794559;0.6094415574481453
False;False;True;True;False;False;True;False;False;False;True;0;False;False;False;True;0;False;True;False;True;0;False;True;False;False;False;0;18;False;0;True;0;6;False;False;True;0b4d14c4604dce225f78dc6d4f3dd94a8628fa8ba7582b4a5464e3f42740b9bb;0.8131320583618892;0.6671849868623687;0.8295406238004406;0.668217805737335
False;False;False;False;True;False;True;False;False;True;False;0;False;False;False;True;0;False;False;False;False;0;True;False;False;False;False;0;0;False;0;False;0;6;False;False;True;2d0c6a8b60d0f22abf16f395597a7d677ce237356bb0f7588d697fe6ac7722ca;0.3643924684695;0.279896125838081;0.6627763448352894;0.537954438845198
True;False;True;True;False;False;True;False;False;True;True;0;False;False;False;True;0;False;False;True;False;0;False;True;False;False;False;0;24;False;0;False;0;6;True;False;False;2f489221b873400b4f5a3ea6e5f36bf5eea9ff906cab3de3ba83219816672abe;0.8867779960879905;0.7728958832077224;0.8489512880599075;0.6883703358903787
False;False;False;True;True;False;True;False;False;True;True;0;False;False;False;False;0;False;False;True;False;0;False;True;False;True;True;0;24;False;0;True;0;6;False;False;False;6c5a0db4f58f5f36ace370f05ec4c17e52d51b8fca115d841845a1fd80edaa93;0.6764215783498583;0.5132066159947337;0.871295353676727;0.693031354651836
False;False;True;True;False;False;True;True;False;False;True;0;False;False;False;False;0;True;False;False;False;0;False;True;False;True;False;0;24;False;0;True;0;6;True;False;False;4e1fa002512e687e69b347f730fbe7d0dc6ce3dd8abe3f164be4d782e4daa68f;0.8993153589838379;0.7785988548909586;0.7633658878953602;0.5849117073687203
True;False;False;True;True;False;False;False;False;False;True;0;True;False;False;True;0;False;True;False;True;0;False;True;False;False;True;0;24;False;0;False;0;6;False;False;False;69981bbc253492206cdc605cd8184784ca184ddf52f2f7a5198add92086cdf06;0.7660098176603138;0.6131697413962571;0.8831342608385915;0.7139506542747274
False;False;False;False;True;False;False;False;False;False;True;0;True;False;False;False;0;True;False;False;True;0;False;False;False;True;False;0;24;False;0;False;0;6;True;False;False;ac1258852867dea88ffc27fb87bf4fce4ea37cf9c1392b823c32850b8ac64853;0.7716633854146885;0.6219121367467758;0.8944653133353313;0.7300287340848622
False;False;False;True;True;False;True;True;False;False;True;0;False;False;False;False;0;True;False;False;False;0;False;True;False;True;False;0;18;False;0;True;0;6;True;False;False;8651c13bcf436da3f0ef2ebe019cb6c9c5afedeb10c2b2f475382ca96b239fd8;0.8108040519868499;0.6556812688642206;0.891140644939096;0.7226049562475275
False;False;True;False;False;False;False;False;False;True;True;0;True;False;False;True;0;False;False;True;False;0;False;False;False;False;False;0;6;False;0;False;0;6;False;False;True;2c499a158c73ad23a5a39755fc278d30790c604dbe946a88077c53da2e45584f;0.7300873135693159;0.5942142930729125;0.8371991110812831;0.6828223020076228
False;False;True;True;False;False;True;False;False;False;False;0;False;False;False;False;0;False;False;False;True;0;True;True;False;True;False;0;0;False;0;True;0;6;True;False;False;6844467c5fc531306a6468607f1d907c5119707ca72eca6fd82911a797bf3b30;0.1422406485715118;0.0895108916199126;0.3400375744436713;0.2974125752109899
False;False;True;False;False;False;False;True;False;False;True;0;True;False;False;True;0;False;True;False;False;0;False;False;False;False;False;0;24;False;0;False;0;6;True;False;False;453b1397263139a33290f6e0bc471a11f318265dc3c6fceb2b3279b3349b0ba4;0.9738678670832596;0.9173209728070016;0.8215726592434687;0.6479927669799207
False;False;False;False;True;False;True;False;False;True;True;0;False;False;False;False;0;False;False;True;False;0;False;False;False;True;True;0;24;False;0;False;0;6;False;False;False;e591fcac9a64830c5a5313ea5240aca76dc8b94e872a0a15259b193dbb4fab64;0.7056865104563699;0.547008152671945;0.8887523691049988;0.7208727843429802
False;False;True;True;False;False;False;True;False;False;True;0;True;False;False;True;0;False;False;False;False;0;True;True;False;False;True;0;18;False;0;True;0;6;False;False;False;60073cf3c8285fcf997a15eb339017fe1fb91158ae7ce09227732e0e6367098c;0.5465716786113326;0.4375389037228384;0.574319855842707;0.45501093689538535
False;False;True;True;False;False;False;True;False;False;True;0;True;False;False;False;0;True;False;False;False;0;False;True;False;True;False;0;6;False;0;True;0;6;True;False;False;31d8992c23df6e90947e0a7c0f9583fdfee41275a058386665e21cead94b820c;0.8512467841828251;0.7130116238913518;0.8355923089723161;0.6762670995989216
False;False;False;False;True;False;False;False;False;False;True;0;True;False;False;True;0;False;True;False;True;0;False;False;False;False;False;0;24;False;0;False;0;6;True;False;False;8edf1e2dc909c7a23d1a6271e40250bab5368da3ea875af1fd81f849121643fe;0.7693733785869473;0.6199420995079314;0.8931419797365119;0.7285713018758003
True;False;True;True;False;False;True;True;False;False;True;0;False;False;False;True;0;False;False;False;False;0;True;True;False;False;True;0;18;False;0;False;0;6;False;False;False;40a83c0d9a3c400abd9211cac3dba496d33ca4ba4290bbbadcbd4d24658cff83;0.5950761769102869;0.4818897186111446;0.6233842777469962;0.4998996705663473
True;False;False;True;True;False;False;False;False;True;True;0;True;False;False;True;0;False;False;True;False;0;False;True;False;False;True;0;6;False;0;False;0;6;False;False;False;b91bd77bbffd3b08b0b48ee78737b5b3b8cb744f5260572e83a63e35711920fc;0.6607653920282679;0.4947676301264981;0.9061775092978321;0.7431126160882303
True;False;True;True;False;False;False;False;False;True;True;0;True;False;False;False;0;True;False;False;False;0;False;True;False;True;False;0;24;False;0;False;0;6;False;False;True;4a085033b5f2cfce6dfe495a4fb5349812b313146c1d2006e5bb2eb47493065a;0.8878881129452548;0.7735762049807208;0.8421732967159297;0.6799642972853496
False;False;True;False;False;False;True;False;False;True;True;0;False;False;False;False;0;False;True;False;False;0;False;False;False;True;True;0;24;False;0;False;0;6;False;False;False;830508660fda07a6fdc0b3c85bf163ecce4e8529f83543778a290a4f6059e1c8;0.8488188526041879;0.7259874382414072;0.8362796142221848;0.6718836398716588
False;False;True;False;False;False;False;False;False;True;False;0;True;False;False;True;0;False;True;False;False;0;False;False;False;False;False;0;0;False;0;False;0;6;True;False;False;3e3674313916055f412e3d805d9b1f8f9f15102d808440bd590f30bee393649c;0.618064920516404;0.4830149328096838;0.8032930503287148;0.6411482941330285
True;False;True;True;False;False;True;False;False;True;True;0;False;False;False;False;0;False;False;False;False;0;True;True;False;True;False;0;6;False;0;False;0;6;False;False;True;3d973ab36aa16fbedb41fa529f88b81c736803f9d035d42ca4d26f3aa35ee626;0.1467839711525205;0.1001460044614332;0.31215437521382927;0.28842702622526156
True;False;True;True;False;False;False;True;False;False;True;0;True;False;False;True;0;False;False;False;False;0;True;True;False;False;False;0;24;False;0;False;0;6;True;False;False;69cc148be8be9f351d012a4384aabfccf61ede5aa9da2babd89386ac29b87f77;0.612005755985066;0.512315546290379;0.6055164252580705;0.48110200251892965
False;False;True;False;False;False;True;True;False;False;True;0;False;False;False;False;0;False;False;True;False;0;False;False;False;True;True;0;18;False;0;False;0;6;False;False;False;e7e20a2f6e9901f0dd68a8e5e6a6cbedfe6da5d1dd3d923774159fa6a97309a6;0.9058402949256272;0.7935461371851277;0.817348763807296;0.6553793825699468
True;False;True;True;False;False;False;False;False;False;False;0;True;False;False;True;0;False;False;True;True;0;False;True;False;False;False;0;0;False;0;False;0;6;True;False;False;8ade6bceffcf725cb3c661d4b1071bdd294325691012b5716180d820ce7e7d37;0.6073391240176583;0.4623906261647116;0.8374534614096596;0.6696676922620635
False;False;False;False;True;False;False;False;False;True;False;0;True;False;False;False;0;False;False;False;False;0;True;False;False;True;True;0;0;False;0;False;0;6;False;False;False;9563459c0259f3e4823d7ffe7d90242126773c7f491641b17b6a56f8499756bf;0.1026226659383287;0.0645813335117216;0.3275341115713119;0.2813805188195616
False;False;True;False;False;False;False;True;False;False;True;0;True;False;False;True;0;False;False;True;False;0;False;False;False;False;False;0;24;False;0;False;0;6;False;False;True;c7f561974bc2ac3e38a97b067caa3ba1060a3c9a38c93446ba4d0046205e8bbf;0.9778856903218308;0.9260828644321965;0.8174803280378143;0.6423370204446707
False;False;True;True;False;False;True;False;False;True;True;0;False;False;False;False;0;False;False;False;False;0;True;True;False;True;False;0;24;False;0;True;0;6;False;False;True;07e4de2db1a98580d28936888773233c65f46a607f3220bc9d5f5cec84e1b743;0.1566775617259524;0.1158862542265757;0.28955417641610154;0.2652975182515185
False;False;False;True;True;False;True;False;False;False;True;0;False;False;False;False;0;True;False;False;True;0;False;True;False;True;False;0;24;False;0;True;0;6;False;False;True;3d36e54c5863e5b98020892fc17cd6b74eb083885f567b251705d79cf448e4ef;0.7510122773416592;0.586088316444072;0.8763278626713303;0.6921432445842984
True;False;False;True;True;False;True;True;False;False;True;0;False;False;False;True;0;False;False;False;False;0;True;True;False;False;False;0;24;False;0;False;0;6;False;False;True;65979b09a4ae73fcbea892645cb1fab2ee22a825c8c133f50880ac9ae8bed63e;0.5352263499775959;0.4245442940439795;0.6811799447401307;0.5461466318751144
False;False;False;True;True;False;False;False;False;False;False;0;True;False;False;True;0;False;False;False;True;0;True;True;False;False;False;0;0;False;0;True;0;6;False;False;True;d6731e01031821709943dcc9b9a531c70fb58be66046db1de87a2e34a6f19c83;0.3562253670352764;0.2732042280058681;0.6282312242774853;0.5010430900031814
False;False;False;False;True;False;False;False;False;False;False;0;True;False;False;False;0;False;False;False;True;0;True;False;False;True;False;0;0;False;0;False;0;6;True;False;False;8406e42d8ca744976297cbd684641a5707ba3be7ae7a094c2b3e2637d95d16fe;0.1040516130116648;0.0631945615353657;0.3235766724259769;0.27931186859903556
False;False;True;False;False;False;True;False;False;False;False;0;False;False;False;True;0;True;False;False;True;0;False;False;False;False;False;0;0;False;0;False;0;6;False;False;True;8f53240378e3adaf44757532667eac41dc1254803d6891e3cd73777eafeb7ba9;0.6064437232966553;0.460534725148836;0.8299354361224075;0.6599044632221219
True;False;False;True;True;False;True;True;False;False;True;0;False;False;False;False;0;False;True;False;False;0;False;True;False;True;False;0;24;False;0;False;0;6;False;False;True;e4902f9cedf487b6327428a66474e95eabee7c0dd44392da1c54fc1feadb7ed6;0.8516026390869171;0.7101086322089246;0.8899548089961052;0.7210224310115745
True;False;False;True;True;False;True;True;False;False;True;0;False;False;False;False;0;True;False;False;False;0;False;True;False;True;False;0;18;False;0;False;0;6;False;False;True;23c8f0c956d6f66ff3978806331a78f3a8dbd585351f4a7e6804303794351a0c;0.8467170267945995;0.6978626512831781;0.9060282185743919;0.7418481815988978
False;False;True;True;False;False;True;True;False;False;True;0;False;False;False;True;0;False;True;False;False;0;False;True;False;False;True;0;18;False;0;True;0;6;False;False;False;d9da52a92f272e67063ad3f4c0f003565c05c9dfaadc4a3abda0083019a404e9;0.8523843587558237;0.7274815294940652;0.7657644151217704;0.6056190824268765
False;False;True;True;False;False;True;False;False;True;True;0;False;False;False;True;0;False;False;True;False;0;False;True;False;False;True;0;18;False;0;True;0;6;False;False;False;d340c0c50c0072f5045c97e28d0dd254aabbd6254959c3f564fd2ddfa7230584;0.777035815938788;0.6439827875073446;0.7865340806171865;0.6303935207673041
False;False;False;True;True;False;True;True;False;False;True;0;False;False;False;False;0;False;False;True;False;0;False;True;False;True;False;0;18;False;0;True;0;6;True;False;False;f306ca4a4f1908dcdb7aa93039bf4a81366a8b17a2760bd9dc4bcbf5da88f49f;0.8106068279780233;0.6553422695171467;0.8916680244788806;0.7233223887121185
False;False;False;True;True;False;True;False;False;False;True;0;False;False;False;True;0;False;True;False;True;0;False;True;False;False;False;0;24;False;0;True;0;6;False;False;True;6c3c5f51b7c52793397142c787d04a3d2dd2831f67aacb031ce4619ba23dc29c;0.7473574106723038;0.5839704991414767;0.8763808723490196;0.6932960028232354
False;False;False;True;True;False;False;False;False;False;True;0;True;False;False;True;0;False;True;False;True;0;False;True;False;False;True;0;18;False;0;True;0;6;False;False;False;ea9e15097d82ca65157a01f147a3b752330c8cb151f57b96ab3e61101c2f1193;0.7526390704717804;0.5898550250709812;0.889668795461175;0.7201769848339503
True;False;True;True;False;False;False;False;False;True;True;0;True;False;False;False;0;True;False;False;False;0;False;True;False;True;True;0;6;False;0;False;0;6;False;False;False;d69fd263f273a19658659547a34a49942173f7a4c8490ed2251825d9baf38b87;0.7073252517027036;0.5681466164174924;0.8237513707901197;0.6699344070571532
True;False;False;True;True;False;True;False;False;False;True;0;False;False;False;False;0;False;True;False;True;0;False;True;False;True;False;0;24;False;0;False;0;6;True;False;False;478226e8b91fd9e223848097af04e9841a0c7c8bebe003eaabda02f9545b72e8;0.7897975250366776;0.6373747638480823;0.9017037122063629;0.7377473230040492
False;False;False;True;True;False;False;False;False;True;True;0;True;False;False;False;0;False;False;True;False;0;False;True;False;True;False;0;6;False;0;True;0;6;False;False;True;2a1e8f3ad608486da7eb9f165fa6389c641a895232a3dcc7a9b1cd22741150cf;0.7357016739712176;0.5718769441214809;0.9373574277361444;0.7915213338394201
